global_step,episode,length,reward,success,collision,epsilon,temperature
74,1,74,-322.66740015149117,0.0,1.0,0.8995806666666667,0.99963
204,2,130,-290.18459348008037,0.0,0.0,0.898844,0.99898
275,3,71,-336.8332154452801,0.0,1.0,0.8984416666666667,0.998625
347,4,72,-368.7419708967209,0.0,1.0,0.8980336666666667,0.998265
415,5,68,-346.29014575108886,0.0,1.0,0.8976483333333334,0.997925
476,6,61,-301.17303515970707,0.0,1.0,0.8973026666666667,0.99762
551,7,75,-329.97511687874794,0.0,1.0,0.8968776666666667,0.997245
623,8,72,-361.948568418622,0.0,1.0,0.8964696666666667,0.996885
702,9,79,-347.90401976555586,0.0,1.0,0.896022,0.99649
762,10,60,-266.71969774737954,0.0,1.0,0.895682,0.99619
839,11,77,-287.97367887198925,0.0,1.0,0.8952456666666667,0.995805
901,12,62,-303.5793567299843,0.0,1.0,0.8948943333333333,0.995495
962,13,61,-307.28975389897823,0.0,1.0,0.8945486666666667,0.99519
1039,14,77,-309.21337363123894,0.0,1.0,0.8941123333333334,0.994805
1112,15,73,-308.11918696016073,0.0,1.0,0.8936986666666666,0.99444
1169,16,57,-293.59370374679565,0.0,1.0,0.8933756666666667,0.994155
1232,17,63,-295.3322214782238,0.0,1.0,0.8930186666666667,0.99384
1302,18,70,-317.5586785674095,0.0,1.0,0.892622,0.99349
1375,19,73,-329.19303204119205,0.0,1.0,0.8922083333333334,0.993125
1456,20,81,-358.8500230163336,0.0,1.0,0.8917493333333334,0.99272
1516,21,60,-304.9604116678238,0.0,1.0,0.8914093333333334,0.99242
1588,22,72,-321.7474055066705,0.0,1.0,0.8910013333333333,0.99206
1718,23,130,-244.12900253385305,0.0,0.0,0.8902646666666667,0.99141
1782,24,64,-320.0874138176441,0.0,1.0,0.889902,0.99109
1852,25,70,-315.01892141997814,0.0,1.0,0.8895053333333334,0.99074
1919,26,67,-288.5675344467163,0.0,1.0,0.8891256666666667,0.990405
2006,27,87,-399.59622597694397,0.0,1.0,0.8886326666666667,0.98997
2136,28,130,-282.8926350027323,0.0,0.0,0.887896,0.98932
2266,29,130,-413.2142969071865,0.0,0.0,0.8871593333333334,0.98867
2342,30,76,-347.8876791894436,0.0,1.0,0.8867286666666667,0.98829
2412,31,70,-306.93701157718897,0.0,1.0,0.886332,0.98794
2484,32,72,-347.1885269731283,0.0,1.0,0.885924,0.98758
2546,33,62,-307.66885677725077,0.0,1.0,0.8855726666666667,0.98727
2625,34,79,-350.14926916360855,0.0,1.0,0.885125,0.986875
2686,35,61,-284.524247571826,0.0,1.0,0.8847793333333334,0.98657
2759,36,73,-350.6975838690996,0.0,1.0,0.8843656666666667,0.986205
2889,37,130,-329.2634405568242,0.0,0.0,0.883629,0.985555
3019,38,130,-393.1720978617668,0.0,0.0,0.8828923333333334,0.984905
3089,39,70,-328.1444350630045,0.0,1.0,0.8824956666666667,0.984555
3219,40,130,-369.9462622925639,0.0,0.0,0.8817590000000001,0.983905
3285,41,66,-301.54281482100487,0.0,1.0,0.881385,0.983575
3348,42,63,-309.62602849304676,0.0,1.0,0.881028,0.98326
3421,43,73,-271.14458449184895,0.0,1.0,0.8806143333333334,0.982895
3486,44,65,-333.98507314920425,0.0,1.0,0.880246,0.9825699999999999
3551,45,65,-307.7533383741975,0.0,1.0,0.8798776666666667,0.982245
3629,46,78,-322.4619602933526,0.0,1.0,0.8794356666666667,0.981855
3759,47,130,-249.75201335176826,0.0,0.0,0.878699,0.981205
3819,48,60,-313.03344087302685,0.0,1.0,0.878359,0.980905
3881,49,62,-319.8794488608837,0.0,1.0,0.8780076666666667,0.980595
4011,50,130,-284.80029844492674,0.0,0.0,0.877271,0.979945
4087,51,76,-429.4744706749916,0.0,1.0,0.8768403333333333,0.979565
4151,52,64,-341.9318934716284,0.0,1.0,0.8764776666666667,0.979245
4226,53,75,-302.43268489837646,0.0,1.0,0.8760526666666667,0.97887
4302,54,76,-368.09359534084797,0.0,1.0,0.875622,0.97849
4432,55,130,-343.08604396134615,0.0,0.0,0.8748853333333334,0.97784
4505,56,73,-308.1333567947149,0.0,1.0,0.8744716666666666,0.977475
4566,57,61,-286.3413361310959,0.0,1.0,0.8741260000000001,0.97717
4626,58,60,-314.37799094617367,0.0,1.0,0.8737860000000001,0.97687
4747,59,121,-224.46683517098427,1.0,0.0,0.8731003333333334,0.976265
4805,60,58,-297.408500790596,0.0,1.0,0.8727716666666667,0.975975
4871,61,66,-325.3040595650673,0.0,1.0,0.8723976666666667,0.975645
5001,62,130,-301.7139987051487,0.0,0.0,0.871661,0.9749950000000001
5077,63,76,-327.067186281085,0.0,1.0,0.8712303333333333,0.974615
5207,64,130,-348.89504788070917,0.0,0.0,0.8704936666666667,0.973965
5277,65,70,-337.9973758459091,0.0,1.0,0.870097,0.973615
5338,66,61,-316.41590951383114,0.0,1.0,0.8697513333333333,0.97331
5468,67,130,-277.8473605811596,0.0,0.0,0.8690146666666667,0.97266
5545,68,77,-309.7095034494996,0.0,1.0,0.8685783333333333,0.972275
5617,69,72,-328.41708110272884,0.0,1.0,0.8681703333333334,0.971915
5698,70,81,-393.8927946984768,0.0,1.0,0.8677113333333334,0.97151
5760,71,62,-295.38792887330055,0.0,1.0,0.86736,0.9712
5830,72,70,-301.2724885046482,0.0,1.0,0.8669633333333333,0.97085
5906,73,76,-328.61297861114144,0.0,1.0,0.8665326666666667,0.9704699999999999
6036,74,130,-319.0023325458169,0.0,0.0,0.865796,0.96982
6166,75,130,-342.94232642650604,0.0,0.0,0.8650593333333334,0.96917
6296,76,130,-285.57963429391384,0.0,0.0,0.8643226666666667,0.96852
6368,77,72,-338.44320264458656,0.0,1.0,0.8639146666666667,0.96816
6498,78,130,-336.34685316309333,0.0,0.0,0.863178,0.96751
6628,79,130,-284.65819373726845,0.0,0.0,0.8624413333333334,0.96686
6698,80,70,-296.9019536077976,0.0,1.0,0.8620446666666667,0.96651
6776,81,78,-323.5149199664593,0.0,1.0,0.8616026666666667,0.96612
6906,82,130,-259.826950840652,0.0,0.0,0.860866,0.96547
6976,83,70,-293.0538910627365,0.0,1.0,0.8604693333333333,0.96512
7106,84,130,-281.04562240839005,0.0,0.0,0.8597326666666667,0.9644699999999999
7181,85,75,-357.841331705451,0.0,1.0,0.8593076666666667,0.964095
7249,86,68,-313.7329102754593,0.0,1.0,0.8589223333333333,0.963755
7318,87,69,-294.05181546509266,0.0,1.0,0.8585313333333333,0.96341
7389,88,71,-287.44760543107986,0.0,1.0,0.858129,0.963055
7450,89,61,-302.12283985316753,0.0,1.0,0.8577833333333333,0.96275
7532,90,82,-324.4009871184826,0.0,1.0,0.8573186666666667,0.96234
7662,91,130,-301.8554201796651,0.0,0.0,0.8565820000000001,0.96169
7722,92,60,-299.3338249325752,0.0,1.0,0.8562420000000001,0.96139
7801,93,79,-306.5916668996215,0.0,1.0,0.8557943333333333,0.960995
7863,94,62,-327.02757903933525,0.0,1.0,0.8554430000000001,0.960685
7935,95,72,-301.72161819785833,0.0,1.0,0.855035,0.960325
8009,96,74,-320.1008239239454,0.0,1.0,0.8546156666666667,0.959955
8079,97,70,-298.67773105949163,0.0,1.0,0.8542190000000001,0.959605
8139,98,60,-300.6682999432087,0.0,1.0,0.853879,0.959305
8201,99,62,-257.00153140723705,0.0,1.0,0.8535276666666667,0.958995
8264,100,63,-282.49610248208046,0.0,1.0,0.8531706666666667,0.95868
8394,101,130,-272.2102435156703,0.0,0.0,0.852434,0.95803
8452,102,58,-296.3524583876133,0.0,1.0,0.8521053333333334,0.95774
8536,103,84,-376.6618685722351,0.0,1.0,0.8516293333333333,0.95732
8610,104,74,-298.79196244478226,0.0,1.0,0.85121,0.95695
8740,105,130,-304.83271007984877,0.0,0.0,0.8504733333333334,0.9563
8812,106,72,-325.2740673273802,0.0,1.0,0.8500653333333333,0.95594
8942,107,130,-227.7543970309198,0.0,0.0,0.8493286666666667,0.95529
9072,108,130,-290.29608827084303,0.0,0.0,0.848592,0.95464
9202,109,130,-349.8871535509825,0.0,0.0,0.8478553333333334,0.95399
9332,110,130,-310.5376896634698,0.0,0.0,0.8471186666666667,0.95334
9401,111,69,-353.93611097335815,0.0,1.0,0.8467276666666667,0.952995
9465,112,64,-310.6706379354,0.0,1.0,0.846365,0.9526749999999999
9541,113,76,-371.16564156115055,0.0,1.0,0.8459343333333333,0.952295
9671,114,130,-270.8380324989557,0.0,0.0,0.8451976666666667,0.951645
9759,115,88,-352.9911207407713,0.0,1.0,0.844699,0.951205
9825,116,66,-307.1114197075367,0.0,1.0,0.844325,0.950875
9955,117,130,-374.1758670769632,0.0,0.0,0.8435883333333334,0.950225
10085,118,130,-300.7990424633026,0.0,0.0,0.8428516666666667,0.949575
10151,119,66,-289.78767824172974,0.0,1.0,0.8424776666666667,0.949245
10252,120,101,-152.08558896183968,1.0,0.0,0.8419053333333334,0.94874
10382,121,130,-256.83948900550604,0.0,0.0,0.8411686666666667,0.94809
10512,122,130,-290.2188026122749,0.0,0.0,0.8404320000000001,0.94744
10599,123,87,-325.3485963270068,0.0,1.0,0.839939,0.947005
10657,124,58,-308.42206633090973,0.0,1.0,0.8396103333333333,0.946715
10727,125,70,-280.0829116180539,0.0,1.0,0.8392136666666667,0.946365
10802,126,75,-290.03531408309937,0.0,1.0,0.8387886666666667,0.94599
10872,127,70,-310.6843518987298,0.0,1.0,0.838392,0.94564
11002,128,130,-240.32446966692805,0.0,0.0,0.8376553333333333,0.94499
11132,129,130,-292.6453000307083,0.0,0.0,0.8369186666666667,0.94434
11189,130,57,-292.8127801120281,0.0,1.0,0.8365956666666667,0.944055
11319,131,130,-289.79158160090446,0.0,0.0,0.835859,0.943405
11449,132,130,-245.71205226704478,0.0,0.0,0.8351223333333333,0.942755
11508,133,59,-286.82768915966153,0.0,1.0,0.8347880000000001,0.94246
11580,134,72,-289.2983136251569,0.0,1.0,0.83438,0.9420999999999999
11638,135,58,-264.9864197075367,0.0,1.0,0.8340513333333334,0.94181
11768,136,130,-252.98715599626303,0.0,0.0,0.8333146666666666,0.94116
11898,137,130,-276.7123288810253,0.0,0.0,0.832578,0.94051
11962,138,64,-276.91714964807034,0.0,1.0,0.8322153333333333,0.94019
12035,139,73,-315.078629553318,0.0,1.0,0.8318016666666667,0.939825
12165,140,130,-306.3716942258179,0.0,0.0,0.831065,0.939175
12239,141,74,-292.83426343649626,0.0,1.0,0.8306456666666667,0.938805
12318,142,79,-320.39437159895897,0.0,1.0,0.830198,0.93841
12448,143,130,-258.7869552411139,0.0,0.0,0.8294613333333334,0.93776
12544,144,96,-118.60648860782385,1.0,0.0,0.8289173333333334,0.93728
12633,145,89,-345.5884371250868,0.0,1.0,0.8284130000000001,0.936835
12691,146,58,-280.0878240391612,0.0,1.0,0.8280843333333334,0.936545
12821,147,130,-270.85591592639685,0.0,0.0,0.8273476666666667,0.935895
12881,148,60,-296.72459948062897,0.0,1.0,0.8270076666666667,0.935595
13011,149,130,-283.03710855543613,0.0,0.0,0.826271,0.934945
13069,150,58,-284.1480773203075,0.0,1.0,0.8259423333333333,0.934655
13134,151,65,-302.2395260334015,0.0,1.0,0.825574,0.93433
13203,152,69,-310.665201947093,0.0,1.0,0.825183,0.933985
13263,153,60,-306.6230348199606,0.0,1.0,0.824843,0.933685
13393,154,130,-296.2018300816417,0.0,0.0,0.8241063333333334,0.9330350000000001
13456,155,63,-308.89375153183937,0.0,1.0,0.8237493333333333,0.93272
13586,156,130,-227.27762950956821,0.0,0.0,0.8230126666666667,0.93207
13716,157,130,-301.9405504092574,0.0,0.0,0.822276,0.93142
13846,158,130,-254.4637085199356,0.0,0.0,0.8215393333333334,0.93077
13976,159,130,-290.13575403392315,0.0,0.0,0.8208026666666667,0.9301200000000001
14045,160,69,-330.6752874106169,0.0,1.0,0.8204116666666667,0.929775
14120,161,75,-337.4635732769966,0.0,1.0,0.8199866666666666,0.9294
14250,162,130,-253.40893061086535,0.0,0.0,0.81925,0.92875
14318,163,68,-284.86518774181604,0.0,1.0,0.8188646666666667,0.92841
14448,164,130,-296.54570800438523,0.0,0.0,0.818128,0.92776
14516,165,68,-276.4646452590823,0.0,1.0,0.8177426666666667,0.92742
14582,166,66,-294.2513017356396,0.0,1.0,0.8173686666666666,0.92709
14712,167,130,-265.6270637102425,0.0,0.0,0.816632,0.92644
14787,168,75,-258.8390116542578,0.0,1.0,0.816207,0.926065
14846,169,59,-292.37659392505884,0.0,1.0,0.8158726666666667,0.92577
14976,170,130,-284.7889448851347,0.0,0.0,0.8151360000000001,0.9251199999999999
15106,171,130,-311.695168659091,0.0,0.0,0.8143993333333334,0.92447
15176,172,70,-263.79693861305714,0.0,1.0,0.8140026666666667,0.92412
15253,173,77,-344.2459722459316,0.0,1.0,0.8135663333333334,0.923735
15320,174,67,-342.0571977868676,0.0,1.0,0.8131866666666667,0.9234
15398,175,78,-272.88452580571175,0.0,1.0,0.8127446666666667,0.92301
15465,176,67,-305.30709867179394,0.0,1.0,0.812365,0.922675
15545,177,80,-329.13434428721666,0.0,1.0,0.8119116666666667,0.922275
15675,178,130,-218.1853843703866,0.0,0.0,0.811175,0.921625
15740,179,65,-275.9088577926159,0.0,1.0,0.8108066666666667,0.9213
15870,180,130,-363.3952853232622,0.0,0.0,0.8100700000000001,0.92065
15938,181,68,-266.4191681779921,0.0,1.0,0.8096846666666667,0.92031
16068,182,130,-269.48956747353077,0.0,0.0,0.808948,0.91966
16198,183,130,-287.9411639049649,0.0,0.0,0.8082113333333334,0.91901
16277,184,79,-293.5681803226471,0.0,1.0,0.8077636666666667,0.918615
16348,185,71,-276.84241806715727,0.0,1.0,0.8073613333333334,0.91826
16405,186,57,-344.3720300793648,0.0,1.0,0.8070383333333333,0.917975
16476,187,71,-340.1025101733394,0.0,1.0,0.806636,0.91762
16539,188,63,-292.69110311567783,0.0,1.0,0.806279,0.917305
16669,189,130,-230.81262987479568,0.0,0.0,0.8055423333333334,0.916655
16799,190,130,-256.3070676997304,0.0,0.0,0.8048056666666668,0.916005
16872,191,73,-287.6885327398777,0.0,1.0,0.804392,0.91564
17002,192,130,-277.09645660594106,0.0,0.0,0.8036553333333334,0.91499
17061,193,59,-316.3535450696945,0.0,1.0,0.8033210000000001,0.914695
17124,194,63,-318.0762623772025,0.0,1.0,0.802964,0.91438
17194,195,70,-276.38918981701136,0.0,1.0,0.8025673333333334,0.91403
17270,196,76,-317.4316160529852,0.0,1.0,0.8021366666666667,0.91365
17400,197,130,-331.33018876612186,0.0,0.0,0.8014,0.913
17470,198,70,-305.8370879292488,0.0,1.0,0.8010033333333334,0.91265
17548,199,78,-304.74438178539276,0.0,1.0,0.8005613333333333,0.91226
17625,200,77,-341.33612871170044,0.0,1.0,0.800125,0.911875
17703,201,78,-289.01923226192594,0.0,1.0,0.799683,0.911485
17785,202,82,-302.5120098441839,0.0,1.0,0.7992183333333334,0.911075
17855,203,70,-328.7056397870183,0.0,1.0,0.7988216666666667,0.910725
17919,204,64,-322.5027516037226,0.0,1.0,0.798459,0.910405
18049,205,130,-307.8536287024617,0.0,0.0,0.7977223333333333,0.909755
18179,206,130,-291.7508287318051,0.0,0.0,0.7969856666666667,0.909105
18242,207,63,-295.1507852971554,0.0,1.0,0.7966286666666667,0.90879
18372,208,130,-235.32800445705652,0.0,0.0,0.795892,0.90814
18451,209,79,-336.60706412792206,0.0,1.0,0.7954443333333334,0.907745
18581,210,130,-281.0865461677313,0.0,0.0,0.7947076666666667,0.907095
18711,211,130,-304.93533715233207,0.0,0.0,0.793971,0.906445
18841,212,130,-286.8694051578641,0.0,0.0,0.7932343333333334,0.905795
18971,213,130,-288.62771374359727,0.0,0.0,0.7924976666666667,0.905145
19101,214,130,-258.13546572625637,0.0,0.0,0.791761,0.904495
19195,215,94,-378.0435120165348,0.0,1.0,0.7912283333333333,0.904025
19325,216,130,-244.20470697432756,0.0,0.0,0.7904916666666667,0.903375
19395,217,70,-299.88476602733135,0.0,1.0,0.790095,0.903025
19462,218,67,-308.0709301121533,0.0,1.0,0.7897153333333333,0.90269
19539,219,77,-333.8364125043154,0.0,1.0,0.7892790000000001,0.902305
19615,220,76,-284.5576625689864,0.0,1.0,0.7888483333333334,0.901925
19745,221,130,-274.754282861948,0.0,0.0,0.7881116666666667,0.901275
19812,222,67,-330.7977277934551,0.0,1.0,0.787732,0.90094
19942,223,130,-377.95453902706504,0.0,0.0,0.7869953333333334,0.90029
20072,224,130,-257.5386122055352,0.0,0.0,0.7862586666666667,0.89964
20202,225,130,-265.6106381341815,0.0,0.0,0.785522,0.89899
20270,226,68,-289.3147883042693,0.0,1.0,0.7851366666666667,0.89865
20400,227,130,-249.08116858452559,0.0,0.0,0.7844,0.898
20463,228,63,-280.36558435857296,0.0,1.0,0.784043,0.897685
20525,229,62,-254.66194628179073,0.0,1.0,0.7836916666666667,0.897375
20655,230,130,-329.90764256194234,0.0,0.0,0.7829550000000001,0.896725
20731,231,76,-311.53861889988184,0.0,1.0,0.7825243333333334,0.896345
20807,232,76,-300.8444149941206,0.0,1.0,0.7820936666666667,0.895965
20937,233,130,-264.90467170625925,0.0,0.0,0.7813570000000001,0.895315
21008,234,71,-311.69482373446226,0.0,1.0,0.7809546666666667,0.89496
21082,235,74,-294.2120873630047,0.0,1.0,0.7805353333333334,0.89459
21212,236,130,-208.72393364831805,0.0,0.0,0.7797986666666668,0.89394
21342,237,130,-297.54327550530434,0.0,0.0,0.779062,0.89329
21472,238,130,-248.17001705616713,0.0,0.0,0.7783253333333333,0.89264
21550,239,78,-311.59997245669365,0.0,1.0,0.7778833333333334,0.89225
21680,240,130,-272.5907408222556,0.0,0.0,0.7771466666666667,0.8916
21752,241,72,-283.76120856776834,0.0,1.0,0.7767386666666667,0.89124
21882,242,130,-290.06380331516266,0.0,0.0,0.776002,0.89059
21972,243,90,-399.3470374047756,0.0,1.0,0.7754920000000001,0.89014
22030,244,58,-271.9493675902486,0.0,1.0,0.7751633333333333,0.88985
22092,245,62,-269.52648954093456,0.0,1.0,0.7748120000000001,0.88954
22177,246,85,-287.7848687656224,0.0,1.0,0.7743303333333333,0.889115
22307,247,130,-322.63762351870537,0.0,0.0,0.7735936666666667,0.8884650000000001
22380,248,73,-269.8536057956517,0.0,1.0,0.77318,0.8881
22510,249,130,-302.64194191247225,0.0,0.0,0.7724433333333334,0.8874500000000001
22586,250,76,-297.43067567795515,0.0,1.0,0.7720126666666667,0.88707
22716,251,130,-327.2038569301367,0.0,0.0,0.7712760000000001,0.88642
22788,252,72,-354.97337725013494,0.0,1.0,0.770868,0.88606
22868,253,80,-321.964590921998,0.0,1.0,0.7704146666666667,0.88566
22938,254,70,-291.4813922420144,0.0,1.0,0.7700180000000001,0.88531
23020,255,82,-311.8480861186981,0.0,1.0,0.7695533333333333,0.8849
23150,256,130,-296.2945692278445,0.0,0.0,0.7688166666666667,0.88425
23280,257,130,-269.151024479419,0.0,0.0,0.76808,0.8835999999999999
23344,258,64,-305.3710812218487,0.0,1.0,0.7677173333333334,0.8832800000000001
23430,259,86,-287.51505675166845,0.0,1.0,0.7672300000000001,0.88285
23560,260,130,-285.4336503222585,0.0,0.0,0.7664933333333334,0.8822
23637,261,77,-308.52740920335054,0.0,1.0,0.766057,0.881815
23710,262,73,-320.08631660044193,0.0,1.0,0.7656433333333333,0.8814500000000001
23840,263,130,-272.6532350294292,0.0,0.0,0.7649066666666666,0.8808
23906,264,66,-300.8914290815592,0.0,1.0,0.7645326666666667,0.88047
23974,265,68,-305.2035276591778,0.0,1.0,0.7641473333333333,0.88013
24104,266,130,-315.1340256780386,0.0,0.0,0.7634106666666667,0.87948
24234,267,130,-205.9206542931497,0.0,0.0,0.7626740000000001,0.87883
24364,268,130,-304.4750196002424,0.0,0.0,0.7619373333333334,0.87818
24423,269,59,-276.6565854921937,0.0,1.0,0.761603,0.877885
24553,270,130,-257.3995326682925,0.0,0.0,0.7608663333333333,0.877235
24627,271,74,-274.21056170761585,0.0,1.0,0.7604470000000001,0.876865
24698,272,71,-257.29373145103455,0.0,1.0,0.7600446666666667,0.87651
24828,273,130,-221.01453532278538,0.0,0.0,0.7593080000000001,0.87586
24958,274,130,-302.12377467006445,0.0,0.0,0.7585713333333334,0.87521
25088,275,130,-314.4731542095542,0.0,0.0,0.7578346666666667,0.87456
25218,276,130,-328.5751389861107,0.0,0.0,0.757098,0.87391
25282,277,64,-314.07353953272104,0.0,1.0,0.7567353333333333,0.87359
25412,278,130,-318.2582676783204,0.0,0.0,0.7559986666666667,0.87294
25542,279,130,-208.81885028257966,0.0,0.0,0.7552620000000001,0.87229
25600,280,58,-294.83482594788074,0.0,1.0,0.7549333333333333,0.872
25730,281,130,-259.1415319032967,0.0,0.0,0.7541966666666666,0.87135
25860,282,130,-299.4171336553991,0.0,0.0,0.75346,0.8707
25932,283,72,-290.59565337747335,0.0,1.0,0.753052,0.87034
26062,284,130,-305.62814561650157,0.0,0.0,0.7523153333333333,0.8696900000000001
26134,285,72,-291.66478456556797,0.0,1.0,0.7519073333333334,0.8693299999999999
26264,286,130,-222.196553401649,0.0,0.0,0.7511706666666667,0.86868
26327,287,63,-290.33501567691565,0.0,1.0,0.7508136666666667,0.868365
26397,288,70,-304.16426572203636,0.0,1.0,0.750417,0.868015
26527,289,130,-284.72872506827116,0.0,0.0,0.7496803333333333,0.8673649999999999
26589,290,62,-279.33396953344345,0.0,1.0,0.749329,0.867055
26697,291,108,-121.96578785032034,1.0,0.0,0.7487170000000001,0.866515
26827,292,130,-250.01151849329472,0.0,0.0,0.7479803333333334,0.865865
26957,293,130,-245.81056425720453,0.0,0.0,0.7472436666666666,0.8652150000000001
27087,294,130,-302.3918710462749,0.0,0.0,0.746507,0.864565
27217,295,130,-281.9192265048623,0.0,0.0,0.7457703333333333,0.863915
27347,296,130,-269.05175261199474,0.0,0.0,0.7450336666666667,0.863265
27418,297,71,-290.05705305188894,0.0,1.0,0.7446313333333334,0.8629100000000001
27548,298,130,-255.69751528277993,0.0,0.0,0.7438946666666667,0.86226
27616,299,68,-272.0679125972092,0.0,1.0,0.7435093333333334,0.86192
27746,300,130,-244.06323757767677,0.0,0.0,0.7427726666666667,0.86127
27814,301,68,-303.3581768423319,0.0,1.0,0.7423873333333334,0.86093
27897,302,83,-243.55626641213894,0.0,1.0,0.741917,0.860515
27973,303,76,-307.4830540716648,0.0,1.0,0.7414863333333334,0.860135
28103,304,130,-244.76420471817255,0.0,0.0,0.7407496666666666,0.859485
28233,305,130,-281.8798897713423,0.0,0.0,0.740013,0.858835
28303,306,70,-295.2159536257386,0.0,1.0,0.7396163333333333,0.8584849999999999
28390,307,87,-312.6991417706013,0.0,1.0,0.7391233333333334,0.85805
28479,308,89,-302.3619936220348,0.0,1.0,0.738619,0.857605
28609,309,130,-329.8001464009285,0.0,0.0,0.7378823333333333,0.856955
28687,310,78,-277.13413291424513,0.0,1.0,0.7374403333333334,0.856565
28817,311,130,-269.04238288104534,0.0,0.0,0.7367036666666666,0.855915
28947,312,130,-320.6028249338269,0.0,0.0,0.735967,0.8552649999999999
29012,313,65,-304.3968399018049,0.0,1.0,0.7355986666666667,0.85494
29072,314,60,-304.1329176425934,0.0,1.0,0.7352586666666667,0.8546400000000001
29202,315,130,-284.5166444554925,0.0,0.0,0.734522,0.85399
29263,316,61,-315.26465870440006,0.0,1.0,0.7341763333333333,0.853685
29393,317,130,-297.4455012604594,0.0,0.0,0.7334396666666667,0.853035
29473,318,80,-293.2949464805424,0.0,1.0,0.7329863333333333,0.852635
29545,319,72,-275.3206991404295,0.0,1.0,0.7325783333333333,0.852275
29675,320,130,-186.0433038212359,0.0,0.0,0.7318416666666667,0.851625
29745,321,70,-320.5703921318054,0.0,1.0,0.731445,0.851275
29822,322,77,-302.8248599022627,0.0,1.0,0.7310086666666666,0.8508899999999999
29930,323,108,-127.81851673871279,1.0,0.0,0.7303966666666667,0.8503499999999999
30003,324,73,-302.59245128929615,0.0,1.0,0.729983,0.849985
30073,325,70,-302.7497391551733,0.0,1.0,0.7295863333333333,0.849635
30203,326,130,-233.39403560757637,0.0,0.0,0.7288496666666667,0.848985
30333,327,130,-316.5745176002383,0.0,0.0,0.728113,0.8483350000000001
30392,328,59,-263.81030221283436,0.0,1.0,0.7277786666666667,0.84804
30522,329,130,-275.60162802785635,0.0,0.0,0.727042,0.84739
30602,330,80,-284.8595196902752,0.0,1.0,0.7265886666666667,0.84699
30732,331,130,-238.2708101645112,0.0,0.0,0.725852,0.84634
30862,332,130,-232.10796697437763,0.0,0.0,0.7251153333333333,0.84569
30992,333,130,-244.38400990888476,0.0,0.0,0.7243786666666667,0.84504
31122,334,130,-257.76707649603486,0.0,0.0,0.723642,0.84439
31203,335,81,-282.42476999759674,0.0,1.0,0.723183,0.843985
31333,336,130,-255.22368778660893,0.0,0.0,0.7224463333333333,0.843335
31463,337,130,-250.11710546538234,0.0,0.0,0.7217096666666667,0.842685
31538,338,75,-272.9018926769495,0.0,1.0,0.7212846666666667,0.84231
31611,339,73,-309.9276518076658,0.0,1.0,0.720871,0.8419449999999999
31671,340,60,-247.00019340217113,0.0,1.0,0.720531,0.841645
31743,341,72,-293.2076060920954,0.0,1.0,0.7201230000000001,0.8412850000000001
31873,342,130,-315.77764308825135,0.0,0.0,0.7193863333333333,0.840635
31947,343,74,-291.10525896400213,0.0,1.0,0.718967,0.840265
32018,344,71,-275.9009243026376,0.0,1.0,0.7185646666666667,0.8399099999999999
32148,345,130,-266.3433234579861,0.0,0.0,0.717828,0.83926
32278,346,130,-240.51697106659412,0.0,0.0,0.7170913333333333,0.83861
32359,347,81,-246.7656378597021,0.0,1.0,0.7166323333333333,0.838205
32489,348,130,-300.5955403447151,0.0,0.0,0.7158956666666667,0.837555
32576,349,87,-285.46996930614114,0.0,1.0,0.7154026666666666,0.83712
32652,350,76,-329.2377589792013,0.0,1.0,0.714972,0.83674
32782,351,130,-276.87546625733376,0.0,0.0,0.7142353333333333,0.83609
32846,352,64,-268.93976034224033,0.0,1.0,0.7138726666666667,0.83577
32976,353,130,-253.5016370639205,0.0,0.0,0.713136,0.83512
33106,354,130,-261.18040553480387,0.0,0.0,0.7123993333333334,0.83447
33236,355,130,-345.5085295140743,0.0,0.0,0.7116626666666667,0.83382
33300,356,64,-305.97554383054376,0.0,1.0,0.7113,0.8335
33430,357,130,-300.14393639937043,0.0,0.0,0.7105633333333334,0.83285
33560,358,130,-194.9342918805778,0.0,0.0,0.7098266666666667,0.8322
33628,359,68,-356.6854590475559,0.0,1.0,0.7094413333333334,0.83186
33694,360,66,-226.18873469531536,0.0,1.0,0.7090673333333334,0.83153
33765,361,71,-244.63767532259226,0.0,1.0,0.7086650000000001,0.831175
33833,362,68,-269.49479416012764,0.0,1.0,0.7082796666666666,0.830835
33900,363,67,-284.61118564009666,0.0,1.0,0.7079,0.8305
34030,364,130,-323.37753838300705,0.0,0.0,0.7071633333333334,0.82985
34110,365,80,-323.20527525246143,0.0,1.0,0.7067100000000001,0.82945
34171,366,61,-271.86945931613445,0.0,1.0,0.7063643333333334,0.829145
34252,367,81,-349.78888953477144,0.0,1.0,0.7059053333333334,0.82874
34382,368,130,-255.08415995538235,0.0,0.0,0.7051686666666667,0.82809
34462,369,80,-318.56341344863176,0.0,1.0,0.7047153333333334,0.82769
34592,370,130,-304.74026396125555,0.0,0.0,0.7039786666666668,0.82704
34654,371,62,-272.46718891710043,0.0,1.0,0.7036273333333334,0.82673
34784,372,130,-230.41761326417327,0.0,0.0,0.7028906666666667,0.8260799999999999
34914,373,130,-255.32203045487404,0.0,0.0,0.7021540000000001,0.82543
35044,374,130,-290.9017449989915,0.0,0.0,0.7014173333333333,0.82478
35174,375,130,-253.80628764629364,0.0,0.0,0.7006806666666667,0.82413
35304,376,130,-257.965985968709,0.0,0.0,0.699944,0.82348
35434,377,130,-239.28451554104686,0.0,0.0,0.6992073333333333,0.82283
35564,378,130,-293.54472022503614,0.0,0.0,0.6984706666666667,0.82218
35694,379,130,-236.46661419421434,0.0,0.0,0.6977340000000001,0.82153
35824,380,130,-289.2124732248485,0.0,0.0,0.6969973333333334,0.82088
35954,381,130,-304.2252803966403,0.0,0.0,0.6962606666666666,0.82023
36027,382,73,-289.5616273358464,0.0,1.0,0.695847,0.8198650000000001
36157,383,130,-226.07625897973776,0.0,0.0,0.6951103333333334,0.819215
36270,384,113,-166.39455439522862,1.0,0.0,0.69447,0.81865
36400,385,130,-229.5486839786172,0.0,0.0,0.6937333333333333,0.8180000000000001
36478,386,78,-282.68892069905996,0.0,1.0,0.6932913333333334,0.81761
36553,387,75,-288.18593472987413,0.0,1.0,0.6928663333333334,0.8172349999999999
36683,388,130,-205.06235966086388,0.0,0.0,0.6921296666666666,0.816585
36813,389,130,-215.83088248595595,0.0,0.0,0.691393,0.815935
36885,390,72,-300.41610184311867,0.0,1.0,0.690985,0.8155749999999999
37015,391,130,-293.3894119299948,0.0,0.0,0.6902483333333334,0.814925
37136,392,121,-190.60020574182272,1.0,0.0,0.6895626666666667,0.8143199999999999
37209,393,73,-277.28621286153793,0.0,1.0,0.689149,0.813955
37326,394,117,-166.96187312155962,1.0,0.0,0.688486,0.8133699999999999
37456,395,130,-223.72283475473523,0.0,0.0,0.6877493333333333,0.81272
37586,396,130,-219.4561265334487,1.0,0.0,0.6870126666666667,0.8120700000000001
37716,397,130,-268.05951107665896,0.0,0.0,0.686276,0.81142
37846,398,130,-251.79073461145163,0.0,0.0,0.6855393333333334,0.81077
37916,399,70,-269.19448928534985,0.0,1.0,0.6851426666666667,0.8104199999999999
38046,400,130,-271.2876750640571,0.0,0.0,0.6844060000000001,0.80977
38130,401,84,-249.896481577307,0.0,1.0,0.68393,0.80935
38260,402,130,-252.30910377576947,0.0,0.0,0.6831933333333333,0.8087
38390,403,130,-246.32426922395825,0.0,0.0,0.6824566666666667,0.8080499999999999
38520,404,130,-218.63433612510562,0.0,0.0,0.6817200000000001,0.8074
38647,405,127,-195.23729113861918,1.0,0.0,0.6810003333333333,0.806765
38707,406,60,-274.37229846417904,0.0,1.0,0.6806603333333334,0.806465
38837,407,130,-203.0785572938621,0.0,0.0,0.6799236666666667,0.805815
38948,408,111,-185.47853176295757,1.0,0.0,0.6792946666666667,0.80526
39031,409,83,-248.3564734235406,0.0,1.0,0.6788243333333334,0.804845
39161,410,130,-218.51451602950692,0.0,0.0,0.6780876666666666,0.804195
39243,411,82,-242.10043858736753,0.0,1.0,0.677623,0.803785
39312,412,69,-277.1440778300166,0.0,1.0,0.6772320000000001,0.80344
39382,413,70,-303.41247394680977,0.0,1.0,0.6768353333333333,0.8030900000000001
39512,414,130,-307.92732487618923,0.0,0.0,0.6760986666666667,0.80244
39584,415,72,-247.83764117956161,0.0,1.0,0.6756906666666667,0.80208
39658,416,74,-278.57900059223175,0.0,1.0,0.6752713333333333,0.80171
39735,417,77,-237.45464286208153,0.0,1.0,0.6748350000000001,0.801325
39865,418,130,-268.22053880244493,0.0,0.0,0.6740983333333334,0.800675
39966,419,101,-148.68969404697418,1.0,0.0,0.6735260000000001,0.80017
40040,420,74,-289.26988746225834,0.0,1.0,0.6731066666666667,0.7998
40170,421,130,-259.79283153265715,0.0,0.0,0.67237,0.79915
40241,422,71,-253.28715047240257,0.0,1.0,0.6719676666666667,0.798795
40366,423,125,-195.5905071645975,1.0,0.0,0.6712593333333334,0.79817
40496,424,130,-212.76135861873627,0.0,0.0,0.6705226666666667,0.79752
40626,425,130,-195.15536349266768,0.0,0.0,0.669786,0.79687
40756,426,130,-257.4022738933563,0.0,0.0,0.6690493333333334,0.79622
40831,427,75,-273.179151982069,0.0,1.0,0.6686243333333334,0.795845
40961,428,130,-247.07392869889736,0.0,0.0,0.6678876666666667,0.795195
41091,429,130,-283.1069453135133,0.0,0.0,0.667151,0.7945450000000001
41221,430,130,-235.50547897815704,0.0,0.0,0.6664143333333334,0.793895
41351,431,130,-294.0264033973217,0.0,0.0,0.6656776666666667,0.793245
41481,432,130,-237.23182763531804,0.0,0.0,0.664941,0.7925949999999999
41611,433,130,-203.00653716921806,0.0,0.0,0.6642043333333334,0.791945
41686,434,75,-240.773617208004,0.0,1.0,0.6637793333333333,0.79157
41809,435,123,-221.54242204129696,1.0,0.0,0.6630823333333333,0.790955
41870,436,61,-258.26433631032705,0.0,1.0,0.6627366666666668,0.79065
42000,437,130,-196.97933635115623,0.0,0.0,0.662,0.79
42117,438,117,-158.15674570202827,1.0,0.0,0.6613370000000001,0.789415
42199,439,82,-251.66906307637691,0.0,1.0,0.6608723333333334,0.789005
42269,440,70,-298.1835847720504,0.0,1.0,0.6604756666666667,0.788655
42399,441,130,-221.62411564588547,0.0,0.0,0.6597390000000001,0.788005
42529,442,130,-215.7380005121231,0.0,0.0,0.6590023333333334,0.787355
42611,443,82,-294.7141354009509,0.0,1.0,0.6585376666666667,0.786945
42725,444,114,-267.6356304138899,1.0,0.0,0.6578916666666668,0.786375
42810,445,85,-273.38034534454346,0.0,1.0,0.65741,0.78595
42940,446,130,-262.50016633048654,0.0,0.0,0.6566733333333333,0.7853
43070,447,130,-232.60208014398813,0.0,0.0,0.6559366666666666,0.78465
43131,448,61,-287.0707315951586,0.0,1.0,0.655591,0.784345
43261,449,130,-223.28949380666018,0.0,0.0,0.6548543333333334,0.783695
43391,450,130,-224.92682752013206,0.0,0.0,0.6541176666666667,0.783045
43448,451,57,-268.55612333863974,0.0,1.0,0.6537946666666667,0.78276
43510,452,62,-306.3232347071171,0.0,1.0,0.6534433333333334,0.7824500000000001
43585,453,75,-286.8837080448866,0.0,1.0,0.6530183333333334,0.7820750000000001
43715,454,130,-179.30067060142756,0.0,0.0,0.6522816666666666,0.781425
43845,455,130,-286.9432204477489,0.0,0.0,0.651545,0.780775
43975,456,130,-216.18251883238554,0.0,0.0,0.6508083333333333,0.780125
44105,457,130,-246.0664391629398,0.0,0.0,0.6500716666666667,0.779475
44182,458,77,-328.3089664056897,0.0,1.0,0.6496353333333333,0.7790900000000001
44312,459,130,-214.25783002376556,0.0,0.0,0.6488986666666667,0.77844
44436,460,124,-188.36228600889444,1.0,0.0,0.648196,0.77782
44507,461,71,-230.27348205447197,0.0,1.0,0.6477936666666667,0.7774650000000001
44571,462,64,-268.12603640556335,0.0,1.0,0.6474310000000001,0.777145
44634,463,63,-329.0138387978077,0.0,1.0,0.647074,0.77683
44764,464,130,-298.01712537929416,0.0,0.0,0.6463373333333333,0.77618
44871,465,107,-116.79836484789848,1.0,0.0,0.645731,0.7756449999999999
44955,466,84,-291.4777062535286,0.0,1.0,0.645255,0.775225
45023,467,68,-287.0631819590926,0.0,1.0,0.6448696666666667,0.774885
45094,468,71,-228.1391650699079,0.0,1.0,0.6444673333333334,0.7745299999999999
45224,469,130,-216.22433422133327,0.0,0.0,0.6437306666666667,0.77388
45347,470,123,-119.72914007306099,1.0,0.0,0.6430336666666667,0.773265
45477,471,130,-243.5824378170073,0.0,0.0,0.642297,0.772615
45542,472,65,-269.3693952932954,0.0,1.0,0.6419286666666667,0.7722899999999999
45612,473,70,-261.193299241364,0.0,1.0,0.641532,0.77194
45742,474,130,-231.5865165516734,0.0,0.0,0.6407953333333334,0.77129
45804,475,62,-244.19176467508078,0.0,1.0,0.640444,0.77098
45932,476,128,-185.87135350331664,1.0,0.0,0.6397186666666668,0.77034
45999,477,67,-247.83987502753735,0.0,1.0,0.6393390000000001,0.770005
46129,478,130,-175.53157922625542,0.0,0.0,0.6386023333333334,0.769355
46194,479,65,-251.43987514823675,0.0,1.0,0.638234,0.76903
46324,480,130,-234.19160898029804,0.0,0.0,0.6374973333333334,0.76838
46454,481,130,-223.95526698604226,0.0,0.0,0.6367606666666668,0.76773
46584,482,130,-191.29202537983656,0.0,0.0,0.636024,0.76708
46714,483,130,-248.5843283161521,0.0,0.0,0.6352873333333333,0.76643
46795,484,81,-324.65255512297153,0.0,1.0,0.6348283333333333,0.766025
46875,485,80,-329.1400076933205,0.0,1.0,0.634375,0.765625
46942,486,67,-229.46750502288342,0.0,1.0,0.6339953333333334,0.76529
47072,487,130,-175.25807114318013,0.0,0.0,0.6332586666666666,0.76464
47202,488,130,-228.54479867964983,0.0,0.0,0.632522,0.76399
47332,489,130,-266.9983926191926,0.0,0.0,0.6317853333333334,0.76334
47462,490,130,-223.39729446172714,0.0,0.0,0.6310486666666667,0.76269
47534,491,72,-249.20931715518236,0.0,1.0,0.6306406666666666,0.76233
47602,492,68,-234.38926138728857,0.0,1.0,0.6302553333333334,0.76199
47662,493,60,-261.243399143219,0.0,1.0,0.6299153333333334,0.76169
47792,494,130,-220.31276972219348,0.0,0.0,0.6291786666666667,0.7610399999999999
47922,495,130,-209.38348203897476,0.0,0.0,0.6284420000000001,0.76039
48052,496,130,-239.21754315122962,0.0,0.0,0.6277053333333333,0.75974
48182,497,130,-225.59274715930223,0.0,0.0,0.6269686666666667,0.75909
48276,498,94,-89.59869258478284,1.0,0.0,0.626436,0.75862
48387,499,111,-112.8594504147768,1.0,0.0,0.625807,0.758065
48453,500,66,-285.2307752221823,0.0,1.0,0.6254330000000001,0.757735
48583,501,130,-241.4429114945233,0.0,0.0,0.6246963333333333,0.757085
48713,502,130,-262.52372209355235,0.0,0.0,0.6239596666666667,0.756435
48843,503,130,-214.46545935049653,0.0,0.0,0.6232230000000001,0.7557849999999999
48903,504,60,-244.86410658806562,0.0,1.0,0.6228830000000001,0.755485
49033,505,130,-233.52365186065435,0.0,0.0,0.6221463333333334,0.754835
49092,506,59,-260.92571832984686,0.0,1.0,0.621812,0.75454
49160,507,68,-266.25233002752066,0.0,1.0,0.6214266666666667,0.7542
49265,508,105,-116.27077273279428,1.0,0.0,0.6208316666666667,0.753675
49351,509,86,-311.2250199764967,0.0,1.0,0.6203443333333334,0.7532449999999999
49481,510,130,-207.40981207042933,0.0,0.0,0.6196076666666667,0.752595
49547,511,66,-284.7321044653654,0.0,1.0,0.6192336666666667,0.752265
49677,512,130,-248.4809910580516,0.0,0.0,0.6184970000000001,0.751615
49788,513,111,-162.95542259141803,1.0,0.0,0.6178680000000001,0.7510600000000001
49867,514,79,-314.2333363033831,0.0,1.0,0.6174203333333333,0.750665
49930,515,63,-292.28156143426895,0.0,1.0,0.6170633333333334,0.7503500000000001
50060,516,130,-171.10559945181012,0.0,0.0,0.6163266666666667,0.7497
50190,517,130,-221.6354275494814,0.0,0.0,0.6155900000000001,0.74905
50265,518,75,-286.198463127017,0.0,1.0,0.615165,0.748675
50395,519,130,-280.92784364148974,0.0,0.0,0.6144283333333334,0.7480249999999999
50523,520,128,-125.65262389183044,1.0,0.0,0.613703,0.747385
50653,521,130,-197.94783076643944,0.0,0.0,0.6129663333333333,0.7467349999999999
50763,522,110,-123.1011832691729,1.0,0.0,0.6123430000000001,0.746185
50840,523,77,-298.4327530115843,0.0,1.0,0.6119066666666667,0.7458
50970,524,130,-210.9933697991073,0.0,0.0,0.61117,0.74515
51100,525,130,-196.150179810822,0.0,0.0,0.6104333333333334,0.7444999999999999
51215,526,115,-160.89847499132156,1.0,0.0,0.6097816666666667,0.743925
51303,527,88,-272.78757360577583,0.0,1.0,0.609283,0.743485
51430,528,127,-171.60209940373898,1.0,0.0,0.6085633333333333,0.74285
51504,529,74,-244.02798251062632,0.0,1.0,0.608144,0.74248
51634,530,130,-207.55095040425658,0.0,0.0,0.6074073333333334,0.74183
51696,531,62,-260.96712958812714,0.0,1.0,0.607056,0.74152
51814,532,118,-144.0468036904931,1.0,0.0,0.6063873333333334,0.74093
51939,533,125,-142.84127045795321,1.0,0.0,0.6056790000000001,0.740305
52069,534,130,-192.08409370481968,0.0,0.0,0.6049423333333334,0.739655
52199,535,130,-241.25315329432487,0.0,0.0,0.6042056666666666,0.739005
52317,536,118,-229.68773386627436,1.0,0.0,0.603537,0.738415
52383,537,66,-255.9565771818161,0.0,1.0,0.6031630000000001,0.738085
52454,538,71,-209.7899029403925,0.0,1.0,0.6027606666666667,0.73773
52584,539,130,-228.8851475417614,0.0,0.0,0.6020240000000001,0.73708
52714,540,130,-200.10926562547684,0.0,0.0,0.6012873333333333,0.73643
52844,541,130,-187.16091379523277,0.0,0.0,0.6005506666666667,0.73578
52974,542,130,-270.2173488587141,0.0,0.0,0.5998140000000001,0.7351300000000001
53104,543,130,-189.71012471616268,0.0,0.0,0.5990773333333334,0.73448
53219,544,115,-140.8624940365553,1.0,0.0,0.5984256666666667,0.733905
53337,545,118,-166.47237906232476,1.0,0.0,0.5977570000000001,0.7333149999999999
53467,546,130,-158.64782879129052,0.0,0.0,0.5970203333333333,0.732665
53597,547,130,-215.6346254311502,0.0,0.0,0.5962836666666667,0.7320150000000001
53692,548,95,-54.528312519192696,1.0,0.0,0.5957453333333333,0.73154
53757,549,65,-279.9325179159641,0.0,1.0,0.595377,0.731215
53822,550,65,-268.6975950188935,0.0,1.0,0.5950086666666667,0.73089
53952,551,130,-189.90202658623457,0.0,0.0,0.594272,0.73024
54082,552,130,-241.24869970977306,0.0,0.0,0.5935353333333333,0.72959
54212,553,130,-186.98499367386103,0.0,0.0,0.5927986666666667,0.72894
54280,554,68,-259.7659143805504,0.0,1.0,0.5924133333333333,0.7286
54383,555,103,-125.43097186088562,1.0,0.0,0.5918296666666667,0.728085
54460,556,77,-267.84139946475625,0.0,1.0,0.5913933333333334,0.7277
54573,557,113,-130.04021030664444,1.0,0.0,0.5907530000000001,0.7271350000000001
54701,558,128,-141.50508899614215,1.0,0.0,0.5900276666666666,0.726495
54831,559,130,-303.2121452316642,0.0,0.0,0.589291,0.7258450000000001
54905,560,74,-258.6075733527541,0.0,1.0,0.5888716666666667,0.725475
54966,561,61,-277.4676215276122,0.0,1.0,0.5885260000000001,0.72517
55043,562,77,-276.01695749908686,0.0,1.0,0.5880896666666666,0.724785
55158,563,115,-173.73318472504616,1.0,0.0,0.587438,0.72421
55220,564,62,-292.3640718758106,0.0,1.0,0.5870866666666668,0.7239
55331,565,111,-122.1407835111022,1.0,0.0,0.5864576666666668,0.723345
55461,566,130,-204.83474180102348,0.0,0.0,0.5857209999999999,0.722695
55557,567,96,-319.49548587203026,0.0,1.0,0.5851770000000001,0.722215
55657,568,100,-80.24479395151138,1.0,0.0,0.5846103333333333,0.721715
55760,569,103,-64.69646110013127,1.0,0.0,0.5840266666666667,0.7212
55890,570,130,-243.5631214156747,0.0,0.0,0.5832900000000001,0.72055
55970,571,80,-295.8314161673188,0.0,1.0,0.5828366666666667,0.7201500000000001
56030,572,60,-225.58702950179577,0.0,1.0,0.5824966666666667,0.71985
56160,573,130,-180.98026268556714,0.0,0.0,0.58176,0.7192000000000001
56290,574,130,-166.5159250497818,0.0,0.0,0.5810233333333333,0.71855
56416,575,126,-147.41100405156612,1.0,0.0,0.5803093333333333,0.71792
56495,576,79,-256.05548948049545,0.0,1.0,0.5798616666666667,0.717525
56625,577,130,-171.13627552241087,0.0,0.0,0.5791250000000001,0.7168749999999999
56692,578,67,-236.44158310815692,0.0,1.0,0.5787453333333334,0.71654
56820,579,128,-142.6522111594677,1.0,0.0,0.57802,0.7159
56923,580,103,-110.96430005133152,1.0,0.0,0.5774363333333333,0.7153849999999999
57009,581,86,-320.83139242231846,0.0,1.0,0.576949,0.714955
57139,582,130,-256.0435411930084,0.0,0.0,0.5762123333333333,0.714305
57260,583,121,-103.0433339253068,1.0,0.0,0.5755266666666667,0.7137
57390,584,130,-179.2202775478363,0.0,0.0,0.57479,0.71305
57520,585,130,-242.72527341544628,0.0,0.0,0.5740533333333333,0.7123999999999999
57650,586,130,-169.24286770820618,0.0,0.0,0.5733166666666667,0.71175
57764,587,114,-152.93951692804694,1.0,0.0,0.5726706666666668,0.7111799999999999
57894,588,130,-204.72525208443403,0.0,0.0,0.5719339999999999,0.71053
58024,589,130,-187.6556429862976,0.0,0.0,0.5711973333333333,0.7098800000000001
58106,590,82,-241.63632803410292,0.0,1.0,0.5707326666666667,0.70947
58188,591,82,-285.0760286524892,0.0,1.0,0.570268,0.70906
58293,592,105,-182.89530476927757,1.0,0.0,0.5696730000000001,0.7085349999999999
58423,593,130,-209.23612402379513,0.0,0.0,0.5689363333333334,0.707885
58553,594,130,-199.41691360622644,0.0,0.0,0.5681996666666667,0.7072350000000001
58683,595,130,-220.1576763689518,0.0,0.0,0.567463,0.706585
58772,596,89,-250.50926057994366,0.0,1.0,0.5669586666666666,0.70614
58882,597,110,-118.6842778250575,1.0,0.0,0.5663353333333334,0.7055899999999999
58991,598,109,-192.45827743411064,1.0,0.0,0.5657176666666668,0.705045
59121,599,130,-234.47658000141382,0.0,0.0,0.5649810000000001,0.704395
59232,600,111,-102.47172409668565,1.0,0.0,0.564352,0.70384
59362,601,130,-202.50925510004163,0.0,0.0,0.5636153333333334,0.70319
59422,602,60,-202.87303493916988,0.0,1.0,0.5632753333333334,0.70289
59552,603,130,-194.52937228232622,0.0,0.0,0.5625386666666667,0.70224
59664,604,112,-151.06357049942017,1.0,0.0,0.561904,0.70168
59794,605,130,-240.7098177522421,0.0,0.0,0.5611673333333334,0.70103
59865,606,71,-267.5385108292103,0.0,1.0,0.560765,0.7006749999999999
59950,607,85,-210.6153406277299,0.0,1.0,0.5602833333333334,0.70025
60079,608,129,-117.93452488258481,1.0,0.0,0.5595523333333334,0.699605
60191,609,112,-156.04101195931435,1.0,0.0,0.5589176666666666,0.699045
60302,610,111,-110.94407960772514,1.0,0.0,0.5582886666666667,0.69849
60421,611,119,-114.1860603056848,1.0,0.0,0.5576143333333334,0.697895
60498,612,77,-211.16839199513197,0.0,1.0,0.557178,0.69751
60628,613,130,-210.61373226717114,0.0,0.0,0.5564413333333333,0.69686
60699,614,71,-296.3692197650671,0.0,1.0,0.556039,0.6965049999999999
60817,615,118,-110.64943048357964,1.0,0.0,0.5553703333333333,0.6959150000000001
60932,616,115,-136.13986331224442,1.0,0.0,0.5547186666666667,0.6953400000000001
61062,617,130,-153.1752342619002,0.0,0.0,0.553982,0.69469
61177,618,115,-128.1130138412118,1.0,0.0,0.5533303333333334,0.694115
61284,619,107,-94.69069036096334,1.0,0.0,0.552724,0.6935800000000001
61395,620,111,-123.27231953293085,1.0,0.0,0.552095,0.693025
61525,621,130,-197.46761294454336,0.0,0.0,0.5513583333333334,0.692375
61649,622,124,-193.53274424374104,1.0,0.0,0.5506556666666667,0.691755
61779,623,130,-166.82162500545382,0.0,0.0,0.549919,0.691105
61909,624,130,-184.08666226267815,0.0,0.0,0.5491823333333333,0.690455
62039,625,130,-172.47852312028408,0.0,0.0,0.5484456666666667,0.689805
62169,626,130,-164.49067797139287,0.0,0.0,0.547709,0.689155
62299,627,130,-176.00886534154415,0.0,0.0,0.5469723333333334,0.6885049999999999
62398,628,99,-98.09569886699319,1.0,0.0,0.5464113333333334,0.68801
62526,629,128,-116.60054100677371,1.0,0.0,0.5456860000000001,0.68737
62583,630,57,-234.03388698399067,0.0,1.0,0.545363,0.687085
62713,631,130,-237.10038609057665,0.0,0.0,0.5446263333333334,0.686435
62843,632,130,-171.1814629882574,0.0,0.0,0.5438896666666667,0.685785
62921,633,78,-229.95130383223295,0.0,1.0,0.5434476666666668,0.685395
63043,634,122,-151.13217021524906,1.0,0.0,0.5427563333333334,0.684785
63173,635,130,-187.56709861010313,0.0,0.0,0.5420196666666668,0.6841349999999999
63232,636,59,-259.7818500548601,0.0,1.0,0.5416853333333334,0.68384
63362,637,130,-240.68451184779406,0.0,0.0,0.5409486666666667,0.68319
63448,638,86,-242.30752708390355,0.0,1.0,0.5404613333333333,0.68276
63560,639,112,-150.47469536960125,1.0,0.0,0.5398266666666667,0.6821999999999999
63690,640,130,-305.2207405716181,0.0,0.0,0.5390900000000001,0.68155
63820,641,130,-258.11163245141506,0.0,0.0,0.5383533333333334,0.6809000000000001
63950,642,130,-179.51398734748363,0.0,0.0,0.5376166666666666,0.68025
64058,643,108,-142.8860094845295,1.0,0.0,0.5370046666666667,0.67971
64188,644,130,-263.88763654604554,0.0,0.0,0.536268,0.67906
64310,645,122,-129.03193527460098,1.0,0.0,0.5355766666666667,0.67845
64377,646,67,-239.495816513896,0.0,1.0,0.535197,0.678115
64507,647,130,-225.96586463227868,0.0,0.0,0.5344603333333333,0.677465
64637,648,130,-181.65344076231122,0.0,0.0,0.5337236666666667,0.6768149999999999
64742,649,105,-80.04636614024639,1.0,0.0,0.5331286666666667,0.6762900000000001
64872,650,130,-204.40811402723193,0.0,0.0,0.532392,0.67564
65002,651,130,-195.70494869351387,0.0,0.0,0.5316553333333334,0.67499
65132,652,130,-152.09514828771353,0.0,0.0,0.5309186666666668,0.6743399999999999
65262,653,130,-173.20340054109693,0.0,0.0,0.5301819999999999,0.67369
65368,654,106,-125.27938456833363,1.0,0.0,0.5295813333333333,0.67316
65438,655,70,-241.77411467209458,0.0,1.0,0.5291846666666666,0.67281
65568,656,130,-229.6643499135971,0.0,0.0,0.528448,0.67216
65698,657,130,-108.08304147422314,1.0,0.0,0.5277113333333334,0.67151
65828,658,130,-204.9371410496533,0.0,0.0,0.5269746666666667,0.67086
65958,659,130,-190.35413329303265,0.0,0.0,0.526238,0.67021
66062,660,104,-115.47632475197315,1.0,0.0,0.5256486666666667,0.66969
66159,661,97,-110.20660861581564,1.0,0.0,0.525099,0.669205
66247,662,88,-273.2179426252842,0.0,1.0,0.5246003333333333,0.668765
66377,663,130,-168.17164173349738,0.0,0.0,0.5238636666666667,0.668115
66476,664,99,-102.49238071218133,1.0,0.0,0.5233026666666667,0.66762
66606,665,130,-217.66407443210483,0.0,0.0,0.5225660000000001,0.6669700000000001
66730,666,124,-147.44710002839565,1.0,0.0,0.5218633333333333,0.66635
66860,667,130,-256.9839040264487,0.0,0.0,0.5211266666666667,0.6657
66931,668,71,-254.25118267536163,0.0,1.0,0.5207243333333333,0.6653450000000001
66996,669,65,-206.23374388366938,0.0,1.0,0.520356,0.66502
67097,670,101,-88.04693308472633,1.0,0.0,0.5197836666666666,0.664515
67198,671,101,-39.826030023396015,1.0,0.0,0.5192113333333334,0.66401
67294,672,96,-81.66333527117968,1.0,0.0,0.5186673333333334,0.66353
67405,673,111,-144.90729643031955,1.0,0.0,0.5180383333333334,0.662975
67527,674,122,-109.7273425348103,1.0,0.0,0.517347,0.662365
67643,675,116,-135.59080049023032,1.0,0.0,0.5166896666666667,0.6617850000000001
67773,676,130,-223.39064718410373,0.0,0.0,0.5159530000000001,0.661135
67886,677,113,-101.445371940732,1.0,0.0,0.5153126666666668,0.66057
67994,678,108,-87.33623716235161,1.0,0.0,0.5147006666666667,0.66003
68124,679,130,-169.93019041791558,0.0,0.0,0.5139640000000001,0.65938
68197,680,73,-242.2569508701563,0.0,1.0,0.5135503333333333,0.659015
68327,681,130,-146.724788159132,0.0,0.0,0.5128136666666667,0.658365
68457,682,130,-167.35404573380947,0.0,0.0,0.512077,0.657715
68525,683,68,-247.62617981433868,0.0,1.0,0.5116916666666667,0.657375
68629,684,104,-135.0569578036666,1.0,0.0,0.5111023333333333,0.656855
68750,685,121,-98.92764470726252,1.0,0.0,0.5104166666666667,0.65625
68856,686,106,-50.71817021071911,1.0,0.0,0.509816,0.65572
68978,687,122,-134.98186210542917,1.0,0.0,0.5091246666666667,0.65511
69084,688,106,-105.44837519526482,1.0,0.0,0.508524,0.6545799999999999
69184,689,100,-81.94398390501738,1.0,0.0,0.5079573333333334,0.65408
69314,690,130,-221.75296929152682,0.0,0.0,0.5072206666666667,0.65343
69406,691,92,-64.04083670675755,1.0,0.0,0.5066993333333334,0.65297
69469,692,63,-241.51339853554964,0.0,1.0,0.5063423333333333,0.652655
69581,693,112,-146.32381976023316,1.0,0.0,0.5057076666666667,0.652095
69702,694,121,-156.68279108405113,1.0,0.0,0.5050220000000001,0.65149
69822,695,120,-121.95401066914201,1.0,0.0,0.5043420000000001,0.65089
69932,696,110,-134.4974344074726,1.0,0.0,0.5037186666666666,0.65034
70001,697,69,-223.3871562629938,0.0,1.0,0.5033276666666667,0.649995
70131,698,130,-170.12039056420326,0.0,0.0,0.502591,0.6493450000000001
70198,699,67,-255.18852769583464,0.0,1.0,0.5022113333333333,0.64901
70328,700,130,-179.87764460220933,0.0,0.0,0.5014746666666667,0.64836
70458,701,130,-240.9384246431291,0.0,0.0,0.500738,0.64771
70588,702,130,-187.72104866057634,0.0,0.0,0.5000013333333333,0.64706
70698,703,110,-148.52852166444063,1.0,0.0,0.49937800000000004,0.6465099999999999
70828,704,130,-191.55273374170065,0.0,0.0,0.4986413333333334,0.64586
70940,705,112,-59.43087959289551,1.0,0.0,0.4980066666666667,0.6453
71070,706,130,-230.09468728676438,0.0,0.0,0.49727000000000005,0.64465
71145,707,75,-271.2660033553839,0.0,1.0,0.49684500000000004,0.6442749999999999
71248,708,103,-63.49453765153885,1.0,0.0,0.4962613333333334,0.64376
71373,709,125,-177.8292967043817,1.0,0.0,0.495553,0.643135
71503,710,130,-160.86780653521419,0.0,0.0,0.49481633333333336,0.642485
71613,711,110,-114.1017307639122,1.0,0.0,0.49419300000000005,0.6419349999999999
71717,712,104,-105.18495547771454,1.0,0.0,0.4936036666666667,0.6414150000000001
71847,713,130,-150.16303925961256,1.0,0.0,0.492867,0.640765
71977,714,130,-257.68738685548306,0.0,0.0,0.4921303333333334,0.640115
72107,715,130,-194.99545460566878,0.0,0.0,0.49139366666666673,0.639465
72173,716,66,-214.5386450625956,0.0,1.0,0.4910196666666667,0.639135
72292,717,119,-125.15183911845088,1.0,0.0,0.49034533333333336,0.63854
72422,718,130,-139.4336436726153,0.0,0.0,0.4896086666666667,0.6378900000000001
72524,719,102,-61.98228546977043,1.0,0.0,0.4890306666666667,0.6373800000000001
72624,720,100,-70.6301792152226,1.0,0.0,0.48846400000000006,0.63688
72694,721,70,-182.33376433700323,0.0,1.0,0.48806733333333335,0.63653
72824,722,130,-194.47706941887736,0.0,0.0,0.4873306666666667,0.63588
72906,723,82,-242.1122697405517,0.0,1.0,0.486866,0.63547
73012,724,106,-133.70185804739594,1.0,0.0,0.4862653333333334,0.6349400000000001
73142,725,130,-144.20297715067863,0.0,0.0,0.48552866666666666,0.63429
73254,726,112,-138.02774753049016,1.0,0.0,0.484894,0.63373
73340,727,86,-41.19105336070061,1.0,0.0,0.4844066666666667,0.6333
73448,728,108,-106.26850069314241,1.0,0.0,0.4837946666666667,0.63276
73578,729,130,-175.34655813593417,0.0,0.0,0.48305800000000004,0.63211
73688,730,110,-69.76070251315832,1.0,0.0,0.48243466666666673,0.63156
73818,731,130,-200.78148478269577,0.0,0.0,0.481698,0.63091
73937,732,119,-94.72611630707979,1.0,0.0,0.48102366666666674,0.630315
74054,733,117,-101.16123127192259,1.0,0.0,0.4803606666666667,0.62973
74150,734,96,-91.23383339121938,1.0,0.0,0.47981666666666667,0.62925
74219,735,69,-228.2828607261181,0.0,1.0,0.4794256666666667,0.628905
74304,736,85,-226.29926607385278,0.0,1.0,0.47894400000000004,0.6284799999999999
74404,737,100,-125.15350104868412,1.0,0.0,0.4783773333333334,0.62798
74484,738,80,-221.66141807287931,0.0,1.0,0.477924,0.62758
74612,739,128,-126.1182202026248,1.0,0.0,0.4771986666666667,0.62694
74742,740,130,-233.00007344782352,0.0,0.0,0.47646200000000005,0.62629
74827,741,85,-269.2445681616664,0.0,1.0,0.4759803333333334,0.625865
74902,742,75,-227.64508763700724,0.0,1.0,0.4755553333333334,0.62549
75010,743,108,-152.13215824216604,1.0,0.0,0.4749433333333334,0.62495
75132,744,122,-67.88957691192627,1.0,0.0,0.47425200000000006,0.62434
75232,745,100,-120.11564133316278,1.0,0.0,0.47368533333333335,0.62384
75359,746,127,-141.9273529537022,1.0,0.0,0.4729656666666667,0.623205
75464,747,105,-140.31131667643785,1.0,0.0,0.47237066666666677,0.62268
75581,748,117,-208.60959846200421,1.0,0.0,0.47170766666666675,0.6220950000000001
75653,749,72,-200.62728445231915,0.0,1.0,0.47129966666666673,0.621735
75756,750,103,-100.20072469860315,1.0,0.0,0.470716,0.62122
75817,751,61,-228.17078202217817,0.0,1.0,0.47037033333333333,0.620915
75947,752,130,-175.00342816114426,0.0,0.0,0.4696336666666667,0.6202650000000001
76077,753,130,-158.0314775556326,0.0,0.0,0.46889700000000006,0.619615
76207,754,130,-125.78821472078562,0.0,0.0,0.4681603333333334,0.618965
76311,755,104,-91.66115022078156,1.0,0.0,0.46757100000000007,0.618445
76410,756,99,-119.00766729563475,1.0,0.0,0.4670100000000001,0.61795
76478,757,68,-194.39527940005064,0.0,1.0,0.4666246666666667,0.61761
76602,758,124,-266.21361450850964,1.0,0.0,0.465922,0.6169899999999999
76730,759,128,-118.99442534893751,1.0,0.0,0.46519666666666676,0.6163500000000001
76839,760,109,-79.19888112694025,1.0,0.0,0.464579,0.6158049999999999
76969,761,130,-179.9636632092297,0.0,0.0,0.4638423333333334,0.615155
77083,762,114,-92.5322232618928,1.0,0.0,0.4631963333333333,0.6145849999999999
77201,763,118,-147.27081184089184,1.0,0.0,0.4625276666666667,0.6139950000000001
77321,764,120,-141.76236733794212,1.0,0.0,0.4618476666666667,0.613395
77442,765,121,-119.88179692626,1.0,0.0,0.46116200000000007,0.6127900000000001
77547,766,105,-90.17938354611397,1.0,0.0,0.46056700000000006,0.6122650000000001
77633,767,86,-29.962625831365585,1.0,0.0,0.4600796666666667,0.611835
77763,768,130,-183.05657336860895,0.0,0.0,0.45934300000000006,0.611185
77867,769,104,-82.90424948185682,1.0,0.0,0.4587536666666667,0.610665
77997,770,130,-142.36760672926903,0.0,0.0,0.45801700000000006,0.610015
78103,771,106,-93.1710499599576,1.0,0.0,0.4574163333333334,0.609485
78215,772,112,-116.91067971289158,1.0,0.0,0.45678166666666675,0.608925
78321,773,106,-101.00435027480125,1.0,0.0,0.456181,0.608395
78425,774,104,-85.17993161082268,1.0,0.0,0.4555916666666667,0.6078749999999999
78498,775,73,-242.74612567573786,0.0,1.0,0.455178,0.60751
78589,776,91,-92.23830926045775,1.0,0.0,0.4546623333333334,0.607055
78666,777,77,-208.7576123699546,0.0,1.0,0.454226,0.60667
78751,778,85,-256.0120359994471,0.0,1.0,0.4537443333333334,0.606245
78816,779,65,-218.67681329883635,0.0,1.0,0.453376,0.60592
78933,780,117,-140.32949278131127,1.0,0.0,0.45271300000000003,0.605335
79032,781,99,-43.88221838325262,1.0,0.0,0.452152,0.60484
79135,782,103,-40.6630093306303,1.0,0.0,0.4515683333333334,0.604325
79236,783,101,-64.94921091198921,1.0,0.0,0.450996,0.60382
79363,784,127,-96.2160150706768,1.0,0.0,0.45027633333333333,0.603185
79493,785,130,-185.82141445949674,0.0,0.0,0.44953966666666667,0.6025349999999999
79623,786,130,-153.46285853907466,0.0,0.0,0.44880300000000006,0.601885
79748,787,125,-76.07920137047768,1.0,0.0,0.4480946666666667,0.60126
79878,788,130,-130.86215691640973,1.0,0.0,0.44735800000000003,0.60061
79990,789,112,-186.2219379991293,1.0,0.0,0.44672333333333336,0.60005
80091,790,101,-88.59641888737679,1.0,0.0,0.4461510000000001,0.599545
80221,791,130,-176.2337267436087,0.0,0.0,0.44541433333333336,0.598895
80283,792,62,-236.0852196365595,0.0,1.0,0.445063,0.5985849999999999
80396,793,113,-100.98185930401087,1.0,0.0,0.44442266666666674,0.59802
80499,794,103,-95.98821533471346,1.0,0.0,0.44383900000000004,0.597505
80609,795,110,-71.73641112074256,1.0,0.0,0.44321566666666673,0.596955
80712,796,103,-123.66769796982408,1.0,0.0,0.442632,0.59644
80820,797,108,-93.33269791305065,1.0,0.0,0.4420200000000001,0.5959000000000001
80947,798,127,-132.57394102215767,1.0,0.0,0.44130033333333335,0.5952649999999999
81041,799,94,-54.3200483545661,1.0,0.0,0.44076766666666667,0.594795
81171,800,130,-188.87384665803984,0.0,0.0,0.44003100000000006,0.594145
81301,801,130,-152.27519564703107,0.0,0.0,0.4392943333333334,0.593495
81409,802,108,-118.23740211129189,1.0,0.0,0.43868233333333334,0.592955
81508,803,99,-87.46254133433104,1.0,0.0,0.43812133333333336,0.59246
81575,804,67,-254.42221423238516,0.0,1.0,0.43774166666666675,0.592125
81703,805,128,-157.47953705117106,1.0,0.0,0.4370163333333334,0.591485
81833,806,130,-150.27417612820864,0.0,0.0,0.4362796666666667,0.590835
81940,807,107,-102.86980318650603,1.0,0.0,0.43567333333333336,0.5903
82070,808,130,-204.53697754070163,0.0,0.0,0.4349366666666667,0.58965
82182,809,112,-70.81670236587524,1.0,0.0,0.434302,0.58909
82286,810,104,-42.66675025969744,1.0,0.0,0.4337126666666667,0.58857
82404,811,118,-85.11550118774176,1.0,0.0,0.4330440000000001,0.5879800000000001
82517,812,113,-72.71121457219124,1.0,0.0,0.4324036666666667,0.587415
82647,813,130,-183.89513386040926,0.0,0.0,0.431667,0.586765
82769,814,122,-111.37172682583332,1.0,0.0,0.4309756666666667,0.586155
82893,815,124,-74.62592054158449,1.0,0.0,0.430273,0.585535
83023,816,130,-168.96617430448532,0.0,0.0,0.42953633333333335,0.584885
83136,817,113,-108.77883363515139,1.0,0.0,0.42889600000000005,0.5843200000000001
83244,818,108,-146.3218756020069,1.0,0.0,0.42828400000000005,0.58378
83367,819,123,-81.5794538371265,1.0,0.0,0.427587,0.5831649999999999
83464,820,97,-85.54015023261309,1.0,0.0,0.4270373333333334,0.5826800000000001
83578,821,114,-114.74602749943733,1.0,0.0,0.42639133333333334,0.5821099999999999
83708,822,130,-121.19816572591662,0.0,0.0,0.42565466666666674,0.5814600000000001
83820,823,112,-85.44320426136255,1.0,0.0,0.42502000000000006,0.5809
83943,824,123,-152.0521497130394,1.0,0.0,0.424323,0.5802849999999999
84073,825,130,-143.26831854879856,0.0,0.0,0.42358633333333334,0.579635
84188,826,115,-72.54745481908321,1.0,0.0,0.4229346666666667,0.5790599999999999
84296,827,108,-129.97875015437603,1.0,0.0,0.42232266666666674,0.57852
84399,828,103,-109.53283846378326,1.0,0.0,0.421739,0.578005
84522,829,123,-91.3673076890409,1.0,0.0,0.421042,0.5773900000000001
84612,830,90,-33.7019173130393,1.0,0.0,0.420532,0.57694
84742,831,130,-151.19331470131874,0.0,0.0,0.41979533333333335,0.57629
84814,832,72,-185.120055899024,0.0,1.0,0.4193873333333334,0.57593
84932,833,118,-102.29377513378859,1.0,0.0,0.4187186666666667,0.57534
85061,834,129,-100.07301035523415,1.0,0.0,0.4179876666666667,0.574695
85168,835,107,-63.25016461312771,1.0,0.0,0.4173813333333334,0.57416
85283,836,115,-69.97026444971561,1.0,0.0,0.41672966666666666,0.573585
85394,837,111,-71.00474889576435,1.0,0.0,0.41610066666666673,0.57303
85498,838,104,-58.73651669919491,1.0,0.0,0.4155113333333334,0.5725100000000001
85628,839,130,-185.1172888688743,0.0,0.0,0.41477466666666674,0.57186
85693,840,65,-236.1347465366125,0.0,1.0,0.4144063333333333,0.5715349999999999
85793,841,100,-110.56482431292534,1.0,0.0,0.4138396666666667,0.571035
85898,842,105,-140.4620809108019,1.0,0.0,0.4132446666666667,0.57051
86021,843,123,-91.91170004755259,1.0,0.0,0.41254766666666676,0.569895
86136,844,115,-74.10670242458582,1.0,0.0,0.41189600000000004,0.56932
86240,845,104,-75.34453546255827,1.0,0.0,0.4113066666666667,0.5688
86358,846,118,-34.83458033949137,1.0,0.0,0.410638,0.56821
86477,847,119,-149.78316458687186,1.0,0.0,0.4099636666666667,0.567615
86587,848,110,-54.82280919700861,1.0,0.0,0.40934033333333336,0.5670649999999999
86702,849,115,-63.897527404129505,1.0,0.0,0.40868866666666664,0.5664899999999999
86819,850,117,-92.92610768601298,1.0,0.0,0.4080256666666667,0.565905
86934,851,115,-80.35931645706296,1.0,0.0,0.40737400000000007,0.56533
87029,852,95,-90.31359941512346,1.0,0.0,0.4068356666666667,0.564855
87120,853,91,-44.29053212702274,1.0,0.0,0.40632000000000007,0.5644
87250,854,130,-204.739272672683,0.0,0.0,0.40558333333333335,0.56375
87347,855,97,-54.28253607451916,1.0,0.0,0.4050336666666667,0.563265
87457,856,110,-114.76443961635232,1.0,0.0,0.4044103333333333,0.562715
87578,857,121,-88.22677677124739,1.0,0.0,0.4037246666666667,0.56211
87682,858,104,-92.8570481389761,1.0,0.0,0.4031353333333334,0.56159
87762,859,80,-237.98489178717136,0.0,1.0,0.402682,0.56119
87868,860,106,-70.80222953483462,1.0,0.0,0.40208133333333335,0.5606599999999999
87970,861,102,-91.51384061947465,1.0,0.0,0.4015033333333333,0.5601499999999999
88100,862,130,-145.48878303170204,0.0,0.0,0.40076666666666666,0.5595
88199,863,99,-69.96238389983773,1.0,0.0,0.4002056666666667,0.559005
88287,864,88,-30.358249306678772,1.0,0.0,0.39970700000000003,0.558565
88399,865,112,-40.87818171828985,1.0,0.0,0.39907233333333336,0.558005
88509,866,110,-96.72448641061783,1.0,0.0,0.39844900000000005,0.557455
88621,867,112,-124.00905682519078,1.0,0.0,0.3978143333333334,0.5568949999999999
88735,868,114,-72.341214787215,1.0,0.0,0.39716833333333335,0.556325
88845,869,110,-82.41257219016552,1.0,0.0,0.39654500000000004,0.5557749999999999
88946,870,101,-62.90773659944534,1.0,0.0,0.39597266666666664,0.5552699999999999
89003,871,57,-181.2511250525713,0.0,1.0,0.3956496666666668,0.5549850000000001
89133,872,130,-148.1822937130928,0.0,0.0,0.39491300000000007,0.554335
89254,873,121,-84.37935626506805,1.0,0.0,0.3942273333333334,0.5537299999999999
89354,874,100,-46.93393138051033,1.0,0.0,0.39366066666666677,0.55323
89463,875,109,-89.88614860549569,1.0,0.0,0.39304300000000003,0.5526850000000001
89593,876,130,-145.65000236034393,0.0,0.0,0.3923063333333334,0.552035
89669,877,76,-253.50898326933384,0.0,1.0,0.39187566666666673,0.551655
89790,878,121,-95.65705765783787,1.0,0.0,0.39119000000000004,0.55105
89893,879,103,-75.7750590480864,1.0,0.0,0.3906063333333334,0.550535
89995,880,102,-78.56325410306454,1.0,0.0,0.3900283333333334,0.550025
90123,881,128,-139.24174389988184,1.0,0.0,0.38930300000000007,0.549385
90224,882,101,-63.253082014620304,1.0,0.0,0.38873066666666667,0.54888
90336,883,112,-59.37846826016903,1.0,0.0,0.388096,0.54832
90466,884,130,-155.10642512142658,0.0,0.0,0.3873593333333334,0.54767
90576,885,110,-92.82417302206159,1.0,0.0,0.38673599999999997,0.5471199999999999
90683,886,107,-49.934240594506264,1.0,0.0,0.3861296666666667,0.546585
90795,887,112,-82.13279353827238,1.0,0.0,0.38549500000000003,0.546025
90899,888,104,-39.94716588407755,1.0,0.0,0.3849056666666667,0.5455049999999999
91029,889,130,-130.06242774426937,0.0,0.0,0.3841690000000001,0.5448550000000001
91159,890,130,-127.75789527967572,0.0,0.0,0.3834323333333334,0.544205
91273,891,114,-92.58760395646095,1.0,0.0,0.38278633333333345,0.5436350000000001
91403,892,130,-222.07352539151907,0.0,0.0,0.38204966666666673,0.542985
91533,893,130,-163.72027926519513,0.0,0.0,0.381313,0.542335
91663,894,130,-105.15631100535393,0.0,0.0,0.3805763333333334,0.541685
91766,895,103,-43.96676741912961,1.0,0.0,0.37999266666666676,0.54117
91896,896,130,-184.41366777569056,0.0,0.0,0.37925600000000004,0.54052
92002,897,106,-56.150352247059345,1.0,0.0,0.37865533333333334,0.53999
92111,898,109,-63.19979748874903,1.0,0.0,0.3780376666666667,0.539445
92220,899,109,-111.78972592949867,1.0,0.0,0.37742,0.5388999999999999
92350,900,130,-154.7593134045601,0.0,0.0,0.37668333333333337,0.53825
92456,901,106,-66.08709210529923,1.0,0.0,0.3760826666666667,0.53772
92578,902,122,-44.19814881682396,1.0,0.0,0.3753913333333334,0.53711
92696,903,118,-55.66246345639229,1.0,0.0,0.37472266666666665,0.53652
92766,904,70,-161.92248288542032,0.0,1.0,0.37432600000000005,0.53617
92879,905,113,-95.40521415323019,1.0,0.0,0.3736856666666667,0.535605
93009,906,130,-134.0393556803465,1.0,0.0,0.3729490000000001,0.5349550000000001
93105,907,96,-48.87579496204853,1.0,0.0,0.372405,0.534475
93225,908,120,-72.53137592598796,1.0,0.0,0.37172499999999997,0.533875
93337,909,112,-96.84520061686635,1.0,0.0,0.3710903333333334,0.533315
93454,910,117,-61.441719584167004,1.0,0.0,0.37042733333333344,0.53273
93554,911,100,-68.63825968652964,1.0,0.0,0.3698606666666667,0.53223
93629,912,75,-178.83223619312048,0.0,1.0,0.3694356666666667,0.531855
93745,913,116,-136.80700530856848,1.0,0.0,0.3687783333333333,0.5312749999999999
93852,914,107,-26.440488293766975,1.0,0.0,0.36817200000000005,0.53074
93954,915,102,-61.154292061924934,1.0,0.0,0.367594,0.53023
94057,916,103,-60.01374815404415,1.0,0.0,0.36701033333333344,0.529715
94184,917,127,-141.18755259737372,1.0,0.0,0.36629066666666676,0.52908
94301,918,117,-86.32336438074708,1.0,0.0,0.3656276666666667,0.528495
94421,919,120,-68.93141118064523,1.0,0.0,0.36494766666666667,0.527895
94541,920,120,-143.9751334041357,1.0,0.0,0.36426766666666666,0.527295
94621,921,80,-197.0389646589756,0.0,1.0,0.36381433333333335,0.526895
94721,922,100,-43.111976702231914,1.0,0.0,0.36324766666666675,0.526395
94832,923,111,-59.45021590590477,1.0,0.0,0.36261866666666676,0.5258400000000001
94929,924,97,-44.687339678406715,1.0,0.0,0.3620690000000001,0.525355
95036,925,107,-74.29144912958145,1.0,0.0,0.3614626666666667,0.5248200000000001
95140,926,104,-62.388134226202965,1.0,0.0,0.3608733333333334,0.5243
95228,927,88,-22.326551895588636,1.0,0.0,0.3603746666666666,0.52386
95312,928,84,-192.19001941382885,0.0,1.0,0.3598986666666667,0.5234399999999999
95413,929,101,-87.88457729667425,1.0,0.0,0.3593263333333333,0.5229349999999999
95528,930,115,-50.3439946770668,1.0,0.0,0.3586746666666667,0.5223599999999999
95656,931,128,-86.37249637022614,1.0,0.0,0.35794933333333334,0.52172
95769,932,113,-43.978770077228546,1.0,0.0,0.357309,0.521155
95886,933,117,-28.23465858027339,1.0,0.0,0.356646,0.52057
95958,934,72,-179.0907995030284,0.0,1.0,0.35623800000000005,0.5202100000000001
96078,935,120,-60.35106034204364,1.0,0.0,0.35555800000000004,0.51961
96198,936,120,-115.44466763734818,1.0,0.0,0.354878,0.51901
96314,937,116,-97.43838178366423,1.0,0.0,0.35422066666666674,0.5184300000000001
96431,938,117,-75.54835707694292,1.0,0.0,0.35355766666666677,0.517845
96533,939,102,-29.756407216191292,1.0,0.0,0.3529796666666667,0.517335
96636,940,103,-88.18277532607317,1.0,0.0,0.35239600000000004,0.51682
96743,941,107,-79.54943283647299,1.0,0.0,0.35178966666666667,0.516285
96857,942,114,-36.64665482239798,1.0,0.0,0.35114366666666663,0.5157149999999999
96984,943,127,-97.31813477352262,1.0,0.0,0.35042400000000007,0.51508
97087,944,103,-81.27015658468008,1.0,0.0,0.3498403333333334,0.514565
97203,945,116,-43.1721623018384,1.0,0.0,0.349183,0.5139849999999999
97333,946,130,-148.89543479681015,0.0,0.0,0.3484463333333334,0.5133350000000001
97442,947,109,-47.72891438752413,1.0,0.0,0.3478286666666667,0.51279
97558,948,116,-89.7180486023426,1.0,0.0,0.3471713333333334,0.51221
97667,949,109,-51.96320363506675,1.0,0.0,0.34655366666666676,0.511665
97765,950,98,-25.557736761868,1.0,0.0,0.3459983333333333,0.5111749999999999
97845,951,80,-205.119181714952,0.0,1.0,0.345545,0.510775
97956,952,111,-51.362530671060085,1.0,0.0,0.3449160000000001,0.51022
98058,953,102,-19.803875885903835,1.0,0.0,0.34433800000000003,0.50971
98188,954,130,-122.19222251698375,0.0,0.0,0.3436013333333334,0.5090600000000001
98287,955,99,-63.63155984133482,1.0,0.0,0.3430403333333334,0.508565
98389,956,102,-56.92600943520665,1.0,0.0,0.3424623333333334,0.508055
98512,957,123,-57.90682835876942,1.0,0.0,0.34176533333333337,0.50744
98610,958,98,-30.941911917179823,1.0,0.0,0.34121,0.50695
98699,959,89,-21.374226607382298,1.0,0.0,0.3407056666666667,0.506505
98811,960,112,-59.77476204931736,1.0,0.0,0.340071,0.505945
98906,961,95,-29.819439344108105,1.0,0.0,0.3395326666666667,0.50547
99019,962,113,-43.878397300839424,1.0,0.0,0.33889233333333335,0.504905
99143,963,124,-64.53767271339893,1.0,0.0,0.3381896666666667,0.5042850000000001
99242,964,99,-55.64803307503462,1.0,0.0,0.3376286666666667,0.50379
99350,965,108,-59.660705395042896,1.0,0.0,0.33701666666666674,0.50325
99460,966,110,-47.45015782862902,1.0,0.0,0.3363933333333333,0.5026999999999999
99574,967,114,-24.408727541565895,1.0,0.0,0.3357473333333334,0.50213
99686,968,112,-55.77917904779315,1.0,0.0,0.3351126666666667,0.50157
99804,969,118,-42.53512462973595,1.0,0.0,0.3344440000000001,0.50098
99918,970,114,-43.793262992054224,1.0,0.0,0.33379800000000004,0.50041
100035,971,117,-34.5373695269227,1.0,0.0,0.33313499999999996,0.49982499999999996
100150,972,115,-83.08766963332891,1.0,0.0,0.33248333333333335,0.49924999999999997
100251,973,101,-13.83200278133154,1.0,0.0,0.33191099999999996,0.498745
100365,974,114,-29.603237066417933,1.0,0.0,0.33126500000000003,0.49817500000000003
100474,975,109,-51.62986658513546,1.0,0.0,0.3306473333333334,0.49763
100597,976,123,-80.77107852697372,1.0,0.0,0.32995033333333346,0.497015
100666,977,69,-147.37655675783753,0.0,1.0,0.3295593333333334,0.49667000000000006
100773,978,107,-16.691932450979948,1.0,0.0,0.32895300000000005,0.496135
100883,979,110,-71.54608283936977,1.0,0.0,0.32832966666666674,0.49558499999999994
100984,980,101,-4.336734354496002,1.0,0.0,0.32775733333333334,0.49507999999999996
101113,981,129,-118.44366890564561,1.0,0.0,0.3270263333333334,0.49443500000000007
101224,982,111,-40.346540823578835,1.0,0.0,0.3263973333333333,0.49388
101326,983,102,-23.930968664586544,1.0,0.0,0.32581933333333335,0.49337
101426,984,100,-34.89738091826439,1.0,0.0,0.32525266666666675,0.49287000000000003
101556,985,130,-128.63685919344425,0.0,0.0,0.324516,0.49222
101676,986,120,-56.96447529643774,1.0,0.0,0.323836,0.49161999999999995
101775,987,99,-25.990943163633347,1.0,0.0,0.3232750000000001,0.49112500000000003
101874,988,99,-55.4943505525589,1.0,0.0,0.32271400000000006,0.49063
101965,989,91,-7.72600381821394,1.0,0.0,0.32219833333333336,0.490175
102064,990,99,-42.87351702898741,1.0,0.0,0.32163733333333344,0.48968
102182,991,118,-39.40874012187123,1.0,0.0,0.3209686666666667,0.48909
102287,992,105,-52.91971590742469,1.0,0.0,0.32037366666666667,0.4885649999999999
102398,993,111,-28.60841266438365,1.0,0.0,0.3197446666666667,0.48801000000000005
102505,994,107,-72.33820661902428,1.0,0.0,0.3191383333333334,0.487475
102618,995,113,-49.4533379226923,1.0,0.0,0.31849800000000006,0.48691000000000006
102724,996,106,-6.17730363830924,1.0,0.0,0.31789733333333337,0.48638000000000003
102828,997,104,-43.725533206015825,1.0,0.0,0.31730800000000003,0.48585999999999996
102914,998,86,10.963664196431637,1.0,0.0,0.31682066666666675,0.48543000000000003
103010,999,96,-12.645638778805733,1.0,0.0,0.31627666666666676,0.48495
103114,1000,104,-63.58308266475797,1.0,0.0,0.31568733333333343,0.48443
103200,1001,86,-34.828193709254265,1.0,0.0,0.31520000000000004,0.484
103308,1002,108,-58.428995318710804,1.0,0.0,0.3145880000000001,0.48346
103406,1003,98,-10.573940619826317,1.0,0.0,0.31403266666666674,0.48297
103494,1004,88,-25.593315958976746,1.0,0.0,0.313534,0.48253
103594,1005,100,-28.903574015945196,1.0,0.0,0.3129673333333334,0.48202999999999996
103711,1006,117,-20.56288531422615,1.0,0.0,0.3123043333333334,0.481445
103782,1007,71,-193.0876888409257,0.0,1.0,0.311902,0.48109
103891,1008,109,-54.039558321237564,1.0,0.0,0.3112843333333334,0.480545
104005,1009,114,-48.122525840997696,1.0,0.0,0.31063833333333335,0.47997500000000004
104109,1010,104,-34.405994683504105,1.0,0.0,0.310049,0.47945499999999996
104228,1011,119,-26.08681821078062,1.0,0.0,0.3093746666666667,0.47886000000000006
104344,1012,116,-42.510768100619316,1.0,0.0,0.3087173333333334,0.47828000000000004
104457,1013,113,-51.102625623345375,1.0,0.0,0.30807700000000005,0.477715
104569,1014,112,-36.986262410879135,1.0,0.0,0.3074423333333334,0.477155
104683,1015,114,-60.65978121012449,1.0,0.0,0.30679633333333334,0.47658500000000004
104776,1016,93,-4.351890169084072,1.0,0.0,0.3062693333333333,0.47612
104894,1017,118,-70.1337968558073,1.0,0.0,0.30560066666666674,0.47553
105000,1018,106,-1.826496735215187,1.0,0.0,0.30500000000000005,0.4750000000000001
105100,1019,100,-41.317222237586975,1.0,0.0,0.30443333333333333,0.47450000000000003
105201,1020,101,-45.225859463214874,1.0,0.0,0.30386100000000005,0.47399500000000006
105290,1021,89,-10.96935274079442,1.0,0.0,0.3033566666666667,0.47355
105420,1022,130,-149.85083226114511,0.0,0.0,0.30262,0.4729
105525,1023,105,-22.86015036702156,1.0,0.0,0.302025,0.472375
105638,1024,113,-57.795025270432234,1.0,0.0,0.30138466666666675,0.47181000000000006
105749,1025,111,-38.87162581831217,1.0,0.0,0.30075566666666664,0.471255
105864,1026,115,-22.420454740524292,1.0,0.0,0.30010400000000004,0.47068
105977,1027,113,-8.211671367287636,1.0,0.0,0.2994636666666667,0.47011500000000006
106073,1028,96,-27.423286758363247,1.0,0.0,0.2989196666666667,0.469635
106183,1029,110,-40.45674446225166,1.0,0.0,0.2982963333333334,0.469085
106292,1030,109,-56.47748912870884,1.0,0.0,0.29767866666666676,0.46853999999999996
106366,1031,74,-163.87911745160818,0.0,1.0,0.2972593333333333,0.46817
106473,1032,107,-22.3682926222682,1.0,0.0,0.29665300000000006,0.467635
106577,1033,104,-68.97857645154,1.0,0.0,0.2960636666666667,0.46711499999999995
106684,1034,107,-23.330929785966873,1.0,0.0,0.29545733333333335,0.46658
106800,1035,116,-18.711481121834368,1.0,0.0,0.29480000000000006,0.46599999999999997
106904,1036,104,-14.915139134973288,1.0,0.0,0.29421066666666673,0.46548
107008,1037,104,-25.8398492410779,1.0,0.0,0.2936213333333334,0.46496000000000004
107093,1038,85,-2.917711555957794,1.0,0.0,0.2931396666666667,0.46453500000000003
107201,1039,108,-12.73666974157095,1.0,0.0,0.29252766666666663,0.46399499999999994
107293,1040,92,-5.864932596683502,1.0,0.0,0.29200633333333337,0.46353500000000003
107398,1041,105,-33.38776624202728,1.0,0.0,0.29141133333333336,0.46301000000000003
107512,1042,114,-83.33279488235712,1.0,0.0,0.29076533333333343,0.46243999999999996
107636,1043,124,-25.33370005339384,1.0,0.0,0.2900626666666667,0.46182
107750,1044,114,-7.5378455594182014,1.0,0.0,0.28941666666666666,0.46124999999999994
107860,1045,110,-40.27486527711153,1.0,0.0,0.28879333333333335,0.4607
107962,1046,102,-27.705626107752323,1.0,0.0,0.2882153333333334,0.46019
108092,1047,130,-121.41158656030893,0.0,0.0,0.28747866666666666,0.45954000000000006
108202,1048,110,-32.8474720492959,1.0,0.0,0.28685533333333335,0.45899
108318,1049,116,-23.123005632311106,1.0,0.0,0.28619800000000006,0.45841
108419,1050,101,-17.83530417829752,1.0,0.0,0.2856256666666668,0.457905
108521,1051,102,-43.66604495793581,1.0,0.0,0.2850476666666667,0.457395
108615,1052,94,-2.1789752542972565,1.0,0.0,0.2845150000000001,0.456925
108729,1053,114,-81.43517176434398,1.0,0.0,0.28386900000000004,0.45635500000000007
108840,1054,111,-95.518753439188,1.0,0.0,0.28324000000000005,0.4558
108965,1055,125,-78.021081764251,1.0,0.0,0.2825316666666666,0.455175
109095,1056,130,-114.9832597412169,0.0,0.0,0.28179500000000013,0.45452500000000007
109198,1057,103,-18.26411661505699,1.0,0.0,0.28121133333333337,0.45401
109313,1058,115,-35.60487709566951,1.0,0.0,0.28055966666666665,0.45343500000000003
109424,1059,111,-38.95013361051679,1.0,0.0,0.27993066666666666,0.45287999999999995
109534,1060,110,-37.71532655507326,1.0,0.0,0.27930733333333335,0.45233
109627,1061,93,-49.82859008386731,1.0,0.0,0.2787803333333334,0.45186499999999996
109722,1062,95,-52.71926651895046,1.0,0.0,0.278242,0.45138999999999996
109827,1063,105,-80.68952135369182,1.0,0.0,0.277647,0.45086499999999996
109934,1064,107,-23.972718756645918,1.0,0.0,0.2770406666666667,0.45033
110041,1065,107,-39.80898229405284,1.0,0.0,0.27643433333333345,0.44979500000000006
110155,1066,114,-55.31250191479921,1.0,0.0,0.2757883333333334,0.449225
110260,1067,105,-34.62022361904383,1.0,0.0,0.2751933333333334,0.4487
110385,1068,125,-65.31375525146723,1.0,0.0,0.2744850000000001,0.448075
110492,1069,107,-31.50286065414548,1.0,0.0,0.2738786666666667,0.44754000000000005
110605,1070,113,-11.96318781375885,1.0,0.0,0.27323833333333336,0.446975
110711,1071,106,-8.819759830832481,1.0,0.0,0.27263766666666667,0.446445
110811,1072,100,-2.6797511018812656,1.0,0.0,0.27207100000000006,0.44594500000000004
110941,1073,130,-95.5518253929913,0.0,0.0,0.27133433333333334,0.445295
111046,1074,105,6.8250778168439865,1.0,0.0,0.27073933333333333,0.44477
111156,1075,110,-38.272069316357374,1.0,0.0,0.270116,0.44421999999999995
111255,1076,99,-15.981415681540966,1.0,0.0,0.269555,0.4437249999999999
111354,1077,99,-10.474418371915817,1.0,0.0,0.26899400000000007,0.44323
111468,1078,114,-55.78051683306694,1.0,0.0,0.26834800000000003,0.44266000000000005
111575,1079,107,5.813166692852974,1.0,0.0,0.26774166666666666,0.442125
111686,1080,111,-56.76627427339554,1.0,0.0,0.2671126666666668,0.44157
111799,1081,113,-47.35542930662632,1.0,0.0,0.2664723333333333,0.441005
111911,1082,112,-34.91915185749531,1.0,0.0,0.26583766666666664,0.440445
111998,1083,87,17.127005115151405,1.0,0.0,0.2653446666666668,0.44001
112104,1084,106,-19.41576997563243,1.0,0.0,0.264744,0.43948
112192,1085,88,9.240344822406769,1.0,0.0,0.26424533333333333,0.43904
112293,1086,101,-5.393660202622414,1.0,0.0,0.26367300000000005,0.438535
112403,1087,110,-41.92957080155611,1.0,0.0,0.26304966666666674,0.43798500000000007
112499,1088,96,6.400926772505045,1.0,0.0,0.26250566666666675,0.43750500000000003
112605,1089,106,-35.23481937497854,1.0,0.0,0.26190500000000005,0.436975
112712,1090,107,-31.85839445516467,1.0,0.0,0.2612986666666667,0.43643999999999994
112817,1091,105,-22.181998006999493,1.0,0.0,0.2607036666666668,0.43591500000000005
112933,1092,116,-13.202017318457365,1.0,0.0,0.2600463333333334,0.435335
113018,1093,85,14.287627793848515,1.0,0.0,0.2595646666666668,0.43491
113127,1094,109,-53.72020888328552,1.0,0.0,0.25894700000000004,0.434365
113240,1095,113,-14.313749551773071,1.0,0.0,0.2583066666666667,0.43379999999999996
113352,1096,112,-14.736476749181747,1.0,0.0,0.257672,0.43323999999999996
113460,1097,108,-16.04734978079796,1.0,0.0,0.25706000000000007,0.4327000000000001
113558,1098,98,-11.699133269488811,1.0,0.0,0.2565046666666667,0.43221
113688,1099,130,-119.30097758024931,0.0,0.0,0.255768,0.43155999999999994
113788,1100,100,-43.341043390799314,1.0,0.0,0.2552013333333334,0.43106
113884,1101,96,4.282279931008816,1.0,0.0,0.2546573333333333,0.43057999999999996
113985,1102,101,-41.26495296508074,1.0,0.0,0.254085,0.430075
114081,1103,96,-11.529109328985214,1.0,0.0,0.253541,0.42959499999999995
114197,1104,116,-45.778208408504725,1.0,0.0,0.25288366666666673,0.42901500000000004
114303,1105,106,-8.169275246560574,1.0,0.0,0.25228300000000004,0.428485
114417,1106,114,-14.736901849508286,1.0,0.0,0.251637,0.42791500000000005
114532,1107,115,-10.481581341475248,1.0,0.0,0.2509853333333334,0.42733999999999994
114640,1108,108,-17.971698198467493,1.0,0.0,0.25037333333333334,0.42680000000000007
114744,1109,104,-34.229490891098976,1.0,0.0,0.24978400000000012,0.42628
114846,1110,102,-23.31948944181204,1.0,0.0,0.24920600000000004,0.42577
114960,1111,114,-35.54540313407779,1.0,0.0,0.24856000000000011,0.4252
115057,1112,97,-48.20003604143858,1.0,0.0,0.24801033333333333,0.42471499999999995
115175,1113,118,-9.388044599443674,1.0,0.0,0.24734166666666668,0.424125
115283,1114,108,-17.19211808592081,1.0,0.0,0.24672966666666674,0.423585
115367,1115,84,-159.05880407989025,0.0,1.0,0.2462536666666667,0.423165
115482,1116,115,-37.02695897966623,1.0,0.0,0.245602,0.42259
115578,1117,96,-25.317126967012882,1.0,0.0,0.2450580000000001,0.42211
115675,1118,97,-25.237854942679405,1.0,0.0,0.24450833333333333,0.421625
115778,1119,103,4.681124694645405,1.0,0.0,0.2439246666666668,0.4211100000000001
115885,1120,107,-1.011852938681841,1.0,0.0,0.24331833333333341,0.42057500000000003
115979,1121,94,-5.630734704434872,1.0,0.0,0.2427856666666668,0.42010500000000006
116077,1122,98,-10.993884459137917,1.0,0.0,0.24223033333333333,0.41961499999999996
116193,1123,116,-5.826711438596249,1.0,0.0,0.24157300000000004,0.41903500000000005
116298,1124,105,-28.405386932194233,1.0,0.0,0.24097800000000003,0.41850999999999994
116404,1125,106,-20.505285758525133,1.0,0.0,0.24037733333333344,0.41798
116490,1126,86,14.919160597026348,1.0,0.0,0.23989000000000005,0.4175500000000001
116599,1127,109,-26.773684300482273,1.0,0.0,0.2392723333333333,0.41700499999999996
116693,1128,94,-0.23779704794287682,1.0,0.0,0.23873966666666668,0.416535
116808,1129,115,-20.378895979374647,1.0,0.0,0.23808800000000008,0.41596
116919,1130,111,3.152785863727331,1.0,0.0,0.23745899999999998,0.415405
117022,1131,103,-20.685598731040955,1.0,0.0,0.23687533333333344,0.41489
117138,1132,116,-36.697597958147526,1.0,0.0,0.23621800000000004,0.41431000000000007
117256,1133,118,-57.52757816435769,1.0,0.0,0.2355493333333334,0.41372
117354,1134,98,1.437740775756538,1.0,0.0,0.23499400000000004,0.41323
117462,1135,108,24.038653321564198,1.0,0.0,0.2343820000000001,0.41269
117545,1136,83,27.07363772392273,1.0,0.0,0.23391166666666674,0.41227500000000006
117644,1137,99,-37.110815703868866,1.0,0.0,0.2333506666666667,0.41178000000000003
117753,1138,109,-4.101762734353542,1.0,0.0,0.23273299999999997,0.411235
117864,1139,111,-21.9080638512969,1.0,0.0,0.23210399999999998,0.41067999999999993
117964,1140,100,-51.23302348703146,1.0,0.0,0.23153733333333337,0.41018
118081,1141,117,-25.29195538163185,1.0,0.0,0.2308743333333333,0.40959499999999993
118176,1142,95,14.267531618475914,1.0,0.0,0.2303360000000001,0.40912000000000004
118285,1143,109,0.2939198315143585,1.0,0.0,0.22971833333333336,0.408575
118403,1144,118,0.9657340496778488,1.0,0.0,0.2290496666666667,0.40798500000000004
118530,1145,127,-29.255331158638,1.0,0.0,0.22833000000000003,0.40735
118591,1146,61,-158.7394184395671,0.0,1.0,0.22798433333333334,0.407045
118701,1147,110,-3.925986170768738,1.0,0.0,0.22736100000000004,0.40649499999999994
118800,1148,99,0.23888548836112022,1.0,0.0,0.2268,0.4059999999999999
118909,1149,109,-12.199197717010975,1.0,0.0,0.22618233333333337,0.405455
119039,1150,130,-42.01611262559891,1.0,0.0,0.22544566666666666,0.40480499999999997
119149,1151,110,-7.419711023569107,1.0,0.0,0.22482233333333346,0.40425500000000003
119241,1152,92,4.020744100213051,1.0,0.0,0.22430100000000008,0.403795
119357,1153,116,-8.493452191352844,1.0,0.0,0.22364366666666669,0.403215
119465,1154,108,17.82639192044735,1.0,0.0,0.22303166666666674,0.402675
119576,1155,111,-15.080422289669514,1.0,0.0,0.22240266666666675,0.40212000000000003
119677,1156,101,-6.44585844129324,1.0,0.0,0.22183033333333335,0.40161499999999994
119786,1157,109,-1.7170353196561337,1.0,0.0,0.22121266666666672,0.40107000000000004
119901,1158,115,-33.80260290205479,1.0,0.0,0.220561,0.40049499999999993
120020,1159,119,-17.055193841457367,1.0,0.0,0.21988666666666667,0.3998999999999999
120121,1160,101,-4.78855549544096,1.0,0.0,0.2193143333333334,0.39939499999999994
120224,1161,103,-59.24285710602999,1.0,0.0,0.21873066666666674,0.39888
120335,1162,111,-27.680772349238396,1.0,0.0,0.21810166666666664,0.39832500000000004
120452,1163,117,-1.1121312454342842,1.0,0.0,0.21743866666666667,0.39774
120558,1164,106,-10.023296386003494,1.0,0.0,0.2168380000000001,0.39721000000000006
120666,1165,108,-9.341974779963493,1.0,0.0,0.21622600000000003,0.39666999999999997
120730,1166,64,-182.1755459457636,0.0,1.0,0.2158633333333334,0.39635
120841,1167,111,-14.029550172388554,1.0,0.0,0.2152343333333333,0.395795
120948,1168,107,2.420023139566183,1.0,0.0,0.21462800000000004,0.39525999999999994
121050,1169,102,-6.37463079765439,1.0,0.0,0.21404999999999996,0.39474999999999993
121150,1170,100,9.944141142070293,1.0,0.0,0.21348333333333336,0.39425
121258,1171,108,-25.26568954065442,1.0,0.0,0.2128713333333333,0.39371
121347,1172,89,4.938364267349243,1.0,0.0,0.21236699999999997,0.393265
121441,1173,94,13.422422129660845,1.0,0.0,0.21183433333333335,0.392795
121552,1174,111,-7.510945193469524,1.0,0.0,0.21120533333333336,0.39224000000000003
121646,1175,94,0.62787064909935,1.0,0.0,0.21067266666666673,0.39176999999999995
121753,1176,107,-17.50511234998703,1.0,0.0,0.21006633333333335,0.391235
121857,1177,104,16.45668962225318,1.0,0.0,0.20947700000000002,0.39071500000000003
121955,1178,98,-12.209607891738415,1.0,0.0,0.20892166666666667,0.39022499999999993
122058,1179,103,3.5392743051052094,1.0,0.0,0.20833800000000002,0.38971
122172,1180,114,-74.87232755869627,1.0,0.0,0.2076920000000001,0.38914000000000004
122270,1181,98,-5.102965675294399,1.0,0.0,0.20713666666666664,0.38864999999999994
122369,1182,99,2.706504449248314,1.0,0.0,0.2065756666666667,0.38815500000000003
122465,1183,96,-3.939592584967613,1.0,0.0,0.20603166666666672,0.387675
122572,1184,107,-34.076941289007664,1.0,0.0,0.20542533333333335,0.38714000000000004
122669,1185,97,6.658538203686476,1.0,0.0,0.20487566666666668,0.38665499999999997
122778,1186,109,-18.081099689006805,1.0,0.0,0.20425800000000005,0.38610999999999995
122882,1187,104,-17.576183557510376,1.0,0.0,0.20366866666666672,0.38559
122998,1188,116,9.75141391158104,1.0,0.0,0.20301133333333343,0.3850100000000001
123105,1189,107,7.978586867451668,1.0,0.0,0.20240500000000006,0.384475
123189,1190,84,28.08698172867298,1.0,0.0,0.20192900000000003,0.38405500000000004
123286,1191,97,7.041822835803032,1.0,0.0,0.20137933333333335,0.38356999999999997
123382,1192,96,-16.113070335239172,1.0,0.0,0.20083533333333337,0.38309000000000004
123488,1193,106,-1.5342940539121628,1.0,0.0,0.20023466666666678,0.38256
123601,1194,113,-1.7439895793795586,1.0,0.0,0.19959433333333343,0.381995
123704,1195,103,13.083613905590028,1.0,0.0,0.19901066666666678,0.38148000000000004
123789,1196,85,23.450323417782784,1.0,0.0,0.19852900000000007,0.38105500000000003
123876,1197,87,25.788078397512436,1.0,0.0,0.198036,0.38061999999999996
123986,1198,110,20.71560962824151,1.0,0.0,0.19741266666666668,0.3800699999999999
124096,1199,110,-47.406189769506454,1.0,0.0,0.19678933333333337,0.3795200000000001
124201,1200,105,-5.770185500383377,1.0,0.0,0.19619433333333336,0.37899499999999997
124312,1201,111,-25.07002755627036,1.0,0.0,0.19556533333333337,0.37844
124425,1202,113,-15.938298903405666,1.0,0.0,0.19492500000000001,0.37787499999999996
124538,1203,113,-9.432203531265259,1.0,0.0,0.19428466666666677,0.37731000000000003
124641,1204,103,-2.1324344649910927,1.0,0.0,0.193701,0.376795
124739,1205,98,23.761443998664618,1.0,0.0,0.19314566666666677,0.376305
124843,1206,104,-20.778243578970432,1.0,0.0,0.19255633333333344,0.37578500000000004
124955,1207,112,7.981569312512875,1.0,0.0,0.19192166666666677,0.37522500000000003
125058,1208,103,-7.296297922730446,1.0,0.0,0.191338,0.37471
125141,1209,83,16.636057823896408,1.0,0.0,0.19086766666666677,0.37429500000000004
125226,1210,85,9.150322422385216,1.0,0.0,0.19038600000000006,0.3738699999999999
125324,1211,98,-26.11996130645275,1.0,0.0,0.1898306666666667,0.37338000000000005
125432,1212,108,-44.460578471422195,1.0,0.0,0.18921866666666665,0.37283999999999995
125535,1213,103,-8.507990628480911,1.0,0.0,0.1886350000000001,0.372325
125636,1214,101,0.15011024475097656,1.0,0.0,0.1880626666666667,0.37182000000000004
125738,1215,102,-18.13699735701084,1.0,0.0,0.18748466666666674,0.37131000000000003
125824,1216,86,23.274738162755966,1.0,0.0,0.18699733333333335,0.37088
125925,1217,101,-11.169787257909775,1.0,0.0,0.18642500000000006,0.370375
126036,1218,111,-7.927122265100479,1.0,0.0,0.18579600000000007,0.36982000000000004
126134,1219,98,14.652288891375065,1.0,0.0,0.18524066666666672,0.36932999999999994
126230,1220,96,-21.664661463350058,1.0,0.0,0.18469666666666673,0.36885
126331,1221,101,1.7840935587882996,1.0,0.0,0.18412433333333333,0.36834500000000003
126436,1222,105,-27.729476302862167,1.0,0.0,0.18352933333333332,0.36782000000000004
126552,1223,116,-4.952804401516914,1.0,0.0,0.18287200000000003,0.36724
126636,1224,84,14.236980311572552,1.0,0.0,0.182396,0.36682000000000003
126739,1225,103,32.25305982679129,1.0,0.0,0.18181233333333335,0.366305
126839,1226,100,8.1908128708601,1.0,0.0,0.18124566666666675,0.36580500000000005
126936,1227,97,-10.17688748613,1.0,0.0,0.18069600000000008,0.36532
127048,1228,112,-9.115292437374592,1.0,0.0,0.1800613333333334,0.36476
127152,1229,104,22.353800650686026,1.0,0.0,0.17947200000000008,0.36424
127252,1230,100,-0.7681854702532291,1.0,0.0,0.17890533333333336,0.36373999999999995
127363,1231,111,-44.953560184687376,1.0,0.0,0.17827633333333337,0.363185
127471,1232,108,12.486270103603601,1.0,0.0,0.1776643333333333,0.362645
127595,1233,124,11.114782392978668,1.0,0.0,0.17696166666666668,0.36202500000000004
127685,1234,90,14.180330455303192,1.0,0.0,0.17645166666666678,0.361575
127780,1235,95,26.715604305267334,1.0,0.0,0.17591333333333337,0.3611
127875,1236,95,29.336641993373632,1.0,0.0,0.17537500000000006,0.360625
127973,1237,98,-24.601240046322346,1.0,0.0,0.1748196666666667,0.360135
128091,1238,118,-35.290666654706,1.0,0.0,0.17415100000000006,0.359545
128200,1239,109,-3.67709082365036,1.0,0.0,0.17353333333333332,0.359
128310,1240,110,6.624299056828022,1.0,0.0,0.17291,0.35844999999999994
128415,1241,105,14.553377315402031,1.0,0.0,0.1723150000000001,0.35792500000000005
128524,1242,109,6.415694162249565,1.0,0.0,0.17169733333333337,0.35738000000000003
128607,1243,83,37.02363742887974,1.0,0.0,0.17122700000000002,0.356965
128703,1244,96,3.8219286426901817,1.0,0.0,0.17068300000000003,0.35648499999999994
128809,1245,106,26.992543939501047,1.0,0.0,0.17008233333333345,0.355955
128896,1246,87,27.87700480222702,1.0,0.0,0.16958933333333337,0.35552000000000006
129005,1247,109,-13.812313288450241,1.0,0.0,0.16897166666666674,0.35497500000000004
129117,1248,112,14.25337115675211,1.0,0.0,0.16833700000000007,0.35441500000000004
129203,1249,86,13.113663837313652,1.0,0.0,0.16784966666666679,0.353985
129303,1250,100,17.35691962391138,1.0,0.0,0.16728300000000007,0.35348500000000005
129388,1251,85,29.56652720272541,1.0,0.0,0.16680133333333347,0.35306000000000004
129491,1252,103,0.08795630559325218,1.0,0.0,0.1662176666666667,0.352545
129575,1253,84,36.936978466808796,1.0,0.0,0.16574166666666668,0.352125
129685,1254,110,19.57817379385233,1.0,0.0,0.16511833333333337,0.35157499999999997
129798,1255,113,-25.846402563154697,1.0,0.0,0.164478,0.35101000000000004
129898,1256,100,22.7919869273901,1.0,0.0,0.1639113333333334,0.35051
130004,1257,106,-9.959953151643276,1.0,0.0,0.16331066666666672,0.34997999999999996
130111,1258,107,-5.992625713348389,1.0,0.0,0.16270433333333334,0.349445
130215,1259,104,21.686659932136536,1.0,0.0,0.162115,0.34892500000000004
130331,1260,116,10.922364473342896,1.0,0.0,0.1614576666666666,0.3483449999999999
130415,1261,84,23.086978629231453,1.0,0.0,0.1609816666666668,0.34792500000000004
130524,1262,109,-4.680630266666412,1.0,0.0,0.16036399999999995,0.34738
130623,1263,99,30.55883101373911,1.0,0.0,0.15980300000000003,0.346885
130739,1264,116,6.354832715820521,1.0,0.0,0.15914566666666674,0.346305
130840,1265,101,10.777641877532005,1.0,0.0,0.15857333333333345,0.3458
130952,1266,112,17.437641073018312,1.0,0.0,0.15793866666666678,0.34524
131057,1267,105,19.12037944048643,1.0,0.0,0.15734366666666666,0.344715
131162,1268,105,9.546764679253101,1.0,0.0,0.15674866666666665,0.34419
131246,1269,84,34.08697825670242,1.0,0.0,0.15627266666666662,0.3437699999999999
131330,1270,84,33.98697876930237,1.0,0.0,0.1557966666666667,0.34334999999999993
131441,1271,111,2.5562244951725006,1.0,0.0,0.1551676666666667,0.34279499999999996
131540,1272,99,-0.6509923338890076,1.0,0.0,0.15460666666666667,0.34230000000000005
131652,1273,112,15.818165376782417,1.0,0.0,0.153972,0.34173999999999993
131760,1274,108,34.51000710949302,1.0,0.0,0.15336000000000005,0.34120000000000006
131866,1275,106,30.074524641036987,1.0,0.0,0.15275933333333336,0.34067000000000003
131971,1276,105,22.93106498941779,1.0,0.0,0.15216433333333346,0.34014500000000003
132073,1277,102,5.913569379597902,1.0,0.0,0.15158633333333338,0.339635
132175,1278,102,6.165097154676914,1.0,0.0,0.1510083333333334,0.339125
132274,1279,99,12.100267942994833,1.0,0.0,0.15044733333333338,0.33863
132369,1280,95,-9.868230279535055,1.0,0.0,0.14990900000000007,0.338155
132478,1281,109,-34.73663181529264,1.0,0.0,0.14929133333333333,0.33760999999999997
132591,1282,113,-9.74806523323059,1.0,0.0,0.1486510000000001,0.33704500000000004
132684,1283,93,24.162333574146032,1.0,0.0,0.14812400000000003,0.33658
132792,1284,108,26.787693545222282,1.0,0.0,0.1475120000000001,0.33604
132901,1285,109,19.39519901573658,1.0,0.0,0.14689433333333335,0.335495
133006,1286,105,18.947984009981155,1.0,0.0,0.14629933333333345,0.33497
133121,1287,115,-31.54968410357833,1.0,0.0,0.14564766666666673,0.334395
133204,1288,83,40.57363748550415,1.0,0.0,0.14517733333333338,0.33398000000000005
133305,1289,101,-9.497948244214058,1.0,0.0,0.14460499999999998,0.33347499999999997
133404,1290,99,23.196461971849203,1.0,0.0,0.14404400000000006,0.33297999999999994
133504,1291,100,29.098211899399757,1.0,0.0,0.14347733333333346,0.33248
133609,1292,105,17.078445065766573,1.0,0.0,0.14288233333333333,0.331955
133712,1293,103,26.823756337165833,1.0,0.0,0.1422986666666668,0.33144000000000007
133825,1294,113,-0.3852538987994194,1.0,0.0,0.14165833333333333,0.33087500000000003
133911,1295,86,26.213664323091507,1.0,0.0,0.14117100000000005,0.330445
134014,1296,103,0.8140622079372406,1.0,0.0,0.1405873333333334,0.32992999999999995
134110,1297,96,12.057790480554104,1.0,0.0,0.1400433333333334,0.32945
134222,1298,112,8.130643993616104,1.0,0.0,0.13940866666666674,0.32889
134323,1299,101,14.840296607464552,1.0,0.0,0.13883633333333334,0.32838500000000004
134408,1300,85,22.550323083996773,1.0,0.0,0.13835466666666663,0.32796000000000003
134514,1301,106,18.57773081585765,1.0,0.0,0.13775400000000004,0.32743
134622,1302,108,14.312743235379457,1.0,0.0,0.137142,0.3268899999999999
134722,1303,100,7.59608168900013,1.0,0.0,0.13657533333333338,0.32638999999999996
134819,1304,97,24.1187886223197,1.0,0.0,0.1360256666666667,0.325905
134920,1305,101,35.50638933479786,1.0,0.0,0.13545333333333343,0.3254
135034,1306,114,22.134756106883287,1.0,0.0,0.1348073333333334,0.32483000000000006
135136,1307,102,38.8866653367877,1.0,0.0,0.13422933333333342,0.32432000000000005
135244,1308,108,13.525433603674173,1.0,0.0,0.13361733333333337,0.32377999999999996
135352,1309,108,19.169364158064127,1.0,0.0,0.13300533333333342,0.32323999999999997
135447,1310,95,25.4898412078619,1.0,0.0,0.132467,0.32276499999999997
135559,1311,112,14.526280403137207,1.0,0.0,0.13183233333333333,0.32220499999999996
135662,1312,103,33.83204718306661,1.0,0.0,0.1312486666666668,0.32169000000000003
135767,1313,105,23.81234883889556,1.0,0.0,0.13065366666666667,0.32116500000000003
135874,1314,107,26.374552324414253,1.0,0.0,0.1300473333333334,0.32062999999999997
135977,1315,103,23.573726750910282,1.0,0.0,0.12946366666666675,0.32011500000000004
136091,1316,114,13.036910861730576,1.0,0.0,0.12881766666666672,0.31954499999999997
136207,1317,116,32.91950500756502,1.0,0.0,0.12816033333333332,0.31896499999999994
136304,1318,97,27.77568033337593,1.0,0.0,0.12761066666666665,0.31848
136403,1319,99,11.96164420247078,1.0,0.0,0.12704966666666673,0.31798499999999996
136509,1320,106,26.108164735138416,1.0,0.0,0.12644900000000003,0.31745500000000004
136594,1321,85,35.037627816200256,1.0,0.0,0.12596733333333332,0.3170299999999999
136689,1322,95,38.39869685471058,1.0,0.0,0.12542900000000012,0.31655500000000003
136772,1323,83,41.47363764047623,1.0,0.0,0.12495866666666666,0.31614
136873,1324,101,23.247453093528748,1.0,0.0,0.12438633333333338,0.315635
136982,1325,109,15.578948024660349,1.0,0.0,0.12376866666666675,0.31509
137091,1326,109,21.62035198882222,1.0,0.0,0.12315100000000001,0.3145450000000001
137191,1327,100,22.687921591103077,1.0,0.0,0.1225843333333334,0.314045
137292,1328,101,19.870529800653458,1.0,0.0,0.12201200000000001,0.31354000000000004
137408,1329,116,18.544164948165417,1.0,0.0,0.12135466666666661,0.3129599999999999
137511,1330,103,44.64153489097953,1.0,0.0,0.12077100000000007,0.312445
137623,1331,112,6.904823996126652,1.0,0.0,0.1201363333333334,0.31188499999999997
137723,1332,100,-1.823590938001871,1.0,0.0,0.11956966666666669,0.311385
137839,1333,116,-9.205930583178997,1.0,0.0,0.1189123333333334,0.310805
137941,1334,102,17.45151713490486,1.0,0.0,0.11833433333333332,0.310295
138028,1335,87,47.127004727721214,1.0,0.0,0.11784133333333335,0.30986
138132,1336,104,-7.646200507879257,1.0,0.0,0.11725200000000002,0.30933999999999995
138240,1337,108,11.397326618432999,1.0,0.0,0.11664000000000008,0.30879999999999996
138345,1338,105,40.19409969821572,1.0,0.0,0.11604500000000006,0.30827499999999997
138449,1339,104,41.04828183352947,1.0,0.0,0.11545566666666673,0.307755
138553,1340,104,16.188105270266533,1.0,0.0,0.1148663333333334,0.30723500000000004
138640,1341,87,29.927005406469107,1.0,0.0,0.11437333333333333,0.30679999999999996
138754,1342,114,34.156628139317036,1.0,0.0,0.1137273333333334,0.30623
138868,1343,114,40.90998312085867,1.0,0.0,0.11308133333333337,0.30566000000000004
138960,1344,92,28.047705702483654,1.0,0.0,0.11256,0.3052
139063,1345,103,20.796384051442146,1.0,0.0,0.11197633333333346,0.3046850000000001
139178,1346,115,31.22978951409459,1.0,0.0,0.11132466666666674,0.30411
139272,1347,94,37.0325148999691,1.0,0.0,0.11079200000000011,0.30364
139371,1348,99,23.26129189133644,1.0,0.0,0.11023100000000008,0.303145
139482,1349,111,31.78767156228423,1.0,0.0,0.10960199999999998,0.3025899999999999
139583,1350,101,5.153031434863806,1.0,0.0,0.10902966666666669,0.30208499999999994
139686,1351,103,8.744854390621185,1.0,0.0,0.10844600000000004,0.30157
139805,1352,119,8.582193043082952,1.0,0.0,0.10777166666666671,0.300975
139913,1353,108,42.75710664689541,1.0,0.0,0.10715966666666676,0.300435
139997,1354,84,53.686978444457054,1.0,0.0,0.10668366666666673,0.30001500000000003
140105,1355,108,27.486911170184612,1.0,0.0,0.10607166666666668,0.29947499999999994
140210,1356,105,31.422035701572895,1.0,0.0,0.10547666666666677,0.29895000000000005
140312,1357,102,34.04980190843344,1.0,0.0,0.1048986666666667,0.29844000000000004
140410,1358,98,45.34685419453308,1.0,0.0,0.10434333333333334,0.29794999999999994
140515,1359,105,25.276392824947834,1.0,0.0,0.10374833333333344,0.29742500000000005
140617,1360,102,33.00180234014988,1.0,0.0,0.10317033333333336,0.29691500000000004
140726,1361,109,42.733969166874886,1.0,0.0,0.10255266666666674,0.29637
140824,1362,98,33.10460873320699,1.0,0.0,0.10199733333333338,0.2958799999999999
140909,1363,85,40.233654871582985,1.0,0.0,0.10151566666666678,0.295455
141019,1364,110,12.671662218868732,1.0,0.0,0.10089233333333336,0.294905
141112,1365,93,47.25007878988981,1.0,0.0,0.10036533333333342,0.29444000000000004
141219,1366,107,50.864286713302135,1.0,0.0,0.09975900000000004,0.2939050000000001
141322,1367,103,34.94580402225256,1.0,0.0,0.0991753333333334,0.29339000000000004
141421,1368,99,35.88557395339012,1.0,0.0,0.09861433333333336,0.292895
141533,1369,112,9.621587041765451,1.0,0.0,0.09797966666666669,0.292335
141632,1370,99,46.450431015342474,1.0,0.0,0.09741866666666665,0.29184
141727,1371,95,12.193922966718674,1.0,0.0,0.09688033333333346,0.2913650000000001
141823,1372,96,38.3032800629735,1.0,0.0,0.09633633333333336,0.29088499999999995
141936,1373,113,34.8424902446568,1.0,0.0,0.09569600000000011,0.29032
142038,1374,102,25.40535395219922,1.0,0.0,0.09511800000000004,0.28981
142146,1375,108,33.51254005730152,1.0,0.0,0.09450599999999998,0.2892699999999999
142259,1376,113,38.51858075335622,1.0,0.0,0.09386566666666674,0.288705
142364,1377,105,46.57897676154971,1.0,0.0,0.09327066666666672,0.28818
142462,1378,98,24.613920003175735,1.0,0.0,0.09271533333333337,0.28769
142562,1379,100,44.98505721241236,1.0,0.0,0.09214866666666666,0.28719000000000006
142675,1380,113,29.11887387186289,1.0,0.0,0.0915083333333333,0.2866249999999999
142761,1381,86,54.15619237720966,1.0,0.0,0.09102100000000002,0.286195
142844,1382,83,57.92363765835762,1.0,0.0,0.09055066666666667,0.28578000000000003
142959,1383,115,17.45505629805848,1.0,0.0,0.08989900000000006,0.28520499999999993
143056,1384,97,28.42310855537653,1.0,0.0,0.08934933333333339,0.28472
143154,1385,98,51.986321955919266,1.0,0.0,0.08879400000000004,0.28423
143262,1386,108,35.16371330246329,1.0,0.0,0.08818199999999998,0.28369
143355,1387,93,55.25347396731377,1.0,0.0,0.08765500000000004,0.28322500000000006
143474,1388,119,49.82879377156496,1.0,0.0,0.0869806666666667,0.28263000000000005
143573,1389,99,29.652578584849834,1.0,0.0,0.08641966666666678,0.282135
143676,1390,103,18.34905666857958,1.0,0.0,0.08583600000000002,0.28162
143778,1391,102,47.249375604093075,1.0,0.0,0.08525800000000006,0.28110999999999997
143863,1392,85,49.15032309293747,1.0,0.0,0.08477633333333334,0.2806850000000001
143964,1393,101,43.67563051357865,1.0,0.0,0.08420400000000006,0.2801800000000001
144055,1394,91,29.042828992009163,1.0,0.0,0.08368833333333336,0.279725
144150,1395,95,35.11510121822357,1.0,0.0,0.08315000000000006,0.27925
144260,1396,110,22.112602476030588,1.0,0.0,0.08252666666666675,0.27869999999999995
144360,1397,100,50.09765953198075,1.0,0.0,0.08196000000000003,0.2782
144457,1398,97,26.690345026552677,1.0,0.0,0.08141033333333336,0.27771499999999993
144574,1399,117,42.235203079879284,1.0,0.0,0.08074733333333328,0.27713
144661,1400,87,49.92700499296188,1.0,0.0,0.08025433333333343,0.276695
144773,1401,112,31.854348056018353,1.0,0.0,0.07961966666666676,0.276135
144875,1402,102,44.83666656911373,1.0,0.0,0.07904166666666668,0.275625
144969,1403,94,38.12911304272711,1.0,0.0,0.07850900000000005,0.27515500000000004
145077,1404,108,50.24398173391819,1.0,0.0,0.077897,0.27461499999999994
145187,1405,110,58.62178763747215,1.0,0.0,0.0772736666666668,0.274065
145281,1406,94,47.907207537442446,1.0,0.0,0.07674100000000006,0.27359500000000003
145385,1407,104,38.307224314659834,1.0,0.0,0.07615166666666673,0.27307500000000007
145492,1408,107,23.160541832447052,1.0,0.0,0.07554533333333346,0.27254
145589,1409,97,65.75712141022086,1.0,0.0,0.07499566666666668,0.27205500000000005
145692,1410,103,39.220530569553375,1.0,0.0,0.07441200000000003,0.27154
145793,1411,101,36.39178855717182,1.0,0.0,0.07383966666666675,0.271035
145884,1412,91,21.84490557014942,1.0,0.0,0.07332400000000006,0.27058000000000004
145996,1413,112,7.34324024990201,1.0,0.0,0.07268933333333338,0.27002000000000004
146079,1414,83,55.57363775372505,1.0,0.0,0.07221900000000003,0.2696050000000001
146177,1415,98,47.083964522928,1.0,0.0,0.07166366666666668,0.269115
146285,1416,108,36.27815079689026,1.0,0.0,0.07105166666666674,0.268575
146384,1417,99,50.586916618049145,1.0,0.0,0.0704906666666667,0.2680800000000001
146492,1418,108,28.84449704736471,1.0,0.0,0.06987866666666676,0.26754
146596,1419,104,48.22246338799596,1.0,0.0,0.06928933333333342,0.26702000000000004
146692,1420,96,47.22701872140169,1.0,0.0,0.06874533333333344,0.26654
146793,1421,101,37.235151797533035,1.0,0.0,0.06817300000000004,0.266035
146890,1422,97,20.648188162595034,1.0,0.0,0.06762333333333337,0.26555000000000006
146985,1423,95,37.05729115754366,1.0,0.0,0.06708500000000006,0.26507499999999995
147068,1424,83,47.32363794744015,1.0,0.0,0.06661466666666671,0.26466
147172,1425,104,44.07879261672497,1.0,0.0,0.06602533333333338,0.26414000000000004
147275,1426,103,61.126028172671795,1.0,0.0,0.06544166666666673,0.263625
147359,1427,84,55.88697862625122,1.0,0.0,0.0649656666666667,0.263205
147442,1428,83,53.22363767027855,1.0,0.0,0.06449533333333335,0.2627900000000001
147550,1429,108,40.60583099722862,1.0,0.0,0.0638833333333334,0.26225
147633,1430,83,57.923637717962265,1.0,0.0,0.06341300000000005,0.26183500000000004
147716,1431,83,60.27363756299019,1.0,0.0,0.0629426666666667,0.26142
147811,1432,95,48.16605615988374,1.0,0.0,0.062404333333333395,0.260945
147918,1433,107,61.425917245447636,1.0,0.0,0.06179800000000002,0.26041000000000003
148011,1434,93,56.34787365049124,1.0,0.0,0.061271000000000075,0.2599450000000001
148120,1435,109,42.22170636057854,1.0,0.0,0.06065333333333334,0.25939999999999996
148215,1436,95,42.446907706558704,1.0,0.0,0.06011500000000003,0.25892500000000007
148325,1437,110,54.243333641439676,1.0,0.0,0.05949166666666672,0.258375
148423,1438,98,46.92260019853711,1.0,0.0,0.05893633333333337,0.25788500000000003
148525,1439,102,31.494086511433125,1.0,0.0,0.0583583333333334,0.257375
148617,1440,92,44.236229576170444,1.0,0.0,0.05783700000000003,0.256915
148700,1441,83,54.82363748550415,1.0,0.0,0.05736666666666679,0.25650000000000006
148802,1442,102,52.505394741892815,1.0,0.0,0.05678866666666671,0.25599000000000005
148897,1443,95,37.414570070803165,1.0,0.0,0.0562503333333334,0.25551499999999994
148992,1444,95,52.84536184743047,1.0,0.0,0.055711999999999984,0.25503999999999993
149094,1445,102,56.52519155666232,1.0,0.0,0.05513400000000013,0.25453000000000003
149195,1446,101,49.401790753006935,1.0,0.0,0.05456166666666673,0.25402499999999995
149303,1447,108,47.32657855004072,1.0,0.0,0.053949666666666674,0.25348499999999996
149400,1448,97,42.74043593555689,1.0,0.0,0.0534,0.253
149483,1449,83,60.27363759279251,1.0,0.0,0.052929666666666764,0.25258500000000006
149577,1450,94,60.15819265693426,1.0,0.0,0.05239700000000003,0.2521150000000001
149672,1451,95,28.228570118546486,1.0,0.0,0.05185866666666672,0.25164
149755,1452,83,55.57363751530647,1.0,0.0,0.05138833333333337,0.25122500000000003
149863,1453,108,47.78083402663469,1.0,0.0,0.05077633333333331,0.25068500000000005
149966,1454,103,47.21476196497679,1.0,0.0,0.050192666666666774,0.25017
