global_step,episode,length,reward,success,collision,epsilon,temperature
70,1,70,-457.66873233020306,0.0,1.0,0.19980166666666668,0.999125
128,2,58,-384.71781516075134,0.0,1.0,0.19963733333333333,0.9984
258,3,130,-423.87217359244823,0.0,0.0,0.199269,0.996775
319,4,61,-450.51429468393326,0.0,1.0,0.19909616666666669,0.9960125
389,5,70,-429.9381715655327,0.0,1.0,0.19889783333333336,0.9951375
456,6,67,-414.88784289360046,0.0,1.0,0.19870800000000002,0.9943
524,7,68,-383.5947431921959,0.0,1.0,0.19851533333333335,0.99345
654,8,130,-397.5456591695547,0.0,0.0,0.19814700000000002,0.991825
716,9,62,-389.8347846865654,0.0,1.0,0.19797133333333333,0.99105
791,10,75,-453.6540348827839,0.0,1.0,0.19775883333333336,0.9901125
847,11,56,-340.5622113645077,0.0,1.0,0.1976001666666667,0.9894125
925,12,78,-440.240731805563,0.0,1.0,0.1973791666666667,0.9884375
984,13,59,-421.8715944290161,0.0,1.0,0.197212,0.9877
1055,14,71,-439.0941416621208,0.0,1.0,0.19701083333333336,0.9868125
1112,15,57,-342.79970437288284,0.0,1.0,0.19684933333333335,0.9861
1185,16,73,-482.0262025743723,0.0,1.0,0.1966425,0.9851875
1243,17,58,-362.7544797360897,0.0,1.0,0.19647816666666668,0.9844625
1373,18,130,-438.43263660371304,0.0,0.0,0.19610983333333334,0.9828375
1438,19,65,-354.21833945810795,0.0,1.0,0.19592566666666666,0.982025
1506,20,68,-375.1302399635315,0.0,1.0,0.19573300000000002,0.981175
1580,21,74,-426.0876048654318,0.0,1.0,0.19552333333333335,0.98025
1646,22,66,-371.4426639601588,0.0,1.0,0.19533633333333333,0.979425
1776,23,130,-506.34165669977665,0.0,0.0,0.194968,0.9778
1837,24,61,-386.64646857976913,0.0,1.0,0.19479516666666669,0.9770375
1911,25,74,-383.67258401215076,0.0,1.0,0.19458550000000002,0.9761125
1984,26,73,-394.4724060446024,0.0,1.0,0.19437866666666667,0.9752
2067,27,83,-22.726362336426973,1.0,0.0,0.19414350000000002,0.9741625
2136,28,69,-199.95907647907734,0.0,1.0,0.193948,0.9733
2244,29,108,-47.13468609470874,1.0,0.0,0.193642,0.97195
2356,30,112,-51.378571831592126,1.0,0.0,0.19332466666666667,0.97055
2426,31,70,-257.80922824144363,0.0,1.0,0.19312633333333334,0.969675
2545,32,119,4.108439549803734,1.0,0.0,0.19278916666666668,0.9681875
2648,33,103,-19.668672639876604,1.0,0.0,0.19249733333333335,0.9669
2705,34,57,-173.92578667774796,0.0,1.0,0.19233583333333334,0.9661875
2783,35,78,-209.51266068220139,0.0,1.0,0.19211483333333335,0.9652125
2900,36,117,-58.15728634595871,1.0,0.0,0.19178333333333333,0.96375
3016,37,116,-72.42554358765483,1.0,0.0,0.1914546666666667,0.9623
3085,38,69,-234.31921043992043,0.0,1.0,0.19125916666666667,0.9614375
3169,39,84,15.486982509493828,1.0,0.0,0.1910211666666667,0.9603875
3276,40,107,-74.33277250826359,1.0,0.0,0.190718,0.95905
3386,41,110,3.7536970898509026,1.0,0.0,0.19040633333333334,0.957675
3499,42,113,-26.874101974070072,1.0,0.0,0.19008616666666667,0.9562625
3611,43,112,-42.16654173657298,1.0,0.0,0.18976883333333333,0.9548625
3671,44,60,-234.38124013319612,0.0,1.0,0.18959883333333336,0.9541125
3778,45,107,-33.0479761660099,1.0,0.0,0.18929566666666667,0.952775
3848,46,70,-252.8712759539485,0.0,1.0,0.18909733333333334,0.9519
3923,47,75,-165.61567455157638,0.0,1.0,0.18888483333333334,0.9509625
4028,48,105,-24.699285991489887,1.0,0.0,0.18858733333333333,0.94965
4144,49,116,-71.36161009967327,1.0,0.0,0.18825866666666669,0.9482
4254,50,110,-60.60787716135383,1.0,0.0,0.187947,0.946825
4358,51,104,-12.550368711352348,1.0,0.0,0.18765233333333334,0.945525
4463,52,105,-31.56017129123211,1.0,0.0,0.18735483333333333,0.9442125
4577,53,114,-33.25003153458238,1.0,0.0,0.18703183333333334,0.9427875
4687,54,110,-48.71217605471611,1.0,0.0,0.1867201666666667,0.9414125
4797,55,110,-22.812389135360718,1.0,0.0,0.1864085,0.9400375
4901,56,104,-48.59292930364609,1.0,0.0,0.18611383333333334,0.9387375
5005,57,104,-12.81328797340393,1.0,0.0,0.18581916666666667,0.9374375
5088,58,83,-258.1047738492489,0.0,1.0,0.185584,0.9364
5173,59,85,16.292851358652115,1.0,0.0,0.18534316666666667,0.9353375
5279,60,106,-46.02227722108364,1.0,0.0,0.18504283333333335,0.9340125
5385,61,106,-47.839064959436655,1.0,0.0,0.1847425,0.9326875
5498,62,113,-33.03076301980764,1.0,0.0,0.18442233333333335,0.931275
5609,63,111,-26.870913203805685,1.0,0.0,0.18410783333333333,0.9298875
5678,64,69,-213.68449051305652,0.0,1.0,0.18391233333333334,0.929025
5792,65,114,-2.541150391101837,1.0,0.0,0.18358933333333335,0.9276
5849,66,57,-222.25386057794094,0.0,1.0,0.18342783333333335,0.9268875
5909,67,60,-232.14244520291686,0.0,1.0,0.18325783333333334,0.9261375000000001
6026,68,117,-58.276567943394184,1.0,0.0,0.18292633333333336,0.924675
6130,69,104,-18.039013478904963,1.0,0.0,0.18263166666666666,0.9233750000000001
6235,70,105,-45.57135221362114,1.0,0.0,0.18233416666666669,0.9220625
6342,71,107,-44.62431912124157,1.0,0.0,0.182031,0.920725
6443,72,101,-38.22495551407337,1.0,0.0,0.18174483333333336,0.9194625
6507,73,64,-246.05837300419807,0.0,1.0,0.18156350000000002,0.9186624999999999
6623,74,116,-9.471003871411085,1.0,0.0,0.18123483333333334,0.9172125
6689,75,66,-235.30885499715805,0.0,1.0,0.18104783333333335,0.9163875
6800,76,111,-23.84137699007988,1.0,0.0,0.18073333333333336,0.915
6911,77,111,-10.818806048948318,1.0,0.0,0.18041883333333333,0.9136124999999999
7021,78,110,-33.44769132928923,1.0,0.0,0.18010716666666668,0.9122375
7127,79,106,-33.74837675690651,1.0,0.0,0.17980683333333333,0.9109125
7207,80,80,-286.04023803025484,0.0,1.0,0.17958016666666668,0.9099125
7324,81,117,-22.900115501135588,1.0,0.0,0.17924866666666667,0.90845
7381,82,57,-248.76418222906068,0.0,1.0,0.1790871666666667,0.9077375
7499,83,118,-48.534581039100885,1.0,0.0,0.17875283333333333,0.9062625
7564,84,65,-263.7391876876354,0.0,1.0,0.17856866666666668,0.90545
7639,85,75,-150.84142122417688,0.0,1.0,0.17835616666666668,0.9045125
7695,86,56,-210.00662192702293,0.0,1.0,0.1781975,0.9038125
7778,87,83,26.92363739013672,1.0,0.0,0.17796233333333333,0.902775
7884,88,106,-19.017810232937336,1.0,0.0,0.17766200000000001,0.90145
7989,89,105,-110.29915328742936,1.0,0.0,0.1773645,0.9001375
8061,90,72,-228.69259317219257,0.0,1.0,0.1771605,0.8992375
8167,91,106,-38.26854978501797,1.0,0.0,0.17686016666666668,0.8979125
8274,92,107,-45.58957240730524,1.0,0.0,0.17655700000000002,0.896575
8383,93,109,-28.264067706186324,1.0,0.0,0.17624816666666668,0.8952125
8488,94,105,-5.949008598923683,1.0,0.0,0.17595066666666667,0.8939
8600,95,112,-11.558694079518318,1.0,0.0,0.17563333333333334,0.8925
8710,96,110,-16.847758062183857,1.0,0.0,0.17532166666666668,0.891125
8811,97,101,-112.98198103485629,1.0,0.0,0.1750355,0.8898625
8938,98,127,-42.47081009298563,1.0,0.0,0.17467566666666667,0.888275
9049,99,111,-77.49391415342689,1.0,0.0,0.17436116666666668,0.8868875
9144,100,95,1.6440759226679802,1.0,0.0,0.174092,0.8856999999999999
9228,101,84,7.236982211470604,1.0,0.0,0.173854,0.88465
9328,102,100,-10.369060508906841,1.0,0.0,0.17357066666666668,0.8834
9439,103,111,4.439759242348373,1.0,0.0,0.17325616666666668,0.8820125
9553,104,114,-10.610275030136108,1.0,0.0,0.17293316666666667,0.8805875
9624,105,71,-196.04657028988004,0.0,1.0,0.172732,0.8797
9694,106,70,-217.71194114582613,0.0,1.0,0.17253366666666667,0.878825
9803,107,109,-50.58131918730214,1.0,0.0,0.17222483333333335,0.8774625
9919,108,116,-59.263140708208084,1.0,0.0,0.17189616666666668,0.8760125
9976,109,57,-240.69688872247934,0.0,1.0,0.17173466666666667,0.8753
10090,110,114,-11.290328666567802,1.0,0.0,0.17141166666666668,0.873875
10193,111,103,-8.343148864805698,1.0,0.0,0.17111983333333333,0.8725875000000001
10261,112,68,-261.752498537302,0.0,1.0,0.17092716666666669,0.8717375
10373,113,112,28.418577156960964,1.0,0.0,0.17060983333333335,0.8703375
10484,114,111,-26.700334560591727,1.0,0.0,0.17029533333333335,0.86895
10591,115,107,-49.915213994681835,1.0,0.0,0.16999216666666667,0.8676125
10679,116,88,31.340345561504364,1.0,0.0,0.16974283333333334,0.8665125
10747,117,68,-221.28148129582405,0.0,1.0,0.16955016666666667,0.8656625
10846,118,99,11.584445208311081,1.0,0.0,0.16926966666666668,0.864425
10960,119,114,-52.394859690684825,1.0,0.0,0.1689466666666667,0.863
11078,120,118,-24.4523189291358,1.0,0.0,0.16861233333333334,0.861525
11189,121,111,-29.644223984330893,1.0,0.0,0.16829783333333334,0.8601375
11258,122,69,-242.6373098604381,0.0,1.0,0.16810233333333335,0.859275
11341,123,83,24.723637506365776,1.0,0.0,0.16786716666666668,0.8582375
11425,124,84,6.186981916427612,1.0,0.0,0.16762916666666666,0.8571875
11530,125,105,-34.94604354351759,1.0,0.0,0.16733166666666666,0.8558749999999999
11637,126,107,-7.545118764508516,1.0,0.0,0.1670285,0.8545375
11741,127,104,-6.933220982551575,1.0,0.0,0.16673383333333336,0.8532375
11858,128,117,-90.2342316545546,1.0,0.0,0.16640233333333335,0.851775
11962,129,104,-12.209418252110481,1.0,0.0,0.16610766666666668,0.850475
12065,130,103,-16.78890305943787,1.0,0.0,0.16581583333333333,0.8491875
12125,131,60,-252.03566806390882,0.0,1.0,0.16564583333333333,0.8484375
12194,132,69,-240.27218088507652,0.0,1.0,0.16545033333333334,0.847575
12308,133,114,-38.34535586833954,1.0,0.0,0.16512733333333335,0.84615
12421,134,113,-29.76427173614502,1.0,0.0,0.16480716666666667,0.8447375
12529,135,108,-16.39935516938567,1.0,0.0,0.16450116666666667,0.8433875
12621,136,92,-2.356292814016342,1.0,0.0,0.1642405,0.8422375
12730,137,109,-124.54175398498774,1.0,0.0,0.16393166666666667,0.840875
12817,138,87,-13.772996485233307,1.0,0.0,0.16368516666666666,0.8397875
12928,139,111,-41.145565398037434,1.0,0.0,0.16337066666666666,0.8384
13046,140,118,-64.19092738674954,1.0,0.0,0.16303633333333334,0.836925
13156,141,110,-25.396922387182713,1.0,0.0,0.16272466666666668,0.83555
13268,142,112,-80.70600929111242,1.0,0.0,0.16240733333333335,0.83415
13369,143,101,-69.42506519705057,1.0,0.0,0.16212116666666668,0.8328875
13479,144,110,-11.636391431093216,1.0,0.0,0.1618095,0.8315125
13591,145,112,-88.56491361558437,1.0,0.0,0.16149216666666666,0.8301125
13695,146,104,-7.7587718069553375,1.0,0.0,0.1611975,0.8288125
13778,147,83,25.473637238144875,1.0,0.0,0.16096233333333335,0.827775
13893,148,115,-101.84849759936333,1.0,0.0,0.16063650000000002,0.8263375
13945,149,52,-242.18264462053776,0.0,1.0,0.16048916666666668,0.8256875
14058,150,113,-78.00156330317259,1.0,0.0,0.160169,0.824275
14170,151,112,-74.05748416110873,1.0,0.0,0.15985166666666667,0.822875
14270,152,100,-13.98627783358097,1.0,0.0,0.15956833333333334,0.821625
14383,153,113,-25.194392539560795,1.0,0.0,0.1592481666666667,0.8202125
14491,154,108,-17.697850067168474,1.0,0.0,0.15894216666666666,0.8188625
14605,155,114,-38.37623704224825,1.0,0.0,0.15861916666666667,0.8174375
14718,156,113,-15.693986788392067,1.0,0.0,0.15829900000000002,0.816025
14830,157,112,-47.20159547962248,1.0,0.0,0.1579816666666667,0.8146249999999999
14917,158,87,16.427004918456078,1.0,0.0,0.15773516666666668,0.8135375
15020,159,103,-23.027901322115213,1.0,0.0,0.15744333333333332,0.8122499999999999
15132,160,112,-21.950909305363894,1.0,0.0,0.15712600000000002,0.8108500000000001
15243,161,111,-20.596124220639467,1.0,0.0,0.1568115,0.8094625
15326,162,83,15.823638081550598,1.0,0.0,0.15657633333333335,0.808425
15429,163,103,-78.28582076402381,1.0,0.0,0.1562845,0.8071375000000001
15502,164,73,-268.45650431513786,0.0,1.0,0.15607766666666667,0.806225
15608,165,106,-31.450125373899937,1.0,0.0,0.15577733333333335,0.8049
15722,166,114,-40.43296194076538,1.0,0.0,0.15545433333333333,0.8034749999999999
15831,167,109,-103.61874210834503,1.0,0.0,0.15514550000000002,0.8021125
15896,168,65,-278.47184550762177,0.0,1.0,0.15496133333333334,0.8013
15986,169,90,14.441107198596,1.0,0.0,0.15470633333333333,0.800175
16102,170,116,-3.224656943231821,1.0,0.0,0.1543776666666667,0.798725
16168,171,66,-266.6112320125103,0.0,1.0,0.15419066666666667,0.7979
16238,172,70,-288.88525934517384,0.0,1.0,0.15399233333333334,0.797025
16345,173,107,-18.050019040703773,1.0,0.0,0.15368916666666668,0.7956875
16450,174,105,-78.08064495027065,1.0,0.0,0.15339166666666668,0.794375
16557,175,107,-57.0149300545454,1.0,0.0,0.15308850000000002,0.7930375000000001
16664,176,107,-13.563177704811096,1.0,0.0,0.15278533333333333,0.7917000000000001
16767,177,103,-53.47677960898727,1.0,0.0,0.1524935,0.7904125
16874,178,107,-69.88269760087132,1.0,0.0,0.15219033333333334,0.789075
16983,179,109,-10.970352996140718,1.0,0.0,0.1518815,0.7877125
17058,180,75,-274.04764698445797,0.0,1.0,0.151669,0.786775
17172,181,114,-57.06450279057026,1.0,0.0,0.151346,0.78535
17288,182,116,-5.099843546748161,1.0,0.0,0.15101733333333334,0.7839
17393,183,105,-46.385607834905386,1.0,0.0,0.15071983333333333,0.7825875
17494,184,101,-27.296576291322708,1.0,0.0,0.1504336666666667,0.781325
17550,185,56,-255.98318357765675,0.0,1.0,0.15027500000000002,0.780625
17615,186,65,-222.59759202599525,0.0,1.0,0.15009083333333334,0.7798125
17682,187,67,-304.52531288564205,0.0,1.0,0.149901,0.778975
17769,188,87,16.193511821329594,1.0,0.0,0.1496545,0.7778875
17883,189,114,-25.722208838909864,1.0,0.0,0.1493315,0.7764625
17944,190,61,-228.40103368461132,0.0,1.0,0.14915866666666666,0.7757000000000001
18012,191,68,-254.87050019204617,0.0,1.0,0.148966,0.77485
18120,192,108,-47.71846007555723,1.0,0.0,0.14866000000000001,0.7735000000000001
18227,193,107,-27.445274461060762,1.0,0.0,0.14835683333333333,0.7721625
18337,194,110,-46.27319438755512,1.0,0.0,0.14804516666666667,0.7707875
18410,195,73,-306.2474652379751,0.0,1.0,0.14783833333333335,0.769875
18525,196,115,-42.623226907569915,1.0,0.0,0.1475125,0.7684375
18640,197,115,-7.210242133587599,1.0,0.0,0.1471866666666667,0.767
18752,198,112,-27.7095941118896,1.0,0.0,0.14686933333333335,0.7656000000000001
18865,199,113,-1.6741569228470325,1.0,0.0,0.14654916666666667,0.7641875
18975,200,110,-106.14694438874722,1.0,0.0,0.14623750000000002,0.7628125
19092,201,117,-98.73355132341385,1.0,0.0,0.145906,0.76135
19203,202,111,-48.22792449593544,1.0,0.0,0.1455915,0.7599625
19310,203,107,-49.91370229423046,1.0,0.0,0.14528833333333335,0.758625
19395,204,85,22.36822222173214,1.0,0.0,0.1450475,0.7575625
19500,205,105,-40.01467350125313,1.0,0.0,0.14475,0.75625
19608,206,108,-36.30716349184513,1.0,0.0,0.14444400000000002,0.7549
19693,207,85,11.750323042273521,1.0,0.0,0.14420316666666666,0.7538374999999999
19800,208,107,-56.06785472854972,1.0,0.0,0.1439,0.7525
19871,209,71,-277.27403096854687,0.0,1.0,0.14369883333333333,0.7516125
19983,210,112,-50.42580255866051,1.0,0.0,0.1433815,0.7502125
20094,211,111,-87.35791088955011,1.0,0.0,0.143067,0.7488250000000001
20209,212,115,-33.63793946802616,1.0,0.0,0.14274116666666667,0.7473875
20292,213,83,16.923637703061104,1.0,0.0,0.14250600000000002,0.7463500000000001
20351,214,59,-298.4157118201256,0.0,1.0,0.14233883333333333,0.7456125
20460,215,109,-77.4058367908001,1.0,0.0,0.14203,0.74425
20546,216,86,20.90619333088398,1.0,0.0,0.14178633333333335,0.743175
20656,217,110,-41.00297015532851,1.0,0.0,0.14147466666666667,0.7418
20744,218,88,17.80691982805729,1.0,0.0,0.14122533333333334,0.7407
20856,219,112,-172.88424750044942,1.0,0.0,0.140908,0.7393
20972,220,116,-88.31622563302517,1.0,0.0,0.14057933333333333,0.73785
21083,221,111,-98.46563679212704,1.0,0.0,0.14026483333333334,0.7364625
21193,222,110,-68.41305371746421,1.0,0.0,0.13995316666666668,0.7350875
21306,223,113,-6.347161129117012,1.0,0.0,0.139633,0.733675
21405,224,99,-39.73348873993382,1.0,0.0,0.1393525,0.7324375
21512,225,107,-28.0901393070817,1.0,0.0,0.13904933333333336,0.7311000000000001
21620,226,108,-38.94070865213871,1.0,0.0,0.13874333333333333,0.72975
21720,227,100,-46.287441212683916,1.0,0.0,0.13846,0.7285
21829,228,109,-40.5467783100903,1.0,0.0,0.13815116666666666,0.7271375
21938,229,109,-27.60276798903942,1.0,0.0,0.13784233333333334,0.7257750000000001
22050,230,112,-56.52560114860535,1.0,0.0,0.137525,0.724375
22163,231,113,-36.388617016375065,1.0,0.0,0.13720483333333333,0.7229625
22273,232,110,11.077495562843978,1.0,0.0,0.13689316666666668,0.7215875
22340,233,67,-264.66550724953413,0.0,1.0,0.13670333333333334,0.72075
22445,234,105,10.18475067615509,1.0,0.0,0.13640583333333334,0.7194375
22559,235,114,-73.00483344914392,1.0,0.0,0.13608283333333332,0.7180124999999999
22673,236,114,-64.42116260202602,1.0,0.0,0.13575983333333336,0.7165874999999999
22728,237,55,-278.49706645309925,0.0,1.0,0.135604,0.7159
22833,238,105,-48.06262470781803,1.0,0.0,0.1353065,0.7145874999999999
22946,239,113,-57.97445994662121,1.0,0.0,0.13498633333333332,0.713175
23056,240,110,-49.57255467772484,1.0,0.0,0.13467466666666666,0.7118
23166,241,110,-73.12107540294528,1.0,0.0,0.134363,0.710425
23281,242,115,-57.445720702409744,1.0,0.0,0.13403716666666665,0.7089875
23378,243,97,-34.055087089538574,1.0,0.0,0.13376233333333334,0.707775
23482,244,104,-38.060656119138,1.0,0.0,0.13346766666666668,0.706475
23587,245,105,-24.430173832923174,1.0,0.0,0.13317016666666667,0.7051625
23655,246,68,-224.79270198196173,0.0,1.0,0.13297750000000003,0.7043125
23768,247,113,-3.718262206763029,1.0,0.0,0.13265733333333335,0.7029
23875,248,107,-100.22552625089884,1.0,0.0,0.13235416666666666,0.7015625000000001
23988,249,113,-24.16779469512403,1.0,0.0,0.132034,0.70015
24086,250,98,-19.825665990356356,1.0,0.0,0.13175633333333336,0.698925
24162,251,76,-248.19474883377552,0.0,1.0,0.13154100000000002,0.697975
24225,252,63,-281.605851136148,0.0,1.0,0.1313625,0.6971875000000001
24308,253,83,28.323637530207634,1.0,0.0,0.13112733333333332,0.69615
24422,254,114,-19.773219972848892,1.0,0.0,0.13080433333333336,0.694725
24525,255,103,-43.20445056259632,1.0,0.0,0.1305125,0.6934374999999999
24636,256,111,-63.43681897968054,1.0,0.0,0.130198,0.69205
24697,257,61,-251.45591343194246,0.0,1.0,0.13002516666666666,0.6912875
24762,258,65,-278.0261378288269,0.0,1.0,0.12984099999999998,0.690475
24845,259,83,25.473637357354164,1.0,0.0,0.12960583333333334,0.6894374999999999
24954,260,109,-49.13205537199974,1.0,0.0,0.129297,0.688075
25022,261,68,-275.1716365516186,0.0,1.0,0.12910433333333335,0.687225
25136,262,114,-14.750851755496114,1.0,0.0,0.12878133333333336,0.6858
25256,263,120,-40.643717397004366,1.0,0.0,0.12844133333333335,0.6843
25320,264,64,-217.39738253504038,0.0,1.0,0.12826,0.6835
25427,265,107,3.3305652737617493,1.0,0.0,0.12795683333333335,0.6821625
25534,266,107,-39.113759216386825,1.0,0.0,0.12765366666666667,0.680825
25650,267,116,-46.50436515407637,1.0,0.0,0.12732500000000002,0.6793750000000001
25754,268,104,1.5163663029670715,1.0,0.0,0.12703033333333336,0.678075
25865,269,111,-43.64244071394205,1.0,0.0,0.12671583333333336,0.6766875
25969,270,104,-28.506632268428802,1.0,0.0,0.12642116666666667,0.6753875
26052,271,83,52.22363759577274,1.0,0.0,0.12618600000000002,0.67435
26114,272,62,-267.3857019767165,0.0,1.0,0.12601033333333334,0.673575
26221,273,107,-39.63877468230203,1.0,0.0,0.12570716666666668,0.6722375
26330,274,109,6.880436100065708,1.0,0.0,0.12539833333333333,0.670875
26448,275,118,-63.90765434503555,1.0,0.0,0.125064,0.6694
26562,276,114,-52.33582879602909,1.0,0.0,0.124741,0.667975
26674,277,112,-38.67241721972823,1.0,0.0,0.12442366666666667,0.666575
26778,278,104,-73.26437129080296,1.0,0.0,0.124129,0.6652750000000001
26881,279,103,-3.972650021314621,1.0,0.0,0.12383716666666666,0.6639875
26965,280,84,34.886978298425674,1.0,0.0,0.12359916666666666,0.6629375
27069,281,104,-17.656054686754942,1.0,0.0,0.12330450000000001,0.6616375
27135,282,66,-278.2566525489092,0.0,1.0,0.1231175,0.6608125
27246,283,111,-10.444247893989086,1.0,0.0,0.12280300000000001,0.6594249999999999
27353,284,107,-55.931734785437584,1.0,0.0,0.12249983333333335,0.6580875
27427,285,74,-197.02818828821182,0.0,1.0,0.12229016666666667,0.6571625
27536,286,109,-23.556505140848458,1.0,0.0,0.12198133333333333,0.6557999999999999
27644,287,108,-37.84075962007046,1.0,0.0,0.12167533333333334,0.65445
27754,288,110,-38.4814144782722,1.0,0.0,0.12136366666666668,0.653075
27869,289,115,-10.980018876492977,1.0,0.0,0.12103783333333333,0.6516375
27930,290,61,-202.0296465307474,0.0,1.0,0.120865,0.650875
28044,291,114,-117.42889251979068,1.0,0.0,0.12054200000000001,0.6494500000000001
28162,292,118,-118.13382997363806,1.0,0.0,0.12020766666666667,0.647975
28263,293,101,-11.516939729452133,1.0,0.0,0.1199215,0.6467125
28374,294,111,-53.48046271502972,1.0,0.0,0.119607,0.645325
28481,295,107,-1.4444542527198792,1.0,0.0,0.11930383333333333,0.6439874999999999
28589,296,108,-11.442252598702908,1.0,0.0,0.11899783333333334,0.6426375
28704,297,115,-47.271780863404274,1.0,0.0,0.118672,0.6412
28812,298,108,-179.70113068819046,1.0,0.0,0.118366,0.63985
28916,299,104,-6.722769413143396,1.0,0.0,0.11807133333333333,0.63855
28999,300,83,22.97363806515932,1.0,0.0,0.11783616666666667,0.6375124999999999
29108,301,109,21.08323311805725,1.0,0.0,0.11752733333333333,0.63615
29182,302,74,-148.86656093597412,0.0,1.0,0.11731766666666667,0.6352249999999999
29245,303,63,-236.3124851435423,0.0,1.0,0.11713916666666667,0.6344375
29358,304,113,14.26900564879179,1.0,0.0,0.116819,0.633025
29469,305,111,-31.367430724203587,1.0,0.0,0.11650450000000001,0.6316375000000001
29570,306,101,-3.3534437683410943,1.0,0.0,0.11621833333333334,0.630375
29641,307,71,-240.41918573528528,0.0,1.0,0.11601716666666667,0.6294875
29743,308,102,-34.21487272530794,1.0,0.0,0.11572816666666667,0.6282125
29857,309,114,-20.14077326655388,1.0,0.0,0.11540516666666667,0.6267875
29922,310,65,-244.78421786427498,0.0,1.0,0.115221,0.625975
30006,311,84,26.136979326605797,1.0,0.0,0.114983,0.624925
30120,312,114,-50.27915246458724,1.0,0.0,0.11466,0.6234999999999999
30202,313,82,-175.91673758998513,0.0,1.0,0.11442766666666668,0.622475
30320,314,118,-20.038312941789627,1.0,0.0,0.11409333333333334,0.621
30426,315,106,-43.56947097554803,1.0,0.0,0.113793,0.619675
30529,316,103,-47.12362063676119,1.0,0.0,0.11350116666666667,0.6183875
30632,317,103,-36.94682599650696,1.0,0.0,0.11320933333333334,0.6171
30746,318,114,-50.12578093260527,1.0,0.0,0.11288633333333334,0.615675
30860,319,114,-136.52073599398136,1.0,0.0,0.11256333333333335,0.61425
30918,320,58,-301.53910269215703,0.0,1.0,0.11239900000000001,0.613525
30992,321,74,-296.76805406063795,0.0,1.0,0.11218933333333335,0.6126
31100,322,108,-15.470866192132235,1.0,0.0,0.11188333333333335,0.6112500000000001
31210,323,110,-11.66402141423896,1.0,0.0,0.11157166666666667,0.609875
31319,324,109,-68.82151365280151,1.0,0.0,0.11126283333333334,0.6085125
31389,325,70,-193.08846294879913,0.0,1.0,0.11106450000000001,0.6076375
31501,326,112,22.897287599742413,1.0,0.0,0.11074716666666667,0.6062375
31614,327,113,-35.00578534975648,1.0,0.0,0.110427,0.604825
31725,328,111,-91.09545637667179,1.0,0.0,0.1101125,0.6034375
31793,329,68,-320.4203303158283,0.0,1.0,0.10991983333333333,0.6025874999999999
31899,330,106,-94.37907235324383,1.0,0.0,0.10961950000000001,0.6012625
31997,331,98,-50.6849548779428,1.0,0.0,0.10934183333333333,0.6000375
32099,332,102,0.33459633216261864,1.0,0.0,0.10905283333333333,0.5987625
32209,333,110,-5.702504821121693,1.0,0.0,0.10874116666666667,0.5973875
32319,334,110,-22.50014052540064,1.0,0.0,0.10842950000000001,0.5960125000000001
32429,335,110,-20.176216655381722,1.0,0.0,0.10811783333333334,0.5946375
32533,336,104,16.757907032966614,1.0,0.0,0.10782316666666666,0.5933375
32648,337,115,-42.508998192846775,1.0,0.0,0.10749733333333333,0.5919
32732,338,84,27.18697851896286,1.0,0.0,0.10725933333333335,0.59085
32840,339,108,-24.26007990166545,1.0,0.0,0.10695333333333333,0.5895
32952,340,112,-23.796676322817802,1.0,0.0,0.106636,0.5881
33066,341,114,-15.789812378585339,1.0,0.0,0.106313,0.586675
33174,342,108,-18.552940864581615,1.0,0.0,0.10600700000000002,0.5853250000000001
33278,343,104,2.9128932058811188,1.0,0.0,0.10571233333333334,0.584025
33374,344,96,11.670564897358418,1.0,0.0,0.10544033333333333,0.5828249999999999
33435,345,61,-243.3938806205988,0.0,1.0,0.1052675,0.5820624999999999
33557,346,122,-4.540787928272039,1.0,0.0,0.10492183333333334,0.5805374999999999
33666,347,109,10.07340757548809,1.0,0.0,0.104613,0.579175
33772,348,106,-6.063398350030184,1.0,0.0,0.10431266666666668,0.57785
33881,349,109,-6.115983680356294,1.0,0.0,0.10400383333333334,0.5764875
33936,350,55,-227.2649882733822,0.0,1.0,0.10384800000000001,0.5758
34038,351,102,-4.649463467299938,1.0,0.0,0.103559,0.574525
34137,352,99,-24.67031361721456,1.0,0.0,0.10327850000000001,0.5732875000000001
34192,353,55,-245.33407020568848,0.0,1.0,0.10312266666666668,0.5726
34301,354,109,-8.005190569907427,1.0,0.0,0.10281383333333334,0.5712375000000001
34419,355,118,-22.877940833568573,1.0,0.0,0.1024795,0.5697625
34526,356,107,-27.37601249758154,1.0,0.0,0.10217633333333333,0.568425
34611,357,85,22.80032229423523,1.0,0.0,0.10193550000000001,0.5673625
34719,358,108,-44.13304303213954,1.0,0.0,0.1016295,0.5660125
34836,359,117,0.0368814691901207,1.0,0.0,0.101298,0.56455
34953,360,117,-4.052332311868668,1.0,0.0,0.1009665,0.5630875
35033,361,80,-278.9099771231413,0.0,1.0,0.10073983333333335,0.5620875000000001
35142,362,109,-47.64010696532205,1.0,0.0,0.100431,0.560725
35226,363,84,38.636981815099716,1.0,0.0,0.10019300000000002,0.559675
35332,364,106,-15.255495712161064,1.0,0.0,0.09989266666666667,0.55835
35422,365,90,50.74151323735714,1.0,0.0,0.09963766666666667,0.557225
35534,366,112,19.537090942263603,1.0,0.0,0.09932033333333334,0.555825
35604,367,70,-231.48252430558205,0.0,1.0,0.099122,0.5549499999999999
35715,368,111,-0.18864482641220093,1.0,0.0,0.0988075,0.5535625000000001
35800,369,85,36.100321501493454,1.0,0.0,0.09856666666666666,0.5525
35910,370,110,-49.90251635108143,1.0,0.0,0.098255,0.551125
36020,371,110,-5.96554210036993,1.0,0.0,0.09794333333333333,0.54975
36127,372,107,-29.602892637252808,1.0,0.0,0.09764016666666668,0.5484125
36243,373,116,-24.42137260083109,1.0,0.0,0.09731150000000001,0.5469625
36307,374,64,-230.82667860388756,0.0,1.0,0.09713016666666667,0.5461625
36366,375,59,-191.25178959593177,0.0,1.0,0.09696300000000001,0.545425
36434,376,68,-237.88990326598287,0.0,1.0,0.09677033333333335,0.544575
36541,377,107,-11.650646096095443,1.0,0.0,0.09646716666666667,0.5432375
36643,378,102,24.400867275893688,1.0,0.0,0.09617816666666666,0.5419625
36711,379,68,-230.53633544966578,0.0,1.0,0.0959855,0.5411125
36796,380,85,47.487627387046814,1.0,0.0,0.09574466666666667,0.54005
36909,381,113,-17.332557268440723,1.0,0.0,0.09542450000000001,0.5386375
37012,382,103,-19.782931175082922,1.0,0.0,0.09513266666666667,0.53735
37109,383,97,15.875761400908232,1.0,0.0,0.09485783333333332,0.5361374999999999
37217,384,108,-38.562514025717974,1.0,0.0,0.09455183333333335,0.5347875
37332,385,115,-22.65803400054574,1.0,0.0,0.094226,0.53335
37442,386,110,6.131693065166473,1.0,0.0,0.09391433333333334,0.531975
37525,387,83,36.42363749444485,1.0,0.0,0.09367916666666667,0.5309375000000001
37597,388,72,-285.3964612483978,0.0,1.0,0.09347516666666666,0.5300374999999999
37667,389,70,-214.39474314823747,0.0,1.0,0.09327683333333334,0.5291625
37751,390,84,40.736978590488434,1.0,0.0,0.09303883333333333,0.5281125
37815,391,64,-279.47362181544304,0.0,1.0,0.09285750000000001,0.5273125000000001
37927,392,112,13.054721571039408,1.0,0.0,0.09254016666666667,0.5259125
38036,393,109,0.48708416149020195,1.0,0.0,0.09223133333333333,0.52455
38147,394,111,-83.91665789112449,1.0,0.0,0.09191683333333334,0.5231625
38244,395,97,3.996134969871491,1.0,0.0,0.09164200000000002,0.52195
38349,396,105,-4.08332384750247,1.0,0.0,0.09134450000000001,0.5206375
38459,397,110,-6.068639934062958,1.0,0.0,0.09103283333333334,0.5192625
38567,398,108,-13.302305747754872,1.0,0.0,0.09072683333333333,0.5179125
38650,399,83,52.223637476563454,1.0,0.0,0.09049166666666666,0.516875
38755,400,105,-29.19618170335889,1.0,0.0,0.09019416666666666,0.5155624999999999
38867,401,112,9.906876638531685,1.0,0.0,0.08987683333333332,0.5141625
38977,402,110,-4.779367215931416,1.0,0.0,0.08956516666666668,0.5127875000000001
39083,403,106,-30.489756874740124,1.0,0.0,0.08926483333333333,0.5114625
39197,404,114,-31.730369191616774,1.0,0.0,0.08894183333333333,0.5100375
39280,405,83,52.223637357354164,1.0,0.0,0.08870666666666668,0.509
39380,406,100,0.8952224440872669,1.0,0.0,0.08842333333333334,0.50775
39490,407,110,-44.01085001975298,1.0,0.0,0.08811166666666667,0.506375
39586,408,96,8.243177711963654,1.0,0.0,0.08783966666666668,0.505175
39646,409,60,-240.0687789376825,0.0,1.0,0.08766966666666667,0.504425
39759,410,113,17.320456616580486,1.0,0.0,0.08734950000000001,0.5030125000000001
39859,411,100,-13.034294586628675,1.0,0.0,0.08706616666666667,0.5017625
39975,412,116,18.32127818465233,1.0,0.0,0.0867375,0.5003124999999999
40043,413,68,-247.0724078901112,0.0,1.0,0.08654483333333333,0.49946250000000003
40104,414,61,-240.4353614896536,0.0,1.0,0.086372,0.49870000000000003
40207,415,103,-80.8714836128056,1.0,0.0,0.08608016666666667,0.49741250000000004
40318,416,111,-3.453547663986683,1.0,0.0,0.08576566666666666,0.49602499999999994
40402,417,84,38.28697846829891,1.0,0.0,0.08552766666666667,0.49497499999999994
40510,418,108,-0.21359752863645554,1.0,0.0,0.08522166666666667,0.493625
40615,419,105,20.077818393707275,1.0,0.0,0.08492416666666666,0.49231249999999993
40731,420,116,14.208214379381388,1.0,0.0,0.0845955,0.4908625
40837,421,106,30.42567017674446,1.0,0.0,0.08429516666666667,0.48953749999999996
40920,422,83,51.12363748252392,1.0,0.0,0.08406,0.48849999999999993
40985,423,65,-233.53409087657928,0.0,1.0,0.08387583333333333,0.48768749999999994
41103,424,118,-26.367585299070925,1.0,0.0,0.08354149999999999,0.48621249999999994
41215,425,112,13.712397772818804,1.0,0.0,0.08322416666666668,0.4848125000000001
41327,426,112,18.052377097308636,1.0,0.0,0.08290683333333335,0.4834125
41427,427,100,-9.335890382528305,1.0,0.0,0.0826235,0.48216250000000005
41527,428,100,6.354781388305128,1.0,0.0,0.08234016666666666,0.48091249999999997
41638,429,111,-2.3728652191348374,1.0,0.0,0.08202566666666668,0.479525
41751,430,113,-69.91134845884517,1.0,0.0,0.08170550000000001,0.47811250000000005
41850,431,99,4.164361760020256,1.0,0.0,0.081425,0.47687499999999994
41963,432,113,8.263478331267834,1.0,0.0,0.08110483333333333,0.4754625
42063,433,100,11.67592283245176,1.0,0.0,0.0808215,0.47421250000000004
42148,434,85,33.230297207832336,1.0,0.0,0.08058066666666666,0.47314999999999996
42258,435,110,-16.630939565598965,1.0,0.0,0.080269,0.47177499999999994
42361,436,103,-175.5498142838478,1.0,0.0,0.07997716666666668,0.47048750000000006
42471,437,110,15.906330368947238,1.0,0.0,0.0796655,0.46911250000000004
42589,438,118,-6.756515320856124,1.0,0.0,0.07933116666666667,0.46763750000000004
42696,439,107,-80.5803245715797,1.0,0.0,0.079028,0.46629999999999994
42802,440,106,-6.336865723133087,1.0,0.0,0.07872766666666667,0.4649749999999999
42910,441,108,39.836976796388626,1.0,0.0,0.07842166666666668,0.46362500000000006
43014,442,104,2.9020003117620945,1.0,0.0,0.078127,0.462325
43121,443,107,-12.185922529548407,1.0,0.0,0.07782383333333333,0.4609875
43217,444,96,12.61853251978755,1.0,0.0,0.07755183333333332,0.4597875
43326,445,109,-40.6025383323431,1.0,0.0,0.077243,0.4584250000000001
43433,446,107,1.4397398456931114,1.0,0.0,0.07693983333333333,0.4570875
43535,447,102,-21.33487454429269,1.0,0.0,0.07665083333333333,0.45581249999999995
43641,448,106,12.301056761294603,1.0,0.0,0.07635049999999999,0.45448749999999993
43727,449,86,59.21366402506828,1.0,0.0,0.07610683333333333,0.4534125
43813,450,86,42.09363800287247,1.0,0.0,0.07586316666666668,0.45233750000000006
43926,451,113,-11.004836119711399,1.0,0.0,0.07554300000000001,0.450925
44034,452,108,2.3010315485298634,1.0,0.0,0.075237,0.44957500000000006
44098,453,64,-282.4325702935457,0.0,1.0,0.07505566666666667,0.44877500000000003
44206,454,108,3.8150816336274147,1.0,0.0,0.07474966666666666,0.44742499999999996
44307,455,101,-44.851369354873896,1.0,0.0,0.07446349999999999,0.4461625
44414,456,107,4.586078237742186,1.0,0.0,0.07416033333333333,0.444825
44483,457,69,-242.849352106452,0.0,1.0,0.07396483333333334,0.44396250000000004
44566,458,83,44.02363768219948,1.0,0.0,0.07372966666666667,0.442925
44676,459,110,-8.747556559741497,1.0,0.0,0.07341799999999998,0.44155
44785,460,109,1.7053383626043797,1.0,0.0,0.07310916666666667,0.44018750000000006
44894,461,109,29.32893968373537,1.0,0.0,0.07280033333333333,0.438825
44981,462,87,36.72700518369675,1.0,0.0,0.07255383333333332,0.4377375
45085,463,104,29.184263120871037,1.0,0.0,0.07225916666666668,0.43643750000000003
45195,464,110,-22.473257787525654,1.0,0.0,0.0719475,0.4350625
45294,465,99,35.306476570665836,1.0,0.0,0.07166700000000001,0.433825
45407,466,113,-49.75675444304943,1.0,0.0,0.07134683333333333,0.4324125
45515,467,108,14.690196972340345,1.0,0.0,0.07104083333333333,0.4310624999999999
45623,468,108,-11.609883416444063,1.0,0.0,0.07073483333333333,0.42971250000000005
45727,469,104,6.294198855757713,1.0,0.0,0.07044016666666666,0.4284125
45837,470,110,20.150101378094405,1.0,0.0,0.07012850000000001,0.42703749999999996
45945,471,108,32.71225629746914,1.0,0.0,0.06982249999999998,0.4256875
46041,472,96,10.63562811538577,1.0,0.0,0.06955050000000002,0.4244875
46142,473,101,26.88362780213356,1.0,0.0,0.06926433333333334,0.42322499999999996
46249,474,107,-46.21513830125332,1.0,0.0,0.06896116666666666,0.42188749999999997
46326,475,77,-294.9799088835716,0.0,1.0,0.068743,0.420925
46394,476,68,-270.6187831759453,0.0,1.0,0.06855033333333332,0.420075
46508,477,114,-73.70658284798265,1.0,0.0,0.06822733333333333,0.41864999999999997
46591,478,83,52.57363739609718,1.0,0.0,0.06799216666666669,0.41761250000000005
46700,479,109,-22.28900032490492,1.0,0.0,0.06768333333333335,0.41625
46808,480,108,3.105512484908104,1.0,0.0,0.06737733333333334,0.41490000000000005
46862,481,54,-228.96756210178137,0.0,1.0,0.06722433333333333,0.41422499999999995
46976,482,114,29.659570223651826,1.0,0.0,0.06690133333333334,0.41279999999999994
47092,483,116,-0.3872232558205724,1.0,0.0,0.06657266666666667,0.41135
47149,484,57,-239.29002018272877,0.0,1.0,0.06641116666666666,0.4106375
47209,485,60,-245.34979477152228,0.0,1.0,0.06624116666666666,0.40988749999999996
47307,486,98,14.689511016011238,1.0,0.0,0.06596350000000001,0.40866250000000004
47411,487,104,-1.6846989742480218,1.0,0.0,0.06566883333333334,0.40736249999999996
47479,488,68,-230.1995589286089,0.0,1.0,0.06547616666666667,0.40651250000000005
47589,489,110,1.7148152515292168,1.0,0.0,0.06516449999999999,0.40513749999999993
47675,490,86,47.813664108514786,1.0,0.0,0.06492083333333334,0.4040625
47742,491,67,-125.98387400477804,0.0,1.0,0.06473100000000001,0.40322500000000006
47848,492,106,21.701420123688877,1.0,0.0,0.06443066666666666,0.40190000000000003
47950,493,102,-101.746064029634,1.0,0.0,0.06414166666666665,0.400625
48059,494,109,11.270868472754955,1.0,0.0,0.06383283333333334,0.39926249999999996
48169,495,110,18.895760494749993,1.0,0.0,0.06352116666666668,0.39788750000000006
48255,496,86,62.06366381049156,1.0,0.0,0.06327749999999999,0.3968125
48338,497,83,49.72363784909248,1.0,0.0,0.06304233333333334,0.395775
48446,498,108,10.089029673021287,1.0,0.0,0.06273633333333334,0.394425
48556,499,110,24.8710795044899,1.0,0.0,0.062424666666666656,0.39305
48659,500,103,-13.24326079711318,1.0,0.0,0.06213283333333333,0.3917625
48761,501,102,43.1573086604476,1.0,0.0,0.06184383333333335,0.3904875
48872,502,111,-21.723111167550087,1.0,0.0,0.061529333333333325,0.3891
48986,503,114,15.604598920792341,1.0,0.0,0.061206333333333335,0.387675
49047,504,61,-273.90642285346985,0.0,1.0,0.06103349999999999,0.3869125
49151,505,104,22.40738531574607,1.0,0.0,0.060738833333333325,0.3856124999999999
49209,506,58,-223.67614509165287,0.0,1.0,0.0605745,0.38488749999999994
49318,507,109,18.359016127884388,1.0,0.0,0.06026566666666666,0.383525
49420,508,102,-56.20958884852007,1.0,0.0,0.05997666666666668,0.38225
49521,509,101,32.42765745520592,1.0,0.0,0.05969050000000001,0.38098750000000003
49620,510,99,-105.18789840163663,1.0,0.0,0.05941000000000002,0.37975000000000003
49729,511,109,43.12080805748701,1.0,0.0,0.05910116666666668,0.3783875
49837,512,108,-0.9026519544422626,1.0,0.0,0.058795166666666676,0.3770375
49921,513,84,58.58697873353958,1.0,0.0,0.05855716666666669,0.37598750000000003
50032,514,111,20.485798243433237,1.0,0.0,0.058242666666666665,0.37460000000000004
50147,515,115,-6.500088185071945,1.0,0.0,0.057916833333333334,0.37316250000000006
50257,516,110,21.355977546423674,1.0,0.0,0.05760516666666668,0.37178749999999994
50365,517,108,30.871724873781204,1.0,0.0,0.05729916666666665,0.3704375
50467,518,102,18.258269727230072,1.0,0.0,0.05701016666666667,0.36916250000000006
50579,519,112,57.792772240936756,1.0,0.0,0.05669283333333333,0.3677625
50652,520,73,-286.1318466514349,0.0,1.0,0.05648600000000001,0.36685
50735,521,83,55.42363753914833,1.0,0.0,0.05625083333333333,0.3658125
50841,522,106,-16.098424170166254,1.0,0.0,0.055950499999999986,0.36448749999999996
50925,523,84,46.43697893619537,1.0,0.0,0.0557125,0.36343749999999997
50998,524,73,-230.5926172286272,0.0,1.0,0.055505666666666675,0.362525
51109,525,111,24.111655182670802,1.0,0.0,0.05519116666666668,0.3611375
51216,526,107,23.26827884837985,1.0,0.0,0.05488799999999999,0.3598
51317,527,101,-35.064586739987135,1.0,0.0,0.05460183333333335,0.35853750000000006
51424,528,107,-37.17096182331443,1.0,0.0,0.05429866666666666,0.35719999999999996
51523,529,99,4.082801558077335,1.0,0.0,0.05401816666666667,0.35596249999999996
51636,530,113,-42.451855298131704,1.0,0.0,0.053697999999999996,0.3545499999999999
51738,531,102,7.8025228679180145,1.0,0.0,0.05340900000000001,0.353275
51841,532,103,-6.937495943158865,1.0,0.0,0.05311716666666666,0.3519875
51957,533,116,-24.080978713929653,1.0,0.0,0.05278849999999999,0.35053749999999995
52062,534,105,9.127115453127772,1.0,0.0,0.05249099999999998,0.349225
52171,535,109,29.70003032311797,1.0,0.0,0.05218216666666667,0.34786249999999996
52280,536,109,-48.98063661996275,1.0,0.0,0.05187333333333333,0.34650000000000003
52390,537,110,30.362217776011676,1.0,0.0,0.05156166666666667,0.345125
52458,538,68,-213.0425964668393,0.0,1.0,0.051369,0.344275
52571,539,113,6.706889297813177,1.0,0.0,0.05104883333333335,0.34286250000000007
52676,540,105,-29.142791036516428,1.0,0.0,0.05075133333333334,0.34155
52734,541,58,-230.98111769557,0.0,1.0,0.05058699999999999,0.34082499999999993
52839,542,105,-13.594877533614635,1.0,0.0,0.05028949999999999,0.3395125
52958,543,119,-6.3688644133508205,1.0,0.0,0.04995233333333332,0.338025
53057,544,99,21.55015484150499,1.0,0.0,0.04967183333333333,0.3367875
53125,545,68,-254.88194390386343,0.0,1.0,0.049479166666666685,0.3359375
53234,546,109,1.1912210024893284,1.0,0.0,0.049170333333333344,0.33457500000000007
53342,547,108,22.45456212759018,1.0,0.0,0.04886433333333334,0.333225
53403,548,61,-271.79138028621674,0.0,1.0,0.0486915,0.3324625
53486,549,83,52.57363739609718,1.0,0.0,0.04845633333333335,0.3314250000000001
53596,550,110,51.607216760050505,1.0,0.0,0.04814466666666667,0.33004999999999995
53663,551,67,-165.77884308993816,0.0,1.0,0.047954833333333335,0.3292125
53763,552,100,6.6539670787751675,1.0,0.0,0.047671500000000006,0.32796249999999993
53863,553,100,39.68334651738405,1.0,0.0,0.04738816666666665,0.32671249999999996
53946,554,83,61.123637706041336,1.0,0.0,0.047153,0.32567499999999994
54052,555,106,30.801037184428424,1.0,0.0,0.046852666666666654,0.3243499999999999
54163,556,111,20.029756553005427,1.0,0.0,0.046538166666666686,0.32296250000000004
54246,557,83,61.1236375272274,1.0,0.0,0.04630300000000001,0.321925
54351,558,105,25.008313350379467,1.0,0.0,0.046005500000000005,0.32061249999999997
54415,559,64,-232.1610900759697,0.0,1.0,0.045824166666666666,0.31981249999999994
54468,560,53,-263.62866097688675,0.0,1.0,0.04567399999999999,0.31914999999999993
54553,561,85,-173.20283914357424,0.0,1.0,0.04543316666666666,0.31808749999999997
54629,562,76,-220.5813323147595,0.0,1.0,0.045217833333333346,0.31713750000000007
54699,563,70,-278.30063185840845,0.0,1.0,0.04501950000000002,0.3162625
54805,564,106,-10.12005903199315,1.0,0.0,0.04471916666666667,0.3149375
54907,565,102,6.580506719648838,1.0,0.0,0.04443016666666666,0.31366249999999996
54991,566,84,48.58697871863842,1.0,0.0,0.04419216666666667,0.31261249999999996
55104,567,113,1.290334042161703,1.0,0.0,0.043871999999999994,0.31120000000000003
55208,568,104,20.0840555196919,1.0,0.0,0.04357733333333333,0.30989999999999995
55320,569,112,-18.531041227746755,1.0,0.0,0.04325999999999999,0.3085
55431,570,111,56.92487668246031,1.0,0.0,0.0429455,0.3071125
55489,571,58,-183.98735041171312,0.0,1.0,0.042781166666666676,0.30638750000000003
55588,572,99,32.63920894637704,1.0,0.0,0.04250066666666666,0.30515000000000003
55695,573,107,1.540863547474146,1.0,0.0,0.0421975,0.30381250000000004
55806,574,111,15.331504680216312,1.0,0.0,0.041883000000000004,0.30242499999999994
55918,575,112,31.420434568077326,1.0,0.0,0.04156566666666667,0.301025
56025,576,107,34.907345190644264,1.0,0.0,0.04126250000000001,0.2996875
56120,577,95,5.431252844631672,1.0,0.0,0.040993333333333326,0.2985
56231,578,111,37.190993905067444,1.0,0.0,0.04067883333333333,0.2971125
56336,579,105,18.832538153976202,1.0,0.0,0.04038133333333335,0.29580000000000006
56391,580,55,-249.7551325261593,0.0,1.0,0.0402255,0.2951125
56454,581,63,-211.87440732121468,0.0,1.0,0.040047,0.29432500000000006
56570,582,116,-59.29272158816457,1.0,0.0,0.03971833333333333,0.292875
56636,583,66,-217.31483264267445,0.0,1.0,0.039531333333333335,0.29205000000000003
56733,584,97,33.17101828753948,1.0,0.0,0.0392565,0.29083749999999997
56836,585,103,27.81106036901474,1.0,0.0,0.03896466666666665,0.28955
56943,586,107,19.421923100948334,1.0,0.0,0.038661500000000015,0.2882125
57050,587,107,-164.0821731686592,1.0,0.0,0.03835833333333333,0.286875
57133,588,83,52.57363763451576,1.0,0.0,0.03812316666666665,0.28583749999999997
57192,589,59,-223.88986852020025,0.0,1.0,0.03795599999999999,0.2850999999999999
57299,590,107,-18.03456698730588,1.0,0.0,0.03765283333333333,0.28376250000000003
57382,591,83,58.273637533187866,1.0,0.0,0.037417666666666655,0.282725
57492,592,110,21.05860371887684,1.0,0.0,0.037106,0.28135
57603,593,111,-22.7446601241827,1.0,0.0,0.036791500000000005,0.2799625
57671,594,68,-208.36203406006098,0.0,1.0,0.03659883333333333,0.2791125000000001
57781,595,110,22.557939164340496,1.0,0.0,0.036287166666666676,0.27773749999999997
57882,596,101,57.30958508607,1.0,0.0,0.036001000000000005,0.276475
57966,597,84,61.43697860836983,1.0,0.0,0.03576300000000002,0.27542500000000003
58052,598,86,56.363663882017136,1.0,0.0,0.03551933333333332,0.27435
58162,599,110,-4.9258173406124115,1.0,0.0,0.035207666666666665,0.27297499999999997
58260,600,98,2.748591996729374,1.0,0.0,0.03493000000000002,0.27175000000000005
58362,601,102,42.03040450811386,1.0,0.0,0.034641000000000005,0.270475
58467,602,105,-46.99908063933253,1.0,0.0,0.0343435,0.26916249999999997
58573,603,106,21.731389861553907,1.0,0.0,0.03404316666666668,0.26783750000000006
58683,604,110,27.186860501766205,1.0,0.0,0.0337315,0.26646250000000005
58786,605,103,14.308736827224493,1.0,0.0,0.03343966666666667,0.26517499999999994
58869,606,83,61.12363749742508,1.0,0.0,0.0332045,0.2641375
58952,607,83,63.97363746166229,1.0,0.0,0.03296933333333332,0.2631
59060,608,108,26.34835283830762,1.0,0.0,0.03266333333333335,0.26175000000000004
59127,609,67,-226.6815390624106,0.0,1.0,0.03247349999999999,0.2609125
59232,610,105,60.194110579788685,1.0,0.0,0.03217600000000001,0.25960000000000005
59302,611,70,-219.65898986160755,0.0,1.0,0.03197766666666668,0.2587250000000001
59412,612,110,58.94365322589874,1.0,0.0,0.031666,0.25734999999999997
59510,613,98,18.84391127806157,1.0,0.0,0.031388333333333324,0.25612499999999994
59620,614,110,11.332651395350695,1.0,0.0,0.03107666666666667,0.25475000000000003
59703,615,83,63.97363764047623,1.0,0.0,0.030841499999999994,0.2537125
59800,616,97,41.12204613536596,1.0,0.0,0.03056666666666666,0.25249999999999995
59883,617,83,58.2736377120018,1.0,0.0,0.03033150000000001,0.25146250000000003
59951,618,68,-259.3725423295982,0.0,1.0,0.030138833333333337,0.2506125
60061,619,110,18.04761329991743,1.0,0.0,0.03,0.25
60125,620,64,-240.56499928236008,0.0,1.0,0.03,0.25
60236,621,111,-15.475243842229247,1.0,0.0,0.03,0.25
60346,622,110,7.5644080261699855,1.0,0.0,0.03,0.25
60444,623,98,-6.543172327335924,1.0,0.0,0.03,0.25
60550,624,106,62.34591805189848,1.0,0.0,0.03,0.25
60620,625,70,-268.8757406026125,0.0,1.0,0.03,0.25
60729,626,109,37.20101711153984,1.0,0.0,0.03,0.25
60836,627,107,-32.81469349563122,1.0,0.0,0.03,0.25
60941,628,105,46.360226549208164,1.0,0.0,0.03,0.25
61052,629,111,57.09121165750548,1.0,0.0,0.03,0.25
61164,630,112,31.258309219032526,1.0,0.0,0.03,0.25
61275,631,111,-75.21544159250334,1.0,0.0,0.03,0.25
61345,632,70,-293.2315828502178,0.0,1.0,0.03,0.25
61428,633,83,61.123637676239014,1.0,0.0,0.03,0.25
61533,634,105,37.486385769210756,1.0,0.0,0.03,0.25
61638,635,105,-3.1691836565732956,1.0,0.0,0.03,0.25
61721,636,83,58.2736377120018,1.0,0.0,0.03,0.25
61804,637,83,66.82363766431808,1.0,0.0,0.03,0.25
61912,638,108,-22.146692737936974,1.0,0.0,0.03,0.25
62015,639,103,21.46595972403884,1.0,0.0,0.03,0.25
62117,640,102,18.414850673638284,1.0,0.0,0.03,0.25
62200,641,83,55.42363753914833,1.0,0.0,0.03,0.25
62270,642,70,-222.83988182246685,0.0,1.0,0.03,0.25
62353,643,83,58.27363774180412,1.0,0.0,0.03,0.25
62465,644,112,20.77705529332161,1.0,0.0,0.03,0.25
62576,645,111,12.87544597685337,1.0,0.0,0.03,0.25
62634,646,58,-237.2665557935834,0.0,1.0,0.03,0.25
62741,647,107,45.672702219337225,1.0,0.0,0.03,0.25
62849,648,108,41.655940398573875,1.0,0.0,0.03,0.25
62953,649,104,9.365822825580835,1.0,0.0,0.03,0.25
63064,650,111,14.797455828636885,1.0,0.0,0.03,0.25
63147,651,83,63.973637491464615,1.0,0.0,0.03,0.25
63221,652,74,-252.73318999260664,0.0,1.0,0.03,0.25
63320,653,99,-54.86014921963215,1.0,0.0,0.03,0.25
63404,654,84,52.88698196411133,1.0,0.0,0.03,0.25
63514,655,110,11.75513758836314,1.0,0.0,0.03,0.25
63618,656,104,4.183716794010252,1.0,0.0,0.03,0.25
63726,657,108,-30.542856976389885,1.0,0.0,0.03,0.25
63827,658,101,29.018658818677068,1.0,0.0,0.03,0.25
63935,659,108,27.526445150375366,1.0,0.0,0.03,0.25
64036,660,101,61.86243608593941,1.0,0.0,0.03,0.25
64151,661,115,18.981596026569605,1.0,0.0,0.03,0.25
64234,662,83,58.273637652397156,1.0,0.0,0.03,0.25
64349,663,115,-48.351704051718116,1.0,0.0,0.03,0.25
64449,664,100,12.503917180001736,1.0,0.0,0.03,0.25
64504,665,55,-258.3516161888838,0.0,1.0,0.03,0.25
64587,666,83,58.27363729476929,1.0,0.0,0.03,0.25
64692,667,105,34.20418344438076,1.0,0.0,0.03,0.25
64797,668,105,2.6245739720761776,1.0,0.0,0.03,0.25
64880,669,83,52.5736378133297,1.0,0.0,0.03,0.25
64978,670,98,1.9719141232781112,1.0,0.0,0.03,0.25
65061,671,83,61.12363746762276,1.0,0.0,0.03,0.25
65168,672,107,-116.73137143626809,1.0,0.0,0.03,0.25
65239,673,71,-249.8107047379017,0.0,1.0,0.03,0.25
65308,674,69,-256.0080751776695,0.0,1.0,0.03,0.25
65420,675,112,28.461847063153982,1.0,0.0,0.03,0.25
65524,676,104,47.26889982027933,1.0,0.0,0.03,0.25
65628,677,104,-33.52028372511268,1.0,0.0,0.03,0.25
65736,678,108,3.1678158934228122,1.0,0.0,0.03,0.25
65842,679,106,38.37165765091777,1.0,0.0,0.03,0.25
65925,680,83,61.123637676239014,1.0,0.0,0.03,0.25
65983,681,58,-224.09158208966255,0.0,1.0,0.03,0.25
66092,682,109,2.602295510470867,1.0,0.0,0.03,0.25
66163,683,71,-271.19175992906094,0.0,1.0,0.03,0.25
66276,684,113,-6.772193517535925,1.0,0.0,0.03,0.25
66342,685,66,-267.2181186079979,0.0,1.0,0.03,0.25
66451,686,109,-3.045097917318344,1.0,0.0,0.03,0.25
66516,687,65,-182.12514328956604,0.0,1.0,0.03,0.25
66617,688,101,-78.96231205482036,1.0,0.0,0.03,0.25
66729,689,112,24.70614569634199,1.0,0.0,0.03,0.25
66842,690,113,-33.83644868573174,1.0,0.0,0.03,0.25
66949,691,107,20.14243671298027,1.0,0.0,0.03,0.25
67055,692,106,39.54656624794006,1.0,0.0,0.03,0.25
67128,693,73,-244.52307035773993,0.0,1.0,0.03,0.25
67233,694,105,34.29397147428244,1.0,0.0,0.03,0.25
67344,695,111,26.632038723211735,1.0,0.0,0.03,0.25
67451,696,107,55.157916374504566,1.0,0.0,0.03,0.25
67556,697,105,30.103181410580873,1.0,0.0,0.03,0.25
67641,698,85,61.75032299757004,1.0,0.0,0.03,0.25
67746,699,105,18.289758536964655,1.0,0.0,0.03,0.25
67855,700,109,3.5814670282416046,1.0,0.0,0.03,0.25
67950,701,95,43.33069383678958,1.0,0.0,0.03,0.25
68009,702,59,-254.1969526708126,0.0,1.0,0.03,0.25
68120,703,111,48.196227497886866,1.0,0.0,0.03,0.25
68218,704,98,-41.64557732641697,1.0,0.0,0.03,0.25
68328,705,110,50.82427276298404,1.0,0.0,0.03,0.25
68440,706,112,33.891430016141385,1.0,0.0,0.03,0.25
68523,707,83,58.273637771606445,1.0,0.0,0.03,0.25
68628,708,105,18.315520986914635,1.0,0.0,0.03,0.25
68739,709,111,7.339069239795208,1.0,0.0,0.03,0.25
68845,710,106,-37.044676133897156,1.0,0.0,0.03,0.25
68946,711,101,31.37528357282281,1.0,0.0,0.03,0.25
69053,712,107,33.85219279958983,1.0,0.0,0.03,0.25
69162,713,109,48.77885016798973,1.0,0.0,0.03,0.25
69271,714,109,30.473377630114555,1.0,0.0,0.03,0.25
69373,715,102,37.55923223824357,1.0,0.0,0.03,0.25
69479,716,106,31.13056591525674,1.0,0.0,0.03,0.25
69542,717,63,-286.8251079469919,0.0,1.0,0.03,0.25
69651,718,109,15.059502147138119,1.0,0.0,0.03,0.25
69764,719,113,-30.79032987728715,1.0,0.0,0.03,0.25
69873,720,109,31.231126707047224,1.0,0.0,0.03,0.25
69986,721,113,18.71073516085744,1.0,0.0,0.03,0.25
70089,722,103,43.93798542022705,1.0,0.0,0.03,0.25
70199,723,110,-29.07611683756113,1.0,0.0,0.03,0.25
70308,724,109,-17.474152324721217,1.0,0.0,0.03,0.25
70406,725,98,3.8242888189852238,1.0,0.0,0.03,0.25
70519,726,113,-11.298157055396587,1.0,0.0,0.03,0.25
70631,727,112,10.097256476059556,1.0,0.0,0.03,0.25
70744,728,113,30.153219673782587,1.0,0.0,0.03,0.25
70856,729,112,22.46192957041785,1.0,0.0,0.03,0.25
70916,730,60,-241.11425545811653,0.0,1.0,0.03,0.25
71021,731,105,29.47230027243495,1.0,0.0,0.03,0.25
71127,732,106,10.60581785440445,1.0,0.0,0.03,0.25
71238,733,111,41.8750382065773,1.0,0.0,0.03,0.25
71338,734,100,45.78604989498854,1.0,0.0,0.03,0.25
71441,735,103,8.360147173982114,1.0,0.0,0.03,0.25
71540,736,99,43.201189428567886,1.0,0.0,0.03,0.25
71601,737,61,-223.9126137793064,0.0,1.0,0.03,0.25
71706,738,105,-30.821629302576184,1.0,0.0,0.03,0.25
71816,739,110,-120.09198473067954,1.0,0.0,0.03,0.25
71922,740,106,42.9404420722276,1.0,0.0,0.03,0.25
72032,741,110,-43.23928764835,1.0,0.0,0.03,0.25
72139,742,107,-11.973193754907697,1.0,0.0,0.03,0.25
72242,743,103,0.30871157348155975,1.0,0.0,0.03,0.25
72313,744,71,-231.2431088089943,0.0,1.0,0.03,0.25
72415,745,102,-4.689584087580442,1.0,0.0,0.03,0.25
72524,746,109,34.06903786957264,1.0,0.0,0.03,0.25
72607,747,83,66.82363757491112,1.0,0.0,0.03,0.25
72717,748,110,24.69455763325095,1.0,0.0,0.03,0.25
72784,749,67,-241.75983818620443,0.0,1.0,0.03,0.25
72867,750,83,56.82363747060299,1.0,0.0,0.03,0.25
72971,751,104,26.838139209896326,1.0,0.0,0.03,0.25
73070,752,99,25.38143965927884,1.0,0.0,0.03,0.25
73137,753,67,-257.4393269792199,0.0,1.0,0.03,0.25
73213,754,76,-215.8918565697968,0.0,1.0,0.03,0.25
73316,755,103,50.72365455329418,1.0,0.0,0.03,0.25
73403,756,87,62.37700489163399,1.0,0.0,0.03,0.25
73464,757,61,-182.89270670711994,0.0,1.0,0.03,0.25
73574,758,110,41.70131843537092,1.0,0.0,0.03,0.25
73675,759,101,65.10366982966661,1.0,0.0,0.03,0.25
73749,760,74,-226.4366198927164,0.0,1.0,0.03,0.25
73832,761,83,63.97363758087158,1.0,0.0,0.03,0.25
73937,762,105,-5.450966637581587,1.0,0.0,0.03,0.25
74027,763,90,58.7951018512249,1.0,0.0,0.03,0.25
74133,764,106,42.47424578294158,1.0,0.0,0.03,0.25
74232,765,99,22.654762785881758,1.0,0.0,0.03,0.25
74341,766,109,29.356115147471428,1.0,0.0,0.03,0.25
74413,767,72,-214.52669194340706,0.0,1.0,0.03,0.25
74523,768,110,8.378416455816478,1.0,0.0,0.03,0.25
74631,769,108,21.6053726375103,1.0,0.0,0.03,0.25
74701,770,70,-284.6780546605587,0.0,1.0,0.03,0.25
74773,771,72,-244.1537107527256,0.0,1.0,0.03,0.25
74876,772,103,44.156790379434824,1.0,0.0,0.03,0.25
74952,773,76,-227.85635717958212,0.0,1.0,0.03,0.25
75056,774,104,18.16512685175985,1.0,0.0,0.03,0.25
75139,775,83,58.273637652397156,1.0,0.0,0.03,0.25
75209,776,70,-236.42406717315316,0.0,1.0,0.03,0.25
75317,777,108,11.056179769337177,1.0,0.0,0.03,0.25
75428,778,111,-31.315756730735302,1.0,0.0,0.03,0.25
75511,779,83,61.12363749742508,1.0,0.0,0.03,0.25
75619,780,108,56.611598297953606,1.0,0.0,0.03,0.25
75725,781,106,21.56411636993289,1.0,0.0,0.03,0.25
75796,782,71,-270.65528228878975,0.0,1.0,0.03,0.25
75893,783,97,9.937806516420096,1.0,0.0,0.03,0.25
75960,784,67,-245.2693649865687,0.0,1.0,0.03,0.25
76065,785,105,42.49994380027056,1.0,0.0,0.03,0.25
76134,786,69,-221.5384528459981,0.0,1.0,0.03,0.25
76190,787,56,-247.25991961359978,0.0,1.0,0.03,0.25
76293,788,103,30.697018589824438,1.0,0.0,0.03,0.25
76405,789,112,-18.285779195372015,1.0,0.0,0.03,0.25
76511,790,106,41.995368506759405,1.0,0.0,0.03,0.25
76594,791,83,61.1236375272274,1.0,0.0,0.03,0.25
76677,792,83,66.8236375451088,1.0,0.0,0.03,0.25
76787,793,110,4.625525278970599,1.0,0.0,0.03,0.25
76896,794,109,30.050343740731478,1.0,0.0,0.03,0.25
77004,795,108,63.336750756483525,1.0,0.0,0.03,0.25
77114,796,110,51.334111765027046,1.0,0.0,0.03,0.25
77228,797,114,12.56167489849031,1.0,0.0,0.03,0.25
77285,798,57,-221.80016559362411,0.0,1.0,0.03,0.25
77401,799,116,-9.194001898169518,1.0,0.0,0.03,0.25
77495,800,94,27.402363717556,1.0,0.0,0.03,0.25
77601,801,106,37.842654577456415,1.0,0.0,0.03,0.25
77684,802,83,52.57363775372505,1.0,0.0,0.03,0.25
77753,803,69,-216.74853702634573,0.0,1.0,0.03,0.25
77859,804,106,44.202726386487484,1.0,0.0,0.03,0.25
77959,805,100,55.30374840646982,1.0,0.0,0.03,0.25
78070,806,111,17.683328826911747,1.0,0.0,0.03,0.25
78170,807,100,29.66656608134508,1.0,0.0,0.03,0.25
78274,808,104,35.1887327209115,1.0,0.0,0.03,0.25
78376,809,102,15.248767510056496,1.0,0.0,0.03,0.25
78459,810,83,61.123637676239014,1.0,0.0,0.03,0.25
78568,811,109,51.119497541338205,1.0,0.0,0.03,0.25
78677,812,109,43.62989729642868,1.0,0.0,0.03,0.25
78777,813,100,25.739865581970662,1.0,0.0,0.03,0.25
78883,814,106,20.10681430576369,1.0,0.0,0.03,0.25
78989,815,106,36.794855281710625,1.0,0.0,0.03,0.25
79101,816,112,30.754595532547683,1.0,0.0,0.03,0.25
79202,817,101,-39.04190966533497,1.0,0.0,0.03,0.25
79315,818,113,13.445197868160903,1.0,0.0,0.03,0.25
79426,819,111,3.7243745625019073,1.0,0.0,0.03,0.25
79537,820,111,40.64243756234646,1.0,0.0,0.03,0.25
79635,821,98,40.76136498525739,1.0,0.0,0.03,0.25
79729,822,94,-12.374525809660554,1.0,0.0,0.03,0.25
79840,823,111,59.24098413437605,1.0,0.0,0.03,0.25
79942,824,102,3.4232529550790787,1.0,0.0,0.03,0.25
80045,825,103,30.229994473047554,1.0,0.0,0.03,0.25
80157,826,112,14.182419616729021,1.0,0.0,0.03,0.25
80213,827,56,-155.31459245085716,0.0,1.0,0.03,0.25
80321,828,108,-14.887766228988767,1.0,0.0,0.03,0.25
80432,829,111,29.503498498350382,1.0,0.0,0.03,0.25
80545,830,113,24.666379938833416,1.0,0.0,0.03,0.25
80653,831,108,-57.18602465465665,1.0,0.0,0.03,0.25
80766,832,113,21.75839414820075,1.0,0.0,0.03,0.25
80849,833,83,58.273637503385544,1.0,0.0,0.03,0.25
80958,834,109,29.283166773617268,1.0,0.0,0.03,0.25
81028,835,70,-259.93280383199453,0.0,1.0,0.03,0.25
81093,836,65,-249.50806593894958,0.0,1.0,0.03,0.25
81196,837,103,32.3141056522727,1.0,0.0,0.03,0.25
81257,838,61,-241.20979925990105,0.0,1.0,0.03,0.25
81364,839,107,25.757267858833075,1.0,0.0,0.03,0.25
81465,840,101,21.89047223329544,1.0,0.0,0.03,0.25
81563,841,98,32.65589177981019,1.0,0.0,0.03,0.25
81671,842,108,43.56864597275853,1.0,0.0,0.03,0.25
81784,843,113,55.10920889303088,1.0,0.0,0.03,0.25
81867,844,83,63.97363767027855,1.0,0.0,0.03,0.25
81950,845,83,66.8236375451088,1.0,0.0,0.03,0.25
82056,846,106,18.91752154752612,1.0,0.0,0.03,0.25
82165,847,109,-78.1548271337524,1.0,0.0,0.03,0.25
82226,848,61,-222.34648986160755,0.0,1.0,0.03,0.25
82332,849,106,31.266095116734505,1.0,0.0,0.03,0.25
82439,850,107,-66.86534008383751,1.0,0.0,0.03,0.25
82511,851,72,-210.20581698790193,0.0,1.0,0.03,0.25
82605,852,94,45.24077047407627,1.0,0.0,0.03,0.25
82675,853,70,-261.56656390428543,0.0,1.0,0.03,0.25
82786,854,111,-11.306376591790468,1.0,0.0,0.03,0.25
82903,855,117,0.5389425158500671,1.0,0.0,0.03,0.25
83007,856,104,54.49966745823622,1.0,0.0,0.03,0.25
83116,857,109,64.45396777940914,1.0,0.0,0.03,0.25
83226,858,110,5.82227310910821,1.0,0.0,0.03,0.25
83333,859,107,20.93743108958006,1.0,0.0,0.03,0.25
83436,860,103,34.2766798324883,1.0,0.0,0.03,0.25
83536,861,100,6.799004703294486,1.0,0.0,0.03,0.25
83643,862,107,40.24698595702648,1.0,0.0,0.03,0.25
83726,863,83,55.42363744974136,1.0,0.0,0.03,0.25
83827,864,101,41.24552080780268,1.0,0.0,0.03,0.25
83939,865,112,-9.04919469403103,1.0,0.0,0.03,0.25
84000,866,61,-243.79914365708828,0.0,1.0,0.03,0.25
84108,867,108,34.94286433979869,1.0,0.0,0.03,0.25
84191,868,83,55.423637479543686,1.0,0.0,0.03,0.25
84301,869,110,-9.83502084761858,1.0,0.0,0.03,0.25
84411,870,110,24.202945236116648,1.0,0.0,0.03,0.25
84524,871,113,-23.823514603078365,1.0,0.0,0.03,0.25
84631,872,107,29.285988725256175,1.0,0.0,0.03,0.25
84741,873,110,-6.5547363348305225,1.0,0.0,0.03,0.25
84827,874,86,59.21366396546364,1.0,0.0,0.03,0.25
84935,875,108,2.619629218708724,1.0,0.0,0.03,0.25
85042,876,107,51.58735025674105,1.0,0.0,0.03,0.25
85155,877,113,12.715933732688427,1.0,0.0,0.03,0.25
85259,878,104,33.8327092374675,1.0,0.0,0.03,0.25
85360,879,101,40.38589480891824,1.0,0.0,0.03,0.25
85462,880,102,13.05671269306913,1.0,0.0,0.03,0.25
85572,881,110,34.26144674420357,1.0,0.0,0.03,0.25
85685,882,113,-24.649889934808016,1.0,0.0,0.03,0.25
85742,883,57,-216.92788925021887,0.0,1.0,0.03,0.25
85846,884,104,26.907582748681307,1.0,0.0,0.03,0.25
85953,885,107,22.753353998064995,1.0,0.0,0.03,0.25
86008,886,55,-223.89711973816156,0.0,1.0,0.03,0.25
86108,887,100,39.13009802624583,1.0,0.0,0.03,0.25
86218,888,110,44.273181200027466,1.0,0.0,0.03,0.25
86332,889,114,25.751814920455217,1.0,0.0,0.03,0.25
86444,890,112,25.087736543267965,1.0,0.0,0.03,0.25
86547,891,103,33.79792099446058,1.0,0.0,0.03,0.25
86603,892,56,-213.2587200552225,0.0,1.0,0.03,0.25
86708,893,105,28.741704158484936,1.0,0.0,0.03,0.25
86817,894,109,41.345529459416866,1.0,0.0,0.03,0.25
86930,895,113,-22.936150189489126,1.0,0.0,0.03,0.25
87040,896,110,-59.96800975501537,1.0,0.0,0.03,0.25
87151,897,111,44.2478100694716,1.0,0.0,0.03,0.25
87252,898,101,40.63289514183998,1.0,0.0,0.03,0.25
87367,899,115,19.301854383200407,1.0,0.0,0.03,0.25
87463,900,96,24.85224812477827,1.0,0.0,0.03,0.25
87562,901,99,16.49405636638403,1.0,0.0,0.03,0.25
87617,902,55,-188.87734827399254,0.0,1.0,0.03,0.25
87723,903,106,27.71941492287442,1.0,0.0,0.03,0.25
87780,904,57,-232.75248764455318,0.0,1.0,0.03,0.25
87882,905,102,34.59692316502333,1.0,0.0,0.03,0.25
87987,906,105,-3.625612576473941,1.0,0.0,0.03,0.25
88072,907,85,51.75032316148281,1.0,0.0,0.03,0.25
88181,908,109,13.508642256259918,1.0,0.0,0.03,0.25
88281,909,100,29.546780817210674,1.0,0.0,0.03,0.25
88394,910,113,47.56750199943781,1.0,0.0,0.03,0.25
88501,911,107,31.677932504564524,1.0,0.0,0.03,0.25
88613,912,112,29.734531570225954,1.0,0.0,0.03,0.25
88724,913,111,39.442314855288714,1.0,0.0,0.03,0.25
88781,914,57,-215.5236865133047,0.0,1.0,0.03,0.25
88887,915,106,45.88715495169163,1.0,0.0,0.03,0.25
88996,916,109,12.5301841981709,1.0,0.0,0.03,0.25
89107,917,111,15.10998422652483,1.0,0.0,0.03,0.25
89174,918,67,-269.53344083204865,0.0,1.0,0.03,0.25
89230,919,56,-208.34313198924065,0.0,1.0,0.03,0.25
89335,920,105,5.323477752506733,1.0,0.0,0.03,0.25
89441,921,106,-0.8388774287886918,1.0,0.0,0.03,0.25
89537,922,96,19.398117572069168,1.0,0.0,0.03,0.25
89640,923,103,58.51565473526716,1.0,0.0,0.03,0.25
89747,924,107,49.74382045865059,1.0,0.0,0.03,0.25
89858,925,111,58.81791943311691,1.0,0.0,0.03,0.25
89968,926,110,34.47821241617203,1.0,0.0,0.03,0.25
90082,927,114,26.7651092633605,1.0,0.0,0.03,0.25
90193,928,111,29.882080495357513,1.0,0.0,0.03,0.25
90299,929,106,-1.7644245065748692,1.0,0.0,0.03,0.25
90404,930,105,-3.3672796422615647,1.0,0.0,0.03,0.25
90513,931,109,21.849651716649532,1.0,0.0,0.03,0.25
90619,932,106,-0.30534695694223046,1.0,0.0,0.03,0.25
90730,933,111,-7.113898252137005,1.0,0.0,0.03,0.25
90813,934,83,61.12363758683205,1.0,0.0,0.03,0.25
90913,935,100,14.334177324082702,1.0,0.0,0.03,0.25
91026,936,113,62.70466509461403,1.0,0.0,0.03,0.25
91141,937,115,-32.518054101616144,1.0,0.0,0.03,0.25
91250,938,109,57.09510025754571,1.0,0.0,0.03,0.25
91334,939,84,57.13697858154774,1.0,0.0,0.03,0.25
91439,940,105,46.5225740224123,1.0,0.0,0.03,0.25
91542,941,103,56.1740243062377,1.0,0.0,0.03,0.25
91643,942,101,50.57237482070923,1.0,0.0,0.03,0.25
91707,943,64,-230.82949581742287,0.0,1.0,0.03,0.25
91808,944,101,36.85281090065837,1.0,0.0,0.03,0.25
91910,945,102,36.90380172431469,1.0,0.0,0.03,0.25
92018,946,108,36.5292884032242,1.0,0.0,0.03,0.25
92120,947,102,38.574059303849936,1.0,0.0,0.03,0.25
92229,948,109,21.193832837045193,1.0,0.0,0.03,0.25
92336,949,107,19.974570997059345,1.0,0.0,0.03,0.25
92444,950,108,22.66604955494404,1.0,0.0,0.03,0.25
92556,951,112,-3.298458404839039,1.0,0.0,0.03,0.25
92661,952,105,39.38691070629284,1.0,0.0,0.03,0.25
92765,953,104,44.54462216794491,1.0,0.0,0.03,0.25
92820,954,55,-215.11716905236244,0.0,1.0,0.03,0.25
92924,955,104,42.67186074703932,1.0,0.0,0.03,0.25
93034,956,110,14.820426277816296,1.0,0.0,0.03,0.25
93136,957,102,25.261131591629237,1.0,0.0,0.03,0.25
93238,958,102,36.012394208461046,1.0,0.0,0.03,0.25
93339,959,101,-3.993074194062501,1.0,0.0,0.03,0.25
93422,960,83,55.42363777756691,1.0,0.0,0.03,0.25
93526,961,104,28.901878912001848,1.0,0.0,0.03,0.25
93637,962,111,36.19531548768282,1.0,0.0,0.03,0.25
93740,963,103,1.1944733522832394,1.0,0.0,0.03,0.25
93842,964,102,-135.07260718941689,1.0,0.0,0.03,0.25
93957,965,115,31.45650504110381,1.0,0.0,0.03,0.25
94066,966,109,1.9807991310954094,1.0,0.0,0.03,0.25
94167,967,101,38.31342426687479,1.0,0.0,0.03,0.25
94274,968,107,20.32306131720543,1.0,0.0,0.03,0.25
94357,969,83,61.12363737821579,1.0,0.0,0.03,0.25
94452,970,95,28.636386692523956,1.0,0.0,0.03,0.25
94562,971,110,-34.03001482784748,1.0,0.0,0.03,0.25
94673,972,111,27.054499951656908,1.0,0.0,0.03,0.25
94781,973,108,30.92041003331542,1.0,0.0,0.03,0.25
94886,974,105,42.873918406665325,1.0,0.0,0.03,0.25
94983,975,97,-6.9387231091968715,1.0,0.0,0.03,0.25
95089,976,106,49.046945456415415,1.0,0.0,0.03,0.25
95198,977,109,11.980425018817186,1.0,0.0,0.03,0.25
95281,978,83,69.6736376285553,1.0,0.0,0.03,0.25
95364,979,83,63.97363781929016,1.0,0.0,0.03,0.25
95473,980,109,46.283493753522635,1.0,0.0,0.03,0.25
95557,981,84,52.88697835803032,1.0,0.0,0.03,0.25
95670,982,113,13.31943653151393,1.0,0.0,0.03,0.25
95753,983,83,63.97363758087158,1.0,0.0,0.03,0.25
95837,984,84,61.08697859942913,1.0,0.0,0.03,0.25
95891,985,54,-239.36795756220818,0.0,1.0,0.03,0.25
95995,986,104,-62.41431665048003,1.0,0.0,0.03,0.25
96104,987,109,36.957473292946815,1.0,0.0,0.03,0.25
96213,988,109,17.93419362604618,1.0,0.0,0.03,0.25
96317,989,104,26.771102529019117,1.0,0.0,0.03,0.25
96419,990,102,33.188176575582474,1.0,0.0,0.03,0.25
96529,991,110,55.560960832983255,1.0,0.0,0.03,0.25
96640,992,111,23.433815467637032,1.0,0.0,0.03,0.25
96742,993,102,-101.53573637828231,1.0,0.0,0.03,0.25
96838,994,96,32.564656026661396,1.0,0.0,0.03,0.25
96949,995,111,56.19007087871432,1.0,0.0,0.03,0.25
97032,996,83,66.8236375451088,1.0,0.0,0.03,0.25
97143,997,111,18.6611107471399,1.0,0.0,0.03,0.25
97249,998,106,59.948294412344694,1.0,0.0,0.03,0.25
97348,999,99,50.94987789867446,1.0,0.0,0.03,0.25
97412,1000,64,-282.47405856847763,0.0,1.0,0.03,0.25
97495,1001,83,66.82363766431808,1.0,0.0,0.03,0.25
97606,1002,111,20.43789903074503,1.0,0.0,0.03,0.25
97708,1003,102,17.628901779651642,1.0,0.0,0.03,0.25
97821,1004,113,17.89137616707012,1.0,0.0,0.03,0.25
97925,1005,104,20.000946793705225,1.0,0.0,0.03,0.25
98036,1006,111,31.634871549904346,1.0,0.0,0.03,0.25
98099,1007,63,-221.96321591734886,0.0,1.0,0.03,0.25
98209,1008,110,-2.2353780046105385,1.0,0.0,0.03,0.25
98316,1009,107,61.40702373115346,1.0,0.0,0.03,0.25
98374,1010,58,-221.95899985730648,0.0,1.0,0.03,0.25
98481,1011,107,7.096232321113348,1.0,0.0,0.03,0.25
98586,1012,105,48.31424481747672,1.0,0.0,0.03,0.25
98694,1013,108,18.42382526770234,1.0,0.0,0.03,0.25
98772,1014,78,-257.9477111287415,0.0,1.0,0.03,0.25
98881,1015,109,30.918152987957,1.0,0.0,0.03,0.25
98986,1016,105,24.32322170585394,1.0,0.0,0.03,0.25
99088,1017,102,-8.99682588223368,1.0,0.0,0.03,0.25
99171,1018,83,61.12363749742508,1.0,0.0,0.03,0.25
99280,1019,109,36.997786957304925,1.0,0.0,0.03,0.25
99364,1020,84,50.036978363990784,1.0,0.0,0.03,0.25
99473,1021,109,29.354899618338095,1.0,0.0,0.03,0.25
99586,1022,113,34.987498089205474,1.0,0.0,0.03,0.25
99698,1023,112,-16.561519902665168,1.0,0.0,0.03,0.25
99809,1024,111,-55.284993693232536,1.0,0.0,0.03,0.25
99917,1025,108,19.877206310629845,1.0,0.0,0.03,0.25
100028,1026,111,-12.106544791720808,1.0,0.0,0.03,0.25
100140,1027,112,9.154016185551882,1.0,0.0,0.03,0.25
100223,1028,83,58.27363762259483,1.0,0.0,0.03,0.25
100326,1029,103,45.91279710829258,1.0,0.0,0.03,0.25
100436,1030,110,13.477916993200779,1.0,0.0,0.03,0.25
100537,1031,101,-93.53956481069326,1.0,0.0,0.03,0.25
100620,1032,83,63.97363746166229,1.0,0.0,0.03,0.25
100725,1033,105,26.271389048546553,1.0,0.0,0.03,0.25
100787,1034,62,-179.79700476676226,0.0,1.0,0.03,0.25
100890,1035,103,42.837043184787035,1.0,0.0,0.03,0.25
100959,1036,69,-224.59665071265772,0.0,1.0,0.03,0.25
101019,1037,60,-236.8742211908102,0.0,1.0,0.03,0.25
101117,1038,98,24.234655365347862,1.0,0.0,0.03,0.25
101225,1039,108,1.523393388837576,1.0,0.0,0.03,0.25
101336,1040,111,31.510531157255173,1.0,0.0,0.03,0.25
101440,1041,104,56.85795519081876,1.0,0.0,0.03,0.25
101542,1042,102,-40.570164625067264,1.0,0.0,0.03,0.25
101652,1043,110,40.85819747997448,1.0,0.0,0.03,0.25
101759,1044,107,21.885358534753323,1.0,0.0,0.03,0.25
101860,1045,101,36.55384201928973,1.0,0.0,0.03,0.25
101971,1046,111,44.566260278224945,1.0,0.0,0.03,0.25
102075,1047,104,8.910950370132923,1.0,0.0,0.03,0.25
102189,1048,114,-24.17798864096403,1.0,0.0,0.03,0.25
102289,1049,100,39.3745822571218,1.0,0.0,0.03,0.25
102397,1050,108,14.409206427633762,1.0,0.0,0.03,0.25
102511,1051,114,28.50836132466793,1.0,0.0,0.03,0.25
102617,1052,106,51.64736430346966,1.0,0.0,0.03,0.25
102728,1053,111,47.13309906795621,1.0,0.0,0.03,0.25
102841,1054,113,64.16665337234735,1.0,0.0,0.03,0.25
102955,1055,114,41.67407592386007,1.0,0.0,0.03,0.25
103060,1056,105,-9.547941126860678,1.0,0.0,0.03,0.25
103123,1057,63,-232.19384348019958,0.0,1.0,0.03,0.25
103230,1058,107,38.866683550179005,1.0,0.0,0.03,0.25
103339,1059,109,-35.31412314623594,1.0,0.0,0.03,0.25
103446,1060,107,16.995243836194277,1.0,0.0,0.03,0.25
103551,1061,105,-13.345560291782022,1.0,0.0,0.03,0.25
103664,1062,113,13.92821121543966,1.0,0.0,0.03,0.25
103749,1063,85,61.75032305717468,1.0,0.0,0.03,0.25
103809,1064,60,-215.36364912986755,0.0,1.0,0.03,0.25
103892,1065,83,57.9236374348402,1.0,0.0,0.03,0.25
103976,1066,84,67.13698211312294,1.0,0.0,0.03,0.25
104038,1067,62,-228.1460270024836,0.0,1.0,0.03,0.25
104135,1068,97,-15.021927163936198,1.0,0.0,0.03,0.25
104200,1069,65,-280.3910276591778,0.0,1.0,0.03,0.25
104306,1070,106,22.925177538767457,1.0,0.0,0.03,0.25
104419,1071,113,15.60655115544796,1.0,0.0,0.03,0.25
104482,1072,63,-257.99236722290516,0.0,1.0,0.03,0.25
104565,1073,83,58.273637533187866,1.0,0.0,0.03,0.25
104672,1074,107,-27.55249148607254,1.0,0.0,0.03,0.25
104740,1075,68,-277.84776674211025,0.0,1.0,0.03,0.25
104850,1076,110,-15.280159578192979,1.0,0.0,0.03,0.25
104962,1077,112,8.062135338783264,1.0,0.0,0.03,0.25
105045,1078,83,61.123637437820435,1.0,0.0,0.03,0.25
105154,1079,109,56.60337486118078,1.0,0.0,0.03,0.25
105260,1080,106,57.62993924319744,1.0,0.0,0.03,0.25
105371,1081,111,1.9880570881068707,1.0,0.0,0.03,0.25
105478,1082,107,35.45118787139654,1.0,0.0,0.03,0.25
105574,1083,96,18.738360915333033,1.0,0.0,0.03,0.25
105683,1084,109,23.837773211300373,1.0,0.0,0.03,0.25
105788,1085,105,46.42940205335617,1.0,0.0,0.03,0.25
105897,1086,109,35.500243678689,1.0,0.0,0.03,0.25
106006,1087,109,47.165354147553444,1.0,0.0,0.03,0.25
106072,1088,66,-222.21144428104162,0.0,1.0,0.03,0.25
106179,1089,107,26.43795868009329,1.0,0.0,0.03,0.25
106287,1090,108,39.608468323946,1.0,0.0,0.03,0.25
106354,1091,67,-208.00126476585865,0.0,1.0,0.03,0.25
106450,1092,96,-21.391177531331778,1.0,0.0,0.03,0.25
106518,1093,68,-211.55017717927694,0.0,1.0,0.03,0.25
106624,1094,106,-10.296469815075397,1.0,0.0,0.03,0.25
106734,1095,110,-88.80939766019583,1.0,0.0,0.03,0.25
106842,1096,108,67.61789472401142,1.0,0.0,0.03,0.25
106900,1097,58,-206.34880195232108,0.0,1.0,0.03,0.25
106997,1098,97,11.717445090413094,1.0,0.0,0.03,0.25
107100,1099,103,-24.90072111831978,1.0,0.0,0.03,0.25
107203,1100,103,20.007059692405164,1.0,0.0,0.03,0.25
107309,1101,106,37.804232105612755,1.0,0.0,0.03,0.25
107417,1102,108,36.89196791127324,1.0,0.0,0.03,0.25
107528,1103,111,7.441296279430389,1.0,0.0,0.03,0.25
107631,1104,103,4.701336234807968,1.0,0.0,0.03,0.25
107695,1105,64,-272.48335906118155,0.0,1.0,0.03,0.25
107778,1106,83,52.57363787293434,1.0,0.0,0.03,0.25
107885,1107,107,62.777134206146,1.0,0.0,0.03,0.25
107998,1108,113,59.21227069944143,1.0,0.0,0.03,0.25
108109,1109,111,32.74925013259053,1.0,0.0,0.03,0.25
108218,1110,109,41.482554242014885,1.0,0.0,0.03,0.25
108321,1111,103,36.38226468116045,1.0,0.0,0.03,0.25
108392,1112,71,-196.73905820026994,0.0,1.0,0.03,0.25
108506,1113,114,-19.172283594030887,1.0,0.0,0.03,0.25
108609,1114,103,51.15103214979172,1.0,0.0,0.03,0.25
108720,1115,111,23.8125653648749,1.0,0.0,0.03,0.25
108803,1116,83,66.8236375451088,1.0,0.0,0.03,0.25
108905,1117,102,52.42291345447302,1.0,0.0,0.03,0.25
109015,1118,110,13.825392350554466,1.0,0.0,0.03,0.25
109125,1119,110,26.613607987761497,1.0,0.0,0.03,0.25
109194,1120,69,-277.44093714654446,0.0,1.0,0.03,0.25
109301,1121,107,-4.359074058011174,1.0,0.0,0.03,0.25
109397,1122,96,39.424391384702176,1.0,0.0,0.03,0.25
109506,1123,109,32.731564830522984,1.0,0.0,0.03,0.25
109616,1124,110,-42.367851801682264,1.0,0.0,0.03,0.25
109730,1125,114,33.088054805994034,1.0,0.0,0.03,0.25
109793,1126,63,-268.4774707108736,0.0,1.0,0.03,0.25
109858,1127,65,-255.71192279504612,0.0,1.0,0.03,0.25
109975,1128,117,53.01176530495286,1.0,0.0,0.03,0.25
110075,1129,100,7.313772331923246,1.0,0.0,0.03,0.25
110183,1130,108,30.777416467666626,1.0,0.0,0.03,0.25
110291,1131,108,43.55203600972891,1.0,0.0,0.03,0.25
110374,1132,83,61.12363764643669,1.0,0.0,0.03,0.25
110478,1133,104,33.056600011885166,1.0,0.0,0.03,0.25
110585,1134,107,26.940057944506407,1.0,0.0,0.03,0.25
110692,1135,107,23.70609712228179,1.0,0.0,0.03,0.25
110805,1136,113,35.90583069904824,1.0,0.0,0.03,0.25
110918,1137,113,-13.846083365380764,1.0,0.0,0.03,0.25
111029,1138,111,36.68044615536928,1.0,0.0,0.03,0.25
111142,1139,113,49.605299461167306,1.0,0.0,0.03,0.25
111258,1140,116,65.83742835372686,1.0,0.0,0.03,0.25
111361,1141,103,14.87712642038241,1.0,0.0,0.03,0.25
111468,1142,107,44.35331992059946,1.0,0.0,0.03,0.25
111579,1143,111,58.58293803781271,1.0,0.0,0.03,0.25
111649,1144,70,-238.6444390118122,0.0,1.0,0.03,0.25
111712,1145,63,-259.8965912014246,0.0,1.0,0.03,0.25
111815,1146,103,58.43871060013771,1.0,0.0,0.03,0.25
111915,1147,100,52.61055265367031,1.0,0.0,0.03,0.25
112021,1148,106,-30.030169716570526,1.0,0.0,0.03,0.25
112135,1149,114,63.816581167280674,1.0,0.0,0.03,0.25
112232,1150,97,-3.8306147195398808,1.0,0.0,0.03,0.25
112333,1151,101,-11.902895629405975,1.0,0.0,0.03,0.25
112416,1152,83,66.8236375451088,1.0,0.0,0.03,0.25
112472,1153,56,-235.65698197484016,0.0,1.0,0.03,0.25
112573,1154,101,-25.73365890653804,1.0,0.0,0.03,0.25
112679,1155,106,37.270913638174534,1.0,0.0,0.03,0.25
112742,1156,63,-250.51467517018318,0.0,1.0,0.03,0.25
112846,1157,104,35.52122197300196,1.0,0.0,0.03,0.25
112952,1158,106,37.24783582240343,1.0,0.0,0.03,0.25
113054,1159,102,32.17085701972246,1.0,0.0,0.03,0.25
113165,1160,111,42.6198505461216,1.0,0.0,0.03,0.25
113277,1161,112,42.842964712530375,1.0,0.0,0.03,0.25
113379,1162,102,-8.857549242675304,1.0,0.0,0.03,0.25
113443,1163,64,-228.1894260123372,0.0,1.0,0.03,0.25
113552,1164,109,52.92637764662504,1.0,0.0,0.03,0.25
113607,1165,55,-153.09613125026226,0.0,1.0,0.03,0.25
113712,1166,105,42.29018307477236,1.0,0.0,0.03,0.25
113817,1167,105,45.69493192434311,1.0,0.0,0.03,0.25
113929,1168,112,44.719347190111876,1.0,0.0,0.03,0.25
114034,1169,105,11.747658062260598,1.0,0.0,0.03,0.25
114117,1170,83,63.97363752126694,1.0,0.0,0.03,0.25
114229,1171,112,34.184639535378665,1.0,0.0,0.03,0.25
114298,1172,69,-297.68954445421696,0.0,1.0,0.03,0.25
114403,1173,105,43.404859248083085,1.0,0.0,0.03,0.25
114511,1174,108,50.5363906994462,1.0,0.0,0.03,0.25
114615,1175,104,12.705559581518173,1.0,0.0,0.03,0.25
114698,1176,83,58.273637533187866,1.0,0.0,0.03,0.25
114781,1177,83,61.123637676239014,1.0,0.0,0.03,0.25
114896,1178,115,39.82436374947429,1.0,0.0,0.03,0.25
115007,1179,111,33.59258398413658,1.0,0.0,0.03,0.25
115111,1180,104,-0.7676649615168571,1.0,0.0,0.03,0.25
115218,1181,107,37.61106031015515,1.0,0.0,0.03,0.25
115291,1182,73,-261.2664197534323,0.0,1.0,0.03,0.25
115404,1183,113,33.60091871395707,1.0,0.0,0.03,0.25
115468,1184,64,-268.0853978693485,0.0,1.0,0.03,0.25
115584,1185,116,-27.874412685632706,1.0,0.0,0.03,0.25
115696,1186,112,36.59351275488734,1.0,0.0,0.03,0.25
115804,1187,108,-41.57654221355915,1.0,0.0,0.03,0.25
115913,1188,109,30.28442434221506,1.0,0.0,0.03,0.25
115996,1189,83,61.1236377954483,1.0,0.0,0.03,0.25
116080,1190,84,58.58697998523712,1.0,0.0,0.03,0.25
116185,1191,105,-64.31501289177686,1.0,0.0,0.03,0.25
116288,1192,103,-21.999735429883003,1.0,0.0,0.03,0.25
116392,1193,104,-5.244260970503092,1.0,0.0,0.03,0.25
116492,1194,100,52.752684377133846,1.0,0.0,0.03,0.25
116592,1195,100,-3.1718990318477154,1.0,0.0,0.03,0.25
116678,1196,86,52.0636637955904,1.0,0.0,0.03,0.25
116790,1197,112,50.68041328713298,1.0,0.0,0.03,0.25
116899,1198,109,63.83546673506498,1.0,0.0,0.03,0.25
117003,1199,104,42.90863701328635,1.0,0.0,0.03,0.25
117060,1200,57,-140.4784655123949,0.0,1.0,0.03,0.25
117157,1201,97,52.182026609778404,1.0,0.0,0.03,0.25
117267,1202,110,22.33858450385742,1.0,0.0,0.03,0.25
117371,1203,104,34.03051487356424,1.0,0.0,0.03,0.25
117454,1204,83,63.97363758087158,1.0,0.0,0.03,0.25
117557,1205,103,50.492916755378246,1.0,0.0,0.03,0.25
117620,1206,63,-263.59262784570456,0.0,1.0,0.03,0.25
117732,1207,112,56.58587569743395,1.0,0.0,0.03,0.25
117845,1208,113,20.833648799918592,1.0,0.0,0.03,0.25
117955,1209,110,0.7130951429862762,1.0,0.0,0.03,0.25
118061,1210,106,37.57647034479305,1.0,0.0,0.03,0.25
118162,1211,101,-89.61613354086876,1.0,0.0,0.03,0.25
118269,1212,107,49.79509310377762,1.0,0.0,0.03,0.25
118380,1213,111,51.06244597584009,1.0,0.0,0.03,0.25
118466,1214,86,55.538903921842575,1.0,0.0,0.03,0.25
118572,1215,106,57.54539696127176,1.0,0.0,0.03,0.25
118669,1216,97,5.608208697289228,1.0,0.0,0.03,0.25
118772,1217,103,37.27903316821903,1.0,0.0,0.03,0.25
118884,1218,112,45.52677096426487,1.0,0.0,0.03,0.25
118952,1219,68,-264.05740751326084,0.0,1.0,0.03,0.25
119061,1220,109,-102.1836346834898,1.0,0.0,0.03,0.25
119173,1221,112,25.426542684435844,1.0,0.0,0.03,0.25
119282,1222,109,51.86508263647556,1.0,0.0,0.03,0.25
119365,1223,83,63.97363770008087,1.0,0.0,0.03,0.25
119470,1224,105,58.34732427075505,1.0,0.0,0.03,0.25
119577,1225,107,44.9958164319396,1.0,0.0,0.03,0.25
119660,1226,83,55.423637330532074,1.0,0.0,0.03,0.25
119771,1227,111,-32.3500057910569,1.0,0.0,0.03,0.25
119830,1228,59,-224.2739868685603,0.0,1.0,0.03,0.25
119914,1229,84,57.83698210120201,1.0,0.0,0.03,0.25
120020,1230,106,40.12054993957281,1.0,0.0,0.03,0.25
120103,1231,83,63.97363746166229,1.0,0.0,0.03,0.25
120211,1232,108,34.17360780388117,1.0,0.0,0.03,0.25
120294,1233,83,63.97363746166229,1.0,0.0,0.03,0.25
120402,1234,108,-7.655043002218008,1.0,0.0,0.03,0.25
120510,1235,108,32.83100339770317,1.0,0.0,0.03,0.25
120617,1236,107,48.35484967753291,1.0,0.0,0.03,0.25
120726,1237,109,36.00420417264104,1.0,0.0,0.03,0.25
120832,1238,106,47.06417544186115,1.0,0.0,0.03,0.25
120939,1239,107,13.682870510965586,1.0,0.0,0.03,0.25
121052,1240,113,30.881404146552086,1.0,0.0,0.03,0.25
121138,1241,86,59.21366384625435,1.0,0.0,0.03,0.25
121246,1242,108,39.404663134366274,1.0,0.0,0.03,0.25
121345,1243,99,48.667524702847004,1.0,0.0,0.03,0.25
121448,1244,103,51.31775242090225,1.0,0.0,0.03,0.25
121552,1245,104,50.95334696024656,1.0,0.0,0.03,0.25
121664,1246,112,42.01801513135433,1.0,0.0,0.03,0.25
121773,1247,109,40.71059662103653,1.0,0.0,0.03,0.25
121878,1248,105,29.738398179411888,1.0,0.0,0.03,0.25
121961,1249,83,61.12363758683205,1.0,0.0,0.03,0.25
122044,1250,83,61.123637437820435,1.0,0.0,0.03,0.25
122154,1251,110,35.98603096557781,1.0,0.0,0.03,0.25
122252,1252,98,20.094113767147064,1.0,0.0,0.03,0.25
122366,1253,114,-8.039521634578705,1.0,0.0,0.03,0.25
122473,1254,107,-22.93131369771436,1.0,0.0,0.03,0.25
122579,1255,106,31.552022382616997,1.0,0.0,0.03,0.25
122693,1256,114,-5.4096083478070796,1.0,0.0,0.03,0.25
122800,1257,107,-40.882110465317965,1.0,0.0,0.03,0.25
122902,1258,102,13.453705463558435,1.0,0.0,0.03,0.25
123007,1259,105,54.107244327664375,1.0,0.0,0.03,0.25
123111,1260,104,27.005628429353237,1.0,0.0,0.03,0.25
123222,1261,111,3.3884197510778904,1.0,0.0,0.03,0.25
123322,1262,100,46.27127702534199,1.0,0.0,0.03,0.25
123375,1263,53,-224.81866163015366,0.0,1.0,0.03,0.25
123446,1264,71,-241.24191661179066,0.0,1.0,0.03,0.25
123553,1265,107,25.97865779697895,1.0,0.0,0.03,0.25
123654,1266,101,42.26003475068137,1.0,0.0,0.03,0.25
123764,1267,110,18.58679747581482,1.0,0.0,0.03,0.25
123848,1268,84,55.73697826266289,1.0,0.0,0.03,0.25
123957,1269,109,42.86759205907583,1.0,0.0,0.03,0.25
124058,1270,101,56.74870403856039,1.0,0.0,0.03,0.25
124128,1271,70,-260.1163177192211,0.0,1.0,0.03,0.25
124235,1272,107,-29.843217089772224,1.0,0.0,0.03,0.25
124347,1273,112,22.624604769051075,1.0,0.0,0.03,0.25
124416,1274,69,-221.90615689754486,0.0,1.0,0.03,0.25
124499,1275,83,55.42363756895065,1.0,0.0,0.03,0.25
124608,1276,109,28.13680674834177,1.0,0.0,0.03,0.25
124713,1277,105,22.214610076043755,1.0,0.0,0.03,0.25
124824,1278,111,46.037632159888744,1.0,0.0,0.03,0.25
124924,1279,100,39.0989228002727,1.0,0.0,0.03,0.25
125007,1280,83,69.6736376285553,1.0,0.0,0.03,0.25
125112,1281,105,7.29135225713253,1.0,0.0,0.03,0.25
125173,1282,61,-212.71800423413515,0.0,1.0,0.03,0.25
125286,1283,113,38.58334283530712,1.0,0.0,0.03,0.25
125382,1284,96,21.574244029819965,1.0,0.0,0.03,0.25
125483,1285,101,-0.021371923852711916,1.0,0.0,0.03,0.25
125553,1286,70,-188.45927905663848,0.0,1.0,0.03,0.25
125661,1287,108,17.44479627907276,1.0,0.0,0.03,0.25
125731,1288,70,-216.99537071958184,0.0,1.0,0.03,0.25
125795,1289,64,-246.57600586116314,0.0,1.0,0.03,0.25
125903,1290,108,36.37779425084591,1.0,0.0,0.03,0.25
126017,1291,114,43.388878758996725,1.0,0.0,0.03,0.25
126121,1292,104,31.39176633954048,1.0,0.0,0.03,0.25
126226,1293,105,36.06967991963029,1.0,0.0,0.03,0.25
126336,1294,110,11.777819225564599,1.0,0.0,0.03,0.25
126444,1295,108,-117.04836352542043,1.0,0.0,0.03,0.25
126554,1296,110,55.19043892621994,1.0,0.0,0.03,0.25
126666,1297,112,17.517066683154553,1.0,0.0,0.03,0.25
126770,1298,104,27.357478607445955,1.0,0.0,0.03,0.25
126832,1299,62,-225.72626315429807,0.0,1.0,0.03,0.25
126941,1300,109,49.490269161295146,1.0,0.0,0.03,0.25
127024,1301,83,66.8236375451088,1.0,0.0,0.03,0.25
127123,1302,99,0.0035511143505573273,1.0,0.0,0.03,0.25
127206,1303,83,61.12363761663437,1.0,0.0,0.03,0.25
127314,1304,108,6.076970297843218,1.0,0.0,0.03,0.25
127424,1305,110,42.978031650185585,1.0,0.0,0.03,0.25
127530,1306,106,51.082846492528915,1.0,0.0,0.03,0.25
127639,1307,109,0.03674591379240155,1.0,0.0,0.03,0.25
127745,1308,106,23.855762768071145,1.0,0.0,0.03,0.25
127853,1309,108,-1.6996759118046612,1.0,0.0,0.03,0.25
127960,1310,107,44.69848731160164,1.0,0.0,0.03,0.25
128071,1311,111,13.297281917184591,1.0,0.0,0.03,0.25
128180,1312,109,42.29956052824855,1.0,0.0,0.03,0.25
128246,1313,66,-229.0451308041811,0.0,1.0,0.03,0.25
128348,1314,102,-108.5860291570425,1.0,0.0,0.03,0.25
128431,1315,83,61.12363749742508,1.0,0.0,0.03,0.25
128496,1316,65,-243.7212375891395,0.0,1.0,0.03,0.25
128605,1317,109,63.30879259854555,1.0,0.0,0.03,0.25
128707,1318,102,33.476316656917334,1.0,0.0,0.03,0.25
128814,1319,107,40.02801278186962,1.0,0.0,0.03,0.25
128922,1320,108,40.691870637238026,1.0,0.0,0.03,0.25
129005,1321,83,58.27363747358322,1.0,0.0,0.03,0.25
129114,1322,109,-14.89398618787527,1.0,0.0,0.03,0.25
129223,1323,109,54.25963745266199,1.0,0.0,0.03,0.25
129323,1324,100,25.597072146832943,1.0,0.0,0.03,0.25
129430,1325,107,6.208109486848116,1.0,0.0,0.03,0.25
129543,1326,113,17.583029083907604,1.0,0.0,0.03,0.25
129602,1327,59,-183.17609064653516,0.0,1.0,0.03,0.25
129712,1328,110,41.15160945802927,1.0,0.0,0.03,0.25
129771,1329,59,-205.1826940625906,0.0,1.0,0.03,0.25
129888,1330,117,19.67257501091808,1.0,0.0,0.03,0.25
130002,1331,114,-25.511365368962288,1.0,0.0,0.03,0.25
130116,1332,114,24.663710705935955,1.0,0.0,0.03,0.25
130227,1333,111,23.728215761482716,1.0,0.0,0.03,0.25
130310,1334,83,61.123637676239014,1.0,0.0,0.03,0.25
130415,1335,105,-33.83563224924728,1.0,0.0,0.03,0.25
130516,1336,101,44.78639777749777,1.0,0.0,0.03,0.25
130574,1337,58,-216.9870230257511,0.0,1.0,0.03,0.25
130673,1338,99,26.284318577032536,1.0,0.0,0.03,0.25
130781,1339,108,6.6503245159983635,1.0,0.0,0.03,0.25
130895,1340,114,-1.9655996565707028,1.0,0.0,0.03,0.25
131007,1341,112,28.075093172024935,1.0,0.0,0.03,0.25
131110,1342,103,23.941728066653013,1.0,0.0,0.03,0.25
131194,1343,84,61.436982214450836,1.0,0.0,0.03,0.25
131299,1344,105,35.04798339633271,1.0,0.0,0.03,0.25
131412,1345,113,27.359285349957645,1.0,0.0,0.03,0.25
131524,1346,112,45.581902258098125,1.0,0.0,0.03,0.25
131631,1347,107,43.424262951128185,1.0,0.0,0.03,0.25
131743,1348,112,42.17854584380984,1.0,0.0,0.03,0.25
131851,1349,108,-16.374683767557144,1.0,0.0,0.03,0.25
131954,1350,103,-56.66521223448217,1.0,0.0,0.03,0.25
132057,1351,103,39.7710261978209,1.0,0.0,0.03,0.25
132166,1352,109,-180.91570897493511,1.0,0.0,0.03,0.25
132278,1353,112,59.48275604099035,1.0,0.0,0.03,0.25
132381,1354,103,22.861534180119634,1.0,0.0,0.03,0.25
132489,1355,108,48.84683358669281,1.0,0.0,0.03,0.25
132598,1356,109,48.812061198055744,1.0,0.0,0.03,0.25
132664,1357,66,-245.7833212018013,0.0,1.0,0.03,0.25
132767,1358,103,-9.393318124115467,1.0,0.0,0.03,0.25
132837,1359,70,-239.16702381893992,0.0,1.0,0.03,0.25
132946,1360,109,40.39452390372753,1.0,0.0,0.03,0.25
133029,1361,83,63.97363755106926,1.0,0.0,0.03,0.25
133112,1362,83,61.123637676239014,1.0,0.0,0.03,0.25
133223,1363,111,50.07949497550726,1.0,0.0,0.03,0.25
133333,1364,110,32.509128615260124,1.0,0.0,0.03,0.25
133443,1365,110,46.32452333718538,1.0,0.0,0.03,0.25
133551,1366,108,46.83093202114105,1.0,0.0,0.03,0.25
133648,1367,97,40.47850374085829,1.0,0.0,0.03,0.25
133756,1368,108,-27.557010367512703,1.0,0.0,0.03,0.25
133861,1369,105,39.42407060042024,1.0,0.0,0.03,0.25
133961,1370,100,13.911839853972197,1.0,0.0,0.03,0.25
134066,1371,105,-24.69396698474884,1.0,0.0,0.03,0.25
134149,1372,83,58.273637652397156,1.0,0.0,0.03,0.25
134212,1373,63,-239.82178166881204,0.0,1.0,0.03,0.25
134312,1374,100,-70.0894920937717,1.0,0.0,0.03,0.25
134385,1375,73,-286.9083696603775,0.0,1.0,0.03,0.25
134493,1376,108,20.588128931820393,1.0,0.0,0.03,0.25
134600,1377,107,16.07230906188488,1.0,0.0,0.03,0.25
134703,1378,103,4.2307672537863255,1.0,0.0,0.03,0.25
134816,1379,113,-12.239556778222322,1.0,0.0,0.03,0.25
134901,1380,85,56.05032294988632,1.0,0.0,0.03,0.25
134972,1381,71,-217.12903034687042,0.0,1.0,0.03,0.25
135071,1382,99,27.139596819877625,1.0,0.0,0.03,0.25
135180,1383,109,22.84235066920519,1.0,0.0,0.03,0.25
135287,1384,107,33.161378994584084,1.0,0.0,0.03,0.25
135397,1385,110,40.43865071982145,1.0,0.0,0.03,0.25
135512,1386,115,-5.696366087518982,1.0,0.0,0.03,0.25
135621,1387,109,48.61491867154837,1.0,0.0,0.03,0.25
135728,1388,107,3.8702550302259624,1.0,0.0,0.03,0.25
135833,1389,105,42.88677033316344,1.0,0.0,0.03,0.25
135909,1390,76,-215.51646772772074,0.0,1.0,0.03,0.25
136024,1391,115,45.3502103574574,1.0,0.0,0.03,0.25
136126,1392,102,48.33642287552357,1.0,0.0,0.03,0.25
136189,1393,63,-227.81734838336706,0.0,1.0,0.03,0.25
136272,1394,83,61.12363764643669,1.0,0.0,0.03,0.25
136382,1395,110,-82.3406457901001,1.0,0.0,0.03,0.25
136490,1396,108,47.51629117829725,1.0,0.0,0.03,0.25
136591,1397,101,-41.49124856106937,1.0,0.0,0.03,0.25
136703,1398,112,46.087486274540424,1.0,0.0,0.03,0.25
136806,1399,103,2.372827500104904,1.0,0.0,0.03,0.25
136860,1400,54,-239.32156302034855,0.0,1.0,0.03,0.25
136961,1401,101,59.271450005471706,1.0,0.0,0.03,0.25
137062,1402,101,59.85674858465791,1.0,0.0,0.03,0.25
137168,1403,106,45.998687230050564,1.0,0.0,0.03,0.25
137251,1404,83,49.72363752126694,1.0,0.0,0.03,0.25
137361,1405,110,42.1239159591496,1.0,0.0,0.03,0.25
137465,1406,104,-3.2563234493136406,1.0,0.0,0.03,0.25
137548,1407,83,61.12363764643669,1.0,0.0,0.03,0.25
137632,1408,84,61.436982214450836,1.0,0.0,0.03,0.25
137742,1409,110,39.24398598819971,1.0,0.0,0.03,0.25
137825,1410,83,61.12363749742508,1.0,0.0,0.03,0.25
137909,1411,84,58.58697834610939,1.0,0.0,0.03,0.25
138016,1412,107,-0.3253478896804154,1.0,0.0,0.03,0.25
138122,1413,106,-59.4689275175333,1.0,0.0,0.03,0.25
138227,1414,105,-2.8297866550274193,1.0,0.0,0.03,0.25
138333,1415,106,37.74767034500837,1.0,0.0,0.03,0.25
138437,1416,104,-16.579551734481356,1.0,0.0,0.03,0.25
138506,1417,69,-226.4570223838091,0.0,1.0,0.03,0.25
138601,1418,95,-65.73210661113262,1.0,0.0,0.03,0.25
138700,1419,99,5.802718870341778,1.0,0.0,0.03,0.25
138794,1420,94,53.15827279863879,1.0,0.0,0.03,0.25
138879,1421,85,56.05032283067703,1.0,0.0,0.03,0.25
138992,1422,113,-141.01839131116867,1.0,0.0,0.03,0.25
139099,1423,107,46.537544309627265,1.0,0.0,0.03,0.25
139206,1424,107,4.7881255485117435,1.0,0.0,0.03,0.25
139308,1425,102,-65.93934483127668,1.0,0.0,0.03,0.25
139418,1426,110,29.795278552475793,1.0,0.0,0.03,0.25
139526,1427,108,22.08937569707632,1.0,0.0,0.03,0.25
139622,1428,96,51.54196847230196,1.0,0.0,0.03,0.25
139705,1429,83,61.12363764643669,1.0,0.0,0.03,0.25
139803,1430,98,45.31837843358517,1.0,0.0,0.03,0.25
139917,1431,114,50.49748035147786,1.0,0.0,0.03,0.25
140000,1432,83,61.123637706041336,1.0,0.0,0.03,0.25
140105,1433,105,-41.841043735388666,1.0,0.0,0.03,0.25
140207,1434,102,47.06853064149618,1.0,0.0,0.03,0.25
140319,1435,112,31.454218719154596,1.0,0.0,0.03,0.25
140419,1436,100,33.94242061674595,1.0,0.0,0.03,0.25
140481,1437,62,-195.9083703495562,0.0,1.0,0.03,0.25
140550,1438,69,-225.13026559352875,0.0,1.0,0.03,0.25
140662,1439,112,46.999465726315975,1.0,0.0,0.03,0.25
140775,1440,113,8.957861710339785,1.0,0.0,0.03,0.25
140834,1441,59,-218.3710732460022,0.0,1.0,0.03,0.25
140948,1442,114,3.556983936112374,1.0,0.0,0.03,0.25
141064,1443,116,-38.535913180559874,1.0,0.0,0.03,0.25
141161,1444,97,44.35810700058937,1.0,0.0,0.03,0.25
141267,1445,106,48.48747154697776,1.0,0.0,0.03,0.25
141375,1446,108,-6.825977394357324,1.0,0.0,0.03,0.25
141487,1447,112,43.86318816244602,1.0,0.0,0.03,0.25
141570,1448,83,58.2736377120018,1.0,0.0,0.03,0.25
141640,1449,70,-212.32822632789612,0.0,1.0,0.03,0.25
141757,1450,117,-53.33532873541117,1.0,0.0,0.03,0.25
141867,1451,110,24.816645541010075,1.0,0.0,0.03,0.25
141965,1452,98,31.43676881492138,1.0,0.0,0.03,0.25
142063,1453,98,-30.914201140403748,1.0,0.0,0.03,0.25
142175,1454,112,15.967003017663956,1.0,0.0,0.03,0.25
142281,1455,106,43.089664503932,1.0,0.0,0.03,0.25
142344,1456,63,-235.9641918540001,0.0,1.0,0.03,0.25
142453,1457,109,46.867091074585915,1.0,0.0,0.03,0.25
142563,1458,110,42.501242861151695,1.0,0.0,0.03,0.25
142666,1459,103,42.189876444637775,1.0,0.0,0.03,0.25
142780,1460,114,35.38845691457391,1.0,0.0,0.03,0.25
142884,1461,104,-10.318327497225255,1.0,0.0,0.03,0.25
142996,1462,112,54.77601599320769,1.0,0.0,0.03,0.25
143070,1463,74,-217.79520657658577,0.0,1.0,0.03,0.25
143180,1464,110,30.32184236124158,1.0,0.0,0.03,0.25
143263,1465,83,52.57363763451576,1.0,0.0,0.03,0.25
143377,1466,114,-19.74082068260759,1.0,0.0,0.03,0.25
143431,1467,54,-233.33033844828606,0.0,1.0,0.03,0.25
143490,1468,59,-226.88902643322945,0.0,1.0,0.03,0.25
143593,1469,103,-26.97333113476634,1.0,0.0,0.03,0.25
143696,1470,103,38.05333274975419,1.0,0.0,0.03,0.25
143792,1471,96,28.838622856885195,1.0,0.0,0.03,0.25
143876,1472,84,58.58697846531868,1.0,0.0,0.03,0.25
143972,1473,96,23.66278923302889,1.0,0.0,0.03,0.25
144058,1474,86,62.06366389989853,1.0,0.0,0.03,0.25
144156,1475,98,20.7188774603419,1.0,0.0,0.03,0.25
144264,1476,108,54.31387308239937,1.0,0.0,0.03,0.25
144378,1477,114,-14.61550847813487,1.0,0.0,0.03,0.25
144443,1478,65,-214.83419494703412,0.0,1.0,0.03,0.25
144557,1479,114,37.40858396142721,1.0,0.0,0.03,0.25
144640,1480,83,69.6736376285553,1.0,0.0,0.03,0.25
144747,1481,107,34.836235392373055,1.0,0.0,0.03,0.25
144860,1482,113,42.59653527289629,1.0,0.0,0.03,0.25
144965,1483,105,-49.14204588159919,1.0,0.0,0.03,0.25
145070,1484,105,39.77541895955801,1.0,0.0,0.03,0.25
145127,1485,57,-225.43179063498974,0.0,1.0,0.03,0.25
145235,1486,108,59.897308982908726,1.0,0.0,0.03,0.25
145298,1487,63,-162.0860135257244,0.0,1.0,0.03,0.25
145410,1488,112,33.76349015487358,1.0,0.0,0.03,0.25
145522,1489,112,55.96510623767972,1.0,0.0,0.03,0.25
145593,1490,71,-237.03675404191017,0.0,1.0,0.03,0.25
145701,1491,108,32.64827826945111,1.0,0.0,0.03,0.25
145805,1492,104,8.129954675212502,1.0,0.0,0.03,0.25
145890,1493,85,44.60032281279564,1.0,0.0,0.03,0.25
145992,1494,102,31.13500354718417,1.0,0.0,0.03,0.25
146101,1495,109,31.809656754136086,1.0,0.0,0.03,0.25
146206,1496,105,-86.8394732773304,1.0,0.0,0.03,0.25
146307,1497,101,46.34151721326634,1.0,0.0,0.03,0.25
146408,1498,101,-9.798494637012482,1.0,0.0,0.03,0.25
146468,1499,60,-182.30540724098682,0.0,1.0,0.03,0.25
146551,1500,83,52.573637545108795,1.0,0.0,0.03,0.25
146634,1501,83,63.973637610673904,1.0,0.0,0.03,0.25
146738,1502,104,-93.91437685117126,1.0,0.0,0.03,0.25
146847,1503,109,37.0248942039907,1.0,0.0,0.03,0.25
146946,1504,99,7.648913308978081,1.0,0.0,0.03,0.25
147057,1505,111,38.85913150385022,1.0,0.0,0.03,0.25
147165,1506,108,-12.589400857686996,1.0,0.0,0.03,0.25
147251,1507,86,62.063663959503174,1.0,0.0,0.03,0.25
147317,1508,66,-214.22286393493414,0.0,1.0,0.03,0.25
147430,1509,113,21.558825820684433,1.0,0.0,0.03,0.25
147528,1510,98,59.986141450703144,1.0,0.0,0.03,0.25
147611,1511,83,48.27363742887974,1.0,0.0,0.03,0.25
147694,1512,83,66.82363772392273,1.0,0.0,0.03,0.25
147796,1513,102,-19.09800697118044,1.0,0.0,0.03,0.25
147894,1514,98,47.97759200632572,1.0,0.0,0.03,0.25
147959,1515,65,-189.79286963492632,0.0,1.0,0.03,0.25
148065,1516,106,33.239924209192395,1.0,0.0,0.03,0.25
148170,1517,105,9.904053337872028,1.0,0.0,0.03,0.25
148271,1518,101,-86.99000077322125,1.0,0.0,0.03,0.25
148388,1519,117,0.867194689810276,1.0,0.0,0.03,0.25
148494,1520,106,-22.15498161315918,1.0,0.0,0.03,0.25
148577,1521,83,61.123637437820435,1.0,0.0,0.03,0.25
148680,1522,103,-55.42989209340885,1.0,0.0,0.03,0.25
148788,1523,108,46.07477832585573,1.0,0.0,0.03,0.25
148858,1524,70,-165.59215045112796,0.0,1.0,0.03,0.25
148955,1525,97,18.32330636307597,1.0,0.0,0.03,0.25
149062,1526,107,48.848633982241154,1.0,0.0,0.03,0.25
149169,1527,107,25.306769628077745,1.0,0.0,0.03,0.25
149280,1528,111,22.608014844357967,1.0,0.0,0.03,0.25
149387,1529,107,27.702179118990898,1.0,0.0,0.03,0.25
149457,1530,70,-244.41979925334454,0.0,1.0,0.03,0.25
149565,1531,108,15.92728115618229,1.0,0.0,0.03,0.25
149676,1532,111,46.651474989019334,1.0,0.0,0.03,0.25
149785,1533,109,44.546104960143566,1.0,0.0,0.03,0.25
149889,1534,104,27.024873539805412,1.0,0.0,0.03,0.25
149994,1535,105,19.209419660270214,1.0,0.0,0.03,0.25
150077,1536,83,58.273637503385544,1.0,0.0,0.03,0.25
150176,1537,99,44.24535431340337,1.0,0.0,0.03,0.25
150287,1538,111,3.758060362190008,1.0,0.0,0.03,0.25
150395,1539,108,52.1832859441638,1.0,0.0,0.03,0.25
150507,1540,112,17.569015808403492,1.0,0.0,0.03,0.25
150614,1541,107,19.94515077304095,1.0,0.0,0.03,0.25
150714,1542,100,6.359584591817111,1.0,0.0,0.03,0.25
150819,1543,105,0.5342216151766479,1.0,0.0,0.03,0.25
150926,1544,107,35.90390124125406,1.0,0.0,0.03,0.25
151034,1545,108,36.83877743408084,1.0,0.0,0.03,0.25
151145,1546,111,16.65175249427557,1.0,0.0,0.03,0.25
151239,1547,94,43.61480317264795,1.0,0.0,0.03,0.25
151346,1548,107,10.483378171920776,1.0,0.0,0.03,0.25
151430,1549,84,61.43698212504387,1.0,0.0,0.03,0.25
151543,1550,113,26.222858734428883,1.0,0.0,0.03,0.25
151626,1551,83,61.12363746762276,1.0,0.0,0.03,0.25
151687,1552,61,-222.1867623925209,0.0,1.0,0.03,0.25
151799,1553,112,14.380900852382183,1.0,0.0,0.03,0.25
151903,1554,104,42.44083580374718,1.0,0.0,0.03,0.25
152006,1555,103,46.347168274223804,1.0,0.0,0.03,0.25
152117,1556,111,-9.310926869511604,1.0,0.0,0.03,0.25
152231,1557,114,8.26830392330885,1.0,0.0,0.03,0.25
152335,1558,104,-12.751298852730542,1.0,0.0,0.03,0.25
152442,1559,107,38.51555493474007,1.0,0.0,0.03,0.25
152547,1560,105,23.63176057068631,1.0,0.0,0.03,0.25
152656,1561,109,55.70497331023216,1.0,0.0,0.03,0.25
152765,1562,109,36.92331878468394,1.0,0.0,0.03,0.25
152875,1563,110,-71.93161119520664,1.0,0.0,0.03,0.25
152981,1564,106,29.485050793271512,1.0,0.0,0.03,0.25
153091,1565,110,3.03801430715248,1.0,0.0,0.03,0.25
153187,1566,96,41.98449628055096,1.0,0.0,0.03,0.25
153270,1567,83,48.173637226223946,1.0,0.0,0.03,0.25
153377,1568,107,-13.360431177541614,1.0,0.0,0.03,0.25
153485,1569,108,33.14922829344869,1.0,0.0,0.03,0.25
153599,1570,114,52.53379553556442,1.0,0.0,0.03,0.25
153708,1571,109,-0.3225924582220614,1.0,0.0,0.03,0.25
153811,1572,103,43.16283516213298,1.0,0.0,0.03,0.25
153922,1573,111,53.931209057569504,1.0,0.0,0.03,0.25
154030,1574,108,-24.05084191026981,1.0,0.0,0.03,0.25
154136,1575,106,47.18457157164812,1.0,0.0,0.03,0.25
154244,1576,108,-34.13232646137476,1.0,0.0,0.03,0.25
154327,1577,83,52.57363775372505,1.0,0.0,0.03,0.25
154430,1578,103,5.067989535164088,1.0,0.0,0.03,0.25
154530,1579,100,48.55879179388285,1.0,0.0,0.03,0.25
154605,1580,75,-210.2492617815733,0.0,1.0,0.03,0.25
154718,1581,113,60.35765331238508,1.0,0.0,0.03,0.25
154820,1582,102,45.67992230504751,1.0,0.0,0.03,0.25
154926,1583,106,50.732875026762486,1.0,0.0,0.03,0.25
155039,1584,113,36.80877634882927,1.0,0.0,0.03,0.25
155122,1585,83,58.27363747358322,1.0,0.0,0.03,0.25
155205,1586,83,69.6736376285553,1.0,0.0,0.03,0.25
155309,1587,104,23.039188485126942,1.0,0.0,0.03,0.25
155415,1588,106,17.108391046524048,1.0,0.0,0.03,0.25
155516,1589,101,31.01015892950818,1.0,0.0,0.03,0.25
155577,1590,61,-246.02751083672047,0.0,1.0,0.03,0.25
155685,1591,108,-18.339436825364828,1.0,0.0,0.03,0.25
155797,1592,112,-34.087850756943226,1.0,0.0,0.03,0.25
155899,1593,102,59.90517595037818,1.0,0.0,0.03,0.25
156015,1594,116,30.84146909043193,1.0,0.0,0.03,0.25
156118,1595,103,41.20300441980362,1.0,0.0,0.03,0.25
156201,1596,83,63.973637759685516,1.0,0.0,0.03,0.25
156257,1597,56,-233.13078823685646,0.0,1.0,0.03,0.25
156356,1598,99,21.369531895965338,1.0,0.0,0.03,0.25
156458,1599,102,46.13477008417249,1.0,0.0,0.03,0.25
156529,1600,71,-231.50467139482498,0.0,1.0,0.03,0.25
156639,1601,110,43.18620979785919,1.0,0.0,0.03,0.25
156746,1602,107,47.681067161262035,1.0,0.0,0.03,0.25
156831,1603,85,50.350323140621185,1.0,0.0,0.03,0.25
156914,1604,83,55.423637479543686,1.0,0.0,0.03,0.25
157023,1605,109,62.286318711936474,1.0,0.0,0.03,0.25
157133,1606,110,45.63811629218981,1.0,0.0,0.03,0.25
157216,1607,83,55.4236376285553,1.0,0.0,0.03,0.25
157314,1608,98,10.495684087276459,1.0,0.0,0.03,0.25
157409,1609,95,36.38567449897528,1.0,0.0,0.03,0.25
157508,1610,99,29.777648147195578,1.0,0.0,0.03,0.25
157618,1611,110,20.511618424206972,1.0,0.0,0.03,0.25
157728,1612,110,3.8725144150666893,1.0,0.0,0.03,0.25
157834,1613,106,-16.971970445476472,1.0,0.0,0.03,0.25
157937,1614,103,42.57611983874813,1.0,0.0,0.03,0.25
158048,1615,111,37.50384310260415,1.0,0.0,0.03,0.25
158160,1616,112,48.36534905759618,1.0,0.0,0.03,0.25
158266,1617,106,39.51397604076192,1.0,0.0,0.03,0.25
158377,1618,111,42.9071876774542,1.0,0.0,0.03,0.25
158482,1619,105,-13.304281063377857,1.0,0.0,0.03,0.25
158592,1620,110,13.711050182580948,1.0,0.0,0.03,0.25
158693,1621,101,33.39417299628258,1.0,0.0,0.03,0.25
158776,1622,83,58.273637533187866,1.0,0.0,0.03,0.25
158891,1623,115,2.22409714202513,1.0,0.0,0.03,0.25
158995,1624,104,36.83836468681693,1.0,0.0,0.03,0.25
159078,1625,83,66.8236375451088,1.0,0.0,0.03,0.25
159183,1626,105,53.586196295917034,1.0,0.0,0.03,0.25
159293,1627,110,28.869661532342434,1.0,0.0,0.03,0.25
159376,1628,83,52.57363739609718,1.0,0.0,0.03,0.25
159436,1629,60,-259.06145572662354,0.0,1.0,0.03,0.25
159545,1630,109,5.548148360103369,1.0,0.0,0.03,0.25
159605,1631,60,-176.06474233791232,0.0,1.0,0.03,0.25
159713,1632,108,27.048153470735997,1.0,0.0,0.03,0.25
159783,1633,70,-238.4749711304903,0.0,1.0,0.03,0.25
159883,1634,100,6.404016651213169,1.0,0.0,0.03,0.25
159981,1635,98,40.88319769082591,1.0,0.0,0.03,0.25
160065,1636,84,61.436982065439224,1.0,0.0,0.03,0.25
160176,1637,111,45.7310783341527,1.0,0.0,0.03,0.25
160286,1638,110,32.10947073251009,1.0,0.0,0.03,0.25
160369,1639,83,61.12363749742508,1.0,0.0,0.03,0.25
160442,1640,73,-242.56281288340688,0.0,1.0,0.03,0.25
160541,1641,99,-13.230162262916565,1.0,0.0,0.03,0.25
160605,1642,64,-210.78228325396776,0.0,1.0,0.03,0.25
160709,1643,104,47.989653669297695,1.0,0.0,0.03,0.25
160812,1644,103,2.699898927938193,1.0,0.0,0.03,0.25
160874,1645,62,-204.13224274665117,0.0,1.0,0.03,0.25
160978,1646,104,40.82823092490435,1.0,0.0,0.03,0.25
161082,1647,104,32.63191029429436,1.0,0.0,0.03,0.25
161166,1648,84,64.2869785130024,1.0,0.0,0.03,0.25
161270,1649,104,5.4995356989093125,1.0,0.0,0.03,0.25
161378,1650,108,17.755303017795086,1.0,0.0,0.03,0.25
161482,1651,104,-57.44970710622147,1.0,0.0,0.03,0.25
161589,1652,107,40.11286794021726,1.0,0.0,0.03,0.25
161697,1653,108,36.9804621078074,1.0,0.0,0.03,0.25
161780,1654,83,66.8236375451088,1.0,0.0,0.03,0.25
161893,1655,113,47.64896373078227,1.0,0.0,0.03,0.25
161951,1656,58,-242.67818254232407,0.0,1.0,0.03,0.25
162060,1657,109,33.93198652146384,1.0,0.0,0.03,0.25
162159,1658,99,30.628662936389446,1.0,0.0,0.03,0.25
162272,1659,113,50.926836208906025,1.0,0.0,0.03,0.25
162385,1660,113,27.617408607155085,1.0,0.0,0.03,0.25
162458,1661,73,-214.56265034154058,0.0,1.0,0.03,0.25
162565,1662,107,52.89350294647738,1.0,0.0,0.03,0.25
162668,1663,103,11.980709571391344,1.0,0.0,0.03,0.25
162778,1664,110,26.831359998323023,1.0,0.0,0.03,0.25
162834,1665,56,-203.86089216917753,0.0,1.0,0.03,0.25
162917,1666,83,52.573637545108795,1.0,0.0,0.03,0.25
163029,1667,112,-36.23298556357622,1.0,0.0,0.03,0.25
163136,1668,107,18.191930804401636,1.0,0.0,0.03,0.25
163248,1669,112,31.01510554878041,1.0,0.0,0.03,0.25
163352,1670,104,24.000594593584538,1.0,0.0,0.03,0.25
163462,1671,110,-37.44150427356362,1.0,0.0,0.03,0.25
163568,1672,106,52.95402780175209,1.0,0.0,0.03,0.25
163669,1673,101,58.22581688314676,1.0,0.0,0.03,0.25
163752,1674,83,63.97363746166229,1.0,0.0,0.03,0.25
163861,1675,109,18.644416626542807,1.0,0.0,0.03,0.25
163961,1676,100,36.67200182378292,1.0,0.0,0.03,0.25
164072,1677,111,-29.46467773616314,1.0,0.0,0.03,0.25
164134,1678,62,-203.99460163712502,0.0,1.0,0.03,0.25
164192,1679,58,-148.5844996497035,0.0,1.0,0.03,0.25
164275,1680,83,60.77363766729832,1.0,0.0,0.03,0.25
164377,1681,102,-19.94737919792533,1.0,0.0,0.03,0.25
164482,1682,105,45.24098465591669,1.0,0.0,0.03,0.25
164565,1683,83,49.673637591302395,1.0,0.0,0.03,0.25
164627,1684,62,-238.45516906678677,0.0,1.0,0.03,0.25
164690,1685,63,-248.74248431622982,0.0,1.0,0.03,0.25
164805,1686,115,30.440779455006123,1.0,0.0,0.03,0.25
164914,1687,109,9.580153561662883,1.0,0.0,0.03,0.25
165019,1688,105,25.59027536585927,1.0,0.0,0.03,0.25
165124,1689,105,30.227334909141064,1.0,0.0,0.03,0.25
165209,1690,85,-282.3852658942342,0.0,1.0,0.03,0.25
165312,1691,103,21.66712621971965,1.0,0.0,0.03,0.25
165417,1692,105,42.91235630214214,1.0,0.0,0.03,0.25
165514,1693,97,21.555926114320755,1.0,0.0,0.03,0.25
165624,1694,110,59.76762455701828,1.0,0.0,0.03,0.25
165723,1695,99,29.407248224131763,1.0,0.0,0.03,0.25
165791,1696,68,-222.1944349561818,0.0,1.0,0.03,0.25
165893,1697,102,22.020171269774437,1.0,0.0,0.03,0.25
166002,1698,109,-6.0267653916962445,1.0,0.0,0.03,0.25
166118,1699,116,10.00192233081907,1.0,0.0,0.03,0.25
166232,1700,114,30.17872266098857,1.0,0.0,0.03,0.25
166344,1701,112,-8.119666856247932,1.0,0.0,0.03,0.25
166455,1702,111,32.4329739511013,1.0,0.0,0.03,0.25
166538,1703,83,66.82363772392273,1.0,0.0,0.03,0.25
166648,1704,110,-39.329928651917726,1.0,0.0,0.03,0.25
166757,1705,109,52.736846305429935,1.0,0.0,0.03,0.25
166840,1706,83,63.97363758087158,1.0,0.0,0.03,0.25
166947,1707,107,-22.15327930962667,1.0,0.0,0.03,0.25
167053,1708,106,30.684006676077843,1.0,0.0,0.03,0.25
167153,1709,100,27.71451310440898,1.0,0.0,0.03,0.25
167265,1710,112,53.76052516698837,1.0,0.0,0.03,0.25
167365,1711,100,22.64232425391674,1.0,0.0,0.03,0.25
167472,1712,107,41.02052906900644,1.0,0.0,0.03,0.25
167576,1713,104,6.522492843243526,1.0,0.0,0.03,0.25
167638,1714,62,-217.3543314486742,0.0,1.0,0.03,0.25
167705,1715,67,-215.54746624827385,0.0,1.0,0.03,0.25
167763,1716,58,-216.19832227379084,0.0,1.0,0.03,0.25
167870,1717,107,12.505007583647966,1.0,0.0,0.03,0.25
167978,1718,108,47.12126545608044,1.0,0.0,0.03,0.25
168088,1719,110,46.21993210539222,1.0,0.0,0.03,0.25
168186,1720,98,-1.9327297364361584,1.0,0.0,0.03,0.25
168271,1721,85,56.05032283067703,1.0,0.0,0.03,0.25
168380,1722,109,16.63475552946329,1.0,0.0,0.03,0.25
168490,1723,110,-25.442525070160627,1.0,0.0,0.03,0.25
168600,1724,110,-23.07295735552907,1.0,0.0,0.03,0.25
168701,1725,101,15.14222865132615,1.0,0.0,0.03,0.25
168805,1726,104,40.19024613825604,1.0,0.0,0.03,0.25
168860,1727,55,-189.5805828422308,0.0,1.0,0.03,0.25
168963,1728,103,34.24004044383764,1.0,0.0,0.03,0.25
169067,1729,104,50.18977811560035,1.0,0.0,0.03,0.25
169173,1730,106,-164.9969670549035,1.0,0.0,0.03,0.25
169256,1731,83,46.12363746762276,1.0,0.0,0.03,0.25
169339,1732,83,61.123637557029724,1.0,0.0,0.03,0.25
169414,1733,75,-166.28964385390282,0.0,1.0,0.03,0.25
169477,1734,63,-244.23383370041847,0.0,1.0,0.03,0.25
169561,1735,84,57.83697861433029,1.0,0.0,0.03,0.25
169668,1736,107,-46.04311325773597,1.0,0.0,0.03,0.25
169768,1737,100,9.098818060010672,1.0,0.0,0.03,0.25
169826,1738,58,-235.33374126255512,0.0,1.0,0.03,0.25
169928,1739,102,2.879149690270424,1.0,0.0,0.03,0.25
170033,1740,105,-7.152421250939369,1.0,0.0,0.03,0.25
170144,1741,111,1.727190694771707,1.0,0.0,0.03,0.25
170227,1742,83,58.27363741397858,1.0,0.0,0.03,0.25
170331,1743,104,59.45819403976202,1.0,0.0,0.03,0.25
170443,1744,112,3.290626600384712,1.0,0.0,0.03,0.25
170551,1745,108,-3.1153183467686176,1.0,0.0,0.03,0.25
170659,1746,108,35.529253758490086,1.0,0.0,0.03,0.25
170764,1747,105,16.221305038332957,1.0,0.0,0.03,0.25
170874,1748,110,1.4123829300515354,1.0,0.0,0.03,0.25
170986,1749,112,-9.803940284997225,1.0,0.0,0.03,0.25
171069,1750,83,60.37363761663437,1.0,0.0,0.03,0.25
171172,1751,103,36.700822956860065,1.0,0.0,0.03,0.25
171284,1752,112,38.057023249566555,1.0,0.0,0.03,0.25
171397,1753,113,-3.4790382497012615,1.0,0.0,0.03,0.25
171454,1754,57,-251.2925894856453,0.0,1.0,0.03,0.25
171566,1755,112,19.07765868826391,1.0,0.0,0.03,0.25
171673,1756,107,7.187907312065363,1.0,0.0,0.03,0.25
171779,1757,106,-5.852760971523821,1.0,0.0,0.03,0.25
171884,1758,105,26.458332929760218,1.0,0.0,0.03,0.25
171984,1759,100,31.723126471042633,1.0,0.0,0.03,0.25
172094,1760,110,33.1537944637239,1.0,0.0,0.03,0.25
172202,1761,108,-14.031627930700779,1.0,0.0,0.03,0.25
172318,1762,116,-10.498355076648295,1.0,0.0,0.03,0.25
172388,1763,70,-250.51940293610096,0.0,1.0,0.03,0.25
172494,1764,106,53.05265290304669,1.0,0.0,0.03,0.25
172602,1765,108,55.84485547989607,1.0,0.0,0.03,0.25
172712,1766,110,31.300616309046745,1.0,0.0,0.03,0.25
172812,1767,100,37.47767612710595,1.0,0.0,0.03,0.25
172919,1768,107,-23.31697477400303,1.0,0.0,0.03,0.25
173030,1769,111,46.203766494989395,1.0,0.0,0.03,0.25
173139,1770,109,39.16363316401839,1.0,0.0,0.03,0.25
173253,1771,114,-31.529200807213783,1.0,0.0,0.03,0.25
173365,1772,112,36.28586707264185,1.0,0.0,0.03,0.25
173470,1773,105,-0.2650666171684861,1.0,0.0,0.03,0.25
173573,1774,103,-101.4665065035224,1.0,0.0,0.03,0.25
173670,1775,97,30.6374249458313,1.0,0.0,0.03,0.25
173772,1776,102,63.80390302091837,1.0,0.0,0.03,0.25
173869,1777,97,47.40401254885364,1.0,0.0,0.03,0.25
173972,1778,103,16.644422203302383,1.0,0.0,0.03,0.25
174071,1779,99,13.08565167710185,1.0,0.0,0.03,0.25
174181,1780,110,-41.13086361810565,1.0,0.0,0.03,0.25
174293,1781,112,-70.47274489700794,1.0,0.0,0.03,0.25
174403,1782,110,-50.32722226949409,1.0,0.0,0.03,0.25
174509,1783,106,-97.33133464679122,1.0,0.0,0.03,0.25
174618,1784,109,33.36273946613073,1.0,0.0,0.03,0.25
174724,1785,106,55.637726701796055,1.0,0.0,0.03,0.25
174786,1786,62,-249.73380505293608,0.0,1.0,0.03,0.25
174892,1787,106,60.22397821396589,1.0,0.0,0.03,0.25
175004,1788,112,4.354608669877052,1.0,0.0,0.03,0.25
175073,1789,69,-229.98894278751686,0.0,1.0,0.03,0.25
175180,1790,107,65.90396700799465,1.0,0.0,0.03,0.25
175286,1791,106,19.218709971755743,1.0,0.0,0.03,0.25
175393,1792,107,43.7478733882308,1.0,0.0,0.03,0.25
175476,1793,83,52.57363748550415,1.0,0.0,0.03,0.25
175590,1794,114,-50.028136380016804,1.0,0.0,0.03,0.25
175691,1795,101,40.409573554992676,1.0,0.0,0.03,0.25
175789,1796,98,20.35167371062562,1.0,0.0,0.03,0.25
175899,1797,110,51.578484922647476,1.0,0.0,0.03,0.25
176009,1798,110,21.865771014243364,1.0,0.0,0.03,0.25
176122,1799,113,-74.20098359137774,1.0,0.0,0.03,0.25
176178,1800,56,-193.60996420681477,0.0,1.0,0.03,0.25
176261,1801,83,57.52363768219948,1.0,0.0,0.03,0.25
176363,1802,102,25.097155902534723,1.0,0.0,0.03,0.25
176465,1803,102,38.446595057845116,1.0,0.0,0.03,0.25
176569,1804,104,6.788576364517212,1.0,0.0,0.03,0.25
176678,1805,109,20.695141311734915,1.0,0.0,0.03,0.25
176790,1806,112,-19.12418924085796,1.0,0.0,0.03,0.25
176893,1807,103,55.3896556571126,1.0,0.0,0.03,0.25
177001,1808,108,42.49655898287892,1.0,0.0,0.03,0.25
177105,1809,104,-1.8205581530928612,1.0,0.0,0.03,0.25
177216,1810,111,28.17781288176775,1.0,0.0,0.03,0.25
177323,1811,107,48.60467839241028,1.0,0.0,0.03,0.25
177406,1812,83,69.6736376285553,1.0,0.0,0.03,0.25
177502,1813,96,14.231809332966805,1.0,0.0,0.03,0.25
177606,1814,104,-2.241192303597927,1.0,0.0,0.03,0.25
177672,1815,66,-272.37062860280275,0.0,1.0,0.03,0.25
177788,1816,116,40.47573205828667,1.0,0.0,0.03,0.25
177897,1817,109,16.620983983855695,1.0,0.0,0.03,0.25
178007,1818,110,38.61058147996664,1.0,0.0,0.03,0.25
178116,1819,109,39.739269748330116,1.0,0.0,0.03,0.25
178230,1820,114,30.161890164017677,1.0,0.0,0.03,0.25
178343,1821,113,21.933394826948643,1.0,0.0,0.03,0.25
178426,1822,83,66.8236375451088,1.0,0.0,0.03,0.25
178534,1823,108,-19.68586214678362,1.0,0.0,0.03,0.25
178643,1824,109,-28.06854267977178,1.0,0.0,0.03,0.25
178758,1825,115,36.72755954787135,1.0,0.0,0.03,0.25
178858,1826,100,37.89279489219189,1.0,0.0,0.03,0.25
178941,1827,83,63.97363758087158,1.0,0.0,0.03,0.25
179051,1828,110,-37.93673087283969,1.0,0.0,0.03,0.25
179154,1829,103,-8.008119543083012,1.0,0.0,0.03,0.25
179262,1830,108,-15.798895578831434,1.0,0.0,0.03,0.25
179367,1831,105,39.916768200695515,1.0,0.0,0.03,0.25
179475,1832,108,-54.39028853550553,1.0,0.0,0.03,0.25
179577,1833,102,7.890301256928069,1.0,0.0,0.03,0.25
179690,1834,113,41.49868829548359,1.0,0.0,0.03,0.25
179796,1835,106,50.76322488486767,1.0,0.0,0.03,0.25
179906,1836,110,20.88673094616388,1.0,0.0,0.03,0.25
180014,1837,108,-11.194330320693552,1.0,0.0,0.03,0.25
180122,1838,108,23.36390383169055,1.0,0.0,0.03,0.25
180234,1839,112,-33.55435225740075,1.0,0.0,0.03,0.25
180345,1840,111,-48.895490519702435,1.0,0.0,0.03,0.25
180457,1841,112,-11.88989123047213,1.0,0.0,0.03,0.25
180540,1842,83,61.12363746762276,1.0,0.0,0.03,0.25
180607,1843,67,-209.3653525337577,0.0,1.0,0.03,0.25
180668,1844,61,-236.22900086641312,0.0,1.0,0.03,0.25
180774,1845,106,-53.43342923372984,1.0,0.0,0.03,0.25
180841,1846,67,-215.21833651140332,0.0,1.0,0.03,0.25
180943,1847,102,-4.90133485943079,1.0,0.0,0.03,0.25
181051,1848,108,42.8982031904161,1.0,0.0,0.03,0.25
181137,1849,86,44.963663816452026,1.0,0.0,0.03,0.25
181247,1850,110,41.45892582088709,1.0,0.0,0.03,0.25
181358,1851,111,6.806909457329311,1.0,0.0,0.03,0.25
181436,1852,78,-130.47860503569245,0.0,1.0,0.03,0.25
181543,1853,107,49.04681006073952,1.0,0.0,0.03,0.25
181604,1854,61,-195.838823068887,0.0,1.0,0.03,0.25
181713,1855,109,26.11396761192009,1.0,0.0,0.03,0.25
181817,1856,104,63.080895639956,1.0,0.0,0.03,0.25
181878,1857,61,-204.2209063358605,0.0,1.0,0.03,0.25
181988,1858,110,32.306095477193594,1.0,0.0,0.03,0.25
182102,1859,114,-32.81753397732973,1.0,0.0,0.03,0.25
182156,1860,54,-195.33114447444677,0.0,1.0,0.03,0.25
182256,1861,100,25.547499369829893,1.0,0.0,0.03,0.25
182358,1862,102,38.044596178951906,1.0,0.0,0.03,0.25
182463,1863,105,4.291206832975149,1.0,0.0,0.03,0.25
182539,1864,76,-247.85964198037982,0.0,1.0,0.03,0.25
182652,1865,113,42.378882862627506,1.0,0.0,0.03,0.25
182753,1866,101,60.85908078402281,1.0,0.0,0.03,0.25
182858,1867,105,42.644293174147606,1.0,0.0,0.03,0.25
182963,1868,105,54.938102792948484,1.0,0.0,0.03,0.25
183063,1869,100,-5.1337287947535515,1.0,0.0,0.03,0.25
183163,1870,100,67.05510231107473,1.0,0.0,0.03,0.25
183246,1871,83,61.12363776564598,1.0,0.0,0.03,0.25
183300,1872,54,-160.47746194899082,0.0,1.0,0.03,0.25
183403,1873,103,1.8435296001844108,1.0,0.0,0.03,0.25
183464,1874,61,-251.11372551321983,0.0,1.0,0.03,0.25
183577,1875,113,38.17119198665023,1.0,0.0,0.03,0.25
183674,1876,97,56.497567631304264,1.0,0.0,0.03,0.25
183788,1877,114,48.23535465449095,1.0,0.0,0.03,0.25
183893,1878,105,36.66240654885769,1.0,0.0,0.03,0.25
184002,1879,109,49.97666359692812,1.0,0.0,0.03,0.25
184085,1880,83,58.27363741397858,1.0,0.0,0.03,0.25
184139,1881,54,-220.50144170969725,0.0,1.0,0.03,0.25
184251,1882,112,26.181214414536953,1.0,0.0,0.03,0.25
184358,1883,107,21.734145417809486,1.0,0.0,0.03,0.25
184461,1884,103,28.98136917455122,1.0,0.0,0.03,0.25
184544,1885,83,49.723637729883194,1.0,0.0,0.03,0.25
184652,1886,108,8.127916323952377,1.0,0.0,0.03,0.25
184735,1887,83,63.97363746166229,1.0,0.0,0.03,0.25
184834,1888,99,42.51088999211788,1.0,0.0,0.03,0.25
184936,1889,102,57.83041913388297,1.0,0.0,0.03,0.25
185005,1890,69,-211.17923363298178,0.0,1.0,0.03,0.25
185112,1891,107,13.83175241574645,1.0,0.0,0.03,0.25
185195,1892,83,61.12363761663437,1.0,0.0,0.03,0.25
185305,1893,110,41.33660430461168,1.0,0.0,0.03,0.25
185411,1894,106,31.427281498908997,1.0,0.0,0.03,0.25
185524,1895,113,36.820615723729134,1.0,0.0,0.03,0.25
185632,1896,108,-3.911981225013733,1.0,0.0,0.03,0.25
185742,1897,110,9.324374116491526,1.0,0.0,0.03,0.25
185845,1898,103,36.59893363341689,1.0,0.0,0.03,0.25
185950,1899,105,50.638475485146046,1.0,0.0,0.03,0.25
186050,1900,100,57.62317072600126,1.0,0.0,0.03,0.25
186159,1901,109,8.912598125636578,1.0,0.0,0.03,0.25
186259,1902,100,51.1356135122478,1.0,0.0,0.03,0.25
186342,1903,83,63.97363746166229,1.0,0.0,0.03,0.25
186454,1904,112,63.46609616279602,1.0,0.0,0.03,0.25
186568,1905,114,-11.767562847584486,1.0,0.0,0.03,0.25
186677,1906,109,48.007006771396846,1.0,0.0,0.03,0.25
186774,1907,97,30.735110621899366,1.0,0.0,0.03,0.25
186876,1908,102,41.22863592579961,1.0,0.0,0.03,0.25
186988,1909,112,3.3787123332731426,1.0,0.0,0.03,0.25
187095,1910,107,-18.89977402659133,1.0,0.0,0.03,0.25
187156,1911,61,-217.25463339686394,0.0,1.0,0.03,0.25
187261,1912,105,-1.22301821783185,1.0,0.0,0.03,0.25
187359,1913,98,25.831431690603495,1.0,0.0,0.03,0.25
187470,1914,111,-28.201709162909538,1.0,0.0,0.03,0.25
187583,1915,113,19.4199258685112,1.0,0.0,0.03,0.25
187696,1916,113,32.56255532754585,1.0,0.0,0.03,0.25
187780,1917,84,61.43697860836983,1.0,0.0,0.03,0.25
187884,1918,104,-3.412114449311048,1.0,0.0,0.03,0.25
187997,1919,113,3.7744132205843925,1.0,0.0,0.03,0.25
188104,1920,107,54.36395577341318,1.0,0.0,0.03,0.25
188212,1921,108,26.11981599032879,1.0,0.0,0.03,0.25
188295,1922,83,66.8236375451088,1.0,0.0,0.03,0.25
188399,1923,104,-6.395906642079353,1.0,0.0,0.03,0.25
188498,1924,99,17.130044892430305,1.0,0.0,0.03,0.25
188604,1925,106,-0.9001356884837151,1.0,0.0,0.03,0.25
188707,1926,103,46.049039370846,1.0,0.0,0.03,0.25
188767,1927,60,-220.6013982705772,0.0,1.0,0.03,0.25
188877,1928,110,13.52784905768931,1.0,0.0,0.03,0.25
188947,1929,70,-233.5648611187935,0.0,1.0,0.03,0.25
189056,1930,109,50.329498536884785,1.0,0.0,0.03,0.25
189163,1931,107,37.948564283549786,1.0,0.0,0.03,0.25
189246,1932,83,63.97363770008087,1.0,0.0,0.03,0.25
189350,1933,104,20.584809701889753,1.0,0.0,0.03,0.25
189460,1934,110,60.828736536204815,1.0,0.0,0.03,0.25
189568,1935,108,37.943166960030794,1.0,0.0,0.03,0.25
189673,1936,105,23.719485824927688,1.0,0.0,0.03,0.25
189775,1937,102,3.077118296176195,1.0,0.0,0.03,0.25
189851,1938,76,-233.46945104002953,0.0,1.0,0.03,0.25
189959,1939,108,-27.8832093779929,1.0,0.0,0.03,0.25
190061,1940,102,51.613381780683994,1.0,0.0,0.03,0.25
190159,1941,98,-82.35531170710965,1.0,0.0,0.03,0.25
190261,1942,102,22.957453936338425,1.0,0.0,0.03,0.25
190359,1943,98,61.992925487458706,1.0,0.0,0.03,0.25
190469,1944,110,-29.293891560286283,1.0,0.0,0.03,0.25
190582,1945,113,-42.99334791302681,1.0,0.0,0.03,0.25
190649,1946,67,-166.7366013303399,0.0,1.0,0.03,0.25
190749,1947,100,31.90363461524248,1.0,0.0,0.03,0.25
190815,1948,66,-239.30369962751865,0.0,1.0,0.03,0.25
190926,1949,111,30.428676530718803,1.0,0.0,0.03,0.25
191035,1950,109,35.005315221846104,1.0,0.0,0.03,0.25
191118,1951,83,51.12363736331463,1.0,0.0,0.03,0.25
191178,1952,60,-208.4236206561327,0.0,1.0,0.03,0.25
191262,1953,84,61.43697854876518,1.0,0.0,0.03,0.25
191358,1954,96,36.47214788198471,1.0,0.0,0.03,0.25
191462,1955,104,56.39186880737543,1.0,0.0,0.03,0.25
191558,1956,96,-1.7008736245334148,1.0,0.0,0.03,0.25
191668,1957,110,11.38232846558094,1.0,0.0,0.03,0.25
191775,1958,107,-117.44448629394174,1.0,0.0,0.03,0.25
191879,1959,104,39.70141203701496,1.0,0.0,0.03,0.25
191989,1960,110,52.829965602606535,1.0,0.0,0.03,0.25
192058,1961,69,-235.07020354270935,0.0,1.0,0.03,0.25
192170,1962,112,9.223165232688189,1.0,0.0,0.03,0.25
192264,1963,94,45.446928791701794,1.0,0.0,0.03,0.25
192369,1964,105,34.17789717763662,1.0,0.0,0.03,0.25
192481,1965,112,10.444332814775407,1.0,0.0,0.03,0.25
192582,1966,101,33.86226577265188,1.0,0.0,0.03,0.25
192690,1967,108,33.092010005842894,1.0,0.0,0.03,0.25
192754,1968,64,-253.16202401416376,0.0,1.0,0.03,0.25
192866,1969,112,39.6551893199794,1.0,0.0,0.03,0.25
192977,1970,111,-3.60425514774397,1.0,0.0,0.03,0.25
193075,1971,98,51.91899645701051,1.0,0.0,0.03,0.25
193183,1972,108,37.04466572357342,1.0,0.0,0.03,0.25
193287,1973,104,39.86268128454685,1.0,0.0,0.03,0.25
193396,1974,109,49.70756956934929,1.0,0.0,0.03,0.25
193498,1975,102,48.29636784642935,1.0,0.0,0.03,0.25
193605,1976,107,33.90595640987158,1.0,0.0,0.03,0.25
193720,1977,115,18.407418932765722,1.0,0.0,0.03,0.25
193829,1978,109,45.75020223855972,1.0,0.0,0.03,0.25
193939,1979,110,-146.36203464120626,1.0,0.0,0.03,0.25
194038,1980,99,49.39618978649378,1.0,0.0,0.03,0.25
194137,1981,99,38.381124295294285,1.0,0.0,0.03,0.25
194245,1982,108,-34.08677325770259,1.0,0.0,0.03,0.25
194356,1983,111,-17.294474550988525,1.0,0.0,0.03,0.25
194467,1984,111,42.87119250744581,1.0,0.0,0.03,0.25
194575,1985,108,51.06443800777197,1.0,0.0,0.03,0.25
194687,1986,112,15.050674069207162,1.0,0.0,0.03,0.25
194744,1987,57,-203.8716652393341,0.0,1.0,0.03,0.25
194853,1988,109,-74.61235577613115,1.0,0.0,0.03,0.25
194959,1989,106,-29.4868764616549,1.0,0.0,0.03,0.25
195066,1990,107,41.170888248831034,1.0,0.0,0.03,0.25
195173,1991,107,-51.111719097942114,1.0,0.0,0.03,0.25
195285,1992,112,-39.147469725459814,1.0,0.0,0.03,0.25
195350,1993,65,-220.793239235878,0.0,1.0,0.03,0.25
195461,1994,111,6.98080138862133,1.0,0.0,0.03,0.25
195529,1995,68,-249.05264054285362,0.0,1.0,0.03,0.25
195637,1996,108,5.360074199736118,1.0,0.0,0.03,0.25
195720,1997,83,61.123637437820435,1.0,0.0,0.03,0.25
195833,1998,113,-3.104967619292438,1.0,0.0,0.03,0.25
195947,1999,114,-14.02455848455429,1.0,0.0,0.03,0.25
196049,2000,102,-12.669158421456814,1.0,0.0,0.03,0.25
196132,2001,83,61.123637437820435,1.0,0.0,0.03,0.25
196242,2002,110,39.39732728851959,1.0,0.0,0.03,0.25
196351,2003,109,12.320299861487001,1.0,0.0,0.03,0.25
196459,2004,108,65.25237058848143,1.0,0.0,0.03,0.25
196570,2005,111,-0.22003953531384468,1.0,0.0,0.03,0.25
196671,2006,101,31.536234247963876,1.0,0.0,0.03,0.25
196754,2007,83,63.97363758087158,1.0,0.0,0.03,0.25
196837,2008,83,63.97363755106926,1.0,0.0,0.03,0.25
196905,2009,68,-265.88119688630104,0.0,1.0,0.03,0.25
197008,2010,103,-5.897441923618317,1.0,0.0,0.03,0.25
197117,2011,109,37.243721939623356,1.0,0.0,0.03,0.25
197228,2012,111,-6.675769433379173,1.0,0.0,0.03,0.25
197338,2013,110,4.541712082922459,1.0,0.0,0.03,0.25
197451,2014,113,47.249978590756655,1.0,0.0,0.03,0.25
197559,2015,108,8.325337506830692,1.0,0.0,0.03,0.25
197666,2016,107,43.747763976454735,1.0,0.0,0.03,0.25
197767,2017,101,64.96219708770514,1.0,0.0,0.03,0.25
197878,2018,111,35.780963361263275,1.0,0.0,0.03,0.25
197990,2019,112,24.844091966748238,1.0,0.0,0.03,0.25
198103,2020,113,50.127618473023176,1.0,0.0,0.03,0.25
198212,2021,109,41.042867347598076,1.0,0.0,0.03,0.25
198325,2022,113,36.2531879581511,1.0,0.0,0.03,0.25
198434,2023,109,41.781325813382864,1.0,0.0,0.03,0.25
198537,2024,103,-25.033541660755873,1.0,0.0,0.03,0.25
198650,2025,113,39.706772818695754,1.0,0.0,0.03,0.25
198716,2026,66,-240.12783215614036,0.0,1.0,0.03,0.25
198823,2027,107,-46.79431380331516,1.0,0.0,0.03,0.25
198928,2028,105,17.378996558487415,1.0,0.0,0.03,0.25
199037,2029,109,5.728193197399378,1.0,0.0,0.03,0.25
199109,2030,72,-206.54040087759495,0.0,1.0,0.03,0.25
199220,2031,111,-41.664806824177504,1.0,0.0,0.03,0.25
199320,2032,100,53.29248804599047,1.0,0.0,0.03,0.25
199430,2033,110,27.147510953247547,1.0,0.0,0.03,0.25
199531,2034,101,49.29139971733093,1.0,0.0,0.03,0.25
199636,2035,105,36.60740194842219,1.0,0.0,0.03,0.25
199749,2036,113,37.036585442721844,1.0,0.0,0.03,0.25
199861,2037,112,-27.931866474449635,1.0,0.0,0.03,0.25
199960,2038,99,46.25979320704937,1.0,0.0,0.03,0.25
