global_step,episode,length,reward,success,collision,epsilon,temperature
63,1,63,-360.5127024054527,0.0,1.0,0.1998215,0.9992125
137,2,74,-388.5695288218558,0.0,1.0,0.19961183333333335,0.9982875
267,3,130,-400.4998592659831,0.0,0.0,0.19924350000000002,0.9966625
336,4,69,-395.31335770338774,0.0,1.0,0.199048,0.9958
396,5,60,-386.47971737384796,0.0,1.0,0.198878,0.99505
460,6,64,-380.88394916057587,0.0,1.0,0.1986966666666667,0.99425
533,7,73,-436.4747755229473,0.0,1.0,0.19848983333333334,0.9933375
600,8,67,-413.48801174759865,0.0,1.0,0.1983,0.9925
664,9,64,-342.40772760659456,0.0,1.0,0.19811866666666667,0.9917
724,10,60,-327.3919209726155,0.0,1.0,0.1979486666666667,0.99095
790,11,66,-352.10404907539487,0.0,1.0,0.19776166666666667,0.990125
852,12,62,-375.72687347978354,0.0,1.0,0.197586,0.98935
911,13,59,-378.0292522609234,0.0,1.0,0.19741883333333335,0.9886125
974,14,63,-396.65224426984787,0.0,1.0,0.19724033333333335,0.987825
1043,15,69,-363.2000543922186,0.0,1.0,0.19704483333333334,0.9869625
1101,16,58,-355.84391409903765,0.0,1.0,0.1968805,0.9862375
1164,17,63,-399.57200681464747,0.0,1.0,0.19670200000000002,0.98545
1230,18,66,-379.4131709486246,0.0,1.0,0.19651500000000002,0.984625
1290,19,60,-339.2621905580163,0.0,1.0,0.19634500000000002,0.983875
1347,20,57,-372.5793010890484,0.0,1.0,0.1961835,0.9831625
1405,21,58,-350.80200858414173,0.0,1.0,0.1960191666666667,0.9824375
1463,22,58,-321.5702709555626,0.0,1.0,0.19585483333333334,0.9817125
1593,23,130,-260.2896522991359,0.0,0.0,0.1954865,0.9800875
1649,24,56,-327.68829368054867,0.0,1.0,0.19532783333333334,0.9793875
1721,25,72,-389.2420782633126,0.0,1.0,0.19512383333333333,0.9784875
1798,26,77,-413.313782684505,0.0,1.0,0.19490566666666667,0.977525
1863,27,65,-386.39608338847756,0.0,1.0,0.19472150000000002,0.9767125
1993,28,130,-258.0174642652273,0.0,0.0,0.1943531666666667,0.9750875
2103,29,110,-42.86335080116987,1.0,0.0,0.1940415,0.9737125
2214,30,111,-36.10903173685074,1.0,0.0,0.193727,0.972325
2316,31,102,-69.49429833516479,1.0,0.0,0.193438,0.97105
2378,32,62,-192.99021945893764,0.0,1.0,0.19326233333333334,0.970275
2444,33,66,-202.91572424769402,0.0,1.0,0.19307533333333335,0.96945
2557,34,113,-8.273164309561253,1.0,0.0,0.19275516666666667,0.9680375
2639,35,82,-171.56668189540505,0.0,1.0,0.19252283333333334,0.9670125
2750,36,111,-35.14637177437544,1.0,0.0,0.19220833333333334,0.965625
2857,37,107,-105.21944240480661,1.0,0.0,0.19190516666666668,0.9642875
2979,38,122,-66.78747779130936,1.0,0.0,0.19155950000000002,0.9627625
3087,39,108,-30.542833037674427,1.0,0.0,0.19125350000000002,0.9614125
3203,40,116,-85.4920997992158,1.0,0.0,0.19092483333333335,0.9599625
3320,41,117,-73.30181463523331,1.0,0.0,0.19059333333333334,0.9585
3427,42,107,-32.967864111065865,1.0,0.0,0.19029016666666668,0.9571625
3538,43,111,-68.87821986526251,1.0,0.0,0.18997566666666668,0.955775
3640,44,102,-8.437532380223274,1.0,0.0,0.18968666666666667,0.9545
3753,45,113,-24.441008135676384,1.0,0.0,0.18936650000000002,0.9530875
3862,46,109,-73.63826331496239,1.0,0.0,0.18905766666666668,0.951725
3992,47,130,-105.44933941960335,0.0,0.0,0.18868933333333335,0.9501
4049,48,57,-206.27355527225882,0.0,1.0,0.18852783333333334,0.9493875
4122,49,73,-194.53134627640247,0.0,1.0,0.18832100000000002,0.948475
4240,50,118,-54.59845904260874,1.0,0.0,0.1879866666666667,0.947
4353,51,113,-36.486964624840766,1.0,0.0,0.1876665,0.9455875
4473,52,120,-54.496641997713596,1.0,0.0,0.1873265,0.9440875
4575,53,102,-21.788874593563378,1.0,0.0,0.18703750000000002,0.9428125
4650,54,75,-173.8678047657013,0.0,1.0,0.18682500000000002,0.941875
4760,55,110,-17.91113405674696,1.0,0.0,0.18651333333333334,0.9405
4871,56,111,-111.47406995296478,1.0,0.0,0.18619883333333334,0.9391125
4972,57,101,-51.339638967067,1.0,0.0,0.18591266666666667,0.93785
5093,58,121,-79.84590857150033,1.0,0.0,0.18556983333333335,0.9363375
5181,59,88,14.348120108246803,1.0,0.0,0.1853205,0.9352374999999999
5285,60,104,5.25792284309864,1.0,0.0,0.18502583333333333,0.9339375
5398,61,113,-32.42010096134618,1.0,0.0,0.18470566666666668,0.932525
5513,62,115,-58.68650522828102,1.0,0.0,0.18437983333333335,0.9310875
5623,63,110,-21.05463908240199,1.0,0.0,0.18406816666666667,0.9297124999999999
5734,64,111,-75.02988962829113,1.0,0.0,0.18375366666666668,0.9283250000000001
5842,65,108,-1.3945906199514866,1.0,0.0,0.18344766666666668,0.926975
5953,66,111,-38.94642820954323,1.0,0.0,0.18313316666666668,0.9255875
6062,67,109,-82.15819115191698,1.0,0.0,0.18282433333333334,0.924225
6133,68,71,-156.44880739226937,0.0,1.0,0.18262316666666667,0.9233375
6253,69,120,-22.222853865474463,1.0,0.0,0.18228316666666666,0.9218375
6324,70,71,-179.96950606673636,0.0,1.0,0.18208200000000002,0.92095
6388,71,64,-203.95931950162048,0.0,1.0,0.18190066666666668,0.92015
6493,72,105,-20.931126963794668,1.0,0.0,0.18160316666666668,0.9188375
6611,73,118,-52.79121417272836,1.0,0.0,0.18126883333333335,0.9173625
6720,74,109,-21.405302554834634,1.0,0.0,0.18096,0.916
6785,75,65,-222.35459338873625,0.0,1.0,0.18077583333333336,0.9151875
6891,76,106,-44.42050392925739,1.0,0.0,0.1804755,0.9138625
6998,77,107,-3.101138365454972,1.0,0.0,0.18017233333333335,0.912525
7112,78,114,-48.992908485233784,1.0,0.0,0.17984933333333333,0.9111
7196,79,84,34.88698200881481,1.0,0.0,0.17961133333333335,0.91005
7299,80,103,-8.524266947060823,1.0,0.0,0.17931950000000002,0.9087625
7358,81,59,-193.81087067443877,0.0,1.0,0.17915233333333336,0.908025
7434,82,76,-243.41438074409962,0.0,1.0,0.178937,0.907075
7543,83,109,-34.88601219654083,1.0,0.0,0.17862816666666667,0.9057125
7654,84,111,-83.40038355346769,1.0,0.0,0.17831366666666668,0.904325
7769,85,115,-98.36694733053446,1.0,0.0,0.17798783333333335,0.9028875
7873,86,104,-65.41542860120535,1.0,0.0,0.17769316666666668,0.9015875
7985,87,112,-19.507532116491348,1.0,0.0,0.17737583333333334,0.9001875
8093,88,108,-28.12369321192091,1.0,0.0,0.17706983333333334,0.8988375
8159,89,66,-188.59123099641874,0.0,1.0,0.17688283333333335,0.8980125
8265,90,106,3.1819148883223534,1.0,0.0,0.1765825,0.8966875
8368,91,103,-34.98647532612085,1.0,0.0,0.17629066666666668,0.8954
8472,92,104,-23.370141935069114,1.0,0.0,0.175996,0.8941
8579,93,107,-48.543132960796356,1.0,0.0,0.17569283333333335,0.8927625
8695,94,116,-14.315477900207043,1.0,0.0,0.17536416666666668,0.8913125
8803,95,108,-26.13809922337532,1.0,0.0,0.17505816666666668,0.8899625
8871,96,68,-209.0473878257908,0.0,1.0,0.1748655,0.8891125
8987,97,116,-21.135632414370775,1.0,0.0,0.17453683333333334,0.8876625
9089,98,102,-54.1773938536644,1.0,0.0,0.17424783333333335,0.8863875
9197,99,108,3.475289936643094,1.0,0.0,0.17394183333333335,0.8850375
9312,100,115,-42.43399181077257,1.0,0.0,0.17361600000000002,0.8835999999999999
9419,101,107,-28.791145619470626,1.0,0.0,0.17331283333333333,0.8822625
9520,102,101,-30.634435233165277,1.0,0.0,0.17302666666666666,0.881
9629,103,109,-46.93254838231951,1.0,0.0,0.17271783333333335,0.8796375
9742,104,113,-36.79300905019045,1.0,0.0,0.17239766666666667,0.878225
9852,105,110,-84.41558479517698,1.0,0.0,0.17208600000000002,0.87685
9910,106,58,-246.3214804381132,0.0,1.0,0.17192166666666667,0.876125
9995,107,85,27.70032348483801,1.0,0.0,0.17168083333333334,0.8750625
10105,108,110,-42.65688446909189,1.0,0.0,0.17136916666666668,0.8736875
10209,109,104,-59.85280733555555,1.0,0.0,0.17107450000000002,0.8723875
10322,110,113,-6.587098069489002,1.0,0.0,0.17075433333333334,0.870975
10433,111,111,-33.511541249987204,1.0,0.0,0.17043983333333335,0.8695875
10543,112,110,-6.498853610828519,1.0,0.0,0.1701281666666667,0.8682125
10655,113,112,-33.38097079610452,1.0,0.0,0.16981083333333336,0.8668125
10762,114,107,-38.78852918371558,1.0,0.0,0.16950766666666667,0.865475
10871,115,109,-8.332422249019146,1.0,0.0,0.16919883333333335,0.8641125000000001
10982,116,111,-131.85956364218146,1.0,0.0,0.16888433333333336,0.862725
11095,117,113,-137.2324500498362,1.0,0.0,0.16856416666666668,0.8613124999999999
11207,118,112,-12.68225722014904,1.0,0.0,0.16824683333333335,0.8599125
11309,119,102,-124.77384171076119,1.0,0.0,0.16795783333333333,0.8586374999999999
11392,120,83,25.823637634515762,1.0,0.0,0.1677226666666667,0.8576
11476,121,84,31.53697833046317,1.0,0.0,0.16748466666666667,0.85655
11586,122,110,-54.56135147437453,1.0,0.0,0.16717300000000002,0.855175
11703,123,117,-30.273781158030033,1.0,0.0,0.1668415,0.8537125
11812,124,109,-116.109041120857,1.0,0.0,0.16653266666666666,0.8523499999999999
11920,125,108,-115.50995809957385,1.0,0.0,0.1662266666666667,0.851
12033,126,113,-2.7832722291350365,1.0,0.0,0.1659065,0.8495874999999999
12142,127,109,-6.401916320435703,1.0,0.0,0.16559766666666667,0.848225
12246,128,104,-16.905102476477623,1.0,0.0,0.165303,0.8469249999999999
12356,129,110,-89.79193722456694,1.0,0.0,0.16499133333333335,0.84555
12467,130,111,-52.27370722964406,1.0,0.0,0.16467683333333333,0.8441625
12573,131,106,-85.98061488196254,1.0,0.0,0.1643765,0.8428375
12689,132,116,-37.57523159682751,1.0,0.0,0.16404783333333334,0.8413875
12807,133,118,-60.060123298317194,1.0,0.0,0.1637135,0.8399125000000001
12919,134,112,-22.479745883494616,1.0,0.0,0.16339616666666668,0.8385125
13024,135,105,-82.7900667861104,1.0,0.0,0.16309866666666667,0.8371999999999999
13108,136,84,23.986982196569443,1.0,0.0,0.16286066666666668,0.83615
13217,137,109,-9.314402639865875,1.0,0.0,0.16255183333333334,0.8347875
13320,138,103,-20.19037094153464,1.0,0.0,0.16226000000000002,0.8335
13433,139,113,-74.62911409558728,1.0,0.0,0.16193983333333334,0.8320875
13548,140,115,-10.54027395369485,1.0,0.0,0.161614,0.83065
13660,141,112,-26.14715211139992,1.0,0.0,0.16129666666666667,0.82925
13766,142,106,4.574380233883858,1.0,0.0,0.16099633333333335,0.827925
13855,143,89,23.803685754537582,1.0,0.0,0.1607441666666667,0.8268125
13938,144,83,33.673637956380844,1.0,0.0,0.160509,0.8257749999999999
14003,145,65,-231.60617242753506,0.0,1.0,0.16032483333333333,0.8249625
14111,146,108,-16.22022021561861,1.0,0.0,0.16001883333333333,0.8236125
14215,147,104,-36.36519683897495,1.0,0.0,0.15972416666666667,0.8223125
14330,148,115,-22.958686747122556,1.0,0.0,0.15939833333333334,0.820875
14429,149,99,13.404369994997978,1.0,0.0,0.15911783333333335,0.8196375
14532,150,103,-9.97406603069976,1.0,0.0,0.15882600000000002,0.81835
14634,151,102,-126.9431795887649,1.0,0.0,0.158537,0.817075
14742,152,108,-19.603457055985928,1.0,0.0,0.158231,0.815725
14859,153,117,-15.518981796689332,1.0,0.0,0.1578995,0.8142625
14970,154,111,-41.34228414576501,1.0,0.0,0.157585,0.812875
15087,155,117,-15.074162561446428,1.0,0.0,0.1572535,0.8114125
15174,156,87,27.636637769639492,1.0,0.0,0.157007,0.810325
15241,157,67,-158.54230635613203,0.0,1.0,0.15681716666666667,0.8094875
15324,158,83,33.37363785505295,1.0,0.0,0.156582,0.80845
15442,159,118,-43.80263510346413,1.0,0.0,0.15624766666666667,0.806975
15556,160,114,-1.6699877232313156,1.0,0.0,0.15592466666666668,0.80555
15672,161,116,-30.041992221027613,1.0,0.0,0.155596,0.8041
15783,162,111,-8.738904816098511,1.0,0.0,0.15528150000000002,0.8027124999999999
15891,163,108,3.3202750980854034,1.0,0.0,0.15497550000000002,0.8013625
15999,164,108,-9.816633880138397,1.0,0.0,0.15466950000000002,0.8000125
16117,165,118,-54.366590172983706,1.0,0.0,0.1543351666666667,0.7985375
16223,166,106,-39.870301604270935,1.0,0.0,0.15403483333333334,0.7972125
16306,167,83,12.223637357354164,1.0,0.0,0.15379966666666667,0.7961750000000001
16417,168,111,-28.87952631432563,1.0,0.0,0.15348516666666667,0.7947875
16519,169,102,1.1789057403802872,1.0,0.0,0.1531961666666667,0.7935125000000001
16636,170,117,-85.43173994123936,1.0,0.0,0.15286466666666668,0.79205
16746,171,110,-59.109886445105076,1.0,0.0,0.152553,0.790675
16846,172,100,-27.48929201858118,1.0,0.0,0.1522696666666667,0.789425
16960,173,114,-15.65262437146157,1.0,0.0,0.15194666666666667,0.788
17065,174,105,-6.534518466331065,1.0,0.0,0.15164916666666667,0.7866875
17176,175,111,9.200824283063412,1.0,0.0,0.15133466666666667,0.7853
17292,176,116,-31.883121049497277,1.0,0.0,0.151006,0.7838499999999999
17404,177,112,-1.586950664408505,1.0,0.0,0.1506886666666667,0.7824500000000001
17489,178,85,42.100322872400284,1.0,0.0,0.15044783333333334,0.7813875
17595,179,106,-122.42119750380516,1.0,0.0,0.1501475,0.7800625
17703,180,108,-1.983028620481491,1.0,0.0,0.14984150000000002,0.7787125
17816,181,113,-0.26156461983919144,1.0,0.0,0.14952133333333334,0.7773
17901,182,85,20.411397024989128,1.0,0.0,0.1492805,0.7762375
18006,183,105,-22.655051432549953,1.0,0.0,0.148983,0.7749250000000001
18124,184,118,10.068271718919277,1.0,0.0,0.14864866666666668,0.77345
18231,185,107,-22.10907630296424,1.0,0.0,0.14834550000000002,0.7721125
18284,186,53,-168.49993288516998,0.0,1.0,0.14819533333333335,0.77145
18347,187,63,-177.78053030744195,0.0,1.0,0.14801683333333335,0.7706625
18455,188,108,-6.7618291191756725,1.0,0.0,0.14771083333333335,0.7693125000000001
18540,189,85,24.660905718803406,1.0,0.0,0.14747000000000002,0.76825
18600,190,60,-181.8973427787423,0.0,1.0,0.14730000000000001,0.7675000000000001
18708,191,108,-9.69946301728487,1.0,0.0,0.146994,0.76615
18819,192,111,1.26081083714962,1.0,0.0,0.14667950000000002,0.7647625
18926,193,107,-18.619845394045115,1.0,0.0,0.14637633333333333,0.763425
19032,194,106,-22.254400963895023,1.0,0.0,0.146076,0.7621
19153,195,121,-17.030668038874865,1.0,0.0,0.1457331666666667,0.7605875
19217,196,64,-232.1774998009205,0.0,1.0,0.14555183333333335,0.7597875000000001
19320,197,103,-90.9089261777699,1.0,0.0,0.14526,0.7585
19427,198,107,-39.93881643470377,1.0,0.0,0.14495683333333334,0.7571625
19538,199,111,-3.622325228061527,1.0,0.0,0.14464233333333334,0.755775
19654,200,116,-9.57237492222339,1.0,0.0,0.14431366666666667,0.754325
19734,201,80,-223.88685983419418,0.0,1.0,0.144087,0.753325
19846,202,112,-14.568863734602928,1.0,0.0,0.14376966666666668,0.751925
19956,203,110,4.800306227058172,1.0,0.0,0.143458,0.75055
20055,204,99,30.089284241199493,1.0,0.0,0.1431775,0.7493125
20156,205,101,23.63866499811411,1.0,0.0,0.14289133333333334,0.74805
20259,206,103,-75.85913908481598,1.0,0.0,0.1425995,0.7467625
20363,207,104,-19.566980835516006,1.0,0.0,0.14230483333333335,0.7454625
20446,208,83,53.373637691140175,1.0,0.0,0.14206966666666668,0.744425
20559,209,113,-8.31739716231823,1.0,0.0,0.1417495,0.7430125
20675,210,116,-9.953444734215736,1.0,0.0,0.14142083333333333,0.7415625
20784,211,109,4.490361161530018,1.0,0.0,0.14111200000000002,0.7402
20893,212,109,-16.89530937653035,1.0,0.0,0.14080316666666667,0.7388375
21002,213,109,-38.78722266852856,1.0,0.0,0.14049433333333333,0.737475
21113,214,111,-0.5110391415655613,1.0,0.0,0.14017983333333334,0.7360875
21225,215,112,8.839259047061205,1.0,0.0,0.1398625,0.7346874999999999
21341,216,116,-77.82960423454642,1.0,0.0,0.13953383333333333,0.7332375
21453,217,112,-0.11066975444555283,1.0,0.0,0.13921650000000002,0.7318375
21568,218,115,-108.58406978659332,1.0,0.0,0.13889066666666666,0.7303999999999999
21683,219,115,12.288952629081905,1.0,0.0,0.13856483333333333,0.7289625
21795,220,112,-84.54981191456318,1.0,0.0,0.1382475,0.7275625
21867,221,72,-255.99107441306114,0.0,1.0,0.1380435,0.7266625
21939,222,72,-159.55424685960315,0.0,1.0,0.1378395,0.7257625000000001
21996,223,57,-251.54379940405488,0.0,1.0,0.13767800000000002,0.72505
22079,224,83,26.023638278245926,1.0,0.0,0.13744283333333335,0.7240125
22188,225,109,-5.628080748021603,1.0,0.0,0.137134,0.72265
22293,226,105,2.0187268746085465,1.0,0.0,0.13683650000000003,0.7213375
22376,227,83,16.47363743931055,1.0,0.0,0.13660133333333335,0.7202999999999999
22483,228,107,-19.159707561135292,1.0,0.0,0.13629816666666666,0.7189625
22596,229,113,-31.932918978389353,1.0,0.0,0.135978,0.71755
22705,230,109,19.465634059160948,1.0,0.0,0.13566916666666667,0.7161875
22822,231,117,3.1992544042877853,1.0,0.0,0.1353376666666667,0.714725
22932,232,110,23.463669136166573,1.0,0.0,0.135026,0.71335
23015,233,83,52.47363755106926,1.0,0.0,0.13479083333333336,0.7123125
23122,234,107,-10.475280897691846,1.0,0.0,0.13448766666666667,0.7109749999999999
23203,235,81,-169.44280771212652,0.0,1.0,0.13425816666666668,0.7099625
23294,236,91,36.930368572473526,1.0,0.0,0.13400033333333333,0.708825
23401,237,107,-65.58766328170896,1.0,0.0,0.13369716666666667,0.7074875
23485,238,84,31.63698261976242,1.0,0.0,0.13345916666666668,0.7064375
23598,239,113,-7.173276648391038,1.0,0.0,0.133139,0.705025
23710,240,112,-14.17901431163773,1.0,0.0,0.13282166666666667,0.703625
23817,241,107,2.04342801310122,1.0,0.0,0.13251849999999998,0.7022875
23928,242,111,-42.87584864348173,1.0,0.0,0.132204,0.7009000000000001
24047,243,119,-71.57537882588804,1.0,0.0,0.13186683333333332,0.6994125
24153,244,106,-80.43263193964958,1.0,0.0,0.1315665,0.6980875
24265,245,112,-18.797403801232576,1.0,0.0,0.1312491666666667,0.6966875
24372,246,107,-21.658166237175465,1.0,0.0,0.130946,0.69535
24466,247,94,-26.143831230700016,1.0,0.0,0.13067966666666667,0.694175
24576,248,110,-7.572745873127133,1.0,0.0,0.13036799999999998,0.6928
24687,249,111,-4.4078317657113075,1.0,0.0,0.1300535,0.6914125
24802,250,115,-20.214323117863387,1.0,0.0,0.12972766666666669,0.689975
24880,251,78,-245.6712833493948,0.0,1.0,0.12950666666666666,0.6890000000000001
24993,252,113,-83.5133856870234,1.0,0.0,0.1291865,0.6875875
25097,253,104,28.381154641509056,1.0,0.0,0.12889183333333334,0.6862874999999999
25208,254,111,6.946597901172936,1.0,0.0,0.12857733333333332,0.6849
25320,255,112,-15.460804775357246,1.0,0.0,0.12826,0.6835
25439,256,119,-3.8960673436522484,1.0,0.0,0.12792283333333335,0.6820125
25545,257,106,5.589388757478446,1.0,0.0,0.1276225,0.6806875
25656,258,111,-33.49833408836275,1.0,0.0,0.127308,0.6793
25769,259,113,-60.78103167936206,1.0,0.0,0.12698783333333336,0.6778875
25882,260,113,-29.511666596848954,1.0,0.0,0.12666766666666668,0.6764749999999999
25994,261,112,-75.35985374078155,1.0,0.0,0.12635033333333334,0.675075
26108,262,114,-7.994431048631668,1.0,0.0,0.12602733333333332,0.6736500000000001
26206,263,98,-1.149655856192112,1.0,0.0,0.12574966666666665,0.672425
26311,264,105,11.827680494170636,1.0,0.0,0.12545216666666667,0.6711125
26420,265,109,13.68410140555352,1.0,0.0,0.12514333333333333,0.66975
26528,266,108,26.666224513202906,1.0,0.0,0.12483733333333334,0.6684
26649,267,121,5.347891099750996,1.0,0.0,0.12449450000000001,0.6668875000000001
26759,268,110,-7.850441552698612,1.0,0.0,0.12418283333333334,0.6655125
26870,269,111,-58.627240903675556,1.0,0.0,0.12386833333333333,0.664125
26970,270,100,-0.17832687540794723,1.0,0.0,0.123585,0.662875
27078,271,108,4.430556803941727,1.0,0.0,0.12327900000000001,0.661525
27180,272,102,0.00899503380060196,1.0,0.0,0.12299,0.66025
27263,273,83,40.87363739311695,1.0,0.0,0.12275483333333334,0.6592125
27375,274,112,-36.720178205519915,1.0,0.0,0.1224375,0.6578125
27477,275,102,13.966694306116551,1.0,0.0,0.12214850000000001,0.6565375
27587,276,110,-5.483984395861626,1.0,0.0,0.12183683333333334,0.6551625
27661,277,74,-198.70045744719027,0.0,1.0,0.12162716666666668,0.6542375
27766,278,105,-23.642691373825073,1.0,0.0,0.12132966666666667,0.652925
27849,279,83,33.823637545108795,1.0,0.0,0.12109450000000001,0.6518875
27955,280,106,-25.081902094185352,1.0,0.0,0.12079416666666667,0.6505625
28067,281,112,10.738525941967964,1.0,0.0,0.12047683333333334,0.6491625
28178,282,111,-22.666214257478714,1.0,0.0,0.12016233333333334,0.647775
28254,283,76,-245.32065859483555,0.0,1.0,0.11994700000000001,0.646825
28321,284,67,-231.478496348951,0.0,1.0,0.11975716666666668,0.6459875
28430,285,109,-22.866911094635725,1.0,0.0,0.11944833333333334,0.644625
28539,286,109,-92.82778587937355,1.0,0.0,0.11913950000000001,0.6432625
28654,287,115,-49.384266033768654,1.0,0.0,0.11881366666666668,0.6418250000000001
28762,288,108,-23.958586753346026,1.0,0.0,0.11850766666666668,0.640475
28873,289,111,-37.47463143989444,1.0,0.0,0.11819316666666667,0.6390875
28980,290,107,-24.200013761408627,1.0,0.0,0.11789000000000001,0.63775
29063,291,83,32.92363786697388,1.0,0.0,0.11765483333333333,0.6367125
29168,292,105,7.838862657546997,1.0,0.0,0.11735733333333334,0.6354
29241,293,73,-140.37407669052482,0.0,1.0,0.1171505,0.6344875
29353,294,112,-49.479920944198966,1.0,0.0,0.11683316666666667,0.6330875
29464,295,111,-20.885204829275608,1.0,0.0,0.11651866666666667,0.6317
29579,296,115,10.734898681752384,1.0,0.0,0.11619283333333334,0.6302625
29693,297,114,-22.10584271652624,1.0,0.0,0.11586983333333334,0.6288374999999999
29793,298,100,-18.78409207984805,1.0,0.0,0.11558650000000001,0.6275875
29896,299,103,12.683278981596231,1.0,0.0,0.11529466666666667,0.6263
29982,300,86,43.98774333298206,1.0,0.0,0.11505100000000001,0.625225
30091,301,109,-2.725769732147455,1.0,0.0,0.11474216666666666,0.6238625
30199,302,108,22.07807220472023,1.0,0.0,0.11443616666666667,0.6225125
30310,303,111,25.35633347555995,1.0,0.0,0.11412166666666668,0.621125
30418,304,108,-47.42947383224964,1.0,0.0,0.11381566666666668,0.619775
30522,305,104,10.037094600498676,1.0,0.0,0.113521,0.618475
30630,306,108,-21.551066795364022,1.0,0.0,0.11321500000000001,0.617125
30740,307,110,1.542249195787008,1.0,0.0,0.11290333333333334,0.61575
30848,308,108,-8.23262109188363,1.0,0.0,0.11259733333333334,0.6144000000000001
30962,309,114,10.76010113209486,1.0,0.0,0.11227433333333334,0.612975
31073,310,111,-7.107092618942261,1.0,0.0,0.11195983333333333,0.6115875
31187,311,114,-43.45429019629955,1.0,0.0,0.11163683333333334,0.6101624999999999
31300,312,113,-110.23043683543801,1.0,0.0,0.11131666666666667,0.60875
31404,313,104,-21.595606968272477,1.0,0.0,0.11102200000000001,0.60745
31512,314,108,-37.417078636586666,1.0,0.0,0.11071600000000001,0.6061
31623,315,111,5.6354197561740875,1.0,0.0,0.1104015,0.6047125
31731,316,108,20.933261532336473,1.0,0.0,0.1100955,0.6033625
31841,317,110,6.234932631254196,1.0,0.0,0.10978383333333334,0.6019875
31951,318,110,-51.00583134032786,1.0,0.0,0.10947216666666668,0.6006125
32057,319,106,18.72477163327858,1.0,0.0,0.10917183333333334,0.5992875
32140,320,83,48.52363768219948,1.0,0.0,0.10893666666666668,0.5982500000000001
32251,321,111,19.9724261504889,1.0,0.0,0.10862216666666667,0.5968625000000001
32361,322,110,29.908101335167885,1.0,0.0,0.1083105,0.5954875
32464,323,103,4.093762703239918,1.0,0.0,0.10801866666666667,0.5942
32578,324,114,-8.156314734369516,1.0,0.0,0.10769566666666666,0.5927749999999999
32655,325,77,-222.17191068455577,0.0,1.0,0.1074775,0.5918125
32757,326,102,-61.28382978588343,1.0,0.0,0.10718849999999999,0.5905374999999999
32870,327,113,6.288635155418888,1.0,0.0,0.10686833333333334,0.589125
32973,328,103,-12.743017703294754,1.0,0.0,0.1065765,0.5878375
33088,329,115,-10.665128868051397,1.0,0.0,0.10625066666666667,0.5864
33155,330,67,-277.85870538279414,0.0,1.0,0.10606083333333334,0.5855625
33239,331,84,48.83697861433029,1.0,0.0,0.10582283333333332,0.5845125
33354,332,115,-87.41469493531622,1.0,0.0,0.10549700000000001,0.583075
33464,333,110,20.67438142746687,1.0,0.0,0.10518533333333334,0.5817
33585,334,121,-6.974919431842864,1.0,0.0,0.1048425,0.5801875000000001
33685,335,100,6.332439999561757,1.0,0.0,0.10455916666666668,0.5789375
33796,336,111,5.278005439788103,1.0,0.0,0.10424466666666667,0.57755
33898,337,102,15.655132807325572,1.0,0.0,0.10395566666666668,0.5762750000000001
34010,338,112,-14.044973105192184,1.0,0.0,0.10363833333333335,0.574875
34121,339,111,-35.072278060019016,1.0,0.0,0.10332383333333334,0.5734875
34223,340,102,28.721223559230566,1.0,0.0,0.10303483333333334,0.5722125
34336,341,113,-62.97904880344868,1.0,0.0,0.10271466666666666,0.5708
34447,342,111,0.4721948276273906,1.0,0.0,0.10240016666666667,0.5694125
34558,343,111,22.00618091551587,1.0,0.0,0.10208566666666667,0.568025
34667,344,109,8.818007670342922,1.0,0.0,0.10177683333333334,0.5666625000000001
34775,345,108,23.558498416095972,1.0,0.0,0.10147083333333333,0.5653125
34890,346,115,-3.8609583750367165,1.0,0.0,0.101145,0.563875
35005,347,115,-73.26746562354674,1.0,0.0,0.10081916666666667,0.5624374999999999
35119,348,114,-69.13936013355851,1.0,0.0,0.10049616666666666,0.5610124999999999
35228,349,109,5.243136084638536,1.0,0.0,0.10018733333333335,0.55965
35335,350,107,-34.36877889186144,1.0,0.0,0.09988416666666668,0.5583125
35438,351,103,-7.039803836494684,1.0,0.0,0.09959233333333334,0.557025
35545,352,107,-63.74408769607544,1.0,0.0,0.09928916666666666,0.5556875
35655,353,110,5.272038288414478,1.0,0.0,0.09897750000000001,0.5543125
35765,354,110,13.411076080054045,1.0,0.0,0.09866583333333334,0.5529375000000001
35874,355,109,19.27760123088956,1.0,0.0,0.098357,0.551575
35978,356,104,-36.41639968007803,1.0,0.0,0.09806233333333333,0.550275
36093,357,115,16.059513322543353,1.0,0.0,0.0977365,0.5488375
36176,358,83,53.22363764047623,1.0,0.0,0.09750133333333334,0.5478000000000001
36287,359,111,6.558593026828021,1.0,0.0,0.09718683333333333,0.5464125
36350,360,63,-158.6699655893899,0.0,1.0,0.09700833333333334,0.545625
36463,361,113,15.58266157656908,1.0,0.0,0.09668816666666667,0.5442125
36570,362,107,19.67967698862776,1.0,0.0,0.096385,0.542875
36676,363,106,26.117220129817724,1.0,0.0,0.09608466666666668,0.54155
36775,364,99,17.28002933622338,1.0,0.0,0.09580416666666668,0.5403125
36885,365,110,-3.3162696920335293,1.0,0.0,0.0954925,0.5389375
37000,366,115,14.432088747620583,1.0,0.0,0.09516666666666666,0.5375
37111,367,111,-43.762516528367996,1.0,0.0,0.09485216666666667,0.5361125
37218,368,107,-12.289267025887966,1.0,0.0,0.09454900000000001,0.534775
37327,369,109,-52.42722974345088,1.0,0.0,0.09424016666666667,0.5334125000000001
37435,370,108,-82.68488030554727,1.0,0.0,0.09393416666666667,0.5320625
37541,371,106,27.381431485526264,1.0,0.0,0.09363383333333333,0.5307375
37641,372,100,30.48409201949835,1.0,0.0,0.0933505,0.5294875
37740,373,99,16.566293383948505,1.0,0.0,0.09307,0.52825
37851,374,111,13.081384774297476,1.0,0.0,0.0927555,0.5268625
37969,375,118,9.819284563884139,1.0,0.0,0.09242116666666667,0.5253875
38079,376,110,-24.625853199511766,1.0,0.0,0.0921095,0.5240125
38163,377,84,34.13698199391365,1.0,0.0,0.09187150000000001,0.5229625
38271,378,108,30.215683600399643,1.0,0.0,0.0915655,0.5216125
38388,379,117,8.97236230224371,1.0,0.0,0.091234,0.52015
38500,380,112,11.205624803900719,1.0,0.0,0.09091666666666666,0.5187499999999999
38607,381,107,-37.02549812197685,1.0,0.0,0.09061350000000001,0.5174125
38717,382,110,-44.73150419071317,1.0,0.0,0.09030183333333335,0.5160375
38800,383,83,48.223637491464615,1.0,0.0,0.09006666666666668,0.515
38906,384,106,0.8962430246174335,1.0,0.0,0.08976633333333334,0.513675
38989,385,83,48.67363752424717,1.0,0.0,0.08953116666666666,0.5126375
39102,386,113,23.161424088757485,1.0,0.0,0.08921100000000001,0.511225
39217,387,115,13.277883518487215,1.0,0.0,0.08888516666666668,0.5097875000000001
39325,388,108,13.838343359529972,1.0,0.0,0.08857916666666667,0.5084375
39409,389,84,48.83698198199272,1.0,0.0,0.08834116666666667,0.5073875
39520,390,111,17.866705399006605,1.0,0.0,0.08802666666666668,0.506
39631,391,111,20.37360817566514,1.0,0.0,0.08771216666666667,0.5046125
39740,392,109,-39.53827498527244,1.0,0.0,0.08740333333333333,0.50325
39854,393,114,-1.1683268956840038,1.0,0.0,0.08708033333333333,0.501825
39968,394,114,26.478531941305846,1.0,0.0,0.08675733333333334,0.5004
40082,395,114,-2.3748203739523888,1.0,0.0,0.08643433333333334,0.49897499999999995
40197,396,115,18.07249417155981,1.0,0.0,0.08610849999999999,0.49753749999999997
40309,397,112,15.818334352225065,1.0,0.0,0.08579116666666668,0.4961375
40414,398,105,34.936509888619184,1.0,0.0,0.08549366666666668,0.49482500000000007
40520,399,106,-42.890572264790535,1.0,0.0,0.08519333333333333,0.49350000000000005
40604,400,84,38.98697870969772,1.0,0.0,0.08495533333333334,0.49245000000000005
40715,401,111,-9.820287838578224,1.0,0.0,0.08464083333333335,0.49106249999999996
40818,402,103,35.68318323418498,1.0,0.0,0.084349,0.48977499999999996
40924,403,106,24.43496162444353,1.0,0.0,0.08404866666666666,0.48844999999999994
41004,404,80,-120.37638755934313,0.0,1.0,0.08382200000000001,0.48744999999999994
41115,405,111,-24.043625220656395,1.0,0.0,0.0835075,0.48606249999999995
41221,406,106,31.10444536805153,1.0,0.0,0.08320716666666667,0.48473749999999993
41304,407,83,55.573637664318085,1.0,0.0,0.082972,0.4837
41408,408,104,20.160654723644257,1.0,0.0,0.08267733333333332,0.48239999999999994
41519,409,111,24.37955827265978,1.0,0.0,0.08236283333333334,0.48101250000000007
41602,410,83,45.42363713681698,1.0,0.0,0.08212766666666667,0.47997500000000004
41713,411,111,13.909468608908355,1.0,0.0,0.08181316666666666,0.47858749999999994
41827,412,114,-13.814355490729213,1.0,0.0,0.08149016666666666,0.47716249999999993
41933,413,106,22.83643361533177,1.0,0.0,0.08118983333333334,0.4758375
42048,414,115,24.49989236475085,1.0,0.0,0.080864,0.47440000000000004
42147,415,99,35.527313567698,1.0,0.0,0.0805835,0.47316249999999993
42250,416,103,36.89232890633866,1.0,0.0,0.08029166666666666,0.47187499999999993
42360,417,110,-7.620610326528549,1.0,0.0,0.07998000000000001,0.47050000000000003
42469,418,109,8.304919347167015,1.0,0.0,0.07967116666666667,0.4691375
42552,419,83,57.62363749742508,1.0,0.0,0.07943599999999999,0.46809999999999996
42656,420,104,-21.88452042452991,1.0,0.0,0.07914133333333334,0.4668
42722,421,66,-178.46631637588143,0.0,1.0,0.07895433333333335,0.46597500000000003
42831,422,109,-75.40872336179018,1.0,0.0,0.07864550000000001,0.4646125
42938,423,107,15.984147612005472,1.0,0.0,0.07834233333333333,0.463275
43049,424,111,40.818178188055754,1.0,0.0,0.07802783333333332,0.4618875
43132,425,83,62.623637557029724,1.0,0.0,0.07779266666666668,0.46085
43196,426,64,-193.80499668233097,0.0,1.0,0.07761133333333334,0.46005000000000007
43308,427,112,-50.047414764761925,1.0,0.0,0.077294,0.45865
43405,428,97,-14.990395946893841,1.0,0.0,0.07701916666666667,0.45743749999999994
43506,429,101,43.50298449397087,1.0,0.0,0.07673300000000001,0.456175
43619,430,113,16.301404394209385,1.0,0.0,0.07641283333333333,0.45476249999999996
43721,431,102,-2.224065699148923,1.0,0.0,0.07612383333333334,0.45348750000000004
43834,432,113,21.176789425313473,1.0,0.0,0.07580366666666666,0.452075
43943,433,109,9.38052562251687,1.0,0.0,0.07549483333333333,0.45071249999999996
44047,434,104,-9.654185425490141,1.0,0.0,0.07520016666666668,0.4494125
44153,435,106,-35.88779006898403,1.0,0.0,0.07489983333333333,0.44808749999999997
44263,436,110,15.29267043294385,1.0,0.0,0.07458816666666668,0.44671249999999996
44346,437,83,46.1736376285553,1.0,0.0,0.074353,0.44567500000000004
44451,438,105,19.261047299951315,1.0,0.0,0.0740555,0.4443625
44557,439,106,36.5028504403308,1.0,0.0,0.07375516666666665,0.4430375
44670,440,113,-5.204135529696941,1.0,0.0,0.073435,0.44162499999999993
44778,441,108,1.4225806440226734,1.0,0.0,0.073129,0.44027499999999997
44863,442,85,42.10032299160957,1.0,0.0,0.07288816666666667,0.4392125
44983,443,120,13.129976641386747,1.0,0.0,0.07254816666666666,0.43771249999999995
45095,444,112,-22.843226946890354,1.0,0.0,0.07223083333333333,0.4363125
45205,445,110,45.882888364605606,1.0,0.0,0.07191916666666667,0.4349375
45319,446,114,30.517092508263886,1.0,0.0,0.07159616666666668,0.43351249999999997
45421,447,102,31.778681688010693,1.0,0.0,0.07130716666666667,0.43223750000000005
45521,448,100,4.784495945554227,1.0,0.0,0.07102383333333334,0.43098749999999997
45632,449,111,20.012789975851774,1.0,0.0,0.07070933333333335,0.4296
45749,450,117,32.34758524782956,1.0,0.0,0.07037783333333333,0.42813750000000006
45847,451,98,26.92283633723855,1.0,0.0,0.07010016666666666,0.42691250000000003
45960,452,113,6.432179133873433,1.0,0.0,0.06978000000000001,0.4255
46061,453,101,-41.90883312188089,1.0,0.0,0.06949383333333334,0.42423749999999993
46144,454,83,53.22363764047623,1.0,0.0,0.06925866666666666,0.4232
46258,455,114,-2.091208076570183,1.0,0.0,0.06893566666666667,0.421775
46321,456,63,-199.716872677207,0.0,1.0,0.06875716666666667,0.42098749999999996
46443,457,122,-8.732237067073584,1.0,0.0,0.06841149999999999,0.41946249999999996
46500,458,57,-142.82011714577675,0.0,1.0,0.06825,0.41874999999999996
46605,459,105,25.361966095864773,1.0,0.0,0.0679525,0.4174374999999999
46709,460,104,7.112539738416672,1.0,0.0,0.06765783333333333,0.41613750000000005
46817,461,108,13.792562820017338,1.0,0.0,0.06735183333333333,0.4147875
46927,462,110,-36.0403096228838,1.0,0.0,0.06704016666666668,0.41341249999999996
47040,463,113,-51.285082140006125,1.0,0.0,0.06672,0.4119999999999999
47138,464,98,-35.21683565527201,1.0,0.0,0.06644233333333335,0.410775
47251,465,113,1.6010314784944057,1.0,0.0,0.06612216666666668,0.4093625000000001
47361,466,110,31.56365783791989,1.0,0.0,0.0658105,0.40798749999999995
47463,467,102,6.987100163009018,1.0,0.0,0.06552149999999998,0.40671250000000003
47569,468,106,28.295762134250253,1.0,0.0,0.06522116666666666,0.4053875
47658,469,89,45.85368664562702,1.0,0.0,0.064969,0.40427499999999994
47741,470,83,46.32363773882389,1.0,0.0,0.06473383333333335,0.4032375
47857,471,116,-5.013491697609425,1.0,0.0,0.06440516666666668,0.40178749999999996
47965,472,108,-57.2523164562881,1.0,0.0,0.06409916666666668,0.4004375
48069,473,104,-32.91946143656969,1.0,0.0,0.06380449999999999,0.3991374999999999
48180,474,111,-6.209990609437227,1.0,0.0,0.06348999999999999,0.39774999999999994
48284,475,104,41.60124329617247,1.0,0.0,0.06319533333333335,0.39644999999999997
48390,476,106,38.70509051904082,1.0,0.0,0.062895,0.39512499999999995
48504,477,114,-5.34233656199649,1.0,0.0,0.06257199999999999,0.39369999999999994
48588,478,84,58.2369784116745,1.0,0.0,0.062334,0.39265000000000005
48701,479,113,27.441096462338464,1.0,0.0,0.06201383333333335,0.3912375
48809,480,108,33.72939893975854,1.0,0.0,0.06170783333333332,0.38988749999999994
48871,481,62,-164.92378716543317,0.0,1.0,0.061532166666666666,0.3891125
48954,482,83,55.573637545108795,1.0,0.0,0.06129700000000002,0.38807500000000006
49058,483,104,5.04433885589242,1.0,0.0,0.061002333333333325,0.386775
49168,484,110,32.993893555831164,1.0,0.0,0.06069066666666667,0.38539999999999996
49273,485,105,14.663137543946505,1.0,0.0,0.060393166666666664,0.3840874999999999
49384,486,111,31.407371748238802,1.0,0.0,0.06007866666666667,0.38270000000000004
49489,487,105,44.48028538376093,1.0,0.0,0.05978116666666666,0.3813875
49595,488,106,1.5433397106826305,1.0,0.0,0.059480833333333344,0.38006249999999997
49701,489,106,6.708616081625223,1.0,0.0,0.0591805,0.37873749999999995
49816,490,115,-1.8245753715746105,1.0,0.0,0.058854666666666666,0.37729999999999997
49924,491,108,-8.914693108745269,1.0,0.0,0.058548666666666666,0.37595
50023,492,99,-1.9522917941212654,1.0,0.0,0.058268166666666676,0.3747125
50127,493,104,-31.142442479729652,1.0,0.0,0.05797349999999998,0.3734124999999999
50233,494,106,29.08281859382987,1.0,0.0,0.057673166666666664,0.3720874999999999
50344,495,111,17.405294686555862,1.0,0.0,0.05735866666666667,0.37070000000000003
50458,496,114,37.42416174337268,1.0,0.0,0.05703566666666668,0.369275
50573,497,115,39.47708737105131,1.0,0.0,0.05670983333333335,0.36783750000000004
50657,498,84,60.58698207139969,1.0,0.0,0.05647183333333333,0.36678749999999993
50766,499,109,10.663418676704168,1.0,0.0,0.05616300000000002,0.365425
50872,500,106,28.050847913487814,1.0,0.0,0.05586266666666667,0.3641
50980,501,108,26.7979029789567,1.0,0.0,0.05555666666666667,0.36275
51093,502,113,-65.94556415826082,1.0,0.0,0.055236499999999994,0.3613375
51211,503,118,-4.562353543937206,1.0,0.0,0.05490216666666667,0.3598625
51309,504,98,8.319816847833863,1.0,0.0,0.05462450000000002,0.35863750000000005
51414,505,105,14.404756441246718,1.0,0.0,0.054327000000000014,0.357325
51514,506,100,21.813299600966275,1.0,0.0,0.054043666666666657,0.3560749999999999
51617,507,103,30.6146370023489,1.0,0.0,0.05375183333333333,0.35478750000000003
51726,508,109,21.126533437054604,1.0,0.0,0.05344300000000002,0.353425
51836,509,110,27.485584676265717,1.0,0.0,0.053131333333333336,0.35205
51919,510,83,60.273637503385544,1.0,0.0,0.05289616666666666,0.35101250000000006
52037,511,118,-16.97096340917051,1.0,0.0,0.052561833333333335,0.34953750000000006
52140,512,103,38.68083941191435,1.0,0.0,0.05227000000000001,0.34824999999999995
52243,513,103,19.827830940485,1.0,0.0,0.05197816666666666,0.34696249999999995
52354,514,111,24.48204279039055,1.0,0.0,0.05166366666666666,0.34557499999999997
52464,515,110,-7.786116477102041,1.0,0.0,0.05135200000000001,0.34420000000000006
52547,516,83,57.47363732755184,1.0,0.0,0.051116833333333334,0.34316250000000004
52630,517,83,60.273637533187866,1.0,0.0,0.05088166666666666,0.342125
52739,518,109,-16.005536552984267,1.0,0.0,0.050572833333333345,0.34076249999999997
52844,519,105,-2.8525340035557747,1.0,0.0,0.05027533333333334,0.33945000000000003
52916,520,72,-129.03401292255148,0.0,1.0,0.05007133333333333,0.33855
53018,521,102,23.96031066775322,1.0,0.0,0.04978233333333332,0.337275
53130,522,112,40.883514667861164,1.0,0.0,0.04946500000000001,0.33587500000000003
53246,523,116,34.867278459947556,1.0,0.0,0.04913633333333334,0.334425
53355,524,109,43.59454346820712,1.0,0.0,0.048827499999999996,0.33306250000000004
53422,525,67,-190.8125659772195,0.0,1.0,0.04863766666666666,0.332225
53499,526,77,-215.72254407405853,0.0,1.0,0.048419500000000004,0.3312625
53612,527,113,38.7034459542665,1.0,0.0,0.04809933333333333,0.32985
53720,528,108,12.588003374636173,1.0,0.0,0.04779333333333333,0.3285
53834,529,114,-14.111840061843395,1.0,0.0,0.04747033333333334,0.327075
53935,530,101,4.7299682311713696,1.0,0.0,0.047184166666666666,0.32581249999999995
54047,531,112,-5.061416698619723,1.0,0.0,0.04686683333333333,0.3244125
54159,532,112,44.79442903678864,1.0,0.0,0.04654950000000002,0.32301250000000004
54242,533,83,55.57363787293434,1.0,0.0,0.04631433333333332,0.321975
54355,534,113,28.10970065370202,1.0,0.0,0.04599416666666667,0.3205625
54469,535,114,-9.925407163798809,1.0,0.0,0.04567116666666665,0.31913749999999996
54573,536,104,-28.35063860565424,1.0,0.0,0.045376500000000014,0.3178375
54652,537,79,-173.51716134976596,0.0,1.0,0.045152666666666647,0.31684999999999997
54757,538,105,-18.725491415709257,1.0,0.0,0.04485516666666667,0.3155375
54873,539,116,19.34779777750373,1.0,0.0,0.0445265,0.3140875000000001
54981,540,108,37.11857072263956,1.0,0.0,0.044220499999999996,0.3127375
55065,541,84,58.23697844147682,1.0,0.0,0.04398250000000001,0.3116875
55173,542,108,35.37940166844055,1.0,0.0,0.04367650000000001,0.31033750000000004
55256,543,83,62.62363761663437,1.0,0.0,0.04344133333333333,0.3092999999999999
55368,544,112,35.22819867730141,1.0,0.0,0.043123999999999996,0.30790000000000006
55479,545,111,39.50681963516399,1.0,0.0,0.0428095,0.30651249999999997
55589,546,110,53.193297953373985,1.0,0.0,0.042497833333333346,0.30513750000000006
55690,547,101,-53.258702632039785,1.0,0.0,0.042211666666666675,0.303875
55802,548,112,50.316811952739954,1.0,0.0,0.04189433333333334,0.30247499999999994
55897,549,95,60.675342965871096,1.0,0.0,0.04162516666666666,0.30128750000000004
56008,550,111,44.306752546690404,1.0,0.0,0.04131066666666666,0.29990000000000006
56113,551,105,-3.0712989419698715,1.0,0.0,0.041013166666666656,0.2985875
56219,552,106,26.40350880473852,1.0,0.0,0.04071283333333334,0.2972625
56332,553,113,53.442252688109875,1.0,0.0,0.04039266666666666,0.29585000000000006
56437,554,105,28.720225338824093,1.0,0.0,0.04009516666666668,0.2945375
56550,555,113,-4.278317995369434,1.0,0.0,0.039775000000000005,0.29312499999999997
56662,556,112,-6.472560849040747,1.0,0.0,0.03945766666666667,0.291725
56770,557,108,-19.390661530196667,1.0,0.0,0.03915166666666667,0.29037499999999994
56873,558,103,46.31678220955655,1.0,0.0,0.03885983333333334,0.28908750000000005
56984,559,111,34.94384453445673,1.0,0.0,0.03854533333333335,0.28770000000000007
57089,560,105,41.89475953858346,1.0,0.0,0.03824783333333334,0.2863875
57190,561,101,38.671799689531326,1.0,0.0,0.03796166666666667,0.28512499999999996
57293,562,103,43.0151442438364,1.0,0.0,0.03766983333333335,0.28383749999999996
57406,563,113,40.841855495236814,1.0,0.0,0.03734966666666667,0.28242500000000004
57508,564,102,-12.484910026192665,1.0,0.0,0.03706066666666666,0.28115
57620,565,112,43.55671866098419,1.0,0.0,0.03674333333333332,0.27974999999999994
57731,566,111,32.894076730590314,1.0,0.0,0.036428833333333355,0.27836250000000007
57841,567,110,36.97042435081676,1.0,0.0,0.03611716666666667,0.27698750000000005
57944,568,103,45.27340381965041,1.0,0.0,0.03582533333333332,0.27570000000000006
58027,569,83,60.273637533187866,1.0,0.0,0.03559016666666667,0.27466250000000003
58140,570,113,28.486051820218563,1.0,0.0,0.035269999999999996,0.27325
58247,571,107,46.0676648276858,1.0,0.0,0.034966833333333336,0.2719125
58346,572,99,-3.2285252790898085,1.0,0.0,0.03468633333333332,0.270675
58446,573,100,25.87336856580805,1.0,0.0,0.03440300000000002,0.269425
58529,574,83,60.27363759279251,1.0,0.0,0.034167833333333314,0.2683875
58635,575,106,-14.920890733599663,1.0,0.0,0.033867499999999995,0.2670625
58745,576,110,34.403309057466686,1.0,0.0,0.03355583333333334,0.2656875000000001
58829,577,84,50.43698197603226,1.0,0.0,0.033317833333333324,0.26463749999999997
58934,578,105,21.143595275469124,1.0,0.0,0.033020333333333346,0.26332500000000003
59035,579,101,51.3471938893199,1.0,0.0,0.032734166666666675,0.2620625
59131,580,96,50.02586194872856,1.0,0.0,0.03246216666666665,0.2608625
59247,581,116,43.56125858752057,1.0,0.0,0.03213349999999998,0.25941249999999993
59364,582,117,42.55777233376284,1.0,0.0,0.031802,0.25795
59471,583,107,38.25978594226763,1.0,0.0,0.03149883333333334,0.2566125
59578,584,107,24.57882671803236,1.0,0.0,0.031195666666666677,0.25527500000000003
59682,585,104,14.664709627162665,1.0,0.0,0.030900999999999984,0.25397499999999995
59765,586,83,64.97363764047623,1.0,0.0,0.030665833333333337,0.25293750000000004
59878,587,113,46.75829387456179,1.0,0.0,0.03034566666666666,0.251525
59980,588,102,0.5411487054079771,1.0,0.0,0.030056666666666648,0.25025
60090,589,110,0.9072588942945004,1.0,0.0,0.03,0.25
60201,590,111,23.482374645769596,1.0,0.0,0.03,0.25
60300,591,99,43.49972528964281,1.0,0.0,0.03,0.25
60402,592,102,41.40835775434971,1.0,0.0,0.03,0.25
60510,593,108,45.38531915098429,1.0,0.0,0.03,0.25
60620,594,110,42.793540984392166,1.0,0.0,0.03,0.25
60731,595,111,55.75119173107669,1.0,0.0,0.03,0.25
60841,596,110,38.53879103809595,1.0,0.0,0.03,0.25
60936,597,95,25.284680861979723,1.0,0.0,0.03,0.25
61048,598,112,-9.766147200483829,1.0,0.0,0.03,0.25
61153,599,105,43.672350853681564,1.0,0.0,0.03,0.25
61250,600,97,24.15251231055663,1.0,0.0,0.03,0.25
61364,601,114,37.81892494065687,1.0,0.0,0.03,0.25
61477,602,113,51.55806751688942,1.0,0.0,0.03,0.25
61590,603,113,46.58984317770228,1.0,0.0,0.03,0.25
61690,604,100,46.079880132339895,1.0,0.0,0.03,0.25
61795,605,105,38.34357594978064,1.0,0.0,0.03,0.25
61903,606,108,39.894176724832505,1.0,0.0,0.03,0.25
62010,607,107,44.92851674929261,1.0,0.0,0.03,0.25
62095,608,85,56.20032286643982,1.0,0.0,0.03,0.25
62199,609,104,28.51887773675844,1.0,0.0,0.03,0.25
62307,610,108,35.57358893752098,1.0,0.0,0.03,0.25
62390,611,83,57.923637598752975,1.0,0.0,0.03,0.25
62502,612,112,8.816337840631604,1.0,0.0,0.03,0.25
62616,613,114,20.989726873580366,1.0,0.0,0.03,0.25
62726,614,110,40.036452119238675,1.0,0.0,0.03,0.25
62839,615,113,35.33427800703794,1.0,0.0,0.03,0.25
62943,616,104,11.800291143357754,1.0,0.0,0.03,0.25
63026,617,83,62.623637557029724,1.0,0.0,0.03,0.25
63109,618,83,62.62363758683205,1.0,0.0,0.03,0.25
63222,619,113,34.215943088318454,1.0,0.0,0.03,0.25
63317,620,95,45.1201952919364,1.0,0.0,0.03,0.25
63419,621,102,44.09942756500095,1.0,0.0,0.03,0.25
63524,622,105,-18.02615032531321,1.0,0.0,0.03,0.25
63632,623,108,42.99093246459961,1.0,0.0,0.03,0.25
63742,624,110,58.61823294311762,1.0,0.0,0.03,0.25
63844,625,102,45.142747420817614,1.0,0.0,0.03,0.25
63927,626,83,62.623637676239014,1.0,0.0,0.03,0.25
64010,627,83,57.17363750934601,1.0,0.0,0.03,0.25
64118,628,108,47.6432842053473,1.0,0.0,0.03,0.25
64224,629,106,41.53541984409094,1.0,0.0,0.03,0.25
64329,630,105,40.63248863071203,1.0,0.0,0.03,0.25
64443,631,114,33.33761937730014,1.0,0.0,0.03,0.25
64550,632,107,13.069997427985072,1.0,0.0,0.03,0.25
64647,633,97,5.236399672925472,1.0,0.0,0.03,0.25
64759,634,112,12.94068456813693,1.0,0.0,0.03,0.25
64842,635,83,62.62363758683205,1.0,0.0,0.03,0.25
64940,636,98,26.693538162420737,1.0,0.0,0.03,0.25
65023,637,83,55.57363772392273,1.0,0.0,0.03,0.25
65132,638,109,32.305612792260945,1.0,0.0,0.03,0.25
65238,639,106,-75.1777575276792,1.0,0.0,0.03,0.25
65311,640,73,-206.80713950002973,0.0,1.0,0.03,0.25
65422,641,111,-9.407812461256981,1.0,0.0,0.03,0.25
65531,642,109,-9.461540477350354,1.0,0.0,0.03,0.25
65628,643,97,17.70868217945099,1.0,0.0,0.03,0.25
65734,644,106,58.65968898963183,1.0,0.0,0.03,0.25
65845,645,111,47.769388645887375,1.0,0.0,0.03,0.25
65956,646,111,-15.979436676949263,1.0,0.0,0.03,0.25
66064,647,108,-13.862258445471525,1.0,0.0,0.03,0.25
66169,648,105,46.51940346788615,1.0,0.0,0.03,0.25
66283,649,114,55.62467861920595,1.0,0.0,0.03,0.25
66396,650,113,-5.615808129310608,1.0,0.0,0.03,0.25
66510,651,114,38.626399382948875,1.0,0.0,0.03,0.25
66623,652,113,54.63062430173159,1.0,0.0,0.03,0.25
66707,653,84,58.236978590488434,1.0,0.0,0.03,0.25
66809,654,102,47.480665273964405,1.0,0.0,0.03,0.25
66914,655,105,54.971958100795746,1.0,0.0,0.03,0.25
66998,656,84,60.586982041597366,1.0,0.0,0.03,0.25
67081,657,83,62.623637557029724,1.0,0.0,0.03,0.25
67189,658,108,54.5298270098865,1.0,0.0,0.03,0.25
67293,659,104,42.71503572491929,1.0,0.0,0.03,0.25
67401,660,108,46.15702090004925,1.0,0.0,0.03,0.25
67484,661,83,64.97363758087158,1.0,0.0,0.03,0.25
67597,662,113,52.1749689350836,1.0,0.0,0.03,0.25
67680,663,83,64.97363758087158,1.0,0.0,0.03,0.25
67795,664,115,21.875570707023144,1.0,0.0,0.03,0.25
67906,665,111,34.63707414269447,1.0,0.0,0.03,0.25
68013,666,107,52.19214267237112,1.0,0.0,0.03,0.25
68123,667,110,44.61280958913267,1.0,0.0,0.03,0.25
68230,668,107,45.862988743931055,1.0,0.0,0.03,0.25
68332,669,102,48.91792803257704,1.0,0.0,0.03,0.25
68442,670,110,63.9975544847548,1.0,0.0,0.03,0.25
68525,671,83,67.32363763451576,1.0,0.0,0.03,0.25
68638,672,113,39.289478182792664,1.0,0.0,0.03,0.25
68736,673,98,47.79646696522832,1.0,0.0,0.03,0.25
68821,674,85,65.60032296180725,1.0,0.0,0.03,0.25
68931,675,110,14.647085412405431,1.0,0.0,0.03,0.25
69038,676,107,-16.4490789398551,1.0,0.0,0.03,0.25
69145,677,107,62.53579083411023,1.0,0.0,0.03,0.25
69248,678,103,25.783936350606382,1.0,0.0,0.03,0.25
69360,679,112,37.78719794098288,1.0,0.0,0.03,0.25
69464,680,104,34.58055353119926,1.0,0.0,0.03,0.25
69576,681,112,44.91437283158302,1.0,0.0,0.03,0.25
69659,682,83,64.97363764047623,1.0,0.0,0.03,0.25
69772,683,113,50.84810999780893,1.0,0.0,0.03,0.25
69876,684,104,41.57171912170452,1.0,0.0,0.03,0.25
69981,685,105,36.932356836274266,1.0,0.0,0.03,0.25
70064,686,83,53.223637729883194,1.0,0.0,0.03,0.25
70171,687,107,-11.314475106075406,1.0,0.0,0.03,0.25
70276,688,105,35.367119919508696,1.0,0.0,0.03,0.25
70359,689,83,60.27363759279251,1.0,0.0,0.03,0.25
70461,690,102,-7.906969591975212,1.0,0.0,0.03,0.25
70544,691,83,64.97363770008087,1.0,0.0,0.03,0.25
70653,692,109,46.748058166354895,1.0,0.0,0.03,0.25
70761,693,108,45.03747386857867,1.0,0.0,0.03,0.25
70876,694,115,55.19411078514531,1.0,0.0,0.03,0.25
70991,695,115,21.924001153558493,1.0,0.0,0.03,0.25
71098,696,107,-0.9462884590029716,1.0,0.0,0.03,0.25
71202,697,104,18.533952690660954,1.0,0.0,0.03,0.25
71309,698,107,-12.508340623695403,1.0,0.0,0.03,0.25
71417,699,108,-19.791568872053176,1.0,0.0,0.03,0.25
71500,700,83,67.32363760471344,1.0,0.0,0.03,0.25
71604,701,104,-36.224558275192976,1.0,0.0,0.03,0.25
71716,702,112,41.55522398836911,1.0,0.0,0.03,0.25
71831,703,115,-48.169330801814795,1.0,0.0,0.03,0.25
71948,704,117,25.681890515610576,1.0,0.0,0.03,0.25
72058,705,110,3.0899626594036818,1.0,0.0,0.03,0.25
72167,706,109,3.692899789661169,1.0,0.0,0.03,0.25
72279,707,112,-83.33645130693913,1.0,0.0,0.03,0.25
72380,708,101,-9.766430811956525,1.0,0.0,0.03,0.25
72439,709,59,-159.86233331309631,0.0,1.0,0.03,0.25
72550,710,111,51.56850299984217,1.0,0.0,0.03,0.25
72655,711,105,55.93177280575037,1.0,0.0,0.03,0.25
72761,712,106,22.136964324396104,1.0,0.0,0.03,0.25
72875,713,114,27.357494088355452,1.0,0.0,0.03,0.25
72979,714,104,3.454957738518715,1.0,0.0,0.03,0.25
73092,715,113,20.78045241907239,1.0,0.0,0.03,0.25
73202,716,110,5.844205018132925,1.0,0.0,0.03,0.25
73304,717,102,52.114018090069294,1.0,0.0,0.03,0.25
73387,718,83,67.32363763451576,1.0,0.0,0.03,0.25
73492,719,105,54.498781107366085,1.0,0.0,0.03,0.25
73603,720,111,16.741459861397743,1.0,0.0,0.03,0.25
73698,721,95,32.779454346746206,1.0,0.0,0.03,0.25
73806,722,108,52.68123688548803,1.0,0.0,0.03,0.25
73920,723,114,56.732895363122225,1.0,0.0,0.03,0.25
74016,724,96,43.163484163116664,1.0,0.0,0.03,0.25
74128,725,112,9.914492476731539,1.0,0.0,0.03,0.25
74240,726,112,-13.951404146850109,1.0,0.0,0.03,0.25
74323,727,83,58.073637798428535,1.0,0.0,0.03,0.25
74426,728,103,0.6525480151176453,1.0,0.0,0.03,0.25
74538,729,112,29.862483214121312,1.0,0.0,0.03,0.25
74644,730,106,-46.3869333229959,1.0,0.0,0.03,0.25
74745,731,101,51.49973799288273,1.0,0.0,0.03,0.25
74852,732,107,30.54239923506975,1.0,0.0,0.03,0.25
74963,733,111,-0.5415149219334126,1.0,0.0,0.03,0.25
75072,734,109,44.38808862119913,1.0,0.0,0.03,0.25
75176,735,104,30.466337993741035,1.0,0.0,0.03,0.25
75286,736,110,48.62565243942663,1.0,0.0,0.03,0.25
75396,737,110,53.97554803267121,1.0,0.0,0.03,0.25
75506,738,110,32.899722893722355,1.0,0.0,0.03,0.25
75619,739,113,50.89051041007042,1.0,0.0,0.03,0.25
75734,740,115,30.4673456735909,1.0,0.0,0.03,0.25
75848,741,114,-3.9490895066410303,1.0,0.0,0.03,0.25
75954,742,106,9.513358946889639,1.0,0.0,0.03,0.25
76062,743,108,47.670901238918304,1.0,0.0,0.03,0.25
76165,744,103,16.55570717342198,1.0,0.0,0.03,0.25
76262,745,97,49.23219234496355,1.0,0.0,0.03,0.25
76375,746,113,35.2568334187381,1.0,0.0,0.03,0.25
76486,747,111,43.03812125651166,1.0,0.0,0.03,0.25
76600,748,114,26.538713999587344,1.0,0.0,0.03,0.25
76715,749,115,47.795097320340574,1.0,0.0,0.03,0.25
76815,750,100,52.891942612826824,1.0,0.0,0.03,0.25
76922,751,107,-6.646423581521958,1.0,0.0,0.03,0.25
77028,752,106,53.12969533726573,1.0,0.0,0.03,0.25
77142,753,114,51.17967145843431,1.0,0.0,0.03,0.25
77242,754,100,41.202589611988515,1.0,0.0,0.03,0.25
77345,755,103,12.589381199330091,1.0,0.0,0.03,0.25
77447,756,102,46.75746619096026,1.0,0.0,0.03,0.25
77513,757,66,-146.01981100346893,0.0,1.0,0.03,0.25
77622,758,109,0.42054555378854275,1.0,0.0,0.03,0.25
77730,759,108,42.38363477215171,1.0,0.0,0.03,0.25
77836,760,106,33.14303619368002,1.0,0.0,0.03,0.25
77947,761,111,2.9207794535905123,1.0,0.0,0.03,0.25
78054,762,107,54.18746015941724,1.0,0.0,0.03,0.25
78124,763,70,-190.63548422651365,0.0,1.0,0.03,0.25
78235,764,111,44.24467494292185,1.0,0.0,0.03,0.25
78337,765,102,31.16288453154266,1.0,0.0,0.03,0.25
78447,766,110,49.24953846586868,1.0,0.0,0.03,0.25
78530,767,83,67.32363760471344,1.0,0.0,0.03,0.25
78637,768,107,52.82509335875511,1.0,0.0,0.03,0.25
78743,769,106,56.94701650366187,1.0,0.0,0.03,0.25
78826,770,83,64.97363758087158,1.0,0.0,0.03,0.25
78929,771,103,46.516582787036896,1.0,0.0,0.03,0.25
79028,772,99,34.04841258004308,1.0,0.0,0.03,0.25
79144,773,116,-14.202329866588116,1.0,0.0,0.03,0.25
79261,774,117,54.47633583797142,1.0,0.0,0.03,0.25
79365,775,104,43.310124192386866,1.0,0.0,0.03,0.25
79448,776,83,67.32363757491112,1.0,0.0,0.03,0.25
79559,777,111,10.12375645712018,1.0,0.0,0.03,0.25
79668,778,109,40.675800286699086,1.0,0.0,0.03,0.25
79769,779,101,20.307138181786286,1.0,0.0,0.03,0.25
79878,780,109,24.869816459715366,1.0,0.0,0.03,0.25
79961,781,83,62.62363758683205,1.0,0.0,0.03,0.25
80064,782,103,54.84569650888443,1.0,0.0,0.03,0.25
80149,783,85,65.6003230214119,1.0,0.0,0.03,0.25
80258,784,109,35.841607462614775,1.0,0.0,0.03,0.25
80358,785,100,39.15524839237332,1.0,0.0,0.03,0.25
80467,786,109,38.577646888792515,1.0,0.0,0.03,0.25
80582,787,115,28.857754606287926,1.0,0.0,0.03,0.25
80693,788,111,17.92813390493393,1.0,0.0,0.03,0.25
80802,789,109,45.691485702991486,1.0,0.0,0.03,0.25
80912,790,110,42.270445603411645,1.0,0.0,0.03,0.25
81025,791,113,52.9974267706275,1.0,0.0,0.03,0.25
81129,792,104,48.33242919995973,1.0,0.0,0.03,0.25
81243,793,114,23.700586788356304,1.0,0.0,0.03,0.25
81343,794,100,52.84073129296303,1.0,0.0,0.03,0.25
81426,795,83,57.92363756895065,1.0,0.0,0.03,0.25
81539,796,113,29.432212249404984,1.0,0.0,0.03,0.25
81648,797,109,-5.480055503547192,1.0,0.0,0.03,0.25
81761,798,113,46.70722243236378,1.0,0.0,0.03,0.25
81844,799,83,60.273637533187866,1.0,0.0,0.03,0.25
81952,800,108,37.825048754923046,1.0,0.0,0.03,0.25
82056,801,104,43.99896467477083,1.0,0.0,0.03,0.25
82164,802,108,20.111651129089296,1.0,0.0,0.03,0.25
82262,803,98,24.078202854841948,1.0,0.0,0.03,0.25
82371,804,109,28.80173167871544,1.0,0.0,0.03,0.25
82479,805,108,22.812708120793104,1.0,0.0,0.03,0.25
82586,806,107,42.10216252505779,1.0,0.0,0.03,0.25
82700,807,114,21.91402350878343,1.0,0.0,0.03,0.25
82807,808,107,3.9204057599417865,1.0,0.0,0.03,0.25
82918,809,111,49.95221107453108,1.0,0.0,0.03,0.25
83025,810,107,13.16869940655306,1.0,0.0,0.03,0.25
83108,811,83,60.27363759279251,1.0,0.0,0.03,0.25
83191,812,83,67.32363766431808,1.0,0.0,0.03,0.25
83306,813,115,-16.875742577016354,1.0,0.0,0.03,0.25
83418,814,112,43.193689736071974,1.0,0.0,0.03,0.25
83527,815,109,-3.6622184060688596,1.0,0.0,0.03,0.25
83635,816,108,49.114329017698765,1.0,0.0,0.03,0.25
83745,817,110,45.25807559862733,1.0,0.0,0.03,0.25
83850,818,105,28.502054600510746,1.0,0.0,0.03,0.25
83960,819,110,32.519502490758896,1.0,0.0,0.03,0.25
84054,820,94,54.296263836324215,1.0,0.0,0.03,0.25
84162,821,108,39.18827865226194,1.0,0.0,0.03,0.25
84245,822,83,67.32363760471344,1.0,0.0,0.03,0.25
84357,823,112,42.472888585180044,1.0,0.0,0.03,0.25
84466,824,109,29.00202020443976,1.0,0.0,0.03,0.25
84566,825,100,49.815105337649584,1.0,0.0,0.03,0.25
84677,826,111,47.29923637956381,1.0,0.0,0.03,0.25
84779,827,102,22.39881795225665,1.0,0.0,0.03,0.25
84886,828,107,37.83172837598249,1.0,0.0,0.03,0.25
84991,829,105,48.829927708022296,1.0,0.0,0.03,0.25
85075,830,84,55.886978417634964,1.0,0.0,0.03,0.25
85188,831,113,20.459881704300642,1.0,0.0,0.03,0.25
85303,832,115,38.199447153136134,1.0,0.0,0.03,0.25
85403,833,100,60.5338561758399,1.0,0.0,0.03,0.25
85511,834,108,17.658224776387215,1.0,0.0,0.03,0.25
85619,835,108,5.976403204258531,1.0,0.0,0.03,0.25
85732,836,113,38.24964405922219,1.0,0.0,0.03,0.25
85833,837,101,-15.753509346395731,1.0,0.0,0.03,0.25
85946,838,113,44.548581179231405,1.0,0.0,0.03,0.25
86060,839,114,47.35903381835669,1.0,0.0,0.03,0.25
86172,840,112,49.724362305831164,1.0,0.0,0.03,0.25
86271,841,99,28.70817322516814,1.0,0.0,0.03,0.25
86367,842,96,-12.329427119344473,1.0,0.0,0.03,0.25
86481,843,114,44.61578623810783,1.0,0.0,0.03,0.25
86583,844,102,58.19687992334366,1.0,0.0,0.03,0.25
86689,845,106,45.85265826387331,1.0,0.0,0.03,0.25
86801,846,112,9.635521600022912,1.0,0.0,0.03,0.25
86908,847,107,35.500743001233786,1.0,0.0,0.03,0.25
87018,848,110,51.866568844765425,1.0,0.0,0.03,0.25
87131,849,113,53.857450975105166,1.0,0.0,0.03,0.25
87240,850,109,46.568057648837566,1.0,0.0,0.03,0.25
87348,851,108,3.6417184844613075,1.0,0.0,0.03,0.25
87463,852,115,7.263489566743374,1.0,0.0,0.03,0.25
87546,853,83,64.97363764047623,1.0,0.0,0.03,0.25
87657,854,111,37.72288403008133,1.0,0.0,0.03,0.25
87768,855,111,48.192084953188896,1.0,0.0,0.03,0.25
87872,856,104,34.56208753795363,1.0,0.0,0.03,0.25
87978,857,106,48.11794200865552,1.0,0.0,0.03,0.25
88086,858,108,14.955587610602379,1.0,0.0,0.03,0.25
88198,859,112,35.072018762584776,1.0,0.0,0.03,0.25
88296,860,98,48.86547413468361,1.0,0.0,0.03,0.25
88397,861,101,44.57668998464942,1.0,0.0,0.03,0.25
88507,862,110,-4.4885715786367655,1.0,0.0,0.03,0.25
88620,863,113,5.992103703320026,1.0,0.0,0.03,0.25
88704,864,84,58.23698201775551,1.0,0.0,0.03,0.25
88787,865,83,62.62363758683205,1.0,0.0,0.03,0.25
88898,866,111,34.522242214065045,1.0,0.0,0.03,0.25
89010,867,112,47.64008741034195,1.0,0.0,0.03,0.25
89112,868,102,35.77835349229281,1.0,0.0,0.03,0.25
89218,869,106,50.59550033509731,1.0,0.0,0.03,0.25
89325,870,107,-26.377528958488256,1.0,0.0,0.03,0.25
89438,871,113,35.28226424893364,1.0,0.0,0.03,0.25
89532,872,94,-23.779662853572518,1.0,0.0,0.03,0.25
89648,873,116,55.7241253554821,1.0,0.0,0.03,0.25
89758,874,110,52.762530494481325,1.0,0.0,0.03,0.25
89870,875,112,45.49737196415663,1.0,0.0,0.03,0.25
89977,876,107,45.853790141642094,1.0,0.0,0.03,0.25
90090,877,113,46.48576916009188,1.0,0.0,0.03,0.25
90200,878,110,59.01017830893397,1.0,0.0,0.03,0.25
90305,879,105,27.086395713035017,1.0,0.0,0.03,0.25
90408,880,103,43.22526779398322,1.0,0.0,0.03,0.25
90511,881,103,51.96124594286084,1.0,0.0,0.03,0.25
90618,882,107,27.63424842385575,1.0,0.0,0.03,0.25
90701,883,83,62.62363761663437,1.0,0.0,0.03,0.25
90806,884,105,33.99182575708255,1.0,0.0,0.03,0.25
90918,885,112,-21.035582583397627,1.0,0.0,0.03,0.25
91029,886,111,20.940895350649953,1.0,0.0,0.03,0.25
91137,887,108,17.8432624489069,1.0,0.0,0.03,0.25
91220,888,83,60.27363759279251,1.0,0.0,0.03,0.25
91327,889,107,52.826004818081856,1.0,0.0,0.03,0.25
91442,890,115,45.11347695812583,1.0,0.0,0.03,0.25
91559,891,117,36.30664018820971,1.0,0.0,0.03,0.25
91668,892,109,10.662989046424627,1.0,0.0,0.03,0.25
91781,893,113,1.1245487467385828,1.0,0.0,0.03,0.25
91864,894,83,57.92363756895065,1.0,0.0,0.03,0.25
91977,895,113,42.3517553396523,1.0,0.0,0.03,0.25
92084,896,107,54.257291451096535,1.0,0.0,0.03,0.25
92200,897,116,45.91488975659013,1.0,0.0,0.03,0.25
92305,898,105,40.46276960265823,1.0,0.0,0.03,0.25
92410,899,105,49.2809081398882,1.0,0.0,0.03,0.25
92512,900,102,45.44133897870779,1.0,0.0,0.03,0.25
92624,901,112,47.42135990783572,1.0,0.0,0.03,0.25
92735,902,111,-15.853318650275469,1.0,0.0,0.03,0.25
92834,903,99,45.31829475611448,1.0,0.0,0.03,0.25
92938,904,104,49.22240649908781,1.0,0.0,0.03,0.25
93045,905,107,-13.803790040314198,1.0,0.0,0.03,0.25
93139,906,94,43.12264724820852,1.0,0.0,0.03,0.25
93239,907,100,40.54137809574604,1.0,0.0,0.03,0.25
93351,908,112,40.10803319141269,1.0,0.0,0.03,0.25
93466,909,115,43.95528175495565,1.0,0.0,0.03,0.25
93580,910,114,41.608300272375345,1.0,0.0,0.03,0.25
93684,911,104,48.13369020354003,1.0,0.0,0.03,0.25
93791,912,107,54.935475803911686,1.0,0.0,0.03,0.25
93897,913,106,46.2628834110219,1.0,0.0,0.03,0.25
94006,914,109,56.655463702976704,1.0,0.0,0.03,0.25
94118,915,112,52.83004752499983,1.0,0.0,0.03,0.25
94231,916,113,-7.24726276891306,1.0,0.0,0.03,0.25
94342,917,111,9.325692804530263,1.0,0.0,0.03,0.25
94445,918,103,1.1848110482096672,1.0,0.0,0.03,0.25
94560,919,115,-61.26893451856449,1.0,0.0,0.03,0.25
94658,920,98,31.252841310109943,1.0,0.0,0.03,0.25
94758,921,100,34.12246949458495,1.0,0.0,0.03,0.25
94866,922,108,37.73437428474426,1.0,0.0,0.03,0.25
94975,923,109,52.52047575125471,1.0,0.0,0.03,0.25
95079,924,104,29.841445989906788,1.0,0.0,0.03,0.25
95181,925,102,-4.850175630301237,1.0,0.0,0.03,0.25
95286,926,105,8.687783926725388,1.0,0.0,0.03,0.25
95369,927,83,62.62363761663437,1.0,0.0,0.03,0.25
95478,928,109,41.29168577119708,1.0,0.0,0.03,0.25
95578,929,100,40.218127406224085,1.0,0.0,0.03,0.25
95688,930,110,44.17791814543307,1.0,0.0,0.03,0.25
95794,931,106,43.06196299940348,1.0,0.0,0.03,0.25
95903,932,109,51.42784160748124,1.0,0.0,0.03,0.25
96014,933,111,37.59274449525401,1.0,0.0,0.03,0.25
96120,934,106,47.12021369114518,1.0,0.0,0.03,0.25
96226,935,106,50.77788183093071,1.0,0.0,0.03,0.25
96339,936,113,41.3784267231822,1.0,0.0,0.03,0.25
96450,937,111,48.78304751359974,1.0,0.0,0.03,0.25
96562,938,112,55.16671670600772,1.0,0.0,0.03,0.25
96665,939,103,51.99253056384623,1.0,0.0,0.03,0.25
96770,940,105,32.70661615440622,1.0,0.0,0.03,0.25
96877,941,107,31.42273479467258,1.0,0.0,0.03,0.25
96973,942,96,42.588931966573,1.0,0.0,0.03,0.25
97078,943,105,36.18223654432222,1.0,0.0,0.03,0.25
97154,944,76,-203.99695154698566,0.0,1.0,0.03,0.25
97265,945,111,44.31797929853201,1.0,0.0,0.03,0.25
97376,946,111,39.847934536635876,1.0,0.0,0.03,0.25
97489,947,113,51.5904596298933,1.0,0.0,0.03,0.25
97600,948,111,25.69718301296234,1.0,0.0,0.03,0.25
97671,949,71,-178.02562753856182,0.0,1.0,0.03,0.25
97774,950,103,55.03631757944822,1.0,0.0,0.03,0.25
97886,951,112,37.05761023936793,1.0,0.0,0.03,0.25
97993,952,107,50.14324064878747,1.0,0.0,0.03,0.25
98105,953,112,3.162325404584408,1.0,0.0,0.03,0.25
98188,954,83,60.273637533187866,1.0,0.0,0.03,0.25
98289,955,101,-10.674702685326338,1.0,0.0,0.03,0.25
98402,956,113,50.81321997148916,1.0,0.0,0.03,0.25
98516,957,114,38.804057724773884,1.0,0.0,0.03,0.25
98625,958,109,42.886563220992684,1.0,0.0,0.03,0.25
98708,959,83,67.32363766431808,1.0,0.0,0.03,0.25
98813,960,105,42.43801825400442,1.0,0.0,0.03,0.25
98916,961,103,52.87598475813866,1.0,0.0,0.03,0.25
99017,962,101,5.61233913525939,1.0,0.0,0.03,0.25
99122,963,105,-25.341725803911686,1.0,0.0,0.03,0.25
99224,964,102,45.53018647013232,1.0,0.0,0.03,0.25
99326,965,102,54.68063052743673,1.0,0.0,0.03,0.25
99431,966,105,44.378340661525726,1.0,0.0,0.03,0.25
99533,967,102,43.72547500580549,1.0,0.0,0.03,0.25
99642,968,109,-28.378631304949522,1.0,0.0,0.03,0.25
99749,969,107,27.633988693822175,1.0,0.0,0.03,0.25
99857,970,108,-6.2712863348424435,1.0,0.0,0.03,0.25
99972,971,115,56.315198078751564,1.0,0.0,0.03,0.25
100077,972,105,-40.685674611944705,1.0,0.0,0.03,0.25
100185,973,108,41.4962895908393,1.0,0.0,0.03,0.25
100295,974,110,51.78500438481569,1.0,0.0,0.03,0.25
100400,975,105,38.97360732359812,1.0,0.0,0.03,0.25
100511,976,111,10.93576907645911,1.0,0.0,0.03,0.25
100612,977,101,35.94577595591545,1.0,0.0,0.03,0.25
100718,978,106,40.99395057884976,1.0,0.0,0.03,0.25
100819,979,101,40.07243516249582,1.0,0.0,0.03,0.25
100902,980,83,62.62363761663437,1.0,0.0,0.03,0.25
101009,981,107,29.821395601611584,1.0,0.0,0.03,0.25
101120,982,111,61.921826265286654,1.0,0.0,0.03,0.25
101223,983,103,1.1085522025823593,1.0,0.0,0.03,0.25
101325,984,102,43.54869731515646,1.0,0.0,0.03,0.25
101440,985,115,42.21513867005706,1.0,0.0,0.03,0.25
101549,986,109,64.5639366954565,1.0,0.0,0.03,0.25
101648,987,99,39.77493014186621,1.0,0.0,0.03,0.25
101755,988,107,40.93997070193291,1.0,0.0,0.03,0.25
101838,989,83,60.273637533187866,1.0,0.0,0.03,0.25
101936,990,98,36.79144989978522,1.0,0.0,0.03,0.25
102049,991,113,-6.253191262483597,1.0,0.0,0.03,0.25
102160,992,111,11.156596275046468,1.0,0.0,0.03,0.25
102265,993,105,50.68558819591999,1.0,0.0,0.03,0.25
102372,994,107,27.958737950306386,1.0,0.0,0.03,0.25
102470,995,98,54.91870567202568,1.0,0.0,0.03,0.25
102576,996,106,31.286469798084,1.0,0.0,0.03,0.25
102685,997,109,57.7442469894886,1.0,0.0,0.03,0.25
102768,998,83,67.32363760471344,1.0,0.0,0.03,0.25
102851,999,83,64.97363758087158,1.0,0.0,0.03,0.25
102964,1000,113,46.7468958622776,1.0,0.0,0.03,0.25
103047,1001,83,64.97363758087158,1.0,0.0,0.03,0.25
103160,1002,113,34.40686444193125,1.0,0.0,0.03,0.25
103243,1003,83,62.62363761663437,1.0,0.0,0.03,0.25
103326,1004,83,62.623637557029724,1.0,0.0,0.03,0.25
103425,1005,99,26.531523836310953,1.0,0.0,0.03,0.25
103528,1006,103,44.15101198479533,1.0,0.0,0.03,0.25
103639,1007,111,45.61920702457428,1.0,0.0,0.03,0.25
103750,1008,111,13.794800732284784,1.0,0.0,0.03,0.25
103857,1009,107,45.2591765858233,1.0,0.0,0.03,0.25
103959,1010,102,-20.035254005808383,1.0,0.0,0.03,0.25
104069,1011,110,20.769495444372296,1.0,0.0,0.03,0.25
104177,1012,108,60.92949452996254,1.0,0.0,0.03,0.25
104277,1013,100,56.298431515693665,1.0,0.0,0.03,0.25
104373,1014,96,5.236494986340404,1.0,0.0,0.03,0.25
104487,1015,114,-1.7086096554994583,1.0,0.0,0.03,0.25
104570,1016,83,62.623637557029724,1.0,0.0,0.03,0.25
104682,1017,112,-5.545011285692453,1.0,0.0,0.03,0.25
104790,1018,108,-7.209236349910498,1.0,0.0,0.03,0.25
104890,1019,100,-0.3746299655176699,1.0,0.0,0.03,0.25
104995,1020,105,42.15051520150155,1.0,0.0,0.03,0.25
105078,1021,83,62.623637557029724,1.0,0.0,0.03,0.25
105189,1022,111,45.77668684255332,1.0,0.0,0.03,0.25
105290,1023,101,-45.32526477146894,1.0,0.0,0.03,0.25
105404,1024,114,59.14294835925102,1.0,0.0,0.03,0.25
105508,1025,104,56.386625960469246,1.0,0.0,0.03,0.25
105621,1026,113,40.31503042858094,1.0,0.0,0.03,0.25
105730,1027,109,56.729607816785574,1.0,0.0,0.03,0.25
105843,1028,113,46.6554106362164,1.0,0.0,0.03,0.25
105951,1029,108,23.8860745690763,1.0,0.0,0.03,0.25
106056,1030,105,28.13029481098056,1.0,0.0,0.03,0.25
106161,1031,105,39.28432628093287,1.0,0.0,0.03,0.25
106266,1032,105,33.64611975476146,1.0,0.0,0.03,0.25
106373,1033,107,53.82058607786894,1.0,0.0,0.03,0.25
106478,1034,105,51.15126633644104,1.0,0.0,0.03,0.25
106587,1035,109,29.772303979843855,1.0,0.0,0.03,0.25
106690,1036,103,57.833000775426626,1.0,0.0,0.03,0.25
106789,1037,99,53.14867669297382,1.0,0.0,0.03,0.25
106874,1038,85,56.20032298564911,1.0,0.0,0.03,0.25
106983,1039,109,46.10510077237268,1.0,0.0,0.03,0.25
107066,1040,83,62.62363764643669,1.0,0.0,0.03,0.25
107178,1041,112,45.6252100947313,1.0,0.0,0.03,0.25
107291,1042,113,37.51903615288393,1.0,0.0,0.03,0.25
107398,1043,107,49.97620119435669,1.0,0.0,0.03,0.25
107513,1044,115,10.210841880645603,1.0,0.0,0.03,0.25
107621,1045,108,25.19002181245014,1.0,0.0,0.03,0.25
107735,1046,114,17.793041076511145,1.0,0.0,0.03,0.25
107848,1047,113,42.42188054788858,1.0,0.0,0.03,0.25
107931,1048,83,64.97363758087158,1.0,0.0,0.03,0.25
108034,1049,103,45.2875682907179,1.0,0.0,0.03,0.25
108142,1050,108,46.085488833487034,1.0,0.0,0.03,0.25
108245,1051,103,-7.638962835073471,1.0,0.0,0.03,0.25
108329,1052,84,62.936978459358215,1.0,0.0,0.03,0.25
108434,1053,105,-60.77947958605364,1.0,0.0,0.03,0.25
108547,1054,113,9.446539455559105,1.0,0.0,0.03,0.25
108648,1055,101,30.15387134300545,1.0,0.0,0.03,0.25
108763,1056,115,49.075359367765486,1.0,0.0,0.03,0.25
108866,1057,103,37.76627031713724,1.0,0.0,0.03,0.25
108964,1058,98,47.64947713119909,1.0,0.0,0.03,0.25
109074,1059,110,40.58032964126323,1.0,0.0,0.03,0.25
109183,1060,109,22.75983364507556,1.0,0.0,0.03,0.25
109290,1061,107,49.06046562921256,1.0,0.0,0.03,0.25
109390,1062,100,0.23505701450631022,1.0,0.0,0.03,0.25
109500,1063,110,45.316506376024336,1.0,0.0,0.03,0.25
109607,1064,107,-21.66879784548655,1.0,0.0,0.03,0.25
109707,1065,100,41.15505804866552,1.0,0.0,0.03,0.25
109816,1066,109,24.3225863086991,1.0,0.0,0.03,0.25
109920,1067,104,-9.091994194313884,1.0,0.0,0.03,0.25
110031,1068,111,13.252078086137772,1.0,0.0,0.03,0.25
110132,1069,101,29.598950432613492,1.0,0.0,0.03,0.25
110240,1070,108,54.512025617063046,1.0,0.0,0.03,0.25
110353,1071,113,45.20050289854407,1.0,0.0,0.03,0.25
110458,1072,105,-0.7155180908739567,1.0,0.0,0.03,0.25
110571,1073,113,5.223900258541107,1.0,0.0,0.03,0.25
110688,1074,117,30.39309387234971,1.0,0.0,0.03,0.25
110803,1075,115,40.386390743777156,1.0,0.0,0.03,0.25
110910,1076,107,34.01951426221058,1.0,0.0,0.03,0.25
111016,1077,106,41.87815607339144,1.0,0.0,0.03,0.25
111126,1078,110,39.36605674494058,1.0,0.0,0.03,0.25
111234,1079,108,-8.277795620262623,1.0,0.0,0.03,0.25
111341,1080,107,38.144402235746384,1.0,0.0,0.03,0.25
111447,1081,106,37.36347364168614,1.0,0.0,0.03,0.25
111560,1082,113,51.54473392944783,1.0,0.0,0.03,0.25
111643,1083,83,60.27363762259483,1.0,0.0,0.03,0.25
111741,1084,98,43.56700510531664,1.0,0.0,0.03,0.25
111824,1085,83,62.6236375272274,1.0,0.0,0.03,0.25
111907,1086,83,64.97363758087158,1.0,0.0,0.03,0.25
112013,1087,106,56.019042171537876,1.0,0.0,0.03,0.25
112112,1088,99,30.893687481526285,1.0,0.0,0.03,0.25
112222,1089,110,38.391899179667234,1.0,0.0,0.03,0.25
112331,1090,109,21.675123173277825,1.0,0.0,0.03,0.25
112444,1091,113,49.425053137820214,1.0,0.0,0.03,0.25
112553,1092,109,62.51297128899023,1.0,0.0,0.03,0.25
112636,1093,83,64.97363767027855,1.0,0.0,0.03,0.25
112745,1094,109,-21.131136387586594,1.0,0.0,0.03,0.25
112855,1095,110,46.22511074692011,1.0,0.0,0.03,0.25
112968,1096,113,14.76175940176472,1.0,0.0,0.03,0.25
113079,1097,111,-13.689682606607676,1.0,0.0,0.03,0.25
113162,1098,83,62.62363758683205,1.0,0.0,0.03,0.25
113231,1099,69,-194.44937187619507,0.0,1.0,0.03,0.25
113337,1100,106,32.04652790306136,1.0,0.0,0.03,0.25
113448,1101,111,49.77679305523634,1.0,0.0,0.03,0.25
113559,1102,111,-4.1733610443770885,1.0,0.0,0.03,0.25
113654,1103,95,46.028834789060056,1.0,0.0,0.03,0.25
113764,1104,110,-3.276109278202057,1.0,0.0,0.03,0.25
113868,1105,104,50.80080901412293,1.0,0.0,0.03,0.25
113976,1106,108,43.57963193953037,1.0,0.0,0.03,0.25
114087,1107,111,47.95323222875595,1.0,0.0,0.03,0.25
114196,1108,109,65.51097463071346,1.0,0.0,0.03,0.25
114303,1109,107,-10.321605410426855,1.0,0.0,0.03,0.25
114411,1110,108,23.23912800848484,1.0,0.0,0.03,0.25
114523,1111,112,47.71904405625537,1.0,0.0,0.03,0.25
114620,1112,97,-13.066273227334023,1.0,0.0,0.03,0.25
114734,1113,114,31.05748125864193,1.0,0.0,0.03,0.25
114836,1114,102,-31.400152176618576,1.0,0.0,0.03,0.25
114950,1115,114,32.49554104311392,1.0,0.0,0.03,0.25
115061,1116,111,51.53296781331301,1.0,0.0,0.03,0.25
115161,1117,100,-25.274696100503206,1.0,0.0,0.03,0.25
115258,1118,97,-1.9623911045491695,1.0,0.0,0.03,0.25
115361,1119,103,42.02459479495883,1.0,0.0,0.03,0.25
115466,1120,105,52.16113755805418,1.0,0.0,0.03,0.25
115574,1121,108,-4.374262683093548,1.0,0.0,0.03,0.25
115685,1122,111,35.0812042504549,1.0,0.0,0.03,0.25
115797,1123,112,0.5455604791641235,1.0,0.0,0.03,0.25
115900,1124,103,55.61549615114927,1.0,0.0,0.03,0.25
116006,1125,106,44.137736454606056,1.0,0.0,0.03,0.25
116089,1126,83,57.923637717962265,1.0,0.0,0.03,0.25
116196,1127,107,16.17712221480906,1.0,0.0,0.03,0.25
116309,1128,113,29.537501763552427,1.0,0.0,0.03,0.25
116420,1129,111,47.3326229006052,1.0,0.0,0.03,0.25
116531,1130,111,29.857827845509746,1.0,0.0,0.03,0.25
116634,1131,103,45.18914710730314,1.0,0.0,0.03,0.25
116747,1132,113,41.67498340411112,1.0,0.0,0.03,0.25
116862,1133,115,35.7804535725154,1.0,0.0,0.03,0.25
116968,1134,106,49.22874748196409,1.0,0.0,0.03,0.25
117076,1135,108,49.820536624174565,1.0,0.0,0.03,0.25
117160,1136,84,60.586978524923325,1.0,0.0,0.03,0.25
117264,1137,104,45.95551906108449,1.0,0.0,0.03,0.25
117372,1138,108,54.85262022167444,1.0,0.0,0.03,0.25
117483,1139,111,54.76753462757915,1.0,0.0,0.03,0.25
117596,1140,113,-62.781220578122884,1.0,0.0,0.03,0.25
117704,1141,108,53.65992560982704,1.0,0.0,0.03,0.25
117799,1142,95,49.511150389909744,1.0,0.0,0.03,0.25
117906,1143,107,57.29521180689335,1.0,0.0,0.03,0.25
118016,1144,110,-10.23382417857647,1.0,0.0,0.03,0.25
118131,1145,115,37.967687799595296,1.0,0.0,0.03,0.25
118205,1146,74,-211.49874737206846,0.0,1.0,0.03,0.25
118313,1147,108,48.20121018588543,1.0,0.0,0.03,0.25
118429,1148,116,37.10285239061341,1.0,0.0,0.03,0.25
118529,1149,100,36.84061335027218,1.0,0.0,0.03,0.25
118638,1150,109,-12.069938306231052,1.0,0.0,0.03,0.25
118748,1151,110,33.578779141418636,1.0,0.0,0.03,0.25
118831,1152,83,62.623637557029724,1.0,0.0,0.03,0.25
118898,1153,67,-151.18158485088497,0.0,1.0,0.03,0.25
119005,1154,107,57.76042016595602,1.0,0.0,0.03,0.25
119114,1155,109,-10.366248041391373,1.0,0.0,0.03,0.25
119228,1156,114,30.978123504668474,1.0,0.0,0.03,0.25
119336,1157,108,48.077156759332865,1.0,0.0,0.03,0.25
119447,1158,111,46.348644082434475,1.0,0.0,0.03,0.25
119560,1159,113,48.61901248063077,1.0,0.0,0.03,0.25
119678,1160,118,44.17229687049985,1.0,0.0,0.03,0.25
119783,1161,105,10.517824951559305,1.0,0.0,0.03,0.25
119890,1162,107,34.707519348710775,1.0,0.0,0.03,0.25
120008,1163,118,20.74871822888963,1.0,0.0,0.03,0.25
120124,1164,116,34.34082103706896,1.0,0.0,0.03,0.25
120229,1165,105,43.04065318405628,1.0,0.0,0.03,0.25
120335,1166,106,39.02498948434368,1.0,0.0,0.03,0.25
120438,1167,103,46.424126878380775,1.0,0.0,0.03,0.25
120544,1168,106,-15.952640362083912,1.0,0.0,0.03,0.25
120656,1169,112,-59.63747159764171,1.0,0.0,0.03,0.25
120756,1170,100,43.84648133814335,1.0,0.0,0.03,0.25
120859,1171,103,49.88495928514749,1.0,0.0,0.03,0.25
120942,1172,83,64.97363758087158,1.0,0.0,0.03,0.25
121045,1173,103,2.086879587266594,1.0,0.0,0.03,0.25
121144,1174,99,49.689029816072434,1.0,0.0,0.03,0.25
121252,1175,108,-8.411591466516256,1.0,0.0,0.03,0.25
121356,1176,104,55.920672968029976,1.0,0.0,0.03,0.25
121462,1177,106,51.37826180784032,1.0,0.0,0.03,0.25
121571,1178,109,18.56109031289816,1.0,0.0,0.03,0.25
121676,1179,105,-28.424774751532823,1.0,0.0,0.03,0.25
121789,1180,113,29.537913726177067,1.0,0.0,0.03,0.25
121899,1181,110,41.69838108122349,1.0,0.0,0.03,0.25
122001,1182,102,47.57300893217325,1.0,0.0,0.03,0.25
122108,1183,107,25.345562219219573,1.0,0.0,0.03,0.25
122219,1184,111,22.169960451312363,1.0,0.0,0.03,0.25
122332,1185,113,46.53385924687609,1.0,0.0,0.03,0.25
122440,1186,108,38.53777255490422,1.0,0.0,0.03,0.25
122547,1187,107,35.5883700302802,1.0,0.0,0.03,0.25
122660,1188,113,44.78872545133345,1.0,0.0,0.03,0.25
122765,1189,105,-18.102713095024228,1.0,0.0,0.03,0.25
122848,1190,83,55.573637545108795,1.0,0.0,0.03,0.25
122962,1191,114,15.3385324254632,1.0,0.0,0.03,0.25
123071,1192,109,57.4374357573688,1.0,0.0,0.03,0.25
123179,1193,108,19.709822438657284,1.0,0.0,0.03,0.25
123287,1194,108,42.45062547503039,1.0,0.0,0.03,0.25
123391,1195,104,38.40980355069041,1.0,0.0,0.03,0.25
123474,1196,83,64.97363764047623,1.0,0.0,0.03,0.25
123557,1197,83,62.62363758683205,1.0,0.0,0.03,0.25
123672,1198,115,41.203058378305286,1.0,0.0,0.03,0.25
123785,1199,113,35.26339065749198,1.0,0.0,0.03,0.25
123889,1200,104,36.31101084500551,1.0,0.0,0.03,0.25
123999,1201,110,49.05492935562506,1.0,0.0,0.03,0.25
124114,1202,115,40.64423303399235,1.0,0.0,0.03,0.25
124227,1203,113,40.53806702652946,1.0,0.0,0.03,0.25
124329,1204,102,50.82936381129548,1.0,0.0,0.03,0.25
124442,1205,113,-10.57036018371582,1.0,0.0,0.03,0.25
124559,1206,117,40.4341386356391,1.0,0.0,0.03,0.25
124667,1207,108,-18.586411774158478,1.0,0.0,0.03,0.25
124777,1208,110,46.3916616900824,1.0,0.0,0.03,0.25
124860,1209,83,62.623637557029724,1.0,0.0,0.03,0.25
124943,1210,83,62.6236375272274,1.0,0.0,0.03,0.25
125048,1211,105,48.36733619077131,1.0,0.0,0.03,0.25
125151,1212,103,43.54420218616724,1.0,0.0,0.03,0.25
125255,1213,104,35.27194908823003,1.0,0.0,0.03,0.25
125356,1214,101,37.59937867149711,1.0,0.0,0.03,0.25
125456,1215,100,52.83864847943187,1.0,0.0,0.03,0.25
125539,1216,83,59.82363732159138,1.0,0.0,0.03,0.25
125654,1217,115,54.87776419892907,1.0,0.0,0.03,0.25
125763,1218,109,-36.14120879024267,1.0,0.0,0.03,0.25
125869,1219,106,42.24535517394543,1.0,0.0,0.03,0.25
125966,1220,97,-46.978535015136,1.0,0.0,0.03,0.25
126066,1221,100,23.424444017466158,1.0,0.0,0.03,0.25
126177,1222,111,37.53802077099681,1.0,0.0,0.03,0.25
126285,1223,108,27.86588608752936,1.0,0.0,0.03,0.25
126368,1224,83,62.773637518286705,1.0,0.0,0.03,0.25
126471,1225,103,57.901633117347956,1.0,0.0,0.03,0.25
126575,1226,104,40.99190866900608,1.0,0.0,0.03,0.25
126691,1227,116,-3.0933823292143643,1.0,0.0,0.03,0.25
126804,1228,113,44.16144489776343,1.0,0.0,0.03,0.25
126917,1229,113,16.16714784828946,1.0,0.0,0.03,0.25
127023,1230,106,9.416861756733852,1.0,0.0,0.03,0.25
127126,1231,103,-14.70680232392624,1.0,0.0,0.03,0.25
127233,1232,107,8.272589420899749,1.0,0.0,0.03,0.25
127346,1233,113,30.53467422912945,1.0,0.0,0.03,0.25
127429,1234,83,67.32363760471344,1.0,0.0,0.03,0.25
127538,1235,109,-13.604819283355027,1.0,0.0,0.03,0.25
127635,1236,97,56.7116959169507,1.0,0.0,0.03,0.25
127739,1237,104,-2.034015666693449,1.0,0.0,0.03,0.25
127852,1238,113,49.2290245029144,1.0,0.0,0.03,0.25
127958,1239,106,18.549962021410465,1.0,0.0,0.03,0.25
128067,1240,109,27.97623179992661,1.0,0.0,0.03,0.25
128179,1241,112,46.08317770063877,1.0,0.0,0.03,0.25
128288,1242,109,52.09062337130308,1.0,0.0,0.03,0.25
128372,1243,84,60.586979776620865,1.0,0.0,0.03,0.25
128480,1244,108,44.443583763670176,1.0,0.0,0.03,0.25
128589,1245,109,39.218776107765734,1.0,0.0,0.03,0.25
128672,1246,83,64.97363764047623,1.0,0.0,0.03,0.25
128786,1247,114,13.708838437218219,1.0,0.0,0.03,0.25
128898,1248,112,14.911711920052767,1.0,0.0,0.03,0.25
128981,1249,83,57.17363753914833,1.0,0.0,0.03,0.25
129090,1250,109,34.3159910812974,1.0,0.0,0.03,0.25
129173,1251,83,57.923637598752975,1.0,0.0,0.03,0.25
129284,1252,111,33.24286111444235,1.0,0.0,0.03,0.25
129367,1253,83,60.273637533187866,1.0,0.0,0.03,0.25
129473,1254,106,48.64475730061531,1.0,0.0,0.03,0.25
129583,1255,110,40.71765001771564,1.0,0.0,0.03,0.25
129689,1256,106,40.959443636238575,1.0,0.0,0.03,0.25
129795,1257,106,25.45751938968897,1.0,0.0,0.03,0.25
129904,1258,109,41.00212633982301,1.0,0.0,0.03,0.25
129977,1259,73,-172.4296766743064,0.0,1.0,0.03,0.25
130090,1260,113,34.282644527964294,1.0,0.0,0.03,0.25
130173,1261,83,62.623637557029724,1.0,0.0,0.03,0.25
130281,1262,108,39.55492075625807,1.0,0.0,0.03,0.25
130384,1263,103,42.33250869251788,1.0,0.0,0.03,0.25
130493,1264,109,22.953056797385216,1.0,0.0,0.03,0.25
130604,1265,111,35.64640242187306,1.0,0.0,0.03,0.25
130716,1266,112,20.66776018915698,1.0,0.0,0.03,0.25
130828,1267,112,26.78446749225259,1.0,0.0,0.03,0.25
130932,1268,104,45.1766128083691,1.0,0.0,0.03,0.25
131015,1269,83,64.97363764047623,1.0,0.0,0.03,0.25
131098,1270,83,60.273637533187866,1.0,0.0,0.03,0.25
131208,1271,110,16.55466666817665,1.0,0.0,0.03,0.25
131306,1272,98,36.98024347424507,1.0,0.0,0.03,0.25
131421,1273,115,56.82600098475814,1.0,0.0,0.03,0.25
131528,1274,107,42.76976220309734,1.0,0.0,0.03,0.25
131634,1275,106,40.134993504267186,1.0,0.0,0.03,0.25
131750,1276,116,-2.2371026277542114,1.0,0.0,0.03,0.25
131856,1277,106,-3.5266608744859695,1.0,0.0,0.03,0.25
131962,1278,106,-45.0439390137326,1.0,0.0,0.03,0.25
132071,1279,109,19.02616917109117,1.0,0.0,0.03,0.25
132175,1280,104,48.78489349037409,1.0,0.0,0.03,0.25
132283,1281,108,23.819959554821253,1.0,0.0,0.03,0.25
132386,1282,103,14.721926759462804,1.0,0.0,0.03,0.25
132480,1283,94,44.909812334459275,1.0,0.0,0.03,0.25
132593,1284,113,41.35673037171364,1.0,0.0,0.03,0.25
132700,1285,107,-16.432579033542424,1.0,0.0,0.03,0.25
132804,1286,104,42.812667313963175,1.0,0.0,0.03,0.25
132913,1287,109,8.651554592419416,1.0,0.0,0.03,0.25
132996,1288,83,62.62363761663437,1.0,0.0,0.03,0.25
133108,1289,112,39.26646787626669,1.0,0.0,0.03,0.25
133213,1290,105,-21.013210389763117,1.0,0.0,0.03,0.25
133321,1291,108,58.926521100103855,1.0,0.0,0.03,0.25
133428,1292,107,49.10706955939531,1.0,0.0,0.03,0.25
133505,1293,77,-181.84180704550818,0.0,1.0,0.03,0.25
133617,1294,112,40.23620179016143,1.0,0.0,0.03,0.25
133700,1295,83,62.623637557029724,1.0,0.0,0.03,0.25
133812,1296,112,-1.066007349640131,1.0,0.0,0.03,0.25
133920,1297,108,34.67477811127901,1.0,0.0,0.03,0.25
134032,1298,112,52.00098647503182,1.0,0.0,0.03,0.25
134135,1299,103,42.33998735481873,1.0,0.0,0.03,0.25
134218,1300,83,60.27363759279251,1.0,0.0,0.03,0.25
134321,1301,103,53.9044621065259,1.0,0.0,0.03,0.25
134431,1302,110,1.0830151168629527,1.0,0.0,0.03,0.25
134541,1303,110,45.55434460146353,1.0,0.0,0.03,0.25
134637,1304,96,-2.921818805858493,1.0,0.0,0.03,0.25
134738,1305,101,-35.56579439342022,1.0,0.0,0.03,0.25
134848,1306,110,47.450665574520826,1.0,0.0,0.03,0.25
134955,1307,107,39.51476473733783,1.0,0.0,0.03,0.25
135066,1308,111,51.06752515118569,1.0,0.0,0.03,0.25
135177,1309,111,14.573821499943733,1.0,0.0,0.03,0.25
135286,1310,109,16.941866669803858,1.0,0.0,0.03,0.25
135401,1311,115,43.18288461212069,1.0,0.0,0.03,0.25
135502,1312,101,53.212986044585705,1.0,0.0,0.03,0.25
135569,1313,67,-203.4741270802915,0.0,1.0,0.03,0.25
135676,1314,107,53.66528657823801,1.0,0.0,0.03,0.25
135785,1315,109,45.78675853367895,1.0,0.0,0.03,0.25
135853,1316,68,-141.83890823833644,0.0,1.0,0.03,0.25
135966,1317,113,8.521028883289546,1.0,0.0,0.03,0.25
136071,1318,105,56.53499364107847,1.0,0.0,0.03,0.25
136175,1319,104,46.17155379850374,1.0,0.0,0.03,0.25
136284,1320,109,5.247682802379131,1.0,0.0,0.03,0.25
136367,1321,83,55.57363784313202,1.0,0.0,0.03,0.25
136464,1322,97,15.064747016411275,1.0,0.0,0.03,0.25
136547,1323,83,60.27363786101341,1.0,0.0,0.03,0.25
136656,1324,109,35.218678675126284,1.0,0.0,0.03,0.25
136768,1325,112,48.516083179973066,1.0,0.0,0.03,0.25
136874,1326,106,52.84002660214901,1.0,0.0,0.03,0.25
136979,1327,105,32.49138727039099,1.0,0.0,0.03,0.25
137087,1328,108,47.38676199549809,1.0,0.0,0.03,0.25
137198,1329,111,27.609419356565922,1.0,0.0,0.03,0.25
137309,1330,111,45.67773935291916,1.0,0.0,0.03,0.25
137423,1331,114,33.52682547271252,1.0,0.0,0.03,0.25
137533,1332,110,8.38289999589324,1.0,0.0,0.03,0.25
137604,1333,71,-219.9666956216097,0.0,1.0,0.03,0.25
137703,1334,99,-22.367621256038547,1.0,0.0,0.03,0.25
137786,1335,83,64.9736376106739,1.0,0.0,0.03,0.25
137898,1336,112,35.65340013708919,1.0,0.0,0.03,0.25
137977,1337,79,-191.81900512427092,0.0,1.0,0.03,0.25
138080,1338,103,31.103706304449588,1.0,0.0,0.03,0.25
138187,1339,107,55.934267081320286,1.0,0.0,0.03,0.25
138294,1340,107,29.441208585631102,1.0,0.0,0.03,0.25
138377,1341,83,67.32363760471344,1.0,0.0,0.03,0.25
138486,1342,109,34.284032352268696,1.0,0.0,0.03,0.25
138597,1343,111,26.541747556068003,1.0,0.0,0.03,0.25
138698,1344,101,47.125766322016716,1.0,0.0,0.03,0.25
138805,1345,107,-10.13143864274025,1.0,0.0,0.03,0.25
138918,1346,113,45.90525632118806,1.0,0.0,0.03,0.25
139019,1347,101,-28.02055311203003,1.0,0.0,0.03,0.25
139131,1348,112,45.12612472940236,1.0,0.0,0.03,0.25
139238,1349,107,48.702384538948536,1.0,0.0,0.03,0.25
139351,1350,113,52.0006277221255,1.0,0.0,0.03,0.25
139462,1351,111,45.11534696351737,1.0,0.0,0.03,0.25
139573,1352,111,55.222630348056555,1.0,0.0,0.03,0.25
139682,1353,109,49.90064721554518,1.0,0.0,0.03,0.25
139765,1354,83,67.32363760471344,1.0,0.0,0.03,0.25
139871,1355,106,42.50519333407283,1.0,0.0,0.03,0.25
139975,1356,104,-61.16367258876562,1.0,0.0,0.03,0.25
140078,1357,103,54.276661314070225,1.0,0.0,0.03,0.25
140177,1358,99,30.942230373620987,1.0,0.0,0.03,0.25
140289,1359,112,43.394949950277805,1.0,0.0,0.03,0.25
140402,1360,113,32.78897915733978,1.0,0.0,0.03,0.25
140511,1361,109,57.40889134630561,1.0,0.0,0.03,0.25
140572,1362,61,-194.97742714779451,0.0,1.0,0.03,0.25
140655,1363,83,64.97363758087158,1.0,0.0,0.03,0.25
140762,1364,107,-4.339674951508641,1.0,0.0,0.03,0.25
140877,1365,115,-34.59905918315053,1.0,0.0,0.03,0.25
140953,1366,76,-188.4052310064435,0.0,1.0,0.03,0.25
141063,1367,110,52.623383111320436,1.0,0.0,0.03,0.25
141175,1368,112,49.26256698323414,1.0,0.0,0.03,0.25
141289,1369,114,-1.6490859691984951,1.0,0.0,0.03,0.25
141390,1370,101,47.83053782116622,1.0,0.0,0.03,0.25
141495,1371,105,37.26136243250221,1.0,0.0,0.03,0.25
141602,1372,107,29.659027989022434,1.0,0.0,0.03,0.25
141717,1373,115,40.98219089070335,1.0,0.0,0.03,0.25
141819,1374,102,-8.651943134143949,1.0,0.0,0.03,0.25
141930,1375,111,35.91079298937257,1.0,0.0,0.03,0.25
142045,1376,115,27.841901822946966,1.0,0.0,0.03,0.25
142153,1377,108,53.32842129468918,1.0,0.0,0.03,0.25
142255,1378,102,7.076228457968682,1.0,0.0,0.03,0.25
142367,1379,112,26.253797895740718,1.0,0.0,0.03,0.25
142479,1380,112,-31.343929246068,1.0,0.0,0.03,0.25
142562,1381,83,53.22363764047623,1.0,0.0,0.03,0.25
142646,1382,84,52.78698182106018,1.0,0.0,0.03,0.25
142760,1383,114,23.151431830599904,1.0,0.0,0.03,0.25
142871,1384,111,44.82465856894851,1.0,0.0,0.03,0.25
142984,1385,113,50.36521250009537,1.0,0.0,0.03,0.25
143092,1386,108,44.603537045419216,1.0,0.0,0.03,0.25
143189,1387,97,5.612075887620449,1.0,0.0,0.03,0.25
143299,1388,110,54.78282036585733,1.0,0.0,0.03,0.25
143404,1389,105,48.136238768696785,1.0,0.0,0.03,0.25
143507,1390,103,46.37328711245209,1.0,0.0,0.03,0.25
143611,1391,104,25.281408715527505,1.0,0.0,0.03,0.25
143694,1392,83,64.97363758087158,1.0,0.0,0.03,0.25
143801,1393,107,54.297369193285704,1.0,0.0,0.03,0.25
143898,1394,97,29.615797705948353,1.0,0.0,0.03,0.25
144006,1395,108,27.65854921611026,1.0,0.0,0.03,0.25
144116,1396,110,0.9788498319685459,1.0,0.0,0.03,0.25
144225,1397,109,36.747637731954455,1.0,0.0,0.03,0.25
144324,1398,99,-11.786872111260891,1.0,0.0,0.03,0.25
144438,1399,114,-14.232896799672744,1.0,0.0,0.03,0.25
144522,1400,84,60.58697870373726,1.0,0.0,0.03,0.25
144635,1401,113,37.057421781588346,1.0,0.0,0.03,0.25
144737,1402,102,-99.77719156816602,1.0,0.0,0.03,0.25
144845,1403,108,40.61966689210385,1.0,0.0,0.03,0.25
144956,1404,111,44.2889363742579,1.0,0.0,0.03,0.25
145066,1405,110,50.459738321602345,1.0,0.0,0.03,0.25
145182,1406,116,43.55877052946016,1.0,0.0,0.03,0.25
145294,1407,112,33.07671182556078,1.0,0.0,0.03,0.25
145404,1408,110,20.702283833175898,1.0,0.0,0.03,0.25
145512,1409,108,42.246049526147544,1.0,0.0,0.03,0.25
145628,1410,116,43.318455959670246,1.0,0.0,0.03,0.25
145742,1411,114,18.701763107907027,1.0,0.0,0.03,0.25
145844,1412,102,46.53226125612855,1.0,0.0,0.03,0.25
145953,1413,109,56.40928544104099,1.0,0.0,0.03,0.25
146038,1414,85,63.25032168626785,1.0,0.0,0.03,0.25
146145,1415,107,49.65423706173897,1.0,0.0,0.03,0.25
146255,1416,110,50.25241665542126,1.0,0.0,0.03,0.25
146357,1417,102,48.99078290164471,1.0,0.0,0.03,0.25
146470,1418,113,5.96241015708074,1.0,0.0,0.03,0.25
146576,1419,106,36.13643729921023,1.0,0.0,0.03,0.25
146678,1420,102,57.470938459038734,1.0,0.0,0.03,0.25
146741,1421,63,-203.35483689093962,0.0,1.0,0.03,0.25
146842,1422,101,51.096691101789474,1.0,0.0,0.03,0.25
146950,1423,108,50.71532210105215,1.0,0.0,0.03,0.25
147033,1424,83,57.9236376285553,1.0,0.0,0.03,0.25
147144,1425,111,43.735328241746174,1.0,0.0,0.03,0.25
147247,1426,103,46.77627761242911,1.0,0.0,0.03,0.25
147330,1427,83,48.523637533187866,1.0,0.0,0.03,0.25
147413,1428,83,55.57363751530647,1.0,0.0,0.03,0.25
147524,1429,111,28.34857449354604,1.0,0.0,0.03,0.25
147608,1430,84,53.536978363990784,1.0,0.0,0.03,0.25
147691,1431,83,64.97363758087158,1.0,0.0,0.03,0.25
147795,1432,104,52.87489069253206,1.0,0.0,0.03,0.25
147902,1433,107,3.124711121447035,1.0,0.0,0.03,0.25
148008,1434,106,-21.599041007459164,1.0,0.0,0.03,0.25
148117,1435,109,5.859620987459493,1.0,0.0,0.03,0.25
148222,1436,105,51.957604985218495,1.0,0.0,0.03,0.25
148331,1437,109,41.06134544219822,1.0,0.0,0.03,0.25
148427,1438,96,-13.65460461936891,1.0,0.0,0.03,0.25
148529,1439,102,-27.20758494734764,1.0,0.0,0.03,0.25
148626,1440,97,28.913353079929948,1.0,0.0,0.03,0.25
148709,1441,83,60.273637771606445,1.0,0.0,0.03,0.25
148825,1442,116,41.27261336846277,1.0,0.0,0.03,0.25
148934,1443,109,12.910888734739274,1.0,0.0,0.03,0.25
149040,1444,106,48.28206704184413,1.0,0.0,0.03,0.25
149142,1445,102,39.862538768938975,1.0,0.0,0.03,0.25
149253,1446,111,-47.964962251484394,1.0,0.0,0.03,0.25
149364,1447,111,37.05142737273127,1.0,0.0,0.03,0.25
149460,1448,96,51.767124112695456,1.0,0.0,0.03,0.25
149543,1449,83,64.97363764047623,1.0,0.0,0.03,0.25
149641,1450,98,42.081747997086495,1.0,0.0,0.03,0.25
149752,1451,111,41.39881097525358,1.0,0.0,0.03,0.25
149835,1452,83,50.123637676239014,1.0,0.0,0.03,0.25
149943,1453,108,-3.0801433846354485,1.0,0.0,0.03,0.25
150049,1454,106,41.575830976013094,1.0,0.0,0.03,0.25
150161,1455,112,47.123802225105464,1.0,0.0,0.03,0.25
150264,1456,103,6.004551946214633,1.0,0.0,0.03,0.25
150335,1457,71,-201.4800064265728,0.0,1.0,0.03,0.25
150447,1458,112,34.370825780089945,1.0,0.0,0.03,0.25
150561,1459,114,48.66534121334553,1.0,0.0,0.03,0.25
150675,1460,114,7.88193980185315,1.0,0.0,0.03,0.25
150788,1461,113,19.00793443992734,1.0,0.0,0.03,0.25
150902,1462,114,21.12167196907103,1.0,0.0,0.03,0.25
151017,1463,115,39.88342313375324,1.0,0.0,0.03,0.25
151118,1464,101,36.276907682884485,1.0,0.0,0.03,0.25
151225,1465,107,39.620160322636366,1.0,0.0,0.03,0.25
151330,1466,105,10.602226097136736,1.0,0.0,0.03,0.25
151444,1467,114,49.011966777499765,1.0,0.0,0.03,0.25
151527,1468,83,62.623637557029724,1.0,0.0,0.03,0.25
151638,1469,111,47.16671453695744,1.0,0.0,0.03,0.25
151750,1470,112,54.94266914948821,1.0,0.0,0.03,0.25
151863,1471,113,31.490419841371477,1.0,0.0,0.03,0.25
151963,1472,100,47.19916585087776,1.0,0.0,0.03,0.25
152059,1473,96,46.26578167080879,1.0,0.0,0.03,0.25
152171,1474,112,42.81783896870911,1.0,0.0,0.03,0.25
152279,1475,108,43.684222416515695,1.0,0.0,0.03,0.25
152386,1476,107,45.03449877956882,1.0,0.0,0.03,0.25
152496,1477,110,37.44108796585351,1.0,0.0,0.03,0.25
152612,1478,116,31.646084770560265,1.0,0.0,0.03,0.25
152718,1479,106,35.92005278170109,1.0,0.0,0.03,0.25
152835,1480,117,29.73009896930307,1.0,0.0,0.03,0.25
152940,1481,105,2.9804093800485134,1.0,0.0,0.03,0.25
153054,1482,114,13.769798189401627,1.0,0.0,0.03,0.25
153170,1483,116,21.41393135068938,1.0,0.0,0.03,0.25
153282,1484,112,7.926439714618027,1.0,0.0,0.03,0.25
153365,1485,83,60.273637533187866,1.0,0.0,0.03,0.25
153478,1486,113,26.20656445575878,1.0,0.0,0.03,0.25
153577,1487,99,39.4678785353899,1.0,0.0,0.03,0.25
153681,1488,104,56.75716318935156,1.0,0.0,0.03,0.25
153787,1489,106,1.28338123857975,1.0,0.0,0.03,0.25
153893,1490,106,57.22572088940069,1.0,0.0,0.03,0.25
153989,1491,96,45.68430762644857,1.0,0.0,0.03,0.25
154072,1492,83,64.5236375182867,1.0,0.0,0.03,0.25
154171,1493,99,40.25650626420975,1.0,0.0,0.03,0.25
154254,1494,83,62.62363761663437,1.0,0.0,0.03,0.25
154355,1495,101,23.64797155186534,1.0,0.0,0.03,0.25
154466,1496,111,-9.28684389218688,1.0,0.0,0.03,0.25
154578,1497,112,-44.827635161578655,1.0,0.0,0.03,0.25
154688,1498,110,16.491018421947956,1.0,0.0,0.03,0.25
154800,1499,112,44.31514686346054,1.0,0.0,0.03,0.25
154883,1500,83,59.52363762259483,1.0,0.0,0.03,0.25
154990,1501,107,12.032079296186566,1.0,0.0,0.03,0.25
155103,1502,113,45.161106418352574,1.0,0.0,0.03,0.25
155211,1503,108,37.56628810195252,1.0,0.0,0.03,0.25
155317,1504,106,48.59986874833703,1.0,0.0,0.03,0.25
155419,1505,102,48.25221824645996,1.0,0.0,0.03,0.25
155527,1506,108,28.431091889739037,1.0,0.0,0.03,0.25
155642,1507,115,37.648762087803334,1.0,0.0,0.03,0.25
155751,1508,109,14.957694012671709,1.0,0.0,0.03,0.25
155867,1509,116,-3.5317232944071293,1.0,0.0,0.03,0.25
155978,1510,111,37.39478526217863,1.0,0.0,0.03,0.25
156090,1511,112,43.238752943496365,1.0,0.0,0.03,0.25
156193,1512,103,51.77884081378579,1.0,0.0,0.03,0.25
156276,1513,83,62.62363758683205,1.0,0.0,0.03,0.25
156381,1514,105,40.64582400396466,1.0,0.0,0.03,0.25
156490,1515,109,48.694172486662865,1.0,0.0,0.03,0.25
156598,1516,108,-25.000517547130585,1.0,0.0,0.03,0.25
156699,1517,101,10.102447625249624,1.0,0.0,0.03,0.25
156800,1518,101,-5.471394393593073,1.0,0.0,0.03,0.25
156913,1519,113,-92.00220236601308,1.0,0.0,0.03,0.25
156996,1520,83,64.97363755106926,1.0,0.0,0.03,0.25
157079,1521,83,62.62363749742508,1.0,0.0,0.03,0.25
157180,1522,101,47.04168918309733,1.0,0.0,0.03,0.25
157288,1523,108,51.287403639405966,1.0,0.0,0.03,0.25
157385,1524,97,53.28602212667465,1.0,0.0,0.03,0.25
157497,1525,112,31.904438580852002,1.0,0.0,0.03,0.25
157609,1526,112,51.44462224841118,1.0,0.0,0.03,0.25
157692,1527,83,52.02363766729832,1.0,0.0,0.03,0.25
157797,1528,105,44.35072352364659,1.0,0.0,0.03,0.25
157912,1529,115,43.24990064650774,1.0,0.0,0.03,0.25
158010,1530,98,26.99748319387436,1.0,0.0,0.03,0.25
158093,1531,83,62.62363761663437,1.0,0.0,0.03,0.25
158176,1532,83,64.97363764047623,1.0,0.0,0.03,0.25
158278,1533,102,32.472804985474795,1.0,0.0,0.03,0.25
158377,1534,99,4.911162089090794,1.0,0.0,0.03,0.25
158482,1535,105,45.151016511023045,1.0,0.0,0.03,0.25
158587,1536,105,17.482285726815462,1.0,0.0,0.03,0.25
158691,1537,104,56.13999953120947,1.0,0.0,0.03,0.25
158795,1538,104,-7.504512628045632,1.0,0.0,0.03,0.25
158906,1539,111,64.30726052820683,1.0,0.0,0.03,0.25
159006,1540,100,-15.525135654956102,1.0,0.0,0.03,0.25
159089,1541,83,62.623637557029724,1.0,0.0,0.03,0.25
159195,1542,106,4.54191779345274,1.0,0.0,0.03,0.25
159306,1543,111,-17.904773145914078,1.0,0.0,0.03,0.25
159412,1544,106,-4.288053737953305,1.0,0.0,0.03,0.25
159506,1545,94,43.921533681452274,1.0,0.0,0.03,0.25
159615,1546,109,25.827147033065557,1.0,0.0,0.03,0.25
159719,1547,104,32.19420534837991,1.0,0.0,0.03,0.25
159833,1548,114,-4.299410864710808,1.0,0.0,0.03,0.25
159937,1549,104,37.9038956980221,1.0,0.0,0.03,0.25
160047,1550,110,60.7800626270473,1.0,0.0,0.03,0.25
160152,1551,105,42.873348779045045,1.0,0.0,0.03,0.25
160263,1552,111,52.43987780390307,1.0,0.0,0.03,0.25
160376,1553,113,30.962411616947065,1.0,0.0,0.03,0.25
160480,1554,104,20.808540146797895,1.0,0.0,0.03,0.25
160584,1555,104,-29.216139301657677,1.0,0.0,0.03,0.25
160667,1556,83,64.97363758087158,1.0,0.0,0.03,0.25
160766,1557,99,32.72426163870841,1.0,0.0,0.03,0.25
160877,1558,111,60.35039748996496,1.0,0.0,0.03,0.25
160987,1559,110,46.370744730345905,1.0,0.0,0.03,0.25
161099,1560,112,54.00027022883296,1.0,0.0,0.03,0.25
161205,1561,106,43.69446540158242,1.0,0.0,0.03,0.25
161307,1562,102,41.6288581895642,1.0,0.0,0.03,0.25
161411,1563,104,-2.3468103408813477,1.0,0.0,0.03,0.25
161520,1564,109,19.1490157879889,1.0,0.0,0.03,0.25
161628,1565,108,37.35585452057421,1.0,0.0,0.03,0.25
161738,1566,110,55.0416439846158,1.0,0.0,0.03,0.25
161832,1567,94,50.80890934821218,1.0,0.0,0.03,0.25
161939,1568,107,0.9512020889669657,1.0,0.0,0.03,0.25
162022,1569,83,67.32363757491112,1.0,0.0,0.03,0.25
162137,1570,115,52.89454700797796,1.0,0.0,0.03,0.25
162220,1571,83,62.62363764643669,1.0,0.0,0.03,0.25
162320,1572,100,18.0695041436702,1.0,0.0,0.03,0.25
162434,1573,114,5.373252298682928,1.0,0.0,0.03,0.25
162541,1574,107,53.854794055223465,1.0,0.0,0.03,0.25
162641,1575,100,38.28465620102361,1.0,0.0,0.03,0.25
162755,1576,114,-8.374462842941284,1.0,0.0,0.03,0.25
162865,1577,110,48.937270406633615,1.0,0.0,0.03,0.25
162971,1578,106,46.453230559360236,1.0,0.0,0.03,0.25
163082,1579,111,51.13018277846277,1.0,0.0,0.03,0.25
163186,1580,104,56.984440714120865,1.0,0.0,0.03,0.25
163295,1581,109,35.58953079581261,1.0,0.0,0.03,0.25
163402,1582,107,37.881971288472414,1.0,0.0,0.03,0.25
163513,1583,111,44.22915691975504,1.0,0.0,0.03,0.25
163617,1584,104,-4.291660604998469,1.0,0.0,0.03,0.25
163727,1585,110,32.653391271829605,1.0,0.0,0.03,0.25
163826,1586,99,38.8652976853773,1.0,0.0,0.03,0.25
163909,1587,83,64.97363758087158,1.0,0.0,0.03,0.25
164019,1588,110,-6.942552275955677,1.0,0.0,0.03,0.25
164129,1589,110,43.879750594031066,1.0,0.0,0.03,0.25
164242,1590,113,58.300254702568054,1.0,0.0,0.03,0.25
164349,1591,107,2.5535476244986057,1.0,0.0,0.03,0.25
164454,1592,105,5.614141519647092,1.0,0.0,0.03,0.25
164567,1593,113,-26.54005077155307,1.0,0.0,0.03,0.25
164670,1594,103,52.134576650802046,1.0,0.0,0.03,0.25
164777,1595,107,0.5039169490337372,1.0,0.0,0.03,0.25
164887,1596,110,-9.841350141912699,1.0,0.0,0.03,0.25
164971,1597,84,62.93698200583458,1.0,0.0,0.03,0.25
165072,1598,101,48.02046962827444,1.0,0.0,0.03,0.25
165171,1599,99,56.815819427371025,1.0,0.0,0.03,0.25
165282,1600,111,60.30768759176135,1.0,0.0,0.03,0.25
165395,1601,113,54.372117556631565,1.0,0.0,0.03,0.25
165498,1602,103,-47.76656177500263,1.0,0.0,0.03,0.25
165602,1603,104,-0.8482495620846748,1.0,0.0,0.03,0.25
165717,1604,115,51.50294027104974,1.0,0.0,0.03,0.25
165800,1605,83,67.32363760471344,1.0,0.0,0.03,0.25
165883,1606,83,62.62363761663437,1.0,0.0,0.03,0.25
165987,1607,104,43.04878780990839,1.0,0.0,0.03,0.25
166093,1608,106,55.20332531258464,1.0,0.0,0.03,0.25
166197,1609,104,49.923900835216045,1.0,0.0,0.03,0.25
166302,1610,105,16.82304739393294,1.0,0.0,0.03,0.25
166411,1611,109,49.067344170063734,1.0,0.0,0.03,0.25
166527,1612,116,-25.101967921713367,1.0,0.0,0.03,0.25
166629,1613,102,-3.7330792881548405,1.0,0.0,0.03,0.25
166744,1614,115,55.66853988915682,1.0,0.0,0.03,0.25
166850,1615,106,40.333992827218026,1.0,0.0,0.03,0.25
166933,1616,83,64.97363758087158,1.0,0.0,0.03,0.25
167039,1617,106,51.26867862790823,1.0,0.0,0.03,0.25
167139,1618,100,26.034451125655323,1.0,0.0,0.03,0.25
167241,1619,102,38.262623803108,1.0,0.0,0.03,0.25
167353,1620,112,-53.57498587667942,1.0,0.0,0.03,0.25
167463,1621,110,42.64442977681756,1.0,0.0,0.03,0.25
167573,1622,110,50.1388460858725,1.0,0.0,0.03,0.25
167656,1623,83,62.62363758683205,1.0,0.0,0.03,0.25
167740,1624,84,67.63697853684425,1.0,0.0,0.03,0.25
167849,1625,109,39.85823513567448,1.0,0.0,0.03,0.25
167962,1626,113,47.74694330571219,1.0,0.0,0.03,0.25
168045,1627,83,67.32363760471344,1.0,0.0,0.03,0.25
168141,1628,96,33.528949453961104,1.0,0.0,0.03,0.25
168239,1629,98,44.944587694015354,1.0,0.0,0.03,0.25
168340,1630,101,56.10794895095751,1.0,0.0,0.03,0.25
168450,1631,110,36.980030361097306,1.0,0.0,0.03,0.25
168564,1632,114,-1.606442641466856,1.0,0.0,0.03,0.25
168670,1633,106,-10.826450014486909,1.0,0.0,0.03,0.25
168774,1634,104,23.304658022272633,1.0,0.0,0.03,0.25
168890,1635,116,33.51109420135617,1.0,0.0,0.03,0.25
169005,1636,115,39.16160575253889,1.0,0.0,0.03,0.25
169113,1637,108,-31.48371658101678,1.0,0.0,0.03,0.25
169222,1638,109,13.983747640624642,1.0,0.0,0.03,0.25
169324,1639,102,57.158183954656124,1.0,0.0,0.03,0.25
169437,1640,113,52.628979581873864,1.0,0.0,0.03,0.25
169533,1641,96,47.815818063914776,1.0,0.0,0.03,0.25
169616,1642,83,50.87363764643669,1.0,0.0,0.03,0.25
169730,1643,114,55.281707637012005,1.0,0.0,0.03,0.25
169834,1644,104,44.24138490855694,1.0,0.0,0.03,0.25
169917,1645,83,64.97363764047623,1.0,0.0,0.03,0.25
170022,1646,105,29.67438019439578,1.0,0.0,0.03,0.25
170132,1647,110,36.99974885862321,1.0,0.0,0.03,0.25
170215,1648,83,62.62363761663437,1.0,0.0,0.03,0.25
170314,1649,99,-4.287005698308349,1.0,0.0,0.03,0.25
170420,1650,106,33.81413885951042,1.0,0.0,0.03,0.25
170531,1651,111,60.56184118241072,1.0,0.0,0.03,0.25
170637,1652,106,-51.60113110765815,1.0,0.0,0.03,0.25
170752,1653,115,39.32737257890403,1.0,0.0,0.03,0.25
170816,1654,64,-145.79480004124343,0.0,1.0,0.03,0.25
170914,1655,98,-23.517352962866426,1.0,0.0,0.03,0.25
170998,1656,84,58.2369784116745,1.0,0.0,0.03,0.25
171109,1657,111,30.769223116338253,1.0,0.0,0.03,0.25
171213,1658,104,51.4319483935833,1.0,0.0,0.03,0.25
171299,1659,86,54.16366374492645,1.0,0.0,0.03,0.25
171410,1660,111,34.988323763012886,1.0,0.0,0.03,0.25
171509,1661,99,-15.12408410012722,1.0,0.0,0.03,0.25
171614,1662,105,52.65636563627049,1.0,0.0,0.03,0.25
171718,1663,104,55.75681994110346,1.0,0.0,0.03,0.25
171822,1664,104,3.5282743014395237,1.0,0.0,0.03,0.25
171927,1665,105,45.92713804543018,1.0,0.0,0.03,0.25
172034,1666,107,34.99466969491914,1.0,0.0,0.03,0.25
172141,1667,107,17.9266686742194,1.0,0.0,0.03,0.25
172224,1668,83,55.57363772392273,1.0,0.0,0.03,0.25
172327,1669,103,38.500470109283924,1.0,0.0,0.03,0.25
172435,1670,108,44.52025840431452,1.0,0.0,0.03,0.25
172536,1671,101,-54.32499002479017,1.0,0.0,0.03,0.25
172642,1672,106,40.509389247745275,1.0,0.0,0.03,0.25
172753,1673,111,-17.028661797754467,1.0,0.0,0.03,0.25
172836,1674,83,64.97363758087158,1.0,0.0,0.03,0.25
172951,1675,115,35.95406537409872,1.0,0.0,0.03,0.25
173052,1676,101,13.075759502593428,1.0,0.0,0.03,0.25
173164,1677,112,29.91140314936638,1.0,0.0,0.03,0.25
173265,1678,101,40.288225535303354,1.0,0.0,0.03,0.25
173378,1679,113,25.460921443998814,1.0,0.0,0.03,0.25
173488,1680,110,7.865245718508959,1.0,0.0,0.03,0.25
173601,1681,113,37.25447959592566,1.0,0.0,0.03,0.25
173709,1682,108,42.891259521245956,1.0,0.0,0.03,0.25
173812,1683,103,36.68317461758852,1.0,0.0,0.03,0.25
173921,1684,109,3.6460355799645185,1.0,0.0,0.03,0.25
174026,1685,105,17.31298070959747,1.0,0.0,0.03,0.25
174109,1686,83,57.92363756895065,1.0,0.0,0.03,0.25
174218,1687,109,-5.7046642494387925,1.0,0.0,0.03,0.25
174328,1688,110,31.019287519156933,1.0,0.0,0.03,0.25
174439,1689,111,-2.6522868666797876,1.0,0.0,0.03,0.25
174543,1690,104,24.765057895332575,1.0,0.0,0.03,0.25
174649,1691,106,32.60594982979819,1.0,0.0,0.03,0.25
174755,1692,106,43.344663470983505,1.0,0.0,0.03,0.25
174852,1693,97,44.24136047065258,1.0,0.0,0.03,0.25
174936,1694,84,65.2869785130024,1.0,0.0,0.03,0.25
175048,1695,112,31.302926808595657,1.0,0.0,0.03,0.25
175148,1696,100,39.49825720209628,1.0,0.0,0.03,0.25
175260,1697,112,45.02956951363012,1.0,0.0,0.03,0.25
175376,1698,116,30.41459633782506,1.0,0.0,0.03,0.25
175491,1699,115,-71.54662663862109,1.0,0.0,0.03,0.25
175574,1700,83,67.32363760471344,1.0,0.0,0.03,0.25
175672,1701,98,51.89191334694624,1.0,0.0,0.03,0.25
175783,1702,111,30.6449865270406,1.0,0.0,0.03,0.25
175866,1703,83,67.32363760471344,1.0,0.0,0.03,0.25
175972,1704,106,35.682112044189125,1.0,0.0,0.03,0.25
176081,1705,109,6.991218280047178,1.0,0.0,0.03,0.25
176195,1706,114,45.45609162002802,1.0,0.0,0.03,0.25
176301,1707,106,50.29687123000622,1.0,0.0,0.03,0.25
176408,1708,107,43.372744395863265,1.0,0.0,0.03,0.25
176515,1709,107,20.018460197839886,1.0,0.0,0.03,0.25
176625,1710,110,55.048676550388336,1.0,0.0,0.03,0.25
176728,1711,103,48.19518927484751,1.0,0.0,0.03,0.25
176834,1712,106,34.76685342937708,1.0,0.0,0.03,0.25
176933,1713,99,47.49201349681243,1.0,0.0,0.03,0.25
177043,1714,110,47.262050080578774,1.0,0.0,0.03,0.25
177143,1715,100,12.438442909158766,1.0,0.0,0.03,0.25
177256,1716,113,33.6690001222305,1.0,0.0,0.03,0.25
177358,1717,102,29.34670445229858,1.0,0.0,0.03,0.25
177467,1718,109,22.650682900100946,1.0,0.0,0.03,0.25
177579,1719,112,60.23153166472912,1.0,0.0,0.03,0.25
177696,1720,117,45.78468437399715,1.0,0.0,0.03,0.25
177805,1721,109,47.3144621104002,1.0,0.0,0.03,0.25
177917,1722,112,3.855997999664396,1.0,0.0,0.03,0.25
178000,1723,83,60.27363762259483,1.0,0.0,0.03,0.25
178108,1724,108,43.286214638501406,1.0,0.0,0.03,0.25
178217,1725,109,57.1128452308476,1.0,0.0,0.03,0.25
178300,1726,83,62.623637557029724,1.0,0.0,0.03,0.25
178409,1727,109,45.39877785369754,1.0,0.0,0.03,0.25
178515,1728,106,-4.6163023305125535,1.0,0.0,0.03,0.25
178618,1729,103,48.57368966937065,1.0,0.0,0.03,0.25
178730,1730,112,-55.42202391475439,1.0,0.0,0.03,0.25
178833,1731,103,48.464896293357015,1.0,0.0,0.03,0.25
178940,1732,107,23.364823676645756,1.0,0.0,0.03,0.25
179045,1733,105,46.323951836675406,1.0,0.0,0.03,0.25
179152,1734,107,52.70863980054855,1.0,0.0,0.03,0.25
179257,1735,105,28.742327369749546,1.0,0.0,0.03,0.25
179359,1736,102,49.193068128079176,1.0,0.0,0.03,0.25
179468,1737,109,9.898828207049519,1.0,0.0,0.03,0.25
179576,1738,108,61.360010620206594,1.0,0.0,0.03,0.25
179688,1739,112,46.48972599580884,1.0,0.0,0.03,0.25
179784,1740,96,37.11162158055231,1.0,0.0,0.03,0.25
179869,1741,85,58.55032294988632,1.0,0.0,0.03,0.25
179981,1742,112,58.785229105036706,1.0,0.0,0.03,0.25
180089,1743,108,47.26009327126667,1.0,0.0,0.03,0.25
180196,1744,107,46.83508225157857,1.0,0.0,0.03,0.25
180298,1745,102,7.728341929614544,1.0,0.0,0.03,0.25
180405,1746,107,-28.698614375665784,1.0,0.0,0.03,0.25
180509,1747,104,47.87498176842928,1.0,0.0,0.03,0.25
180613,1748,104,37.402840978931636,1.0,0.0,0.03,0.25
180720,1749,107,-1.5553961405530572,1.0,0.0,0.03,0.25
180827,1750,107,33.82728359475732,1.0,0.0,0.03,0.25
180910,1751,83,60.27363780140877,1.0,0.0,0.03,0.25
180993,1752,83,67.32363760471344,1.0,0.0,0.03,0.25
181111,1753,118,39.61994012305513,1.0,0.0,0.03,0.25
181211,1754,100,46.50622438965365,1.0,0.0,0.03,0.25
181294,1755,83,62.62363758683205,1.0,0.0,0.03,0.25
181403,1756,109,45.564946949481964,1.0,0.0,0.03,0.25
181502,1757,99,59.39604118280113,1.0,0.0,0.03,0.25
181603,1758,101,48.40208634734154,1.0,0.0,0.03,0.25
181708,1759,105,57.33597408561036,1.0,0.0,0.03,0.25
181813,1760,105,62.48542486876249,1.0,0.0,0.03,0.25
181925,1761,112,-22.75745527073741,1.0,0.0,0.03,0.25
182010,1762,85,46.05032289028168,1.0,0.0,0.03,0.25
182117,1763,107,19.189431040082127,1.0,0.0,0.03,0.25
182228,1764,111,-34.43899184092879,1.0,0.0,0.03,0.25
182336,1765,108,42.97950239805505,1.0,0.0,0.03,0.25
182444,1766,108,50.30946125090122,1.0,0.0,0.03,0.25
182550,1767,106,-6.909369316883385,1.0,0.0,0.03,0.25
182659,1768,109,17.71312123723328,1.0,0.0,0.03,0.25
182771,1769,112,28.02670733584091,1.0,0.0,0.03,0.25
182855,1770,84,58.2369786798954,1.0,0.0,0.03,0.25
182957,1771,102,31.619708225596696,1.0,0.0,0.03,0.25
183072,1772,115,30.73402836220339,1.0,0.0,0.03,0.25
183189,1773,117,21.725248336791992,1.0,0.0,0.03,0.25
183292,1774,103,36.691011796705425,1.0,0.0,0.03,0.25
183401,1775,109,48.0585282407701,1.0,0.0,0.03,0.25
183508,1776,107,41.186530482023954,1.0,0.0,0.03,0.25
183614,1777,106,33.70745871216059,1.0,0.0,0.03,0.25
183719,1778,105,39.51061695441604,1.0,0.0,0.03,0.25
183822,1779,103,22.507608084008098,1.0,0.0,0.03,0.25
183936,1780,114,51.013669091742486,1.0,0.0,0.03,0.25
184043,1781,107,43.62444927543402,1.0,0.0,0.03,0.25
184160,1782,117,50.63143986277282,1.0,0.0,0.03,0.25
184278,1783,118,13.058365538250655,1.0,0.0,0.03,0.25
184386,1784,108,51.17153473198414,1.0,0.0,0.03,0.25
184494,1785,108,-141.53989866748452,1.0,0.0,0.03,0.25
184604,1786,110,-8.058246400207281,1.0,0.0,0.03,0.25
184702,1787,98,41.246481399517506,1.0,0.0,0.03,0.25
184809,1788,107,57.688353423029184,1.0,0.0,0.03,0.25
184921,1789,112,-4.992628328502178,1.0,0.0,0.03,0.25
185032,1790,111,43.957411005627364,1.0,0.0,0.03,0.25
185143,1791,111,33.850428476929665,1.0,0.0,0.03,0.25
185259,1792,116,36.92851754266303,1.0,0.0,0.03,0.25
185367,1793,108,45.03335156990215,1.0,0.0,0.03,0.25
185469,1794,102,34.099170569330454,1.0,0.0,0.03,0.25
185569,1795,100,44.95321336667985,1.0,0.0,0.03,0.25
185672,1796,103,39.81683909334242,1.0,0.0,0.03,0.25
185770,1797,98,-10.402900097426027,1.0,0.0,0.03,0.25
185873,1798,103,57.03058092948049,1.0,0.0,0.03,0.25
185971,1799,98,46.64942970871925,1.0,0.0,0.03,0.25
186083,1800,112,9.532449543476105,1.0,0.0,0.03,0.25
186195,1801,112,-26.380187716335058,1.0,0.0,0.03,0.25
186299,1802,104,39.88165082409978,1.0,0.0,0.03,0.25
186404,1803,105,-13.943703345954418,1.0,0.0,0.03,0.25
186513,1804,109,39.38436897099018,1.0,0.0,0.03,0.25
186621,1805,108,33.93592215562239,1.0,0.0,0.03,0.25
186723,1806,102,21.15344997495413,1.0,0.0,0.03,0.25
186832,1807,109,43.646351978648454,1.0,0.0,0.03,0.25
186944,1808,112,44.65066125243902,1.0,0.0,0.03,0.25
187053,1809,109,61.46294207498431,1.0,0.0,0.03,0.25
187161,1810,108,-2.584955078084022,1.0,0.0,0.03,0.25
187267,1811,106,18.149742897134274,1.0,0.0,0.03,0.25
187381,1812,114,-19.33871193602681,1.0,0.0,0.03,0.25
187464,1813,83,67.32363760471344,1.0,0.0,0.03,0.25
187576,1814,112,53.0290104560554,1.0,0.0,0.03,0.25
187679,1815,103,35.118167258799076,1.0,0.0,0.03,0.25
187776,1816,97,34.078351855278015,1.0,0.0,0.03,0.25
187888,1817,112,29.87624281924218,1.0,0.0,0.03,0.25
187998,1818,110,20.78488897299394,1.0,0.0,0.03,0.25
188110,1819,112,9.909055847674608,1.0,0.0,0.03,0.25
188222,1820,112,53.798650443553925,1.0,0.0,0.03,0.25
188305,1821,83,52.773637399077415,1.0,0.0,0.03,0.25
188409,1822,104,40.3462526043877,1.0,0.0,0.03,0.25
188516,1823,107,37.602887362241745,1.0,0.0,0.03,0.25
188620,1824,104,48.56205357564613,1.0,0.0,0.03,0.25
188730,1825,110,54.10281228227541,1.0,0.0,0.03,0.25
188844,1826,114,-25.33771050348878,1.0,0.0,0.03,0.25
188947,1827,103,-99.66751528531313,1.0,0.0,0.03,0.25
189055,1828,108,34.558301631361246,1.0,0.0,0.03,0.25
189159,1829,104,47.53646570397541,1.0,0.0,0.03,0.25
189274,1830,115,44.34390653301307,1.0,0.0,0.03,0.25
189384,1831,110,42.83123981021345,1.0,0.0,0.03,0.25
189468,1832,84,65.28698208928108,1.0,0.0,0.03,0.25
189564,1833,96,44.960761330556124,1.0,0.0,0.03,0.25
189666,1834,102,-0.90625861287117,1.0,0.0,0.03,0.25
189774,1835,108,46.203816436231136,1.0,0.0,0.03,0.25
189887,1836,113,48.9551414209418,1.0,0.0,0.03,0.25
189999,1837,112,50.327024451922625,1.0,0.0,0.03,0.25
190109,1838,110,2.101701741106808,1.0,0.0,0.03,0.25
190222,1839,113,36.26507005374879,1.0,0.0,0.03,0.25
190335,1840,113,52.839037388563156,1.0,0.0,0.03,0.25
190449,1841,114,41.95143222762272,1.0,0.0,0.03,0.25
190532,1842,83,67.32363760471344,1.0,0.0,0.03,0.25
190605,1843,73,-102.51704634074122,0.0,1.0,0.03,0.25
190715,1844,110,50.86106277583167,1.0,0.0,0.03,0.25
190831,1845,116,26.119157331995666,1.0,0.0,0.03,0.25
190930,1846,99,58.90795073285699,1.0,0.0,0.03,0.25
191013,1847,83,62.6236375272274,1.0,0.0,0.03,0.25
191123,1848,110,-12.270927999634296,1.0,0.0,0.03,0.25
191229,1849,106,-20.602302752435207,1.0,0.0,0.03,0.25
191338,1850,109,21.268930286169052,1.0,0.0,0.03,0.25
191446,1851,108,41.848809692543,1.0,0.0,0.03,0.25
191558,1852,112,37.95588849391788,1.0,0.0,0.03,0.25
191662,1853,104,37.887549995910376,1.0,0.0,0.03,0.25
191779,1854,117,43.0397195070982,1.0,0.0,0.03,0.25
191886,1855,107,-28.864815812557936,1.0,0.0,0.03,0.25
191993,1856,107,45.82219296274707,1.0,0.0,0.03,0.25
192101,1857,108,3.2304002568125725,1.0,0.0,0.03,0.25
192209,1858,108,-10.705009324476123,1.0,0.0,0.03,0.25
192322,1859,113,44.13615051237866,1.0,0.0,0.03,0.25
192436,1860,114,7.272222779691219,1.0,0.0,0.03,0.25
192544,1861,108,2.359495397657156,1.0,0.0,0.03,0.25
192627,1862,83,62.62363758683205,1.0,0.0,0.03,0.25
192740,1863,113,26.52799149416387,1.0,0.0,0.03,0.25
192848,1864,108,46.51674277288839,1.0,0.0,0.03,0.25
192954,1865,106,25.229236220940948,1.0,0.0,0.03,0.25
193061,1866,107,7.9375929231755435,1.0,0.0,0.03,0.25
193168,1867,107,35.76771659730002,1.0,0.0,0.03,0.25
193276,1868,108,39.432118113618344,1.0,0.0,0.03,0.25
193359,1869,83,67.32363766431808,1.0,0.0,0.03,0.25
193472,1870,113,41.13350840238854,1.0,0.0,0.03,0.25
193584,1871,112,38.408334605395794,1.0,0.0,0.03,0.25
193696,1872,112,58.567957539111376,1.0,0.0,0.03,0.25
193803,1873,107,17.67239335179329,1.0,0.0,0.03,0.25
193910,1874,107,48.707954350393265,1.0,0.0,0.03,0.25
194021,1875,111,40.003389075398445,1.0,0.0,0.03,0.25
194126,1876,105,30.874739311635494,1.0,0.0,0.03,0.25
194241,1877,115,34.42804272798821,1.0,0.0,0.03,0.25
194353,1878,112,30.778885312844068,1.0,0.0,0.03,0.25
194466,1879,113,50.99198421742767,1.0,0.0,0.03,0.25
194566,1880,100,53.1652129846625,1.0,0.0,0.03,0.25
194668,1881,102,49.965036685578525,1.0,0.0,0.03,0.25
194772,1882,104,39.50185971241444,1.0,0.0,0.03,0.25
194876,1883,104,-66.20237113907933,1.0,0.0,0.03,0.25
194987,1884,111,33.37041667802259,1.0,0.0,0.03,0.25
195103,1885,116,44.89494247967377,1.0,0.0,0.03,0.25
195208,1886,105,40.60797999612987,1.0,0.0,0.03,0.25
195313,1887,105,46.48559921234846,1.0,0.0,0.03,0.25
195420,1888,107,27.902286373078823,1.0,0.0,0.03,0.25
195520,1889,100,-9.013054035604,1.0,0.0,0.03,0.25
195623,1890,103,42.42346232710406,1.0,0.0,0.03,0.25
195706,1891,83,64.97363758087158,1.0,0.0,0.03,0.25
195815,1892,109,49.98628734052181,1.0,0.0,0.03,0.25
195921,1893,106,38.86150327697396,1.0,0.0,0.03,0.25
196025,1894,104,55.68249876052141,1.0,0.0,0.03,0.25
196135,1895,110,58.7135839574039,1.0,0.0,0.03,0.25
196239,1896,104,41.940424859989434,1.0,0.0,0.03,0.25
196350,1897,111,55.83314951090142,1.0,0.0,0.03,0.25
196458,1898,108,36.473661510739475,1.0,0.0,0.03,0.25
196567,1899,109,51.858348309993744,1.0,0.0,0.03,0.25
196651,1900,84,55.88697874546051,1.0,0.0,0.03,0.25
196761,1901,110,43.70054142922163,1.0,0.0,0.03,0.25
196876,1902,115,45.835590213537216,1.0,0.0,0.03,0.25
196981,1903,105,47.42047360865399,1.0,0.0,0.03,0.25
197087,1904,106,29.83247597841546,1.0,0.0,0.03,0.25
197170,1905,83,67.32363760471344,1.0,0.0,0.03,0.25
197278,1906,108,-21.78111853124574,1.0,0.0,0.03,0.25
197361,1907,83,67.3236376941204,1.0,0.0,0.03,0.25
197464,1908,103,35.40974961782922,1.0,0.0,0.03,0.25
197566,1909,102,16.357380338013172,1.0,0.0,0.03,0.25
197682,1910,116,31.81045290036127,1.0,0.0,0.03,0.25
197790,1911,108,46.77279656752944,1.0,0.0,0.03,0.25
197873,1912,83,62.62363764643669,1.0,0.0,0.03,0.25
197984,1913,111,8.211545929312706,1.0,0.0,0.03,0.25
198090,1914,106,31.538297105114907,1.0,0.0,0.03,0.25
198203,1915,113,56.91504408419132,1.0,0.0,0.03,0.25
198312,1916,109,46.80501604033634,1.0,0.0,0.03,0.25
198419,1917,107,54.28115542605519,1.0,0.0,0.03,0.25
198526,1918,107,30.774268771521747,1.0,0.0,0.03,0.25
198631,1919,105,43.74546059221029,1.0,0.0,0.03,0.25
198734,1920,103,-44.63641046592966,1.0,0.0,0.03,0.25
198846,1921,112,32.03689067764208,1.0,0.0,0.03,0.25
198946,1922,100,52.57503196597099,1.0,0.0,0.03,0.25
199029,1923,83,64.97363758087158,1.0,0.0,0.03,0.25
199141,1924,112,47.46469087153673,1.0,0.0,0.03,0.25
199256,1925,115,47.4002230274491,1.0,0.0,0.03,0.25
199365,1926,109,32.196743345819414,1.0,0.0,0.03,0.25
199466,1927,101,48.18348592892289,1.0,0.0,0.03,0.25
199571,1928,105,1.6100459173321724,1.0,0.0,0.03,0.25
199682,1929,111,-7.401185998693109,1.0,0.0,0.03,0.25
199784,1930,102,50.139809653162956,1.0,0.0,0.03,0.25
199889,1931,105,-18.834588706493378,1.0,0.0,0.03,0.25
199994,1932,105,29.805255606770515,1.0,0.0,0.03,0.25
