global_step,episode,length,reward,success,collision,epsilon,temperature
71,1,71,-304.5865596681833,0.0,1.0,0.8995976666666667,0.999645
136,2,65,-301.4470830373466,0.0,1.0,0.8992293333333333,0.99932
201,3,65,-325.6523177921772,0.0,1.0,0.898861,0.998995
259,4,58,-298.79280342161655,0.0,1.0,0.8985323333333334,0.998705
328,5,69,-330.7717125713825,0.0,1.0,0.8981413333333333,0.99836
387,6,59,-321.9300412684679,0.0,1.0,0.897807,0.998065
449,7,62,-321.5313260704279,0.0,1.0,0.8974556666666667,0.997755
579,8,130,-325.3410062044859,0.0,0.0,0.896719,0.997105
709,9,130,-309.0411490947008,0.0,0.0,0.8959823333333333,0.996455
839,10,130,-291.0321931988001,0.0,0.0,0.8952456666666667,0.995805
900,11,61,-392.9371167421341,0.0,1.0,0.8949,0.9955
974,12,74,-314.3684594221413,0.0,1.0,0.8944806666666667,0.99513
1104,13,130,-283.4090126156807,0.0,0.0,0.893744,0.99448
1161,14,57,-284.70263624191284,0.0,1.0,0.893421,0.994195
1231,15,70,-283.8608753681183,0.0,1.0,0.8930243333333333,0.993845
1293,16,62,-309.94156351685524,0.0,1.0,0.892673,0.993535
1372,17,79,-387.81707452237606,0.0,1.0,0.8922253333333333,0.99314
1502,18,130,-272.61968560516834,0.0,0.0,0.8914886666666667,0.99249
1578,19,76,-352.6225942969322,0.0,1.0,0.891058,0.99211
1654,20,76,-363.8962357342243,0.0,1.0,0.8906273333333333,0.99173
1784,21,130,-398.7318040728569,0.0,0.0,0.8898906666666667,0.99108
1914,22,130,-298.72540617734194,0.0,0.0,0.889154,0.99043
1972,23,58,-288.98107828199863,0.0,1.0,0.8888253333333334,0.99014
2048,24,76,-365.56913951039314,0.0,1.0,0.8883946666666667,0.98976
2178,25,130,-360.3931182920933,0.0,0.0,0.8876580000000001,0.98911
2270,26,92,-359.11891659349203,0.0,1.0,0.8871366666666667,0.98865
2326,27,56,-291.2314518690109,0.0,1.0,0.8868193333333334,0.98837
2392,28,66,-345.7999808937311,0.0,1.0,0.8864453333333333,0.98804
2522,29,130,-329.14612275362015,0.0,0.0,0.8857086666666667,0.98739
2584,30,62,-306.0820989757776,0.0,1.0,0.8853573333333333,0.98708
2650,31,66,-318.5878554880619,0.0,1.0,0.8849833333333333,0.98675
2718,32,68,-328.8881446272135,0.0,1.0,0.884598,0.98641
2848,33,130,-380.34640553593636,0.0,0.0,0.8838613333333334,0.98576
2927,34,79,-330.48252749443054,0.0,1.0,0.8834136666666667,0.985365
2989,35,62,-320.50289979577065,0.0,1.0,0.8830623333333334,0.985055
3058,36,69,-314.7702938616276,0.0,1.0,0.8826713333333334,0.98471
3188,37,130,-323.816413551569,0.0,0.0,0.8819346666666666,0.98406
3248,38,60,-258.2908706665039,0.0,1.0,0.8815946666666666,0.98376
3305,39,57,-315.0655561760068,0.0,1.0,0.8812716666666667,0.983475
3435,40,130,-381.9011940956116,0.0,0.0,0.8805350000000001,0.982825
3507,41,72,-305.38266499340534,0.0,1.0,0.880127,0.982465
3579,42,72,-335.1743746586144,0.0,1.0,0.879719,0.982105
3637,43,58,-287.45817489922047,0.0,1.0,0.8793903333333334,0.981815
3702,44,65,-352.45504480600357,0.0,1.0,0.879022,0.98149
3775,45,73,-341.9468293040991,0.0,1.0,0.8786083333333333,0.981125
3848,46,73,-376.818844307214,0.0,1.0,0.8781946666666667,0.98076
3910,47,62,-282.12907442450523,0.0,1.0,0.8778433333333333,0.98045
3969,48,59,-311.53394459187984,0.0,1.0,0.877509,0.980155
4099,49,130,-231.74141581356525,0.0,0.0,0.8767723333333334,0.979505
4157,50,58,-295.388030603528,0.0,1.0,0.8764436666666667,0.979215
4224,51,67,-330.9498861730099,0.0,1.0,0.8760640000000001,0.97888
4297,52,73,-325.6184627786279,0.0,1.0,0.8756503333333333,0.978515
4377,53,80,-432.73391292989254,0.0,1.0,0.875197,0.978115
4459,54,82,-337.59212669730186,0.0,1.0,0.8747323333333333,0.977705
4532,55,73,-319.48106837272644,0.0,1.0,0.8743186666666667,0.97734
4610,56,78,-390.31833589076996,0.0,1.0,0.8738766666666666,0.97695
4670,57,60,-322.5355992615223,0.0,1.0,0.8735366666666667,0.97665
4741,58,71,-313.17337872460485,0.0,1.0,0.8731343333333333,0.976295
4810,59,69,-379.133520424366,0.0,1.0,0.8727433333333333,0.97595
4881,60,71,-314.6742337793112,0.0,1.0,0.872341,0.975595
4942,61,61,-297.3986445069313,0.0,1.0,0.8719953333333333,0.97529
5010,62,68,-337.42544965445995,0.0,1.0,0.87161,0.97495
5085,63,75,-293.07159842178226,0.0,1.0,0.871185,0.974575
5142,64,57,-308.2535372674465,0.0,1.0,0.870862,0.97429
5218,65,76,-333.29538184404373,0.0,1.0,0.8704313333333333,0.97391
5348,66,130,-327.56032368540764,0.0,0.0,0.8696946666666667,0.97326
5415,67,67,-338.80502447485924,0.0,1.0,0.8693150000000001,0.972925
5545,68,130,-420.00478710234165,0.0,0.0,0.8685783333333333,0.972275
5675,69,130,-254.6666091233492,0.0,0.0,0.8678416666666667,0.971625
5744,70,69,-281.86822490394115,0.0,1.0,0.8674506666666667,0.97128
5802,71,58,-252.11124797165394,0.0,1.0,0.8671220000000001,0.97099
5874,72,72,-288.2914325147867,0.0,1.0,0.866714,0.97063
5945,73,71,-335.2978600934148,0.0,1.0,0.8663116666666667,0.970275
6025,74,80,-301.44422014057636,0.0,1.0,0.8658583333333334,0.969875
6099,75,74,-316.7472659125924,0.0,1.0,0.8654390000000001,0.969505
6164,76,65,-297.4308051764965,0.0,1.0,0.8650706666666667,0.96918
6228,77,64,-291.05575577914715,0.0,1.0,0.864708,0.96886
6300,78,72,-309.3199019283056,0.0,1.0,0.8643000000000001,0.9685
6362,79,62,-268.32622434943914,0.0,1.0,0.8639486666666667,0.96819
6430,80,68,-303.0969399213791,0.0,1.0,0.8635633333333333,0.96785
6560,81,130,-278.51657557860017,0.0,0.0,0.8628266666666667,0.9672000000000001
6619,82,59,-288.29403530061245,0.0,1.0,0.8624923333333333,0.966905
6687,83,68,-330.21406246721745,0.0,1.0,0.8621070000000001,0.966565
6751,84,64,-268.1943363696337,0.0,1.0,0.8617443333333333,0.966245
6822,85,71,-349.6840322762728,0.0,1.0,0.861342,0.96589
6894,86,72,-333.3949999064207,0.0,1.0,0.860934,0.96553
6955,87,61,-323.23874789476395,0.0,1.0,0.8605883333333334,0.965225
7015,88,60,-313.96482472121716,0.0,1.0,0.8602483333333334,0.964925
7073,89,58,-285.59768986701965,0.0,1.0,0.8599196666666666,0.964635
7146,90,73,-325.84968814253807,0.0,1.0,0.859506,0.96427
7216,91,70,-247.83252925425768,0.0,1.0,0.8591093333333334,0.96392
7272,92,56,-293.457234621048,0.0,1.0,0.858792,0.96364
7342,93,70,-310.42537290230393,0.0,1.0,0.8583953333333334,0.96329
7414,94,72,-312.1376516520977,0.0,1.0,0.8579873333333333,0.96293
7544,95,130,-317.1564770638943,0.0,0.0,0.8572506666666667,0.96228
7615,96,71,-325.32127441838384,0.0,1.0,0.8568483333333333,0.961925
7745,97,130,-244.72523760423064,0.0,0.0,0.8561116666666667,0.961275
7875,98,130,-333.49031442403793,0.0,0.0,0.855375,0.960625
8005,99,130,-235.51680869236588,0.0,0.0,0.8546383333333334,0.959975
8135,100,130,-282.2205579429865,0.0,0.0,0.8539016666666667,0.959325
8203,101,68,-259.08201069384813,0.0,1.0,0.8535163333333333,0.958985
8264,102,61,-298.22118002176285,0.0,1.0,0.8531706666666667,0.95868
8340,103,76,-296.639899559319,0.0,1.0,0.85274,0.9583
8470,104,130,-337.5182752534747,0.0,0.0,0.8520033333333333,0.95765
8600,105,130,-297.6661310046911,0.0,0.0,0.8512666666666667,0.957
8665,106,65,-292.7862900197506,0.0,1.0,0.8508983333333333,0.9566749999999999
8729,107,64,-311.6433304399252,0.0,1.0,0.8505356666666667,0.956355
8809,108,80,-294.0825787857175,0.0,1.0,0.8500823333333334,0.955955
8875,109,66,-301.21330957114697,0.0,1.0,0.8497083333333334,0.955625
9005,110,130,-250.81971694529057,0.0,0.0,0.8489716666666667,0.954975
9135,111,130,-243.64210015535355,0.0,0.0,0.8482350000000001,0.954325
9202,112,67,-294.7263409793377,0.0,1.0,0.8478553333333334,0.95399
9282,113,80,-322.26308193057775,0.0,1.0,0.847402,0.95359
9352,114,70,-300.4529399871826,0.0,1.0,0.8470053333333334,0.95324
9421,115,69,-268.40175683796406,0.0,1.0,0.8466143333333334,0.952895
9496,116,75,-291.7443358153105,0.0,1.0,0.8461893333333333,0.95252
9562,117,66,-273.3947686254978,0.0,1.0,0.8458153333333334,0.95219
9692,118,130,-327.03349158912897,0.0,0.0,0.8450786666666666,0.95154
9822,119,130,-237.5356083214283,0.0,0.0,0.844342,0.95089
9881,120,59,-245.18996583670378,0.0,1.0,0.8440076666666667,0.950595
10011,121,130,-289.7672020494938,0.0,0.0,0.843271,0.949945
10085,122,74,-322.2963824123144,0.0,1.0,0.8428516666666667,0.949575
10144,123,59,-304.3042647689581,0.0,1.0,0.8425173333333333,0.94928
10216,124,72,-271.5721749290824,0.0,1.0,0.8421093333333334,0.94892
10286,125,70,-306.6220109760761,0.0,1.0,0.8417126666666667,0.94857
10416,126,130,-232.5923833809793,0.0,0.0,0.8409760000000001,0.94792
10481,127,65,-306.19323003292084,0.0,1.0,0.8406076666666666,0.947595
10539,128,58,-333.3598013818264,0.0,1.0,0.840279,0.947305
10620,129,81,-290.04003770649433,0.0,1.0,0.83982,0.9469
10690,130,70,-306.5092263519764,0.0,1.0,0.8394233333333334,0.94655
10760,131,70,-327.5789457783103,0.0,1.0,0.8390266666666667,0.9462
10831,132,71,-308.86522626131773,0.0,1.0,0.8386243333333333,0.945845
10961,133,130,-238.6256943717599,0.0,0.0,0.8378876666666667,0.945195
11091,134,130,-258.0204119309783,0.0,0.0,0.837151,0.944545
11179,135,88,-357.35431565344334,0.0,1.0,0.8366523333333333,0.944105
11237,136,58,-275.5247246325016,0.0,1.0,0.8363236666666667,0.943815
11296,137,59,-296.8694981187582,0.0,1.0,0.8359893333333334,0.94352
11376,138,80,-328.35701917111874,0.0,1.0,0.8355360000000001,0.94312
11506,139,130,-342.27991722896695,0.0,0.0,0.8347993333333333,0.94247
11564,140,58,-292.92638121545315,0.0,1.0,0.8344706666666667,0.94218
11632,141,68,-260.7654783204198,0.0,1.0,0.8340853333333333,0.94184
11706,142,74,-315.52711626142263,0.0,1.0,0.833666,0.94147
11836,143,130,-301.04363345354795,0.0,0.0,0.8329293333333334,0.94082
11966,144,130,-239.45755077153444,0.0,0.0,0.8321926666666667,0.94017
12034,145,68,-294.82798770070076,0.0,1.0,0.8318073333333333,0.9398299999999999
12164,146,130,-284.3016673885286,0.0,0.0,0.8310706666666667,0.93918
12294,147,130,-269.53911270201206,0.0,0.0,0.830334,0.93853
12424,148,130,-209.6220504641533,0.0,0.0,0.8295973333333333,0.93788
12496,149,72,-302.81211791932583,0.0,1.0,0.8291893333333333,0.93752
12567,150,71,-302.80246099829674,0.0,1.0,0.828787,0.937165
12634,151,67,-325.8042883127928,0.0,1.0,0.8284073333333334,0.93683
12721,152,87,-343.12525215372443,0.0,1.0,0.8279143333333333,0.936395
12786,153,65,-305.5366475880146,0.0,1.0,0.827546,0.93607
12916,154,130,-251.3343389555812,0.0,0.0,0.8268093333333334,0.93542
12990,155,74,-296.8590668439865,0.0,1.0,0.8263900000000001,0.93505
13075,156,85,-328.47249876335263,0.0,1.0,0.8259083333333334,0.934625
13205,157,130,-230.05610885471106,0.0,0.0,0.8251716666666666,0.933975
13281,158,76,-271.812775939703,0.0,1.0,0.8247410000000001,0.933595
13337,159,56,-269.4008492529392,0.0,1.0,0.8244236666666667,0.933315
13467,160,130,-286.72523038461804,0.0,0.0,0.8236870000000001,0.932665
13536,161,69,-296.3251546025276,0.0,1.0,0.823296,0.93232
13666,162,130,-265.00656674802303,0.0,0.0,0.8225593333333333,0.93167
13742,163,76,-343.99049197137356,0.0,1.0,0.8221286666666667,0.93129
13823,164,81,-349.93140928447247,0.0,1.0,0.8216696666666667,0.930885
13888,165,65,-294.72245875000954,0.0,1.0,0.8213013333333333,0.93056
13953,166,65,-334.3495904803276,0.0,1.0,0.820933,0.930235
14028,167,75,-340.57810740172863,0.0,1.0,0.820508,0.92986
14158,168,130,-217.75422390550375,0.0,0.0,0.8197713333333334,0.92921
14231,169,73,-269.87358725070953,0.0,1.0,0.8193576666666667,0.928845
14306,170,75,-289.9943379610777,0.0,1.0,0.8189326666666666,0.92847
14386,171,80,-317.56706699728966,0.0,1.0,0.8184793333333333,0.92807
14516,172,130,-241.8457560427487,0.0,0.0,0.8177426666666667,0.92742
14646,173,130,-302.09328077733517,0.0,0.0,0.817006,0.92677
14723,174,77,-268.57804277259856,0.0,1.0,0.8165696666666666,0.926385
14782,175,59,-282.51779529452324,0.0,1.0,0.8162353333333333,0.92609
14836,176,54,-257.9347012192011,0.0,1.0,0.8159293333333334,0.92582
14918,177,82,-330.7788134813309,0.0,1.0,0.8154646666666667,0.92541
15048,178,130,-300.8523406982422,0.0,0.0,0.814728,0.92476
15178,179,130,-263.69309890270233,0.0,0.0,0.8139913333333334,0.92411
15253,180,75,-322.6900431960821,0.0,1.0,0.8135663333333334,0.923735
15383,181,130,-333.00695388764143,0.0,0.0,0.8128296666666667,0.923085
15442,182,59,-275.456291615963,0.0,1.0,0.8124953333333333,0.92279
15572,183,130,-369.36742900311947,0.0,0.0,0.8117586666666667,0.92214
15637,184,65,-272.5023857355118,0.0,1.0,0.8113903333333333,0.921815
15767,185,130,-334.5414613634348,0.0,0.0,0.8106536666666667,0.921165
15897,186,130,-321.5060565471649,0.0,0.0,0.809917,0.920515
15959,187,62,-326.93923181295395,0.0,1.0,0.8095656666666666,0.9202049999999999
16035,188,76,-344.5222829207778,0.0,1.0,0.809135,0.919825
16107,189,72,-306.63903814554214,0.0,1.0,0.808727,0.919465
16237,190,130,-284.6671727746725,0.0,0.0,0.8079903333333334,0.9188149999999999
16311,191,74,-282.7663194164634,0.0,1.0,0.807571,0.918445
16373,192,62,-275.1271285414696,0.0,1.0,0.8072196666666667,0.918135
16444,193,71,-300.77863189578056,0.0,1.0,0.8068173333333334,0.91778
16574,194,130,-221.04066479578614,0.0,0.0,0.8060806666666667,0.91713
16654,195,80,-302.3309238627553,0.0,1.0,0.8056273333333334,0.91673
16723,196,69,-299.2880121022463,0.0,1.0,0.8052363333333333,0.916385
16801,197,78,-265.1579395085573,0.0,1.0,0.8047943333333334,0.915995
16931,198,130,-227.02140141278505,0.0,0.0,0.8040576666666667,0.915345
17025,199,94,-344.8388677537441,0.0,1.0,0.803525,0.914875
17090,200,65,-295.00054359436035,0.0,1.0,0.8031566666666667,0.91455
17220,201,130,-285.2590119987726,0.0,0.0,0.80242,0.9139
17350,202,130,-328.9521506205201,0.0,0.0,0.8016833333333333,0.91325
17480,203,130,-356.14441399648786,0.0,0.0,0.8009466666666667,0.9126
17560,204,80,-401.28097930550575,0.0,1.0,0.8004933333333334,0.9122
17690,205,130,-322.02826841175556,0.0,0.0,0.7997566666666667,0.91155
17820,206,130,-292.43077816814184,0.0,0.0,0.7990200000000001,0.9109
17950,207,130,-358.74447017908096,0.0,0.0,0.7982833333333333,0.91025
18023,208,73,-304.19957967847586,0.0,1.0,0.7978696666666667,0.909885
18099,209,76,-313.2433030232787,0.0,1.0,0.797439,0.909505
18178,210,79,-316.02823811769485,0.0,1.0,0.7969913333333334,0.90911
18249,211,71,-330.837899312377,0.0,1.0,0.796589,0.908755
18316,212,67,-328.1626856774092,0.0,1.0,0.7962093333333333,0.90842
18385,213,69,-349.50693375244737,0.0,1.0,0.7958183333333333,0.908075
18515,214,130,-247.08501301705837,0.0,0.0,0.7950816666666667,0.907425
18583,215,68,-295.2999708503485,0.0,1.0,0.7946963333333333,0.907085
18649,216,66,-301.662855245173,0.0,1.0,0.7943223333333334,0.906755
18779,217,130,-213.01015589013696,0.0,0.0,0.7935856666666667,0.906105
18845,218,66,-263.1428387835622,0.0,1.0,0.7932116666666666,0.905775
18902,219,57,-272.14312801882625,0.0,1.0,0.7928886666666667,0.90549
19032,220,130,-257.56990955397487,0.0,0.0,0.7921520000000001,0.90484
19095,221,63,-303.329824000597,0.0,1.0,0.791795,0.904525
19179,222,84,-303.87635231018066,0.0,1.0,0.791319,0.9041049999999999
19309,223,130,-227.8986584097147,0.0,0.0,0.7905823333333334,0.903455
19439,224,130,-281.66719195991755,0.0,0.0,0.7898456666666667,0.902805
19556,225,117,-182.77334040403366,1.0,0.0,0.7891826666666667,0.90222
19686,226,130,-224.70729256793857,0.0,0.0,0.788446,0.90157
19774,227,88,-293.8264855146408,0.0,1.0,0.7879473333333333,0.90113
19904,228,130,-237.7501655742526,0.0,0.0,0.7872106666666667,0.90048
20034,229,130,-350.05270103365183,0.0,0.0,0.786474,0.89983
20107,230,73,-298.44546727091074,0.0,1.0,0.7860603333333334,0.899465
20237,231,130,-317.99575436115265,0.0,0.0,0.7853236666666668,0.898815
20367,232,130,-275.9644680172205,0.0,0.0,0.784587,0.898165
20442,233,75,-335.70673951506615,0.0,1.0,0.784162,0.89779
20516,234,74,-309.7718741558492,0.0,1.0,0.7837426666666667,0.89742
20577,235,61,-259.6714967042208,0.0,1.0,0.783397,0.897115
20707,236,130,-276.9257194623351,0.0,0.0,0.7826603333333333,0.896465
20837,237,130,-297.2632388025522,0.0,0.0,0.7819236666666667,0.895815
20921,238,84,-341.0877293981612,0.0,1.0,0.7814476666666667,0.8953949999999999
20996,239,75,-284.7514263018966,0.0,1.0,0.7810226666666666,0.89502
21126,240,130,-261.0009345933795,0.0,0.0,0.780286,0.89437
21256,241,130,-266.8406618312001,0.0,0.0,0.7795493333333333,0.89372
21340,242,84,-340.75181944668293,0.0,1.0,0.7790733333333334,0.8933
21419,243,79,-294.67243813723326,0.0,1.0,0.7786256666666667,0.8929050000000001
21491,244,72,-313.3844458311796,0.0,1.0,0.7782176666666667,0.892545
21567,245,76,-304.7125626206398,0.0,1.0,0.777787,0.892165
21645,246,78,-335.1855141222477,0.0,1.0,0.7773450000000001,0.891775
21750,247,105,-218.56720058992505,1.0,0.0,0.77675,0.89125
21821,248,71,-390.09073926508427,0.0,1.0,0.7763476666666667,0.890895
21898,249,77,-299.82391176372766,0.0,1.0,0.7759113333333334,0.89051
21980,250,82,-320.93936832621694,0.0,1.0,0.7754466666666667,0.8901
22055,251,75,-276.4442775771022,0.0,1.0,0.7750216666666667,0.889725
22131,252,76,-315.5620310679078,0.0,1.0,0.774591,0.889345
22193,253,62,-303.9494703114033,0.0,1.0,0.7742396666666667,0.889035
22259,254,66,-286.0656179487705,0.0,1.0,0.7738656666666667,0.888705
22340,255,81,-330.1306539401412,0.0,1.0,0.7734066666666667,0.8883
22470,256,130,-255.55197906121612,0.0,0.0,0.77267,0.88765
22547,257,77,-280.8421338573098,0.0,1.0,0.7722336666666667,0.887265
22677,258,130,-352.5852346494794,0.0,0.0,0.771497,0.8866149999999999
22733,259,56,-286.2029080092907,0.0,1.0,0.7711796666666667,0.886335
22836,260,103,-122.26894960924983,1.0,0.0,0.7705960000000001,0.88582
22905,261,69,-300.40130314975977,0.0,1.0,0.770205,0.885475
23035,262,130,-303.58028195798397,0.0,0.0,0.7694683333333334,0.884825
23165,263,130,-277.9164533279836,0.0,0.0,0.7687316666666667,0.8841749999999999
23295,264,130,-277.0008552111685,0.0,0.0,0.767995,0.883525
23356,265,61,-288.51483374089,0.0,1.0,0.7676493333333334,0.88322
23432,266,76,-302.0760331377387,0.0,1.0,0.7672186666666667,0.88284
23514,267,82,-316.7325810343027,0.0,1.0,0.766754,0.88243
23582,268,68,-341.54020201414824,0.0,1.0,0.7663686666666667,0.88209
23712,269,130,-242.2097341865301,0.0,0.0,0.7656320000000001,0.88144
23769,270,57,-321.9331978559494,0.0,1.0,0.765309,0.881155
23899,271,130,-270.26396083831787,0.0,0.0,0.7645723333333334,0.880505
23975,272,76,-311.5898727104068,0.0,1.0,0.7641416666666667,0.880125
24041,273,66,-289.42420331016183,0.0,1.0,0.7637676666666667,0.879795
24106,274,65,-296.94278217852116,0.0,1.0,0.7633993333333333,0.87947
24193,275,87,-387.76000662893057,0.0,1.0,0.7629063333333334,0.879035
24305,276,112,-218.12175664678216,1.0,0.0,0.7622716666666667,0.878475
24377,277,72,-312.78904680907726,0.0,1.0,0.7618636666666667,0.878115
24457,278,80,-292.63398099690676,0.0,1.0,0.7614103333333333,0.877715
24587,279,130,-272.8383853957057,0.0,0.0,0.7606736666666667,0.877065
24656,280,69,-326.1040022075176,0.0,1.0,0.7602826666666667,0.8767199999999999
24754,281,98,-104.72035754844546,1.0,0.0,0.7597273333333334,0.8762300000000001
24884,282,130,-339.1459720917046,0.0,0.0,0.7589906666666667,0.87558
25008,283,124,-187.54904164373875,1.0,0.0,0.7582880000000001,0.87496
25138,284,130,-300.0069257877767,0.0,0.0,0.7575513333333334,0.87431
25208,285,70,-282.7222820222378,0.0,1.0,0.7571546666666666,0.8739600000000001
25325,286,117,-180.0869433246553,1.0,0.0,0.7564916666666667,0.873375
25397,287,72,-316.4551334679127,0.0,1.0,0.7560836666666667,0.873015
25475,288,78,-259.8643140643835,0.0,1.0,0.7556416666666667,0.872625
25605,289,130,-280.32362338528037,0.0,0.0,0.754905,0.871975
25735,290,130,-281.5752453505993,0.0,0.0,0.7541683333333333,0.871325
25865,291,130,-284.3119834251702,0.0,0.0,0.7534316666666667,0.870675
25940,292,75,-324.0653291195631,0.0,1.0,0.7530066666666667,0.8703000000000001
26019,293,79,-313.31522208452225,0.0,1.0,0.752559,0.8699049999999999
26149,294,130,-254.9237209558487,0.0,0.0,0.7518223333333334,0.869255
26277,295,128,-208.56327345594764,1.0,0.0,0.751097,0.868615
26351,296,74,-271.63001935184,0.0,1.0,0.7506776666666667,0.868245
26481,297,130,-250.54172788187861,0.0,0.0,0.749941,0.867595
26552,298,71,-295.33213721215725,0.0,1.0,0.7495386666666667,0.86724
26671,299,119,-166.56459530815482,1.0,0.0,0.7488643333333334,0.866645
26801,300,130,-199.03514784947038,0.0,0.0,0.7481276666666667,0.8659950000000001
26878,301,77,-295.9744644649327,0.0,1.0,0.7476913333333334,0.86561
26955,302,77,-287.69943457841873,0.0,1.0,0.747255,0.865225
27085,303,130,-308.75906789302826,0.0,0.0,0.7465183333333334,0.864575
27215,304,130,-222.3134710676968,0.0,0.0,0.7457816666666667,0.863925
27345,305,130,-282.27903186529875,0.0,0.0,0.7450450000000001,0.863275
27428,306,83,-365.8551577180624,0.0,1.0,0.7445746666666667,0.86286
27558,307,130,-266.7491706162691,0.0,0.0,0.743838,0.86221
27628,308,70,-296.5840440541506,0.0,1.0,0.7434413333333334,0.8618600000000001
27758,309,130,-278.08395283669233,0.0,0.0,0.7427046666666667,0.86121
27888,310,130,-245.18366785347462,0.0,0.0,0.741968,0.86056
27971,311,83,-280.64094211161137,0.0,1.0,0.7414976666666667,0.8601449999999999
28044,312,73,-277.30214273929596,0.0,1.0,0.7410840000000001,0.85978
28114,313,70,-280.85344863682985,0.0,1.0,0.7406873333333334,0.85943
28195,314,81,-304.79464687407017,0.0,1.0,0.7402283333333334,0.8590249999999999
28258,315,63,-298.71532057225704,0.0,1.0,0.7398713333333333,0.85871
28388,316,130,-269.1546286046505,0.0,0.0,0.7391346666666667,0.85806
28518,317,130,-283.6935472600162,0.0,0.0,0.738398,0.85741
28588,318,70,-333.7935942262411,0.0,1.0,0.7380013333333334,0.85706
28718,319,130,-269.8503387346864,0.0,0.0,0.7372646666666667,0.85641
28795,320,77,-317.69548466056585,0.0,1.0,0.7368283333333334,0.856025
28925,321,130,-227.22766249999404,0.0,0.0,0.7360916666666667,0.855375
28991,322,66,-253.52580323815346,0.0,1.0,0.7357176666666667,0.855045
29121,323,130,-245.57696748897433,0.0,0.0,0.734981,0.854395
29208,324,87,-281.7711954712868,0.0,1.0,0.734488,0.85396
29338,325,130,-263.31821988523006,0.0,0.0,0.7337513333333334,0.85331
29411,326,73,-323.96434654295444,0.0,1.0,0.7333376666666667,0.8529450000000001
29478,327,67,-263.6498372629285,0.0,1.0,0.732958,0.85261
29565,328,87,-262.2515316531062,0.0,1.0,0.732465,0.852175
29654,329,89,-384.2515629110858,0.0,1.0,0.7319606666666667,0.85173
29784,330,130,-291.0621462203562,0.0,0.0,0.7312240000000001,0.8510800000000001
29858,331,74,-301.6786368191242,0.0,1.0,0.7308046666666667,0.85071
29935,332,77,-292.0974951758981,0.0,1.0,0.7303683333333334,0.850325
30065,333,130,-299.67540391534567,0.0,0.0,0.7296316666666667,0.849675
30131,334,66,-251.1779156923294,0.0,1.0,0.7292576666666667,0.849345
30261,335,130,-262.49086126312613,0.0,0.0,0.728521,0.848695
30391,336,130,-269.50673074647784,0.0,0.0,0.7277843333333334,0.8480449999999999
30521,337,130,-306.84861098974943,0.0,0.0,0.7270476666666666,0.847395
30587,338,66,-270.24028223752975,0.0,1.0,0.7266736666666667,0.847065
30666,339,79,-254.8425261080265,0.0,1.0,0.726226,0.84667
30796,340,130,-312.74744411185384,0.0,0.0,0.7254893333333334,0.84602
30926,341,130,-256.67487766221166,0.0,0.0,0.7247526666666667,0.84537
31056,342,130,-249.23712027445436,0.0,0.0,0.724016,0.84472
31186,343,130,-260.6151640750468,0.0,0.0,0.7232793333333334,0.84407
31316,344,130,-226.14964190870523,0.0,0.0,0.7225426666666667,0.8434200000000001
31389,345,73,-337.34478334337473,0.0,1.0,0.722129,0.843055
31450,346,61,-280.0564890950918,0.0,1.0,0.7217833333333333,0.84275
31518,347,68,-300.27433363348246,0.0,1.0,0.721398,0.84241
31648,348,130,-207.12986577674747,0.0,0.0,0.7206613333333334,0.8417600000000001
31778,349,130,-361.7925482392311,0.0,0.0,0.7199246666666667,0.84111
31837,350,59,-265.04387912899256,0.0,1.0,0.7195903333333333,0.840815
31915,351,78,-311.5067680478096,0.0,1.0,0.7191483333333334,0.840425
31986,352,71,-280.27844060212374,0.0,1.0,0.718746,0.84007
32116,353,130,-239.41153985634446,0.0,0.0,0.7180093333333334,0.83942
32246,354,130,-273.58621519804,0.0,0.0,0.7172726666666667,0.83877
32309,355,63,-299.7077308744192,0.0,1.0,0.7169156666666667,0.838455
32439,356,130,-276.5769694931805,0.0,0.0,0.716179,0.837805
32515,357,76,-371.64477413892746,0.0,1.0,0.7157483333333334,0.837425
32645,358,130,-283.6582895293832,0.0,0.0,0.7150116666666667,0.836775
32718,359,73,-323.0974883288145,0.0,1.0,0.7145980000000001,0.83641
32848,360,130,-265.9525489285588,0.0,0.0,0.7138613333333333,0.8357600000000001
32919,361,71,-320.9230614453554,0.0,1.0,0.7134590000000001,0.835405
32979,362,60,-322.25747388601303,0.0,1.0,0.7131190000000001,0.835105
33042,363,63,-277.73707416653633,0.0,1.0,0.712762,0.83479
33172,364,130,-246.95017951726913,0.0,0.0,0.7120253333333334,0.83414
33246,365,74,-262.1093414500356,0.0,1.0,0.711606,0.83377
33376,366,130,-300.4702027849853,0.0,0.0,0.7108693333333334,0.83312
33501,367,125,-148.902837254107,1.0,0.0,0.710161,0.832495
33587,368,86,-280.122071698308,0.0,1.0,0.7096736666666668,0.832065
33717,369,130,-279.7225167788565,0.0,0.0,0.708937,0.831415
33809,370,92,-347.777630161494,0.0,1.0,0.7084156666666667,0.830955
33881,371,72,-294.30729795992374,0.0,1.0,0.7080076666666667,0.830595
33970,372,89,-351.00986982509494,0.0,1.0,0.7075033333333334,0.8301499999999999
34100,373,130,-205.39742162823677,0.0,0.0,0.7067666666666667,0.8295
34226,374,126,-189.64271653443575,1.0,0.0,0.7060526666666667,0.82887
34356,375,130,-209.17048823088408,0.0,0.0,0.705316,0.82822
34486,376,130,-270.9181747883558,0.0,0.0,0.7045793333333333,0.82757
34558,377,72,-295.9565619044006,0.0,1.0,0.7041713333333334,0.82721
34688,378,130,-227.61373737454414,0.0,0.0,0.7034346666666667,0.82656
34818,379,130,-219.4067477285862,0.0,0.0,0.702698,0.82591
34902,380,84,-341.9350166618824,0.0,1.0,0.702222,0.8254900000000001
34970,381,68,-299.2161717414856,0.0,1.0,0.7018366666666667,0.82515
35036,382,66,-302.8740578889847,0.0,1.0,0.7014626666666667,0.82482
35166,383,130,-233.47321356087923,0.0,0.0,0.700726,0.82417
35245,384,79,-264.63066137582064,0.0,1.0,0.7002783333333333,0.823775
35373,385,128,-202.67696483060718,1.0,0.0,0.6995530000000001,0.823135
35444,386,71,-292.00986310839653,0.0,1.0,0.6991506666666667,0.8227800000000001
35506,387,62,-299.6257347613573,0.0,1.0,0.6987993333333333,0.82247
35636,388,130,-264.8940840885043,0.0,0.0,0.6980626666666667,0.82182
35766,389,130,-279.63895747438073,0.0,0.0,0.697326,0.82117
35896,390,130,-197.17369144409895,0.0,0.0,0.6965893333333334,0.82052
35980,391,84,-225.5617053359747,0.0,1.0,0.6961133333333334,0.8201
36057,392,77,-305.1975974738598,0.0,1.0,0.695677,0.819715
36117,393,60,-283.8462741225958,0.0,1.0,0.6953370000000001,0.819415
36247,394,130,-228.92080265283585,0.0,0.0,0.6946003333333334,0.818765
36338,395,91,-250.96426065452397,0.0,1.0,0.6940846666666667,0.81831
36399,396,61,-283.22081299871206,0.0,1.0,0.6937390000000001,0.818005
36529,397,130,-225.99950893223286,0.0,0.0,0.6930023333333334,0.817355
36659,398,130,-250.86966689303517,0.0,0.0,0.6922656666666667,0.816705
36789,399,130,-257.9661343023181,0.0,0.0,0.6915290000000001,0.816055
36919,400,130,-195.24777273461223,0.0,0.0,0.6907923333333333,0.8154049999999999
37001,401,82,-279.72089360654354,0.0,1.0,0.6903276666666667,0.814995
37081,402,80,-384.46626260876656,0.0,1.0,0.6898743333333334,0.814595
37211,403,130,-304.60384663566947,0.0,0.0,0.6891376666666666,0.813945
37341,404,130,-229.08860754221678,0.0,0.0,0.688401,0.813295
37416,405,75,-299.5720817670226,0.0,1.0,0.687976,0.81292
37546,406,130,-252.57603254169226,0.0,0.0,0.6872393333333333,0.81227
37676,407,130,-199.60173359885812,0.0,0.0,0.6865026666666667,0.81162
37745,408,69,-292.5848612487316,0.0,1.0,0.6861116666666667,0.811275
37875,409,130,-231.30175072327256,0.0,0.0,0.6853750000000001,0.8106249999999999
37935,410,60,-256.61533312499523,0.0,1.0,0.6850350000000001,0.810325
38065,411,130,-230.94112568348646,0.0,0.0,0.6842983333333335,0.809675
38150,412,85,-299.91993187367916,0.0,1.0,0.6838166666666667,0.80925
38224,413,74,-278.83233936131,0.0,1.0,0.6833973333333334,0.80888
38300,414,76,-314.26588647812605,0.0,1.0,0.6829666666666667,0.8085
38430,415,130,-237.5195997133851,0.0,0.0,0.68223,0.80785
38534,416,104,-152.03181019052863,1.0,0.0,0.6816406666666668,0.80733
38652,417,118,-196.0678585022688,1.0,0.0,0.680972,0.80674
38782,418,130,-286.0507389679551,0.0,0.0,0.6802353333333334,0.80609
38912,419,130,-288.0992402359843,0.0,0.0,0.6794986666666667,0.8054399999999999
39014,420,102,-128.3451741747558,1.0,0.0,0.6789206666666667,0.8049299999999999
39144,421,130,-260.18791983276606,0.0,0.0,0.678184,0.80428
39253,422,109,-157.81939393654466,1.0,0.0,0.6775663333333334,0.803735
39374,423,121,-143.9352344200015,1.0,0.0,0.6768806666666667,0.80313
39504,424,130,-282.22509763762355,0.0,0.0,0.6761440000000001,0.8024800000000001
39580,425,76,-272.9015751630068,0.0,1.0,0.6757133333333334,0.8021
39710,426,130,-288.608758315444,0.0,0.0,0.6749766666666667,0.80145
39840,427,130,-180.49385761842132,0.0,0.0,0.6742400000000001,0.8008
39970,428,130,-228.7482268102467,0.0,0.0,0.6735033333333333,0.8001499999999999
40100,429,130,-225.73652686551213,0.0,0.0,0.6727666666666667,0.7995
40230,430,130,-272.65812389180064,0.0,0.0,0.67203,0.7988500000000001
40360,431,130,-285.43964597582817,0.0,0.0,0.6712933333333333,0.7982
40490,432,130,-223.54803523421288,0.0,0.0,0.6705566666666667,0.79755
40568,433,78,-266.9436149895191,0.0,1.0,0.6701146666666666,0.79716
40698,434,130,-289.5618340447545,0.0,0.0,0.669378,0.79651
40788,435,90,-315.0610006004572,0.0,1.0,0.668868,0.79606
40879,436,91,-287.70474518835545,0.0,1.0,0.6683523333333334,0.795605
41009,437,130,-229.26166851073503,0.0,0.0,0.6676156666666667,0.7949550000000001
41078,438,69,-287.7846577055752,0.0,1.0,0.6672246666666667,0.79461
41208,439,130,-238.68441792204976,0.0,0.0,0.666488,0.79396
41338,440,130,-340.71602803468704,0.0,0.0,0.6657513333333334,0.79331
41468,441,130,-198.2256194204092,0.0,0.0,0.6650146666666668,0.79266
41529,442,61,-244.99340587109327,0.0,1.0,0.6646690000000001,0.792355
41659,443,130,-341.3295646160841,0.0,0.0,0.6639323333333333,0.791705
41789,444,130,-227.16921443119645,0.0,0.0,0.6631956666666667,0.791055
41903,445,114,-174.93544494360685,1.0,0.0,0.6625496666666667,0.790485
42033,446,130,-236.74521673470736,0.0,0.0,0.661813,0.789835
42163,447,130,-276.6839057132602,0.0,0.0,0.6610763333333334,0.789185
42243,448,80,-285.63528586924076,0.0,1.0,0.6606230000000001,0.7887850000000001
42373,449,130,-197.80081176012754,0.0,0.0,0.6598863333333334,0.788135
42503,450,130,-259.8471178226173,0.0,0.0,0.6591496666666667,0.787485
42633,451,130,-218.2110038101673,0.0,0.0,0.658413,0.786835
42698,452,65,-256.75486874580383,0.0,1.0,0.6580446666666667,0.78651
42759,453,61,-264.98418176174164,0.0,1.0,0.657699,0.786205
42889,454,130,-280.74419420585036,0.0,0.0,0.6569623333333334,0.785555
43019,455,130,-235.2248755171895,0.0,0.0,0.6562256666666667,0.784905
43092,456,73,-312.71980060637,0.0,1.0,0.6558120000000001,0.78454
43175,457,83,-380.98919229209423,0.0,1.0,0.6553416666666667,0.784125
43305,458,130,-218.50346762686968,0.0,0.0,0.654605,0.7834749999999999
43427,459,122,-116.9589416384697,1.0,0.0,0.6539136666666667,0.7828649999999999
43557,460,130,-211.09077554941177,0.0,0.0,0.653177,0.782215
43687,461,130,-210.90793006122112,0.0,0.0,0.6524403333333334,0.7815650000000001
43750,462,63,-290.9559702426195,0.0,1.0,0.6520833333333333,0.78125
43880,463,130,-225.0799606628716,0.0,0.0,0.6513466666666667,0.7806
43983,464,103,-155.38524743169546,1.0,0.0,0.650763,0.780085
44090,465,107,-159.95854154229164,1.0,0.0,0.6501566666666667,0.77955
44220,466,130,-243.31243739277124,0.0,0.0,0.64942,0.7788999999999999
44350,467,130,-211.08214537799358,0.0,0.0,0.6486833333333333,0.77825
44437,468,87,-50.15060294792056,1.0,0.0,0.6481903333333334,0.777815
44565,469,128,-166.16553698852658,1.0,0.0,0.6474650000000001,0.777175
44695,470,130,-208.0980885066092,0.0,0.0,0.6467283333333333,0.776525
44809,471,114,-160.3755087144673,1.0,0.0,0.6460823333333334,0.775955
44939,472,130,-181.9607796818018,0.0,0.0,0.6453456666666667,0.775305
45069,473,130,-214.929072573781,0.0,0.0,0.644609,0.774655
45141,474,72,-287.40782555937767,0.0,1.0,0.644201,0.774295
45204,475,63,-269.56333231925964,0.0,1.0,0.6438440000000001,0.77398
45281,476,77,-258.79092694818974,0.0,1.0,0.6434076666666667,0.773595
45396,477,115,-138.77745273336768,1.0,0.0,0.642756,0.77302
45526,478,130,-228.50956114381552,0.0,0.0,0.6420193333333334,0.77237
45656,479,130,-255.73558135330677,0.0,0.0,0.6412826666666667,0.77172
45771,480,115,-160.3181288689375,1.0,0.0,0.640631,0.771145
45901,481,130,-227.2073141783476,0.0,0.0,0.6398943333333333,0.770495
46031,482,130,-249.28634317591786,0.0,0.0,0.6391576666666667,0.769845
46092,483,61,-275.5694762915373,0.0,1.0,0.638812,0.76954
46161,484,69,-226.51391205191612,0.0,1.0,0.638421,0.769195
46234,485,73,-215.28438794612885,0.0,1.0,0.6380073333333334,0.76883
46317,486,83,-226.22306272387505,0.0,1.0,0.637537,0.7684150000000001
46447,487,130,-227.14500216767192,0.0,0.0,0.6368003333333334,0.767765
46547,488,100,-72.88117948174477,1.0,0.0,0.6362336666666667,0.767265
46677,489,130,-207.13035802543163,0.0,0.0,0.635497,0.766615
46807,490,130,-247.91845201700926,0.0,0.0,0.6347603333333334,0.765965
46892,491,85,-257.4014650769532,0.0,1.0,0.6342786666666667,0.76554
47022,492,130,-267.7327074930072,0.0,0.0,0.633542,0.7648900000000001
47152,493,130,-275.00715704262257,0.0,0.0,0.6328053333333334,0.76424
47282,494,130,-242.36460865288973,0.0,0.0,0.6320686666666666,0.76359
47412,495,130,-215.65599298477173,0.0,0.0,0.631332,0.76294
47542,496,130,-303.5508222170174,0.0,0.0,0.6305953333333334,0.76229
47672,497,130,-276.53853806853294,0.0,0.0,0.6298586666666667,0.76164
47749,498,77,-269.68264181911945,0.0,1.0,0.6294223333333333,0.761255
47879,499,130,-248.7298825159669,0.0,0.0,0.6286856666666667,0.760605
48009,500,130,-173.187466789037,0.0,0.0,0.6279490000000001,0.7599549999999999
48072,501,63,-269.44632075726986,0.0,1.0,0.627592,0.75964
48202,502,130,-243.7831896468997,0.0,0.0,0.6268553333333333,0.75899
48272,503,70,-238.06937390565872,0.0,1.0,0.6264586666666667,0.75864
48402,504,130,-281.7692813053727,0.0,0.0,0.625722,0.7579899999999999
48519,505,117,-209.26677775382996,1.0,0.0,0.625059,0.757405
48649,506,130,-180.10903623700142,0.0,0.0,0.6243223333333334,0.7567550000000001
48770,507,121,-90.90812044590712,1.0,0.0,0.6236366666666666,0.75615
48838,508,68,-281.40305972099304,0.0,1.0,0.6232513333333334,0.75581
48898,509,60,-261.61980609595776,0.0,1.0,0.6229113333333334,0.75551
49028,510,130,-190.43826790899038,0.0,0.0,0.6221746666666668,0.75486
49148,511,120,-159.2255392447114,1.0,0.0,0.6214946666666668,0.7542599999999999
49278,512,130,-314.59999176859856,0.0,0.0,0.620758,0.75361
49408,513,130,-263.4252700023353,0.0,0.0,0.6200213333333333,0.7529600000000001
49490,514,82,-262.6717011705041,0.0,1.0,0.6195566666666668,0.75255
49610,515,120,-134.57590398937464,1.0,0.0,0.6188766666666667,0.75195
49740,516,130,-181.18407460674644,0.0,0.0,0.61814,0.7513
49830,517,90,-261.78529800474644,0.0,1.0,0.61763,0.75085
49903,518,73,-215.97522796690464,0.0,1.0,0.6172163333333334,0.750485
49966,519,63,-214.44096517562866,0.0,1.0,0.6168593333333334,0.75017
50096,520,130,-225.58926358819008,0.0,0.0,0.6161226666666667,0.74952
50226,521,130,-201.1206646077335,0.0,0.0,0.615386,0.7488699999999999
50301,522,75,-275.8162247687578,0.0,1.0,0.614961,0.7484949999999999
50407,523,106,-78.10188658162951,1.0,0.0,0.6143603333333334,0.747965
50537,524,130,-217.00686411559582,0.0,0.0,0.6136236666666667,0.747315
50667,525,130,-222.41203325986862,0.0,0.0,0.612887,0.7466649999999999
50731,526,64,-275.2777922824025,0.0,1.0,0.6125243333333334,0.746345
50861,527,130,-238.07309021055698,0.0,0.0,0.6117876666666666,0.745695
50991,528,130,-245.0548221990466,0.0,0.0,0.611051,0.745045
51121,529,130,-242.52999977394938,0.0,0.0,0.6103143333333334,0.744395
51186,530,65,-245.50577567517757,0.0,1.0,0.6099460000000001,0.74407
51316,531,130,-210.68086503446102,0.0,0.0,0.6092093333333334,0.74342
51446,532,130,-172.0699838101864,0.0,0.0,0.6084726666666667,0.7427699999999999
51565,533,119,-118.87690309807658,1.0,0.0,0.6077983333333334,0.742175
51686,534,121,-158.85439988225698,1.0,0.0,0.6071126666666666,0.7415700000000001
51816,535,130,-255.5824137367308,0.0,0.0,0.606376,0.74092
51946,536,130,-247.2078530266881,0.0,0.0,0.6056393333333334,0.74027
52076,537,130,-210.8650545477867,0.0,0.0,0.6049026666666667,0.7396199999999999
52206,538,130,-247.9558865725994,0.0,0.0,0.604166,0.73897
52302,539,96,-149.26370679587126,1.0,0.0,0.6036220000000001,0.73849
52363,540,61,-246.72966934740543,0.0,1.0,0.6032763333333333,0.738185
52463,541,100,-112.70179099962115,1.0,0.0,0.6027096666666667,0.7376849999999999
52534,542,71,-254.96948520094156,0.0,1.0,0.6023073333333333,0.73733
52646,543,112,-110.59804713726044,1.0,0.0,0.6016726666666667,0.7367699999999999
52760,544,114,-160.01140774041414,1.0,0.0,0.6010266666666667,0.7362
52890,545,130,-214.5557151287794,0.0,0.0,0.60029,0.7355499999999999
53020,546,130,-214.23395916074514,0.0,0.0,0.5995533333333334,0.7349
53150,547,130,-240.47877283394337,0.0,0.0,0.5988166666666668,0.7342500000000001
53280,548,130,-162.82819251716137,1.0,0.0,0.59808,0.7336
53410,549,130,-173.83153660595417,0.0,0.0,0.5973433333333333,0.73295
53478,550,68,-310.0427437275648,0.0,1.0,0.5969580000000001,0.73261
53608,551,130,-180.30065982043743,0.0,0.0,0.5962213333333333,0.7319599999999999
53685,552,77,-240.8619584441185,0.0,1.0,0.595785,0.731575
53815,553,130,-184.1518707126379,0.0,0.0,0.5950483333333334,0.730925
53923,554,108,-197.19379828125238,1.0,0.0,0.5944363333333333,0.7303850000000001
53991,555,68,-219.4063740298152,0.0,1.0,0.5940510000000001,0.730045
54121,556,130,-206.03870110213757,0.0,0.0,0.5933143333333334,0.729395
54194,557,73,-274.09621162712574,0.0,1.0,0.5929006666666667,0.72903
54268,558,74,-204.61835508793592,0.0,1.0,0.5924813333333334,0.7286600000000001
54388,559,120,-116.29962035641074,1.0,0.0,0.5918013333333334,0.7280599999999999
54463,560,75,-294.17171432077885,0.0,1.0,0.5913763333333333,0.727685
54593,561,130,-344.5095461383462,0.0,0.0,0.5906396666666667,0.727035
54723,562,130,-252.93470913171768,0.0,0.0,0.5899030000000001,0.7263850000000001
54853,563,130,-172.2219838425517,0.0,0.0,0.5891663333333333,0.725735
54983,564,130,-179.79316977411509,0.0,0.0,0.5884296666666666,0.725085
55113,565,130,-220.32270336151123,0.0,0.0,0.587693,0.7244349999999999
55175,566,62,-244.14325588941574,0.0,1.0,0.5873416666666667,0.724125
55286,567,111,-118.24154523015022,1.0,0.0,0.5867126666666667,0.72357
55355,568,69,-299.1501739695668,0.0,1.0,0.5863216666666666,0.723225
55485,569,130,-180.41339651495218,0.0,0.0,0.585585,0.722575
55615,570,130,-218.54295502975583,0.0,0.0,0.5848483333333334,0.7219249999999999
55745,571,130,-202.10462978482246,0.0,0.0,0.5841116666666667,0.721275
55867,572,122,-132.8468350470066,1.0,0.0,0.5834203333333334,0.720665
55994,573,127,-145.23022386059165,1.0,0.0,0.5827006666666668,0.72003
56124,574,130,-200.2343114539981,0.0,0.0,0.581964,0.71938
56222,575,98,-92.90068032592535,1.0,0.0,0.5814086666666667,0.71889
56352,576,130,-161.49506184458733,0.0,0.0,0.5806720000000001,0.71824
56482,577,130,-205.3014159798622,0.0,0.0,0.5799353333333335,0.71759
56612,578,130,-171.39977778494358,0.0,0.0,0.5791986666666666,0.71694
56742,579,130,-257.110777258873,0.0,0.0,0.578462,0.71629
56872,580,130,-211.1040690690279,0.0,0.0,0.5777253333333334,0.71564
57002,581,130,-233.51713802665472,0.0,0.0,0.5769886666666667,0.71499
57131,582,129,-180.72638216614723,1.0,0.0,0.5762576666666667,0.714345
57248,583,117,-149.7715318351984,1.0,0.0,0.5755946666666667,0.71376
57378,584,130,-150.6835010498762,0.0,0.0,0.5748580000000001,0.7131099999999999
57508,585,130,-254.07251439616084,0.0,0.0,0.5741213333333334,0.71246
57595,586,87,-271.5589497834444,0.0,1.0,0.5736283333333334,0.712025
57725,587,130,-221.05873992666602,0.0,0.0,0.5728916666666667,0.711375
57825,588,100,-120.01409411802888,1.0,0.0,0.572325,0.7108749999999999
57949,589,124,-89.83759442716837,1.0,0.0,0.5716223333333335,0.7102550000000001
58012,590,63,-198.35792541131377,0.0,1.0,0.5712653333333333,0.70994
58088,591,76,-267.1235488653183,0.0,1.0,0.5708346666666667,0.70956
58195,592,107,-91.54207440465689,1.0,0.0,0.5702283333333333,0.709025
58280,593,85,-234.10483849048615,0.0,1.0,0.5697466666666666,0.7086
58386,594,106,-190.23419930040836,1.0,0.0,0.569146,0.70807
58514,595,128,-220.85311822220683,1.0,0.0,0.5684206666666667,0.70743
58644,596,130,-264.66665982827544,0.0,0.0,0.5676840000000001,0.70678
58715,597,71,-227.84928756952286,0.0,1.0,0.5672816666666667,0.706425
58808,598,93,-42.81880556419492,1.0,0.0,0.5667546666666667,0.70596
58938,599,130,-261.21342858299613,0.0,0.0,0.566018,0.70531
59068,600,130,-191.82411124557257,0.0,0.0,0.5652813333333333,0.7046600000000001
59191,601,123,-106.36355327442288,1.0,0.0,0.5645843333333334,0.704045
59321,602,130,-182.77573785930872,0.0,0.0,0.5638476666666667,0.703395
59414,603,93,-318.56601290404797,0.0,1.0,0.5633206666666667,0.70293
59544,604,130,-248.32241427898407,0.0,0.0,0.562584,0.70228
59618,605,74,-218.4749016687274,0.0,1.0,0.5621646666666666,0.70191
59738,606,120,-131.5228104032576,1.0,0.0,0.5614846666666666,0.70131
59859,607,121,-91.72855556383729,1.0,0.0,0.560799,0.7007049999999999
59967,608,108,-93.18991948664188,1.0,0.0,0.560187,0.7001649999999999
60096,609,129,-117.09340436011553,1.0,0.0,0.559456,0.69952
60193,610,97,-140.05206698179245,1.0,0.0,0.5589063333333333,0.699035
60323,611,130,-172.89456878229976,0.0,0.0,0.5581696666666667,0.698385
60453,612,130,-262.5951368883252,0.0,0.0,0.5574330000000001,0.697735
60583,613,130,-178.53734383359551,0.0,0.0,0.5566963333333333,0.697085
60690,614,107,-170.22069396078587,1.0,0.0,0.55609,0.69655
60806,615,116,-109.69331647828221,1.0,0.0,0.5554326666666667,0.69597
60902,616,96,-74.33394952863455,1.0,0.0,0.5548886666666667,0.6954899999999999
61011,617,109,-75.4804975874722,1.0,0.0,0.554271,0.694945
61081,618,70,-213.56120036542416,0.0,1.0,0.5538743333333334,0.6945950000000001
61211,619,130,-143.54344633966684,1.0,0.0,0.5531376666666667,0.693945
61312,620,101,-102.09598660096526,1.0,0.0,0.5525653333333334,0.6934400000000001
61442,621,130,-234.894056212157,0.0,0.0,0.5518286666666667,0.69279
61528,622,86,-259.0727862864733,0.0,1.0,0.5513413333333335,0.6923600000000001
61650,623,122,-130.84085901081562,1.0,0.0,0.5506500000000001,0.6917500000000001
61724,624,74,-271.1444777697325,0.0,1.0,0.5502306666666668,0.69138
61811,625,87,-48.001213531941175,1.0,0.0,0.5497376666666667,0.6909449999999999
61885,626,74,-267.5240390896797,0.0,1.0,0.5493183333333334,0.6905749999999999
62003,627,118,-102.30736963823438,1.0,0.0,0.5486496666666667,0.689985
62133,628,130,-215.58943308517337,0.0,0.0,0.5479130000000001,0.689335
62263,629,130,-264.2544345110655,0.0,0.0,0.5471763333333334,0.688685
62334,630,71,-266.53782354295254,0.0,1.0,0.5467740000000001,0.68833
62464,631,130,-262.99063632264733,0.0,0.0,0.5460373333333334,0.6876800000000001
62594,632,130,-196.15102802962065,0.0,0.0,0.5453006666666667,0.68703
62724,633,130,-183.8694428615272,0.0,0.0,0.544564,0.68638
62854,634,130,-167.70412876456976,0.0,0.0,0.5438273333333334,0.68573
62976,635,122,-148.65731281787157,1.0,0.0,0.5431360000000001,0.68512
63106,636,130,-204.45737193524837,0.0,0.0,0.5423993333333333,0.68447
63167,637,61,-225.51505836844444,0.0,1.0,0.5420536666666667,0.684165
63297,638,130,-169.98052831739187,0.0,0.0,0.541317,0.683515
63427,639,130,-210.2068833783269,0.0,0.0,0.5405803333333334,0.682865
63547,640,120,-150.0046877861023,1.0,0.0,0.5399003333333334,0.682265
63677,641,130,-173.28379955515265,0.0,0.0,0.5391636666666667,0.681615
63807,642,130,-173.9241964817047,0.0,0.0,0.538427,0.680965
63937,643,130,-139.55146646127105,0.0,0.0,0.5376903333333334,0.680315
64051,644,114,-87.74466189742088,1.0,0.0,0.5370443333333335,0.679745
64166,645,115,-99.78051007539034,1.0,0.0,0.5363926666666667,0.67917
64254,646,88,-75.16251286119223,1.0,0.0,0.5358940000000001,0.67873
64348,647,94,-58.30922846123576,1.0,0.0,0.5353613333333334,0.67826
64478,648,130,-229.0726441964507,0.0,0.0,0.5346246666666667,0.67761
64586,649,108,-135.93721405044198,1.0,0.0,0.5340126666666667,0.6770700000000001
64709,650,123,-126.52965087071061,1.0,0.0,0.5333156666666667,0.676455
64801,651,92,-56.213799480348825,1.0,0.0,0.5327943333333334,0.675995
64917,652,116,-157.35111497715116,1.0,0.0,0.5321370000000001,0.675415
65024,653,107,-42.603563621640205,1.0,0.0,0.5315306666666667,0.6748799999999999
65149,654,125,-153.43168868869543,1.0,0.0,0.5308223333333333,0.674255
65279,655,130,-213.25521712750196,0.0,0.0,0.5300856666666667,0.673605
65388,656,109,-100.00486331060529,1.0,0.0,0.529468,0.67306
65518,657,130,-197.7592818699777,0.0,0.0,0.5287313333333334,0.67241
65625,658,107,-136.56872845441103,1.0,0.0,0.528125,0.671875
65689,659,64,-216.09519154205918,0.0,1.0,0.5277623333333333,0.671555
65789,660,100,-92.02500386536121,1.0,0.0,0.5271956666666666,0.671055
65919,661,130,-171.03008686751127,0.0,0.0,0.526459,0.6704049999999999
66038,662,119,-104.8697788529098,1.0,0.0,0.5257846666666667,0.66981
66095,663,57,-283.73110308498144,0.0,1.0,0.5254616666666667,0.669525
66225,664,130,-168.2409003302455,0.0,0.0,0.5247250000000001,0.668875
66355,665,130,-185.5628111809492,0.0,0.0,0.5239883333333333,0.668225
66485,666,130,-241.85478293895721,0.0,0.0,0.5232516666666667,0.667575
66595,667,110,-122.8389345780015,1.0,0.0,0.5226283333333334,0.667025
66669,668,74,-263.8297018557787,0.0,1.0,0.522209,0.666655
66795,669,126,-94.27737530320883,1.0,0.0,0.521495,0.6660250000000001
66870,670,75,-271.6197511404753,0.0,1.0,0.52107,0.6656500000000001
67000,671,130,-174.87479865923524,0.0,0.0,0.5203333333333333,0.665
67121,672,121,-89.45147567242384,1.0,0.0,0.5196476666666667,0.6643950000000001
67251,673,130,-215.30940359458327,0.0,0.0,0.518911,0.663745
67361,674,110,-192.57863235473633,1.0,0.0,0.5182876666666667,0.663195
67463,675,102,-65.21445035934448,1.0,0.0,0.5177096666666667,0.662685
67554,676,91,-37.22779205068946,1.0,0.0,0.517194,0.66223
67684,677,130,-206.05591353029013,0.0,0.0,0.5164573333333333,0.6615800000000001
67814,678,130,-187.05684937909245,0.0,0.0,0.5157206666666667,0.66093
67944,679,130,-209.61768905818462,0.0,0.0,0.5149840000000001,0.66028
68007,680,63,-275.19443187117577,0.0,1.0,0.514627,0.659965
68099,681,92,-71.78409898281097,1.0,0.0,0.5141056666666667,0.659505
68207,682,108,-79.43542251735926,1.0,0.0,0.5134936666666667,0.658965
68337,683,130,-206.1773460879922,0.0,0.0,0.512757,0.658315
68426,684,89,-219.67459198832512,0.0,1.0,0.5122526666666667,0.65787
68543,685,117,-123.64745084941387,1.0,0.0,0.5115896666666667,0.657285
68673,686,130,-185.6195901632309,0.0,0.0,0.510853,0.656635
68750,687,77,-236.95911352336407,0.0,1.0,0.5104166666666667,0.65625
68880,688,130,-114.7032199203968,0.0,0.0,0.50968,0.6556
68949,689,69,-286.1618911102414,0.0,1.0,0.5092890000000001,0.6552549999999999
69037,690,88,-55.11005673184991,1.0,0.0,0.5087903333333333,0.6548149999999999
69150,691,113,-161.59508591145277,1.0,0.0,0.50815,0.65425
69280,692,130,-248.4922921806574,0.0,0.0,0.5074133333333334,0.6536
69410,693,130,-284.35365683212876,0.0,0.0,0.5066766666666667,0.65295
69540,694,130,-230.32856037840247,0.0,0.0,0.5059400000000001,0.6523
69626,695,86,-284.19039928913116,0.0,1.0,0.5054526666666668,0.65187
69735,696,109,-117.15534683316946,1.0,0.0,0.504835,0.651325
69810,697,75,-219.86626948416233,0.0,1.0,0.50441,0.65095
69940,698,130,-157.96529940515757,0.0,0.0,0.5036733333333334,0.6503
70059,699,119,-137.90582560747862,1.0,0.0,0.502999,0.649705
70170,700,111,-143.22158950939775,1.0,0.0,0.50237,0.64915
70300,701,130,-213.38614274561405,0.0,0.0,0.5016333333333334,0.6485
70413,702,113,-120.81317254155874,1.0,0.0,0.500993,0.6479349999999999
70527,703,114,-107.27595689147711,1.0,0.0,0.5003470000000001,0.647365
70645,704,118,-111.5628295019269,1.0,0.0,0.4996783333333334,0.646775
70760,705,115,-107.03410962969065,1.0,0.0,0.4990266666666667,0.6462
70890,706,130,-194.62773667275906,0.0,0.0,0.49829,0.64555
71020,707,130,-169.84116166085005,0.0,0.0,0.4975533333333334,0.6449
71150,708,130,-133.2991219200194,0.0,0.0,0.4968166666666667,0.64425
71270,709,120,-131.86876182630658,1.0,0.0,0.49613666666666667,0.64365
71397,710,127,-78.84774472936988,1.0,0.0,0.495417,0.643015
71505,711,108,-137.93499385938048,1.0,0.0,0.494805,0.642475
71635,712,130,-119.32909774780273,0.0,0.0,0.4940683333333334,0.6418250000000001
71712,713,77,-278.6280055642128,0.0,1.0,0.493632,0.64144
71842,714,130,-183.1856464073062,0.0,0.0,0.49289533333333335,0.64079
71956,715,114,-61.163827918469906,1.0,0.0,0.49224933333333337,0.64022
72071,716,115,-121.17400282621384,1.0,0.0,0.4915976666666667,0.639645
72180,717,109,-90.73804144188762,1.0,0.0,0.49098,0.6391
72287,718,107,-103.00114193558693,1.0,0.0,0.49037366666666665,0.638565
72417,719,130,-132.1540665999055,0.0,0.0,0.48963700000000004,0.637915
72547,720,130,-190.968740709126,0.0,0.0,0.4889003333333334,0.637265
72660,721,113,-84.80146988853812,1.0,0.0,0.48826,0.6367
72790,722,130,-230.2841090299189,0.0,0.0,0.48752333333333336,0.63605
72920,723,130,-198.6750723272562,0.0,0.0,0.4867866666666667,0.6354
73038,724,118,-86.31798394024372,1.0,0.0,0.486118,0.63481
73150,725,112,-134.48770187795162,1.0,0.0,0.4854833333333333,0.63425
73280,726,130,-170.5536915510893,0.0,0.0,0.4847466666666667,0.6335999999999999
73342,727,62,-221.24600107967854,0.0,1.0,0.4843953333333334,0.63329
73417,728,75,-200.68031223118305,0.0,1.0,0.4839703333333334,0.632915
73543,729,126,-111.7350326217711,1.0,0.0,0.4832563333333334,0.632285
73673,730,130,-187.93969993665814,0.0,0.0,0.4825196666666667,0.631635
73803,731,130,-176.175576005131,0.0,0.0,0.481783,0.630985
73921,732,118,-142.07688336074352,1.0,0.0,0.48111433333333337,0.630395
74051,733,130,-221.0216454155743,0.0,0.0,0.4803776666666667,0.629745
74161,734,110,-76.66954489052296,1.0,0.0,0.4797543333333334,0.629195
74284,735,123,-113.13637058064342,1.0,0.0,0.4790573333333334,0.62858
74350,736,66,-261.26607125997543,0.0,1.0,0.4786833333333334,0.62825
74480,737,130,-206.92339838668704,0.0,0.0,0.4779466666666667,0.6275999999999999
74557,738,77,-228.50609719753265,0.0,1.0,0.47751033333333337,0.627215
74687,739,130,-174.19609446823597,0.0,0.0,0.4767736666666667,0.626565
74793,740,106,-63.24749121814966,1.0,0.0,0.476173,0.626035
74891,741,98,-70.35288195684552,1.0,0.0,0.47561766666666666,0.625545
75009,742,118,-132.1654201298952,1.0,0.0,0.47494900000000007,0.624955
75138,743,129,-110.85952736064792,1.0,0.0,0.47421800000000003,0.6243099999999999
75242,744,104,-107.08261752873659,1.0,0.0,0.4736286666666667,0.62379
75372,745,130,-158.95898862928152,0.0,0.0,0.472892,0.62314
75502,746,130,-223.8534044548869,0.0,0.0,0.4721553333333333,0.62249
75632,747,130,-202.6402821391821,0.0,0.0,0.47141866666666676,0.6218400000000001
75698,748,66,-240.7000796943903,0.0,1.0,0.4710446666666667,0.62151
75811,749,113,-66.36404693871737,1.0,0.0,0.47040433333333337,0.620945
75933,750,122,-119.88885875791311,1.0,0.0,0.46971300000000005,0.620335
76063,751,130,-172.24857994168997,0.0,0.0,0.46897633333333333,0.619685
76176,752,113,-81.78301557898521,1.0,0.0,0.4683360000000001,0.61912
76285,753,109,-155.27603002637625,1.0,0.0,0.4677183333333334,0.6185750000000001
76395,754,110,-57.221615701913834,1.0,0.0,0.46709500000000004,0.618025
76525,755,130,-235.75734248012304,0.0,0.0,0.4663583333333334,0.617375
76637,756,112,-122.30388268828392,1.0,0.0,0.4657236666666667,0.616815
76752,757,115,-65.25328508019447,1.0,0.0,0.46507200000000004,0.61624
76869,758,117,-51.432313311845064,1.0,0.0,0.464409,0.615655
76997,759,128,-126.4752559736371,1.0,0.0,0.4636836666666667,0.6150150000000001
77088,760,91,-55.62148370593786,1.0,0.0,0.463168,0.61456
77203,761,115,-142.58036701381207,1.0,0.0,0.4625163333333334,0.613985
77333,762,130,-179.21941228955984,0.0,0.0,0.4617796666666667,0.613335
77437,763,104,-79.95135881006718,1.0,0.0,0.4611903333333334,0.612815
77500,764,63,-214.4417902007699,0.0,1.0,0.4608333333333333,0.6124999999999999
77630,765,130,-157.1266874782741,0.0,0.0,0.46009666666666676,0.61185
77728,766,98,-79.91999666392803,1.0,0.0,0.45954133333333336,0.61136
77840,767,112,-98.87114150077105,1.0,0.0,0.4589066666666667,0.6108
77962,768,122,-197.8184753060341,1.0,0.0,0.45821533333333336,0.61019
78081,769,119,-65.9920435026288,1.0,0.0,0.45754100000000003,0.609595
78208,770,127,-118.94574242085218,1.0,0.0,0.45682133333333336,0.60896
78304,771,96,-39.919594544917345,1.0,0.0,0.45627733333333337,0.60848
78411,772,107,-43.27131237089634,1.0,0.0,0.45567100000000005,0.607945
78500,773,89,-18.35378460586071,1.0,0.0,0.4551666666666667,0.6075
78630,774,130,-189.22365541011095,0.0,0.0,0.45443000000000006,0.60685
78732,775,102,-128.235456854105,1.0,0.0,0.45385200000000003,0.60634
78854,776,122,-105.82904785498977,1.0,0.0,0.4531606666666667,0.60573
78957,777,103,-51.822074107825756,1.0,0.0,0.45257700000000006,0.6052150000000001
79075,778,118,-123.93929374217987,1.0,0.0,0.45190833333333336,0.604625
79191,779,116,-157.5807094015181,1.0,0.0,0.45125100000000007,0.604045
79292,780,101,-105.56492192298174,1.0,0.0,0.45067866666666667,0.60354
79410,781,118,-88.88610446453094,1.0,0.0,0.4500100000000001,0.60295
79514,782,104,-120.51159914210439,1.0,0.0,0.44942066666666675,0.60243
79631,783,117,-112.9714335873723,1.0,0.0,0.4487576666666667,0.601845
79745,784,114,-69.70359007269144,1.0,0.0,0.44811166666666674,0.601275
79835,785,90,-68.62674183398485,1.0,0.0,0.4476016666666667,0.6008249999999999
79965,786,130,-141.21765895560384,0.0,0.0,0.446865,0.600175
80080,787,115,-57.28536178916693,1.0,0.0,0.44621333333333335,0.5995999999999999
80163,788,83,-232.3292165696621,0.0,1.0,0.44574300000000006,0.599185
80293,789,130,-130.40580240637064,0.0,0.0,0.44500633333333334,0.598535
80401,790,108,-104.01161063089967,1.0,0.0,0.4443943333333334,0.597995
80531,791,130,-174.34194637835026,0.0,0.0,0.44365766666666673,0.597345
80608,792,77,-238.18340646103024,0.0,1.0,0.44322133333333336,0.5969599999999999
80711,793,103,-88.51046270132065,1.0,0.0,0.44263766666666676,0.596445
80821,794,110,-164.34003130346537,1.0,0.0,0.4420143333333334,0.5958950000000001
80930,795,109,-72.44430140033364,1.0,0.0,0.4413966666666667,0.59535
81048,796,118,-102.5604863986373,1.0,0.0,0.440728,0.59476
81147,797,99,-71.65800373628736,1.0,0.0,0.44016700000000003,0.594265
81277,798,130,-207.22915039211512,0.0,0.0,0.43943033333333337,0.593615
81400,799,123,-92.70938958972692,1.0,0.0,0.4387333333333334,0.593
81530,800,130,-140.78672989457846,0.0,0.0,0.4379966666666667,0.59235
81660,801,130,-162.11281638592482,0.0,0.0,0.43726000000000004,0.5917
81757,802,97,-36.17497745901346,1.0,0.0,0.43671033333333337,0.591215
81883,803,126,-124.70945820957422,1.0,0.0,0.4359963333333334,0.590585
82008,804,125,-148.10376101033762,1.0,0.0,0.43528800000000006,0.58996
82138,805,130,-220.2466310635209,0.0,0.0,0.43455133333333334,0.58931
82268,806,130,-142.5321679636836,0.0,0.0,0.4338146666666667,0.58866
82379,807,111,-121.8430471085012,1.0,0.0,0.43318566666666675,0.588105
82451,808,72,-232.4773123115301,0.0,1.0,0.43277766666666667,0.587745
82555,809,104,-67.70335569232702,1.0,0.0,0.43218833333333334,0.587225
82669,810,114,-94.19292509555817,1.0,0.0,0.43154233333333336,0.586655
82782,811,113,-140.58602753281593,1.0,0.0,0.430902,0.58609
82877,812,95,-43.402626913040876,1.0,0.0,0.43036366666666676,0.585615
83001,813,124,-150.97917429357767,1.0,0.0,0.429661,0.5849949999999999
83131,814,130,-192.56609999015927,0.0,0.0,0.4289243333333334,0.584345
83259,815,128,-101.90784112736583,1.0,0.0,0.42819900000000005,0.583705
83389,816,130,-188.73768512904644,0.0,0.0,0.42746233333333333,0.583055
83466,817,77,-229.8119035065174,0.0,1.0,0.427026,0.58267
83535,818,69,-243.9542366489768,0.0,1.0,0.4266350000000001,0.582325
83652,819,117,-86.26246017217636,1.0,0.0,0.4259720000000001,0.58174
83776,820,124,-51.875796154141426,1.0,0.0,0.42526933333333333,0.58112
83906,821,130,-168.02390169352293,0.0,0.0,0.4245326666666667,0.58047
84033,822,127,-82.82334373518825,1.0,0.0,0.423813,0.579835
84163,823,130,-158.4491384625435,0.0,0.0,0.4230763333333334,0.5791850000000001
84292,824,129,-82.3908921033144,1.0,0.0,0.42234533333333335,0.5785399999999999
84399,825,107,-66.1993943080306,1.0,0.0,0.421739,0.578005
84529,826,130,-203.4632223546505,0.0,0.0,0.4210023333333334,0.5773550000000001
84659,827,130,-173.98255021870136,0.0,0.0,0.4202656666666667,0.576705
84789,828,130,-214.6433807387948,0.0,0.0,0.41952900000000004,0.576055
84916,829,127,-127.3924777507782,1.0,0.0,0.41880933333333337,0.57542
84990,830,74,-225.10989606380463,0.0,1.0,0.41839000000000004,0.5750500000000001
85093,831,103,-91.09138901904225,1.0,0.0,0.41780633333333334,0.574535
85194,832,101,-102.59240661561489,1.0,0.0,0.417234,0.57403
85299,833,105,-140.99451854079962,1.0,0.0,0.416639,0.5735049999999999
85400,834,101,-56.11753070354462,1.0,0.0,0.4160666666666667,0.573
85499,835,99,-87.82163024693727,1.0,0.0,0.41550566666666666,0.572505
85615,836,116,-83.65746689587831,1.0,0.0,0.4148483333333334,0.571925
85731,837,116,-155.06369587779045,1.0,0.0,0.414191,0.571345
85861,838,130,-158.77416123077273,0.0,0.0,0.4134543333333334,0.5706950000000001
85982,839,121,-118.6692074984312,1.0,0.0,0.4127686666666667,0.57009
86112,840,130,-183.5614549331367,0.0,0.0,0.412032,0.56944
86242,841,130,-145.89199354499578,0.0,0.0,0.41129533333333335,0.5687899999999999
86372,842,130,-137.1167060174048,0.0,0.0,0.41055866666666674,0.5681400000000001
86463,843,91,-42.56638550758362,1.0,0.0,0.410043,0.567685
86577,844,114,-55.20527630671859,1.0,0.0,0.409397,0.567115
86679,845,102,-80.3608499020338,1.0,0.0,0.408819,0.566605
86793,846,114,-99.08712627738714,1.0,0.0,0.408173,0.566035
86921,847,128,-89.74544271081686,1.0,0.0,0.40744766666666676,0.5653950000000001
87026,848,105,-81.68181252479553,1.0,0.0,0.4068526666666667,0.56487
87134,849,108,-32.870058216154575,1.0,0.0,0.4062406666666667,0.56433
87240,850,106,-29.571493577212095,1.0,0.0,0.40564000000000006,0.5638
87340,851,100,-71.05131039768457,1.0,0.0,0.40507333333333334,0.5632999999999999
87453,852,113,-69.39930322766304,1.0,0.0,0.40443300000000004,0.562735
87552,853,99,-95.1037505720742,1.0,0.0,0.40387200000000006,0.5622400000000001
87682,854,130,-136.75332602858543,0.0,0.0,0.4031353333333334,0.56159
87796,855,114,-37.04273905977607,1.0,0.0,0.40248933333333337,0.5610200000000001
87915,856,119,-96.2961638122797,1.0,0.0,0.4018150000000001,0.5604250000000001
88045,857,130,-133.1398727297783,0.0,0.0,0.40107833333333337,0.559775
88175,858,130,-188.5407130420208,0.0,0.0,0.4003416666666667,0.559125
88279,859,104,-55.087839752435684,1.0,0.0,0.3997523333333334,0.558605
88389,860,110,-47.58059020340443,1.0,0.0,0.39912900000000007,0.558055
88463,861,74,-211.33263102918863,0.0,1.0,0.39870966666666674,0.557685
88580,862,117,-125.9923096075654,1.0,0.0,0.39804666666666666,0.5570999999999999
88697,863,117,-81.42778280377388,1.0,0.0,0.3973836666666667,0.556515
88819,864,122,-92.96801336854696,1.0,0.0,0.3966923333333333,0.555905
88935,865,116,-103.12701243162155,1.0,0.0,0.396035,0.5553250000000001
89041,866,106,-61.416650623083115,1.0,0.0,0.39543433333333344,0.554795
89171,867,130,-187.17355699837208,0.0,0.0,0.3946976666666667,0.554145
89301,868,130,-153.7943228110671,0.0,0.0,0.393961,0.5534950000000001
89417,869,116,-64.74982119351625,1.0,0.0,0.3933036666666666,0.5529149999999999
89519,870,102,-91.9684167727828,1.0,0.0,0.39272566666666675,0.552405
89639,871,120,-104.01289328187704,1.0,0.0,0.39204566666666674,0.551805
89749,872,110,-112.29669660329819,1.0,0.0,0.3914223333333333,0.551255
89865,873,116,-56.93541860580444,1.0,0.0,0.39076500000000003,0.550675
89969,874,104,-84.76739933341742,1.0,0.0,0.3901756666666667,0.5501550000000001
90069,875,100,-52.03403417021036,1.0,0.0,0.3896090000000001,0.549655
90199,876,130,-186.1519116088748,0.0,0.0,0.3888723333333334,0.549005
90316,877,117,-95.70210682973266,1.0,0.0,0.3882093333333334,0.54842
90404,878,88,-25.20931515470147,1.0,0.0,0.38771066666666676,0.54798
90492,879,88,-223.00701515376568,0.0,1.0,0.387212,0.5475399999999999
90616,880,124,-55.329432372003794,1.0,0.0,0.38650933333333337,0.54692
90746,881,130,-164.6928378045559,1.0,0.0,0.38577266666666665,0.54627
90869,882,123,-129.59540382772684,1.0,0.0,0.3850756666666667,0.545655
90999,883,130,-115.75952774658799,0.0,0.0,0.3843390000000001,0.545005
91094,884,95,-44.35157756507397,1.0,0.0,0.3838006666666667,0.54453
91194,885,100,-32.65477778017521,1.0,0.0,0.3832340000000001,0.54403
91317,886,123,-67.71849746257067,1.0,0.0,0.382537,0.543415
91444,887,127,-61.17176631838083,1.0,0.0,0.38181733333333334,0.54278
91570,888,126,-119.68652145564556,1.0,0.0,0.38110333333333335,0.5421499999999999
91644,889,74,-221.10437857359648,0.0,1.0,0.38068400000000013,0.54178
91749,890,105,-47.62761848047376,1.0,0.0,0.380089,0.541255
91854,891,105,-59.35613563656807,1.0,0.0,0.379494,0.5407299999999999
91974,892,120,-82.26317378878593,1.0,0.0,0.378814,0.54013
92078,893,104,-42.596107095479965,1.0,0.0,0.37822466666666665,0.5396099999999999
92189,894,111,-105.24183095991611,1.0,0.0,0.37759566666666666,0.5390550000000001
92294,895,105,-92.56400876864791,1.0,0.0,0.37700066666666665,0.53853
92393,896,99,-58.33702228218317,1.0,0.0,0.37643966666666673,0.538035
92487,897,94,-24.10268298536539,1.0,0.0,0.375907,0.537565
92597,898,110,-24.424677275121212,1.0,0.0,0.3752836666666667,0.537015
92705,899,108,-108.32891849800944,1.0,0.0,0.37467166666666674,0.536475
92817,900,112,-85.31287994235754,1.0,0.0,0.37403700000000006,0.535915
92920,901,103,-40.2226414270699,1.0,0.0,0.3734533333333333,0.5354
93031,902,111,-49.45070132613182,1.0,0.0,0.3728243333333333,0.534845
93150,903,119,-74.62932720780373,1.0,0.0,0.3721500000000001,0.53425
93254,904,104,-46.1253909021616,1.0,0.0,0.37156066666666676,0.53373
93356,905,102,-68.79475881904364,1.0,0.0,0.3709826666666667,0.53322
93458,906,102,-38.33203485608101,1.0,0.0,0.3704046666666667,0.53271
93568,907,110,-31.864988707005978,1.0,0.0,0.3697813333333333,0.53216
93672,908,104,-61.70653183013201,1.0,0.0,0.36919199999999996,0.53164
93787,909,115,-77.38973693549633,1.0,0.0,0.36854033333333336,0.531065
93883,910,96,-57.48836366832256,1.0,0.0,0.36799633333333337,0.530585
93989,911,106,-94.81218540668488,1.0,0.0,0.3673956666666667,0.5300549999999999
94101,912,112,-77.81328447908163,1.0,0.0,0.366761,0.529495
94213,913,112,-56.93701931834221,1.0,0.0,0.36612633333333333,0.5289349999999999
94308,914,95,-19.463296957314014,1.0,0.0,0.36558800000000014,0.52846
94427,915,119,-29.230342850089073,1.0,0.0,0.3649136666666667,0.527865
94534,916,107,-23.806513130664825,1.0,0.0,0.3643073333333333,0.52733
94639,917,105,-35.02247604727745,1.0,0.0,0.3637123333333334,0.526805
94758,918,119,-53.03722461313009,1.0,0.0,0.3630380000000001,0.5262100000000001
94866,919,108,-34.83985458314419,1.0,0.0,0.362426,0.52567
94993,920,127,-81.27321485430002,1.0,0.0,0.36170633333333335,0.525035
95109,921,116,-85.25863438099623,1.0,0.0,0.36104900000000006,0.524455
95235,922,126,-78.95133402198553,1.0,0.0,0.36033500000000007,0.523825
95353,923,118,-79.9666457735002,1.0,0.0,0.3596663333333334,0.523235
95463,924,110,-24.186582311987877,1.0,0.0,0.359043,0.5226850000000001
95578,925,115,-33.97984052449465,1.0,0.0,0.3583913333333334,0.52211
95698,926,120,-91.26886605471373,1.0,0.0,0.3577113333333334,0.5215099999999999
95828,927,130,-132.49523032456636,0.0,0.0,0.35697466666666666,0.52086
95935,928,107,-36.429874554276466,1.0,0.0,0.3563683333333334,0.520325
96059,929,124,-121.68344951421022,1.0,0.0,0.35566566666666666,0.519705
96157,930,98,-52.54851393774152,1.0,0.0,0.3551103333333334,0.519215
96266,931,109,-44.610607616603374,1.0,0.0,0.3544926666666667,0.51867
96367,932,101,-27.924444142729044,1.0,0.0,0.3539203333333333,0.518165
96472,933,105,-62.39013662189245,1.0,0.0,0.3533253333333334,0.51764
96588,934,116,-76.08517797291279,1.0,0.0,0.352668,0.51706
96709,935,121,-99.79785462468863,1.0,0.0,0.3519823333333334,0.516455
96786,936,77,-193.06231436133385,0.0,1.0,0.351546,0.51607
96906,937,120,-85.09735183417797,1.0,0.0,0.3508660000000001,0.5154700000000001
97028,938,122,-71.3538701236248,1.0,0.0,0.35017466666666675,0.5148600000000001
97137,939,109,-29.06806707382202,1.0,0.0,0.349557,0.514315
97257,940,120,-43.50116926431656,1.0,0.0,0.3488770000000001,0.513715
97373,941,116,-72.0632766932249,1.0,0.0,0.3482196666666667,0.513135
97490,942,117,-56.06302289664745,1.0,0.0,0.3475566666666666,0.51255
97620,943,130,-120.6024751663208,0.0,0.0,0.34682,0.5119
97723,944,103,-40.75818072259426,1.0,0.0,0.34623633333333337,0.511385
97853,945,130,-169.06387538835406,0.0,0.0,0.34549966666666665,0.5107349999999999
97954,946,101,-40.55997072532773,1.0,0.0,0.34492733333333336,0.51023
98084,947,130,-122.29457248747349,0.0,0.0,0.34419066666666676,0.50958
98205,948,121,-67.50008602440357,1.0,0.0,0.34350500000000006,0.5089750000000001
98301,949,96,-14.555381208658218,1.0,0.0,0.34296099999999996,0.5084949999999999
98401,950,100,-52.90364995598793,1.0,0.0,0.34239433333333336,0.507995
98499,951,98,-45.54577787965536,1.0,0.0,0.341839,0.507505
98605,952,106,-10.316797614097595,1.0,0.0,0.3412383333333334,0.506975
98709,953,104,-45.4501574113965,1.0,0.0,0.3406490000000001,0.506455
98808,954,99,-56.52014497295022,1.0,0.0,0.34008800000000006,0.50596
98920,955,112,-30.704043060541153,1.0,0.0,0.3394533333333334,0.5054000000000001
99030,956,110,-7.583235390484333,1.0,0.0,0.3388300000000001,0.50485
99147,957,117,-38.861621133983135,1.0,0.0,0.338167,0.504265
99257,958,110,-37.689237512648106,1.0,0.0,0.3375436666666667,0.5037149999999999
99381,959,124,-57.54355522990227,1.0,0.0,0.33684100000000006,0.503095
99496,960,115,-22.097786389291286,1.0,0.0,0.33618933333333334,0.50252
99606,961,110,-38.43856047838926,1.0,0.0,0.33556600000000003,0.50197
99733,962,127,-63.204998433589935,1.0,0.0,0.33484633333333336,0.5013350000000001
99859,963,126,-97.90838911384344,1.0,0.0,0.33413233333333336,0.500705
99970,964,111,-25.94897472858429,1.0,0.0,0.3335033333333334,0.50015
100085,965,115,-45.57732770964503,1.0,0.0,0.33285166666666666,0.499575
100199,966,114,-34.78070003539324,1.0,0.0,0.33220566666666673,0.49900500000000003
100310,967,111,-64.97537883371115,1.0,0.0,0.33157666666666674,0.49845000000000006
100419,968,109,-40.826284646987915,1.0,0.0,0.330959,0.49790499999999993
100519,969,100,-73.5312016159296,1.0,0.0,0.3303923333333334,0.497405
100634,970,115,-49.02595965564251,1.0,0.0,0.3297406666666667,0.49683
100759,971,125,-55.50583838671446,1.0,0.0,0.32903233333333337,0.496205
100871,972,112,-46.10538373887539,1.0,0.0,0.3283976666666667,0.495645
100979,973,108,-32.502347737550735,1.0,0.0,0.32778566666666675,0.495105
101074,974,95,-49.43816188722849,1.0,0.0,0.32724733333333333,0.49463
101189,975,115,-54.0321323312819,1.0,0.0,0.3265956666666666,0.4940549999999999
101299,976,110,-53.9085376560688,1.0,0.0,0.3259723333333334,0.4935050000000001
101398,977,99,-27.688420429825783,1.0,0.0,0.3254113333333334,0.49301000000000006
101464,978,66,-163.31625494360924,0.0,1.0,0.3250373333333334,0.49268
101555,979,91,-6.169632241129875,1.0,0.0,0.3245216666666667,0.4922249999999999
101668,980,113,-96.99903258308768,1.0,0.0,0.32388133333333335,0.49166
101798,981,130,-118.79725460708141,0.0,0.0,0.32314466666666675,0.49100999999999995
101904,982,106,-33.75738875567913,1.0,0.0,0.32254400000000005,0.49048
102034,983,130,-128.92745151743293,0.0,0.0,0.32180733333333333,0.48983
102142,984,108,-94.49643028527498,1.0,0.0,0.3211953333333334,0.48929
102237,985,95,-47.33260302245617,1.0,0.0,0.3206570000000001,0.488815
102358,986,121,-20.008567348122597,1.0,0.0,0.3199713333333334,0.48821000000000003
102467,987,109,-46.74243304133415,1.0,0.0,0.31935366666666665,0.487665
102597,988,130,-107.03145863860846,0.0,0.0,0.31861700000000004,0.487015
102696,989,99,-26.45627085119486,1.0,0.0,0.318056,0.48651999999999995
102801,990,105,-46.375775031745434,1.0,0.0,0.3174610000000001,0.48599500000000007
102887,991,86,7.113664045929909,1.0,0.0,0.3169736666666667,0.485565
103003,992,116,-50.04118113964796,1.0,0.0,0.3163163333333334,0.484985
103090,993,87,-12.17046245932579,1.0,0.0,0.31582333333333334,0.48455000000000004
103175,994,85,-23.85857118293643,1.0,0.0,0.31534166666666674,0.484125
103287,995,112,-78.04138197749853,1.0,0.0,0.31470700000000007,0.483565
103384,996,97,-41.539767384529114,1.0,0.0,0.3141573333333334,0.48307999999999995
103496,997,112,-82.18656198680401,1.0,0.0,0.3135226666666667,0.48252000000000006
103609,998,113,-57.51929171383381,1.0,0.0,0.3128823333333334,0.4819549999999999
103718,999,109,-123.42103543132544,1.0,0.0,0.31226466666666663,0.48141
103823,1000,105,-31.324661072343588,1.0,0.0,0.31166966666666673,0.480885
103940,1001,117,-63.991811353713274,1.0,0.0,0.31100666666666676,0.48030000000000006
104058,1002,118,-20.499703038483858,1.0,0.0,0.310338,0.47970999999999997
104166,1003,108,-23.520000405609608,1.0,0.0,0.30972600000000006,0.4791700000000001
104275,1004,109,-25.96064142510295,1.0,0.0,0.3091083333333333,0.47862499999999997
104398,1005,123,-97.14207186549902,1.0,0.0,0.30841133333333337,0.47801000000000005
104489,1006,91,-16.531443409621716,1.0,0.0,0.3078956666666668,0.47755500000000006
104602,1007,113,-43.458129685372114,1.0,0.0,0.3072553333333333,0.47699
104701,1008,99,-25.818126440048218,1.0,0.0,0.3066943333333334,0.476495
104804,1009,103,-56.34788503497839,1.0,0.0,0.30611066666666664,0.47597999999999996
104905,1010,101,-88.83376607298851,1.0,0.0,0.30553833333333336,0.475475
104989,1011,84,-5.496352195739746,1.0,0.0,0.3050623333333333,0.475055
105073,1012,84,-218.53035502135754,0.0,1.0,0.3045863333333333,0.4746349999999999
105172,1013,99,-52.21893606334925,1.0,0.0,0.30402533333333337,0.47414
105288,1014,116,-27.477058596909046,1.0,0.0,0.3033680000000001,0.47356
105397,1015,109,-3.811149165034294,1.0,0.0,0.30275033333333334,0.47301499999999996
105520,1016,123,-2.4518789872527122,1.0,0.0,0.3020533333333334,0.47239999999999993
105650,1017,130,-121.69567873328924,0.0,0.0,0.3013166666666667,0.47175
105745,1018,95,-9.916159175336361,1.0,0.0,0.30077833333333337,0.471275
105862,1019,117,-43.99351013451815,1.0,0.0,0.3001153333333334,0.47069000000000005
105972,1020,110,-55.15143456310034,1.0,0.0,0.2994920000000001,0.47014
106087,1021,115,-35.02999038249254,1.0,0.0,0.2988403333333334,0.469565
106195,1022,108,-13.769313931465149,1.0,0.0,0.29822833333333343,0.469025
106318,1023,123,-95.85211241990328,1.0,0.0,0.29753133333333337,0.46841
106429,1024,111,-32.55465114861727,1.0,0.0,0.2969023333333334,0.467855
106559,1025,130,-127.20839484781027,0.0,0.0,0.29616566666666666,0.467205
106664,1026,105,-35.6524321064353,1.0,0.0,0.29557066666666665,0.46668
106763,1027,99,-13.759411253035069,1.0,0.0,0.2950096666666667,0.46618499999999996
106855,1028,92,0.637551985681057,1.0,0.0,0.29448833333333335,0.46572499999999994
106965,1029,110,7.107430648058653,1.0,0.0,0.29386500000000004,0.465175
107053,1030,88,-10.11708763986826,1.0,0.0,0.2933663333333334,0.464735
107156,1031,103,-46.23045290634036,1.0,0.0,0.29278266666666675,0.4642200000000001
107276,1032,120,-44.58051374554634,1.0,0.0,0.29210266666666673,0.46362000000000003
107392,1033,116,-13.342462237924337,1.0,0.0,0.29144533333333345,0.46304
107511,1034,119,-38.73496126011014,1.0,0.0,0.290771,0.462445
107609,1035,98,-56.229862943291664,1.0,0.0,0.29021566666666676,0.461955
107676,1036,67,-208.10847505927086,0.0,1.0,0.289836,0.4616199999999999
107792,1037,116,-96.9913917183876,1.0,0.0,0.2891786666666667,0.46104
107892,1038,100,5.7515232264995575,1.0,0.0,0.288612,0.46053999999999995
108007,1039,115,-57.60729919373989,1.0,0.0,0.2879603333333334,0.45996500000000007
108114,1040,107,-40.28775832429528,1.0,0.0,0.2873540000000001,0.45943
108230,1041,116,-18.027624431997538,1.0,0.0,0.2866966666666667,0.45885
108316,1042,86,8.76366063207388,1.0,0.0,0.2862093333333333,0.45842000000000005
108424,1043,108,-22.851697485893965,1.0,0.0,0.28559733333333337,0.45788000000000006
108538,1044,114,-2.5281867310404778,1.0,0.0,0.28495133333333333,0.45731
108641,1045,103,-60.063420325517654,1.0,0.0,0.2843676666666667,0.45679500000000006
108751,1046,110,-39.75457740575075,1.0,0.0,0.2837443333333334,0.456245
108850,1047,99,-18.611690558493137,1.0,0.0,0.28318333333333334,0.45575
108948,1048,98,-73.14411479234695,1.0,0.0,0.2826280000000001,0.45526
109061,1049,113,-12.463814474642277,1.0,0.0,0.28198766666666664,0.45469499999999996
109158,1050,97,-20.77499757707119,1.0,0.0,0.28143799999999997,0.45421
109257,1051,99,2.178034320473671,1.0,0.0,0.28087700000000004,0.453715
109357,1052,100,-15.399298280477524,1.0,0.0,0.28031033333333344,0.45321500000000003
109465,1053,108,-50.899032436311245,1.0,0.0,0.2796983333333334,0.45267499999999994
109562,1054,97,-20.259199291467667,1.0,0.0,0.2791486666666667,0.45219
109661,1055,99,-26.40309690311551,1.0,0.0,0.2785876666666667,0.45169499999999996
109776,1056,115,-116.60386695712805,1.0,0.0,0.27793599999999996,0.45111999999999997
109882,1057,106,-10.75906377658248,1.0,0.0,0.2773353333333334,0.45059000000000005
110000,1058,118,-34.04109224677086,1.0,0.0,0.2766666666666667,0.45000000000000007
110105,1059,105,-30.815955065190792,1.0,0.0,0.2760716666666667,0.44947500000000007
110218,1060,113,-19.37944794073701,1.0,0.0,0.27543133333333336,0.4489099999999999
110316,1061,98,7.311854265630245,1.0,0.0,0.274876,0.44842000000000004
110420,1062,104,-28.32668984681368,1.0,0.0,0.2742866666666667,0.44789999999999996
110534,1063,114,-30.107784517109394,1.0,0.0,0.27364066666666675,0.44733
110653,1064,119,-52.82475208863616,1.0,0.0,0.2729663333333333,0.446735
110754,1065,101,-20.151287361979485,1.0,0.0,0.272394,0.44623
110855,1066,101,-32.23547314852476,1.0,0.0,0.27182166666666674,0.44572500000000004
110956,1067,101,-44.49707506969571,1.0,0.0,0.27124933333333345,0.44522000000000006
111072,1068,116,-47.36535816639662,1.0,0.0,0.27059200000000005,0.4446399999999999
111183,1069,111,-9.30431966483593,1.0,0.0,0.26996300000000006,0.44408500000000006
111295,1070,112,-31.423498533666134,1.0,0.0,0.2693283333333334,0.44352499999999995
111398,1071,103,-42.32819613069296,1.0,0.0,0.26874466666666663,0.4430099999999999
111518,1072,120,-68.32351302355528,1.0,0.0,0.26806466666666673,0.44240999999999997
111605,1073,87,3.7270028814673424,1.0,0.0,0.26757166666666676,0.441975
111735,1074,130,-85.2044377066195,0.0,0.0,0.26683500000000004,0.44132499999999997
111821,1075,86,5.765817455947399,1.0,0.0,0.26634766666666676,0.44089500000000004
111907,1076,86,25.513663828372955,1.0,0.0,0.26586033333333337,0.440465
112023,1077,116,-12.56242411583662,1.0,0.0,0.26520299999999997,0.43988499999999997
112123,1078,100,-42.535577684640884,1.0,0.0,0.26463633333333336,0.439385
112234,1079,111,-67.7232917509973,1.0,0.0,0.26400733333333337,0.43882999999999994
112340,1080,106,-53.838126346468925,1.0,0.0,0.2634066666666667,0.4383
112440,1081,100,-30.881986893713474,1.0,0.0,0.26283999999999996,0.43779999999999997
112554,1082,114,-49.95505786687136,1.0,0.0,0.26219400000000004,0.43723
112640,1083,86,-2.3124045357108116,1.0,0.0,0.26170666666666675,0.43679999999999997
112756,1084,116,-68.65124873071909,1.0,0.0,0.26104933333333336,0.43622000000000005
112865,1085,109,-10.733243480324745,1.0,0.0,0.26043166666666673,0.43567500000000003
112986,1086,121,-53.35372690856457,1.0,0.0,0.25974600000000003,0.43506999999999996
113094,1087,108,-36.48434715718031,1.0,0.0,0.2591340000000001,0.4345300000000001
113177,1088,83,34.42363741993904,1.0,0.0,0.2586636666666666,0.43411500000000003
113282,1089,105,-40.236782282590866,1.0,0.0,0.2580686666666667,0.43359000000000003
113380,1090,98,-16.059245601296425,1.0,0.0,0.25751333333333337,0.43310000000000004
113478,1091,98,-31.813623890280724,1.0,0.0,0.256958,0.43261000000000005
113582,1092,104,-7.316840007901192,1.0,0.0,0.2563686666666667,0.4320900000000001
113675,1093,93,-19.059949338436127,1.0,0.0,0.25584166666666663,0.4316249999999999
113792,1094,117,-106.36173997819424,1.0,0.0,0.25517866666666666,0.43104
113896,1095,104,1.5568033307790756,1.0,0.0,0.25458933333333333,0.43052
114008,1096,112,-8.528997726738453,1.0,0.0,0.25395466666666666,0.42996
114120,1097,112,3.928263373672962,1.0,0.0,0.25332,0.4294
114241,1098,121,-19.402873493731022,1.0,0.0,0.2526343333333334,0.42879500000000004
114342,1099,101,-15.591457817703485,1.0,0.0,0.2520620000000001,0.42829000000000006
114452,1100,110,-32.13793285563588,1.0,0.0,0.2514386666666667,0.42774
114554,1101,102,-26.093545734882355,1.0,0.0,0.25086066666666673,0.42723
114617,1102,63,-146.91823413968086,0.0,1.0,0.2505036666666667,0.42691500000000004
114729,1103,112,-28.75665857642889,1.0,0.0,0.249869,0.42635500000000004
114835,1104,106,24.625396337360144,1.0,0.0,0.24926833333333343,0.425825
114954,1105,119,-15.891544193029404,1.0,0.0,0.24859399999999998,0.42523
115079,1106,125,-38.15800480544567,1.0,0.0,0.24788566666666678,0.424605
115180,1107,101,-3.48147976398468,1.0,0.0,0.24731333333333338,0.4240999999999999
115283,1108,103,7.120584037154913,1.0,0.0,0.24672966666666674,0.423585
115408,1109,125,-16.587203688919544,1.0,0.0,0.24602133333333343,0.42296
115523,1110,115,-4.000036969780922,1.0,0.0,0.2453696666666667,0.422385
115619,1111,96,18.57654619961977,1.0,0.0,0.24482566666666672,0.421905
115718,1112,99,-25.353008061647415,1.0,0.0,0.24426466666666669,0.42141000000000006
115823,1113,105,4.124388113617897,1.0,0.0,0.24366966666666667,0.42088499999999995
115928,1114,105,3.38640009611845,1.0,0.0,0.24307466666666677,0.42036000000000007
116035,1115,107,-18.628071308135986,1.0,0.0,0.2424683333333334,0.419825
116130,1116,95,7.06071238219738,1.0,0.0,0.2419300000000001,0.41935
116242,1117,112,-47.73561228811741,1.0,0.0,0.24129533333333342,0.41879
116338,1118,96,5.387354105710983,1.0,0.0,0.24075133333333343,0.41830999999999996
116455,1119,117,-39.2192589789629,1.0,0.0,0.24008833333333335,0.417725
116570,1120,115,-6.0673685520887375,1.0,0.0,0.23943666666666674,0.41715
116677,1121,107,-20.372002065181732,1.0,0.0,0.23883033333333337,0.41661499999999996
116792,1122,115,-48.86428586393595,1.0,0.0,0.23817866666666665,0.41603999999999997
116907,1123,115,-50.29906004667282,1.0,0.0,0.23752700000000004,0.415465
117005,1124,98,-4.540182963013649,1.0,0.0,0.2369716666666667,0.414975
117121,1125,116,-36.072865068912506,1.0,0.0,0.2363143333333334,0.41439500000000007
117210,1126,89,13.203686527907848,1.0,0.0,0.23581000000000008,0.41395000000000004
117306,1127,96,-58.583332017064095,1.0,0.0,0.2352660000000001,0.41347
117419,1128,113,-13.13425251096487,1.0,0.0,0.23462566666666673,0.41290499999999997
117530,1129,111,-14.78017170727253,1.0,0.0,0.23399666666666674,0.41235
117630,1130,100,-60.07982110604644,1.0,0.0,0.23343000000000003,0.41185000000000005
117738,1131,108,-50.54507143422961,1.0,0.0,0.23281800000000008,0.41131000000000006
117837,1132,99,-5.827846385538578,1.0,0.0,0.23225700000000005,0.41081500000000004
117950,1133,113,-2.8951462283730507,1.0,0.0,0.2316166666666667,0.41025
118065,1134,115,-19.536596231162548,1.0,0.0,0.23096499999999998,0.409675
118171,1135,106,4.2628529742360115,1.0,0.0,0.2303643333333334,0.409145
118275,1136,104,-22.831878885626793,1.0,0.0,0.22977500000000006,0.408625
118390,1137,115,-31.766950100660324,1.0,0.0,0.22912333333333335,0.40805
118495,1138,105,-12.78254933655262,1.0,0.0,0.22852833333333333,0.4075249999999999
118602,1139,107,-34.704648822546005,1.0,0.0,0.22792199999999996,0.40698999999999996
118711,1140,109,-9.04094411060214,1.0,0.0,0.22730433333333333,0.40644499999999995
118832,1141,121,-29.05921734496951,1.0,0.0,0.22661866666666675,0.40584
118922,1142,90,6.640129923820496,1.0,0.0,0.22610866666666662,0.4053899999999999
119029,1143,107,-38.24814501404762,1.0,0.0,0.22550233333333336,0.40485499999999996
119139,1144,110,13.438850075006485,1.0,0.0,0.22487900000000005,0.404305
119253,1145,114,-33.025279216468334,1.0,0.0,0.22423300000000013,0.40373500000000007
119354,1146,101,-11.968827717006207,1.0,0.0,0.22366066666666673,0.40323
119463,1147,109,-0.5845232643187046,1.0,0.0,0.223043,0.40268499999999996
119574,1148,111,-40.266019850969315,1.0,0.0,0.2224140000000001,0.40213
119688,1149,114,-17.322084441781044,1.0,0.0,0.22176800000000008,0.40156000000000003
119793,1150,105,17.8741998039186,1.0,0.0,0.22117300000000006,0.40103500000000003
119895,1151,102,-9.64946535229683,1.0,0.0,0.22059499999999999,0.400525
120012,1152,117,-10.11505176872015,1.0,0.0,0.21993200000000002,0.39993999999999996
120132,1153,120,9.407706752419472,1.0,0.0,0.219252,0.39934000000000003
120243,1154,111,-5.8650574162602425,1.0,0.0,0.218623,0.39878499999999995
120351,1155,108,-10.683704182505608,1.0,0.0,0.21801099999999995,0.39824499999999996
120457,1156,106,-4.277866408228874,1.0,0.0,0.21741033333333337,0.39771500000000004
120562,1157,105,-49.96917209029198,1.0,0.0,0.21681533333333336,0.39718999999999993
120670,1158,108,4.482909202575684,1.0,0.0,0.21620333333333341,0.39664999999999995
120776,1159,106,-8.55531194806099,1.0,0.0,0.21560266666666672,0.39612
120876,1160,100,-20.446315698325634,1.0,0.0,0.215036,0.39561999999999997
120975,1161,99,-32.708826795220375,1.0,0.0,0.21447500000000008,0.39512499999999995
121063,1162,88,14.557222574949265,1.0,0.0,0.21397633333333343,0.39468500000000006
121165,1163,102,16.17598059400916,1.0,0.0,0.21339833333333336,0.39417500000000005
121278,1164,113,-26.524481914937496,1.0,0.0,0.212758,0.39361
121377,1165,99,-17.981307089328766,1.0,0.0,0.21219700000000008,0.393115
121489,1166,112,-10.297561965882778,1.0,0.0,0.2115623333333334,0.392555
121597,1167,108,16.697189833968878,1.0,0.0,0.21095033333333346,0.392015
121705,1168,108,14.42063606530428,1.0,0.0,0.2103383333333334,0.391475
121810,1169,105,2.993073135614395,1.0,0.0,0.20974333333333328,0.3909499999999999
121923,1170,113,-32.28818667680025,1.0,0.0,0.20910300000000004,0.390385
122031,1171,108,3.477048099040985,1.0,0.0,0.20849099999999998,0.389845
122128,1172,97,0.4043629392981529,1.0,0.0,0.20794133333333342,0.38936000000000004
122226,1173,98,1.6320963203907013,1.0,0.0,0.20738600000000007,0.38887000000000005
122338,1174,112,-19.0006889924407,1.0,0.0,0.2067513333333334,0.38830999999999993
122451,1175,113,-42.55780295655131,1.0,0.0,0.20611100000000004,0.387745
122572,1176,121,-76.93824564293027,1.0,0.0,0.20542533333333335,0.38714000000000004
122674,1177,102,11.99883758276701,1.0,0.0,0.20484733333333338,0.38663000000000003
122802,1178,128,-71.24431118369102,1.0,0.0,0.20412200000000003,0.38599000000000006
122915,1179,113,-34.67046692967415,1.0,0.0,0.20348166666666667,0.385425
122999,1180,84,27.93697875738144,1.0,0.0,0.20300566666666664,0.38500500000000004
123109,1181,110,6.341403163969517,1.0,0.0,0.20238233333333333,0.384455
123223,1182,114,-20.79065177589655,1.0,0.0,0.2017363333333333,0.38388500000000003
123325,1183,102,13.816851910203695,1.0,0.0,0.20115833333333333,0.383375
123434,1184,109,-14.64984655752778,1.0,0.0,0.2005406666666667,0.38283
123534,1185,100,1.2861677594482899,1.0,0.0,0.1999740000000001,0.38233000000000006
123621,1186,87,11.955896228551865,1.0,0.0,0.19948100000000002,0.381895
123704,1187,83,29.27363808453083,1.0,0.0,0.19901066666666678,0.38148000000000004
123816,1188,112,0.14861717820167542,1.0,0.0,0.1983760000000001,0.38092000000000004
123926,1189,110,-32.96589610353112,1.0,0.0,0.1977526666666667,0.38037
124030,1190,104,-13.08230935037136,1.0,0.0,0.19716333333333336,0.37985
124142,1191,112,-27.286313392221928,1.0,0.0,0.19652866666666668,0.37929
124255,1192,113,-26.796009704470634,1.0,0.0,0.19588833333333333,0.378725
124373,1193,118,-30.271552957594395,1.0,0.0,0.1952196666666668,0.378135
124475,1194,102,-8.674673467874527,1.0,0.0,0.1946416666666667,0.377625
124581,1195,106,18.622664887458086,1.0,0.0,0.19404100000000013,0.37709500000000007
124687,1196,106,-4.322602175176144,1.0,0.0,0.19344033333333333,0.37656500000000004
124795,1197,108,-27.483264215290546,1.0,0.0,0.19282833333333338,0.37602500000000005
124897,1198,102,-0.5754402056336403,1.0,0.0,0.1922503333333334,0.37551500000000004
124981,1199,84,10.386978447437286,1.0,0.0,0.19177433333333338,0.37509499999999996
125064,1200,83,17.92363803088665,1.0,0.0,0.19130400000000014,0.37468
125159,1201,95,10.76019785553217,1.0,0.0,0.19076566666666672,0.374205
125265,1202,106,-4.97947570681572,1.0,0.0,0.19016500000000003,0.373675
125374,1203,109,-0.915477342903614,1.0,0.0,0.1895473333333333,0.37312999999999996
125478,1204,104,-37.596034955233335,1.0,0.0,0.18895799999999996,0.37261
125573,1205,95,0.8474511355161667,1.0,0.0,0.18841966666666676,0.372135
125659,1206,86,21.66366373002529,1.0,0.0,0.18793233333333337,0.37170500000000006
125764,1207,105,12.788406766951084,1.0,0.0,0.18733733333333336,0.37118000000000007
125876,1208,112,23.919514939188957,1.0,0.0,0.18670266666666668,0.37061999999999995
125973,1209,97,-6.487591028213501,1.0,0.0,0.186153,0.370135
126070,1210,97,-1.5645707547664642,1.0,0.0,0.18560333333333334,0.36965000000000003
126182,1211,112,-6.273904889822006,1.0,0.0,0.18496866666666667,0.3690899999999999
126286,1212,104,1.051123820245266,1.0,0.0,0.18437933333333334,0.36856999999999995
126404,1213,118,-2.783840522170067,1.0,0.0,0.1837106666666667,0.36798
126487,1214,83,26.923637703061104,1.0,0.0,0.18324033333333334,0.3675649999999999
126596,1215,109,22.41903143376112,1.0,0.0,0.1826226666666667,0.36702
126697,1216,101,20.12799084931612,1.0,0.0,0.18205033333333343,0.36651500000000004
126796,1217,99,27.421300046145916,1.0,0.0,0.1814893333333334,0.36602
126909,1218,113,6.650864526629448,1.0,0.0,0.18084900000000004,0.365455
127011,1219,102,12.859901271760464,1.0,0.0,0.18027099999999996,0.36494499999999996
127111,1220,100,-23.582211524248123,1.0,0.0,0.17970433333333335,0.364445
127212,1221,101,-25.048109620809555,1.0,0.0,0.17913200000000007,0.36394000000000004
127323,1222,111,1.8295648768544197,1.0,0.0,0.17850300000000008,0.36338499999999996
127434,1223,111,-4.687441140413284,1.0,0.0,0.1778740000000001,0.36283
127517,1224,83,26.923638001084328,1.0,0.0,0.17740366666666663,0.36241499999999993
127612,1225,95,-7.921311430633068,1.0,0.0,0.17686533333333343,0.36194000000000004
127710,1226,98,21.060486540198326,1.0,0.0,0.17630999999999997,0.36144999999999994
127813,1227,103,16.29491927102208,1.0,0.0,0.17572633333333343,0.360935
127925,1228,112,22.974507749080658,1.0,0.0,0.17509166666666676,0.360375
128032,1229,107,-5.283541936427355,1.0,0.0,0.17448533333333338,0.35983999999999994
128145,1230,113,-8.34169864654541,1.0,0.0,0.17384500000000014,0.359275
128252,1231,107,2.8886769115924835,1.0,0.0,0.17323866666666676,0.35874000000000006
128362,1232,110,16.197170935571194,1.0,0.0,0.17261533333333334,0.35819
128448,1233,86,15.313663810491562,1.0,0.0,0.17212800000000006,0.3577600000000001
128553,1234,105,13.035874787718058,1.0,0.0,0.17153300000000005,0.35723499999999997
128661,1235,108,-3.583335980772972,1.0,0.0,0.1709210000000001,0.356695
128744,1236,83,28.97363717854023,1.0,0.0,0.17045066666666664,0.35627999999999993
128850,1237,106,5.51371505856514,1.0,0.0,0.16985000000000006,0.35575
128966,1238,116,14.634769178926945,1.0,0.0,0.16919266666666677,0.35517
129049,1239,83,32.223637804389,1.0,0.0,0.1687223333333333,0.35475499999999993
129155,1240,106,13.854968294501305,1.0,0.0,0.16812166666666672,0.354225
129241,1241,86,19.533245339989662,1.0,0.0,0.16763433333333344,0.3537950000000001
129345,1242,104,30.601023748517036,1.0,0.0,0.1670450000000001,0.353275
129428,1243,83,40.72363796830177,1.0,0.0,0.16657466666666665,0.35285999999999995
129531,1244,103,32.93159422278404,1.0,0.0,0.1659910000000001,0.352345
129647,1245,116,-11.982300747185946,1.0,0.0,0.1653336666666667,0.351765
129743,1246,96,6.885140243917704,1.0,0.0,0.16478966666666672,0.35128499999999996
129848,1247,105,5.580396041274071,1.0,0.0,0.1641946666666667,0.35075999999999996
129954,1248,106,18.277663491666317,1.0,0.0,0.16359400000000002,0.35023000000000004
130055,1249,101,35.7475150488317,1.0,0.0,0.16302166666666673,0.34972500000000006
130168,1250,113,-9.52931958809495,1.0,0.0,0.16238133333333338,0.3491599999999999
130252,1251,84,21.036979168653488,1.0,0.0,0.16190533333333335,0.34873999999999994
130364,1252,112,-0.38505422323942184,1.0,0.0,0.16127066666666667,0.34817999999999993
130463,1253,99,15.83775345236063,1.0,0.0,0.16070966666666664,0.347685
130566,1254,103,23.330267425626516,1.0,0.0,0.1601260000000001,0.34717
130666,1255,100,15.175355695188046,1.0,0.0,0.1595593333333334,0.34667000000000003
130778,1256,112,2.713827595114708,1.0,0.0,0.15892466666666671,0.3461099999999999
130878,1257,100,14.403246246278286,1.0,0.0,0.1583580000000001,0.34561
130986,1258,108,11.869392234832048,1.0,0.0,0.15774600000000005,0.34507
131069,1259,83,19.573637455701828,1.0,0.0,0.1572756666666667,0.34465500000000004
131153,1260,84,21.486979216337204,1.0,0.0,0.15679966666666667,0.34423500000000007
131271,1261,118,5.4275171756744385,1.0,0.0,0.15613100000000002,0.343645
131371,1262,100,15.123315930366516,1.0,0.0,0.15556433333333342,0.34314500000000003
131486,1263,115,4.672483675181866,1.0,0.0,0.1549126666666667,0.34257000000000004
131593,1264,107,38.40045840665698,1.0,0.0,0.15430633333333343,0.342035
131701,1265,108,22.036937911063433,1.0,0.0,0.15369433333333338,0.341495
131810,1266,109,15.582659725099802,1.0,0.0,0.15307666666666664,0.34095
131905,1267,95,-0.4350004494190216,1.0,0.0,0.15253833333333344,0.3404750000000001
132007,1268,102,20.577182848006487,1.0,0.0,0.15196033333333336,0.3399650000000001
132103,1269,96,5.326678715646267,1.0,0.0,0.15141633333333337,0.33948500000000004
132195,1270,92,40.26663686707616,1.0,0.0,0.1508950000000001,0.339025
132307,1271,112,-7.576837012078613,1.0,0.0,0.15026033333333344,0.338465
132411,1272,104,17.161574311554432,1.0,0.0,0.1496710000000001,0.33794500000000005
132507,1273,96,23.18753218278289,1.0,0.0,0.149127,0.3374649999999999
132616,1274,109,27.890222132205963,1.0,0.0,0.14850933333333338,0.33692
132726,1275,110,8.638978596776724,1.0,0.0,0.14788600000000007,0.33637000000000006
132832,1276,106,25.609603438526392,1.0,0.0,0.14728533333333338,0.3358399999999999
132945,1277,113,17.7904493175447,1.0,0.0,0.14664500000000003,0.335275
133028,1278,83,47.923637211322784,1.0,0.0,0.14617466666666667,0.33485999999999994
133130,1279,102,8.065487533807755,1.0,0.0,0.1455966666666667,0.33435000000000004
133235,1280,105,29.592885322868824,1.0,0.0,0.1450016666666667,0.33382500000000004
133336,1281,101,33.14568357914686,1.0,0.0,0.1444293333333334,0.33332000000000006
133443,1282,107,15.949203796684742,1.0,0.0,0.14382300000000003,0.332785
133548,1283,105,28.661464907228947,1.0,0.0,0.14322800000000002,0.33226
133661,1284,113,1.9067302383482456,1.0,0.0,0.14258766666666667,0.33169499999999996
133744,1285,83,45.7236375361681,1.0,0.0,0.14211733333333332,0.33128
133844,1286,100,26.65504502505064,1.0,0.0,0.1415506666666667,0.33077999999999996
133941,1287,97,-2.524914763867855,1.0,0.0,0.14100100000000004,0.330295
134051,1288,110,-7.844587903469801,1.0,0.0,0.14037766666666673,0.32974499999999995
134151,1289,100,16.421899415552616,1.0,0.0,0.13981100000000002,0.329245
134235,1290,84,53.08697836101055,1.0,0.0,0.139335,0.3288249999999999
134338,1291,103,32.239152982831,1.0,0.0,0.13875133333333345,0.32831
134448,1292,110,25.609108716249466,1.0,0.0,0.13812800000000003,0.32776000000000005
134549,1293,101,2.362333744764328,1.0,0.0,0.13755566666666674,0.3272550000000001
134653,1294,104,43.04330686479807,1.0,0.0,0.1369663333333334,0.326735
134753,1295,100,45.80275558680296,1.0,0.0,0.1363996666666667,0.32623500000000005
134862,1296,109,33.010751497000456,1.0,0.0,0.13578200000000007,0.32569000000000004
134966,1297,104,26.32493080943823,1.0,0.0,0.13519266666666674,0.32516999999999996
135077,1298,111,14.812979348003864,1.0,0.0,0.13456366666666664,0.324615
135188,1299,111,26.979203328490257,1.0,0.0,0.13393466666666665,0.32406
135285,1300,97,41.03273558244109,1.0,0.0,0.13338499999999998,0.32357499999999995
135404,1301,119,17.155031625181437,1.0,0.0,0.13271066666666664,0.32298000000000004
135511,1302,107,20.766093887388706,1.0,0.0,0.13210433333333338,0.322445
135618,1303,107,25.521891552954912,1.0,0.0,0.131498,0.3219099999999999
135726,1304,108,26.666792642325163,1.0,0.0,0.13088600000000006,0.32137000000000004
135835,1305,109,19.544615983963013,1.0,0.0,0.13026833333333343,0.320825
135952,1306,117,-52.72378434985876,1.0,0.0,0.12960533333333335,0.3202400000000001
136066,1307,114,27.390581734478474,1.0,0.0,0.12895933333333343,0.31967
136165,1308,99,-14.532796442508698,1.0,0.0,0.12839833333333328,0.319175
136270,1309,105,40.20929308235645,1.0,0.0,0.12780333333333338,0.31865
136378,1310,108,23.063829202204943,1.0,0.0,0.12719133333333332,0.31811
136472,1311,94,20.22039185464382,1.0,0.0,0.1266586666666667,0.3176399999999999
136567,1312,95,30.45255785435438,1.0,0.0,0.1261203333333334,0.31716500000000003
136651,1313,84,31.78698220849037,1.0,0.0,0.12564433333333336,0.31674500000000005
136748,1314,97,25.992653276771307,1.0,0.0,0.1250946666666667,0.31626
136854,1315,106,22.492781158536673,1.0,0.0,0.1244940000000001,0.31573000000000007
136960,1316,106,27.722922291606665,1.0,0.0,0.1238933333333333,0.3151999999999999
137055,1317,95,20.692368432879448,1.0,0.0,0.1233550000000001,0.31472500000000003
137158,1318,103,43.31169582903385,1.0,0.0,0.12277133333333334,0.31421
137269,1319,111,28.817466117441654,1.0,0.0,0.12214233333333335,0.313655
137374,1320,105,19.135021194815636,1.0,0.0,0.12154733333333334,0.31313
137483,1321,109,37.89509432762861,1.0,0.0,0.12092966666666671,0.312585
137585,1322,102,15.538260620087385,1.0,0.0,0.12035166666666675,0.312075
137702,1323,117,13.087225966155529,1.0,0.0,0.11968866666666667,0.31149000000000004
137802,1324,100,-8.054441906511784,1.0,0.0,0.11912199999999995,0.31099
137885,1325,83,43.82363763451576,1.0,0.0,0.11865166666666671,0.31057500000000005
137987,1326,102,22.65929076820612,1.0,0.0,0.11807366666666663,0.31006500000000004
138098,1327,111,31.59681636095047,1.0,0.0,0.11744466666666675,0.30950999999999995
138205,1328,107,34.48130718246102,1.0,0.0,0.11683833333333338,0.308975
138308,1329,103,25.444474652409554,1.0,0.0,0.11625466666666673,0.30846000000000007
138412,1330,104,29.17613596469164,1.0,0.0,0.11566533333333329,0.30794
138495,1331,83,29.723637491464615,1.0,0.0,0.11519500000000005,0.30752500000000005
138608,1332,113,14.384317658375949,1.0,0.0,0.1145546666666668,0.30696
138720,1333,112,24.006043560802937,1.0,0.0,0.11392000000000013,0.3064
138812,1334,92,41.47074854373932,1.0,0.0,0.11339866666666676,0.30594
138920,1335,108,39.188894148916006,1.0,0.0,0.1127866666666667,0.3054
139039,1336,119,39.39427823573351,1.0,0.0,0.11211233333333337,0.304805
139134,1337,95,15.979664508253336,1.0,0.0,0.11157399999999995,0.30433
139235,1338,101,41.30120154470205,1.0,0.0,0.11100166666666667,0.303825
139351,1339,116,35.59946169704199,1.0,0.0,0.11034433333333338,0.303245
139452,1340,101,22.572131969034672,1.0,0.0,0.10977200000000009,0.30274
139553,1341,101,33.827936079353094,1.0,0.0,0.1091996666666667,0.30223500000000003
139666,1342,113,26.738055296242237,1.0,0.0,0.10855933333333345,0.30167
139777,1343,111,48.53001241385937,1.0,0.0,0.10793033333333335,0.301115
139864,1344,87,35.6770034134388,1.0,0.0,0.10743733333333338,0.30068000000000006
139970,1345,106,18.97723700851202,1.0,0.0,0.10683666666666669,0.3001499999999999
140077,1346,107,25.691009160131216,1.0,0.0,0.10623033333333332,0.29961499999999996
140184,1347,107,13.938806399703026,1.0,0.0,0.10562400000000005,0.29908
140284,1348,100,44.453989282250404,1.0,0.0,0.10505733333333334,0.29858000000000007
140387,1349,103,14.883828110992908,1.0,0.0,0.10447366666666669,0.298065
140489,1350,102,23.67369442805648,1.0,0.0,0.10389566666666661,0.297555
140600,1351,111,19.042407240718603,1.0,0.0,0.10326666666666673,0.29699999999999993
140702,1352,102,24.27410439401865,1.0,0.0,0.10268866666666665,0.2964899999999999
140788,1353,86,44.76366376876831,1.0,0.0,0.10220133333333337,0.29606
140890,1354,102,35.95712008327246,1.0,0.0,0.1016233333333334,0.29555
140986,1355,96,5.362110115587711,1.0,0.0,0.10107933333333341,0.29506999999999994
141095,1356,109,38.405734065920115,1.0,0.0,0.10046166666666667,0.29452500000000004
141201,1357,106,29.986908692866564,1.0,0.0,0.09986100000000009,0.293995
141299,1358,98,34.698326136916876,1.0,0.0,0.09930566666666674,0.293505
141411,1359,112,21.755391724407673,1.0,0.0,0.09867100000000006,0.292945
141513,1360,102,32.43170814961195,1.0,0.0,0.09809299999999999,0.292435
141612,1361,99,25.1962060816586,1.0,0.0,0.09753200000000006,0.29194
141707,1362,95,54.38252095133066,1.0,0.0,0.09699366666666676,0.2914650000000001
141824,1363,117,32.64039412885904,1.0,0.0,0.09633066666666679,0.29088
141926,1364,102,38.05107503384352,1.0,0.0,0.09575266666666671,0.29037
142037,1365,111,35.366578586399555,1.0,0.0,0.09512366666666672,0.28981499999999993
142156,1366,119,24.977848559617996,1.0,0.0,0.09444933333333339,0.28922000000000003
142264,1367,108,43.46454094722867,1.0,0.0,0.09383733333333344,0.28868000000000005
142362,1368,98,49.69100737944245,1.0,0.0,0.09328199999999998,0.28818999999999995
142464,1369,102,23.419400416314602,1.0,0.0,0.09270400000000001,0.28767999999999994
142576,1370,112,-2.1629480868577957,1.0,0.0,0.09206933333333334,0.28711999999999993
142659,1371,83,50.87363758683205,1.0,0.0,0.09159899999999999,0.286705
142743,1372,84,46.03697846829891,1.0,0.0,0.09112300000000007,0.286285
142858,1373,115,30.29502120986581,1.0,0.0,0.09047133333333335,0.2857099999999999
142955,1374,97,24.735724799335003,1.0,0.0,0.08992166666666679,0.28522500000000006
143054,1375,99,38.75725555047393,1.0,0.0,0.08936066666666675,0.28473000000000004
143162,1376,108,45.45730501413345,1.0,0.0,0.0887486666666667,0.28418999999999994
143258,1377,96,37.40878849476576,1.0,0.0,0.08820466666666671,0.28371
143368,1378,110,29.34421157091856,1.0,0.0,0.0875813333333334,0.28315999999999997
143466,1379,98,27.082572612911463,1.0,0.0,0.08702600000000005,0.28267
143570,1380,104,25.85588365793228,1.0,0.0,0.08643666666666672,0.28215
143672,1381,102,46.28186880797148,1.0,0.0,0.08585866666666675,0.28164
143755,1382,83,55.57363760471344,1.0,0.0,0.0853883333333334,0.28122499999999995
143855,1383,100,30.95827029645443,1.0,0.0,0.0848216666666668,0.280725
143946,1384,91,18.693291872739792,1.0,0.0,0.08430599999999999,0.28027
144043,1385,97,42.72615201771259,1.0,0.0,0.08375633333333343,0.27978500000000006
144153,1386,110,30.326413676142693,1.0,0.0,0.08313300000000001,0.279235
144252,1387,99,41.55683307722211,1.0,0.0,0.08257200000000009,0.27874
144348,1388,96,34.99431748688221,1.0,0.0,0.0820280000000001,0.27826000000000006
144462,1389,114,33.05485136806965,1.0,0.0,0.08138199999999995,0.27769
144545,1390,83,53.22363752126694,1.0,0.0,0.08091166666666672,0.27727499999999994
144659,1391,114,23.855042159557343,1.0,0.0,0.08026566666666668,0.276705
144761,1392,102,26.93014768511057,1.0,0.0,0.07968766666666671,0.27619499999999997
144859,1393,98,46.24996507540345,1.0,0.0,0.07913233333333336,0.2757050000000001
144969,1394,110,25.600944001227617,1.0,0.0,0.07850900000000005,0.27515500000000004
145082,1395,113,56.22985342890024,1.0,0.0,0.0778686666666667,0.27459
145174,1396,92,59.019497245550156,1.0,0.0,0.07734733333333343,0.27413
145286,1397,112,47.92935120686889,1.0,0.0,0.07671266666666676,0.2735700000000001
145393,1398,107,34.71353746205568,1.0,0.0,0.07610633333333339,0.273035
145490,1399,97,45.25882561132312,1.0,0.0,0.07555666666666672,0.27255000000000007
145592,1400,102,8.269417613744736,1.0,0.0,0.07497866666666675,0.27204000000000006
145693,1401,101,25.97349874675274,1.0,0.0,0.07440633333333335,0.2715350000000001
145786,1402,93,33.92790777981281,1.0,0.0,0.0738793333333333,0.2710699999999999
145898,1403,112,59.0604934617877,1.0,0.0,0.07324466666666662,0.27051000000000003
145981,1404,83,39.123637706041336,1.0,0.0,0.07277433333333339,0.270095
146080,1405,99,53.89725682511926,1.0,0.0,0.07221333333333335,0.26960000000000006
146187,1406,107,45.75156180560589,1.0,0.0,0.07160700000000009,0.269065
146286,1407,99,40.73729246109724,1.0,0.0,0.07104600000000005,0.26857
146394,1408,108,55.23032023757696,1.0,0.0,0.070434,0.26803
146498,1409,104,48.66557789221406,1.0,0.0,0.06984466666666667,0.2675099999999999
146597,1410,99,47.774871312081814,1.0,0.0,0.06928366666666663,0.267015
146697,1411,100,42.97094225138426,1.0,0.0,0.06871700000000003,0.26651500000000006
146793,1412,96,46.074117965996265,1.0,0.0,0.06817300000000004,0.266035
146888,1413,95,49.7540445253253,1.0,0.0,0.06763466666666673,0.26556
146972,1414,84,48.986978366971016,1.0,0.0,0.0671586666666667,0.26514000000000004
147077,1415,105,45.51965479552746,1.0,0.0,0.06656366666666669,0.26461500000000004
147183,1416,106,44.787625931203365,1.0,0.0,0.0659630000000001,0.264085
147267,1417,84,55.43698062002659,1.0,0.0,0.06548700000000007,0.26366500000000004
147350,1418,83,43.97363770753145,1.0,0.0,0.06501666666666672,0.26325
147457,1419,107,34.78461445122957,1.0,0.0,0.06441033333333346,0.26271500000000003
147541,1420,84,60.586982041597366,1.0,0.0,0.06393433333333343,0.26229500000000006
147624,1421,83,60.27363756299019,1.0,0.0,0.06346399999999996,0.26188
147723,1422,99,53.29074604809284,1.0,0.0,0.06290300000000004,0.261385
147832,1423,109,47.355236031115055,1.0,0.0,0.062285333333333415,0.26083999999999996
147928,1424,96,36.98908157646656,1.0,0.0,0.061741333333333426,0.26036000000000004
148038,1425,110,45.37343107908964,1.0,0.0,0.061118000000000006,0.25981
148132,1426,94,54.831288613379,1.0,0.0,0.06058533333333338,0.25934
148241,1427,109,48.57164598070085,1.0,0.0,0.05996766666666675,0.258795
148339,1428,98,54.169249538332224,1.0,0.0,0.0594123333333334,0.258305
148442,1429,103,42.849217504262924,1.0,0.0,0.05882866666666675,0.25778999999999996
148539,1430,97,52.182462338358164,1.0,0.0,0.05827899999999997,0.257305
148622,1431,83,50.42363779246807,1.0,0.0,0.05780866666666673,0.25689000000000006
148725,1432,103,30.506728623062372,1.0,0.0,0.05722499999999997,0.256375
148820,1433,95,26.509330599583336,1.0,0.0,0.056686666666666774,0.2559
148917,1434,97,49.61379311233759,1.0,0.0,0.05613699999999999,0.25541499999999995
149019,1435,102,37.573690351098776,1.0,0.0,0.055559000000000025,0.25490499999999994
149121,1436,102,41.75676593184471,1.0,0.0,0.05498100000000006,0.2543949999999999
149232,1437,111,50.581788435578346,1.0,0.0,0.05435200000000007,0.25384000000000007
149332,1438,100,58.75242402777076,1.0,0.0,0.05378533333333335,0.25334
149415,1439,83,64.97363758087158,1.0,0.0,0.053315,0.25292500000000007
149512,1440,97,47.54673320800066,1.0,0.0,0.05276533333333333,0.25244
149608,1441,96,38.15977934375405,1.0,0.0,0.05222133333333334,0.25195999999999996
149693,1442,85,46.950323060154915,1.0,0.0,0.05173966666666674,0.25153499999999995
149804,1443,111,56.24415536224842,1.0,0.0,0.05111066666666675,0.25098
149914,1444,110,51.20043146237731,1.0,0.0,0.05048733333333333,0.25042999999999993
150013,1445,99,58.08029019087553,1.0,0.0,0.050000000000000044,0.25
150113,1446,100,50.55824311450124,1.0,0.0,0.050000000000000044,0.25
150212,1447,99,52.522433787584305,1.0,0.0,0.050000000000000044,0.25
150329,1448,117,33.81914476305246,1.0,0.0,0.050000000000000044,0.25
150442,1449,113,51.78048464283347,1.0,0.0,0.050000000000000044,0.25
150554,1450,112,56.079155653715134,1.0,0.0,0.050000000000000044,0.25
150650,1451,96,45.19138103350997,1.0,0.0,0.050000000000000044,0.25
150750,1452,100,36.15900345891714,1.0,0.0,0.050000000000000044,0.25
150843,1453,93,50.72195717692375,1.0,0.0,0.050000000000000044,0.25
150945,1454,102,50.07664209557697,1.0,0.0,0.050000000000000044,0.25
151041,1455,96,55.44766613095999,1.0,0.0,0.050000000000000044,0.25
151149,1456,108,49.719146970659494,1.0,0.0,0.050000000000000044,0.25
151258,1457,109,41.54492216557264,1.0,0.0,0.050000000000000044,0.25
151342,1458,84,58.236982107162476,1.0,0.0,0.050000000000000044,0.25
151453,1459,111,40.25327430665493,1.0,0.0,0.050000000000000044,0.25
151556,1460,103,41.287064909935,1.0,0.0,0.050000000000000044,0.25
151669,1461,113,27.60078153014183,1.0,0.0,0.050000000000000044,0.25
151770,1462,101,52.28171006962657,1.0,0.0,0.050000000000000044,0.25
151869,1463,99,42.365306574851274,1.0,0.0,0.050000000000000044,0.25
151980,1464,111,29.63763616979122,1.0,0.0,0.050000000000000044,0.25
152090,1465,110,27.801948830485344,1.0,0.0,0.050000000000000044,0.25
152185,1466,95,45.61748783290386,1.0,0.0,0.050000000000000044,0.25
152287,1467,102,32.08477405458689,1.0,0.0,0.050000000000000044,0.25
152393,1468,106,35.40580812469125,1.0,0.0,0.050000000000000044,0.25
152499,1469,106,11.051337972283363,1.0,0.0,0.050000000000000044,0.25
152600,1470,101,38.90041858702898,1.0,0.0,0.050000000000000044,0.25
152694,1471,94,58.309887036681175,1.0,0.0,0.050000000000000044,0.25
152792,1472,98,56.423030249774456,1.0,0.0,0.050000000000000044,0.25
152898,1473,106,47.64200658351183,1.0,0.0,0.050000000000000044,0.25
153010,1474,112,62.10251607745886,1.0,0.0,0.050000000000000044,0.25
153093,1475,83,57.92363756895065,1.0,0.0,0.050000000000000044,0.25
153204,1476,111,52.706692688167095,1.0,0.0,0.050000000000000044,0.25
153303,1477,99,52.26226497069001,1.0,0.0,0.050000000000000044,0.25
153409,1478,106,57.293233089149,1.0,0.0,0.050000000000000044,0.25
153515,1479,106,42.95148616284132,1.0,0.0,0.050000000000000044,0.25
153618,1480,103,51.374839905649424,1.0,0.0,0.050000000000000044,0.25
153715,1481,97,48.597285993397236,1.0,0.0,0.050000000000000044,0.25
153798,1482,83,62.62363761663437,1.0,0.0,0.050000000000000044,0.25
153897,1483,99,36.97231414169073,1.0,0.0,0.050000000000000044,0.25
153982,1484,85,51.50032293796539,1.0,0.0,0.050000000000000044,0.25
154080,1485,98,47.96924962848425,1.0,0.0,0.050000000000000044,0.25
154192,1486,112,43.71267779171467,1.0,0.0,0.050000000000000044,0.25
154288,1487,96,55.57042288035154,1.0,0.0,0.050000000000000044,0.25
154391,1488,103,27.49092262238264,1.0,0.0,0.050000000000000044,0.25
154500,1489,109,58.268416706472635,1.0,0.0,0.050000000000000044,0.25
154583,1490,83,62.623637557029724,1.0,0.0,0.050000000000000044,0.25
154688,1491,105,54.21727419272065,1.0,0.0,0.050000000000000044,0.25
154784,1492,96,51.74646160379052,1.0,0.0,0.050000000000000044,0.25
154892,1493,108,55.76713168993592,1.0,0.0,0.050000000000000044,0.25
155001,1494,109,57.759708512574434,1.0,0.0,0.050000000000000044,0.25
155105,1495,104,58.843253299593925,1.0,0.0,0.050000000000000044,0.25
155214,1496,109,33.52483516931534,1.0,0.0,0.050000000000000044,0.25
155311,1497,97,45.04032871872187,1.0,0.0,0.050000000000000044,0.25
155420,1498,109,40.24492586031556,1.0,0.0,0.050000000000000044,0.25
155521,1499,101,59.99300465360284,1.0,0.0,0.050000000000000044,0.25
155630,1500,109,61.636268977075815,1.0,0.0,0.050000000000000044,0.25
155729,1501,99,37.01419997960329,1.0,0.0,0.050000000000000044,0.25
155831,1502,102,40.67878276389092,1.0,0.0,0.050000000000000044,0.25
155914,1503,83,62.62363761663437,1.0,0.0,0.050000000000000044,0.25
156019,1504,105,53.97200317680836,1.0,0.0,0.050000000000000044,0.25
156128,1505,109,65.38485559076071,1.0,0.0,0.050000000000000044,0.25
156240,1506,112,37.55584639310837,1.0,0.0,0.050000000000000044,0.25
156339,1507,99,45.27165576070547,1.0,0.0,0.050000000000000044,0.25
156442,1508,103,50.54862356930971,1.0,0.0,0.050000000000000044,0.25
156556,1509,114,33.85206415876746,1.0,0.0,0.050000000000000044,0.25
156640,1510,84,53.5369787812233,1.0,0.0,0.050000000000000044,0.25
156725,1511,85,63.25032299757004,1.0,0.0,0.050000000000000044,0.25
156830,1512,105,53.825216330587864,1.0,0.0,0.050000000000000044,0.25
156932,1513,102,46.03599386662245,1.0,0.0,0.050000000000000044,0.25
157032,1514,100,50.36046978086233,1.0,0.0,0.050000000000000044,0.25
157144,1515,112,47.01067642122507,1.0,0.0,0.050000000000000044,0.25
157258,1516,114,47.32041008025408,1.0,0.0,0.050000000000000044,0.25
157341,1517,83,64.97363767027855,1.0,0.0,0.050000000000000044,0.25
157437,1518,96,43.43308520689607,1.0,0.0,0.050000000000000044,0.25
157541,1519,104,52.349875032901764,1.0,0.0,0.050000000000000044,0.25
157638,1520,97,46.55004846630618,1.0,0.0,0.050000000000000044,0.25
157721,1521,83,51.42363767325878,1.0,0.0,0.050000000000000044,0.25
157804,1522,83,57.92363768815994,1.0,0.0,0.050000000000000044,0.25
157902,1523,98,61.131994158029556,1.0,0.0,0.050000000000000044,0.25
157999,1524,97,36.55034928023815,1.0,0.0,0.050000000000000044,0.25
158104,1525,105,43.35227581113577,1.0,0.0,0.050000000000000044,0.25
158205,1526,101,47.47211083397269,1.0,0.0,0.050000000000000044,0.25
158312,1527,107,44.377809658646584,1.0,0.0,0.050000000000000044,0.25
158414,1528,102,51.2522167339921,1.0,0.0,0.050000000000000044,0.25
158526,1529,112,51.632034689188,1.0,0.0,0.050000000000000044,0.25
158623,1530,97,48.597593046724796,1.0,0.0,0.050000000000000044,0.25
158706,1531,83,67.32363760471344,1.0,0.0,0.050000000000000044,0.25
158812,1532,106,35.43356425315142,1.0,0.0,0.050000000000000044,0.25
158923,1533,111,37.195007130503654,1.0,0.0,0.050000000000000044,0.25
159022,1534,99,58.661650247871876,1.0,0.0,0.050000000000000044,0.25
159118,1535,96,50.07641565799713,1.0,0.0,0.050000000000000044,0.25
159211,1536,93,35.37158626317978,1.0,0.0,0.050000000000000044,0.25
159315,1537,104,52.04405855387449,1.0,0.0,0.050000000000000044,0.25
159412,1538,97,47.66722873598337,1.0,0.0,0.050000000000000044,0.25
159508,1539,96,45.98869825154543,1.0,0.0,0.050000000000000044,0.25
159603,1540,95,51.72161490097642,1.0,0.0,0.050000000000000044,0.25
159713,1541,110,54.39120936393738,1.0,0.0,0.050000000000000044,0.25
159826,1542,113,58.415324095636606,1.0,0.0,0.050000000000000044,0.25
159921,1543,95,52.2439324259758,1.0,0.0,0.050000000000000044,0.25
