global_step,episode,length,reward,success,collision,epsilon,temperature
69,1,69,-413.382724404335,0.0,1.0,0.19980450000000002,0.9991375
125,2,56,-330.5113206207752,0.0,1.0,0.19964583333333336,0.9984375
255,3,130,-276.1859241724014,0.0,0.0,0.19927750000000002,0.9968125
327,4,72,-435.437919318676,0.0,1.0,0.19907350000000001,0.9959125
396,5,69,-412.4240121692419,0.0,1.0,0.198878,0.99505
461,6,65,-408.42280954122543,0.0,1.0,0.19869383333333335,0.9942375
529,7,68,-386.57531067728996,0.0,1.0,0.19850116666666667,0.9933875
659,8,130,-336.5832843706012,0.0,0.0,0.19813283333333334,0.9917625
718,9,59,-326.6419654004276,0.0,1.0,0.19796566666666668,0.991025
792,10,74,-377.7378958761692,0.0,1.0,0.19775600000000002,0.9901
847,11,55,-352.94422125816345,0.0,1.0,0.1976001666666667,0.9894125
918,12,71,-426.5606657266617,0.0,1.0,0.19739900000000002,0.988525
978,13,60,-342.26604637503624,0.0,1.0,0.19722900000000002,0.987775
1055,14,77,-390.5460054576397,0.0,1.0,0.19701083333333336,0.9868125
1122,15,67,-415.6233386993408,0.0,1.0,0.19682100000000002,0.985975
1213,16,91,-429.8470406662673,0.0,1.0,0.19656316666666668,0.9848375
1271,17,58,-342.17292134463787,0.0,1.0,0.19639883333333336,0.9841125
1329,18,58,-354.6048015654087,0.0,1.0,0.1962345,0.9833875
1401,19,72,-342.5798900872469,0.0,1.0,0.19603050000000002,0.9824875
1466,20,65,-370.2451633103192,0.0,1.0,0.19584633333333334,0.981675
1533,21,67,-355.67380852997303,0.0,1.0,0.1956565,0.9808375
1599,22,66,-434.03746378421783,0.0,1.0,0.19546950000000002,0.9800125
1665,23,66,-415.05610275268555,0.0,1.0,0.1952825,0.9791875
1728,24,63,-386.6400879547,0.0,1.0,0.195104,0.9784
1789,25,61,-388.2017946243286,0.0,1.0,0.19493116666666668,0.9776375
1857,26,68,-423.54442593455315,0.0,1.0,0.1947385,0.9767875
1987,27,130,-305.9572918266058,0.0,0.0,0.19437016666666668,0.9751625
2048,28,61,-283.317100033164,0.0,1.0,0.19419733333333333,0.9744
2153,29,105,-142.58484992012382,1.0,0.0,0.19389983333333335,0.9730875
2265,30,112,-120.84296023845673,1.0,0.0,0.19358250000000002,0.9716875
2324,31,59,-275.5919012129307,0.0,1.0,0.19341533333333336,0.97095
2392,32,68,-286.2807277292013,0.0,1.0,0.19322266666666668,0.9701
2448,33,56,-215.76026714220643,0.0,1.0,0.193064,0.9694
2505,34,57,-157.21871535107493,0.0,1.0,0.1929025,0.9686875
2610,35,105,-14.258035816252232,1.0,0.0,0.192605,0.967375
2721,36,111,-67.94003522023559,1.0,0.0,0.1922905,0.9659875
2777,37,56,-223.642226010561,0.0,1.0,0.19213183333333334,0.9652875
2822,38,45,-195.841182641685,0.0,1.0,0.19200433333333333,0.964725
2908,39,86,20.65096904337406,1.0,0.0,0.1917606666666667,0.96365
3016,40,108,-26.007213540375233,1.0,0.0,0.1914546666666667,0.9623
3086,41,70,-297.8070429414511,0.0,1.0,0.19125633333333333,0.961425
3216,42,130,-83.00790196657181,0.0,0.0,0.190888,0.9598
3325,43,109,-22.346261702477932,1.0,0.0,0.1905791666666667,0.9584375
3433,44,108,-80.9446777580306,1.0,0.0,0.1902731666666667,0.9570875
3491,45,58,-219.23167446255684,0.0,1.0,0.19010883333333334,0.9563625
3548,46,57,-268.6769676618278,0.0,1.0,0.18994733333333336,0.95565
3649,47,101,-90.30473723635077,1.0,0.0,0.1896611666666667,0.9543874999999999
3755,48,106,-55.74013591185212,1.0,0.0,0.18936083333333334,0.9530625
3867,49,112,13.68425652384758,1.0,0.0,0.1890435,0.9516625
3982,50,115,-97.96179016306996,1.0,0.0,0.18871766666666667,0.950225
4047,51,65,-333.8680840805173,0.0,1.0,0.18853350000000002,0.9494125
4157,52,110,-45.57909521133115,1.0,0.0,0.18822183333333334,0.9480375
4226,53,69,-293.42350552231073,0.0,1.0,0.18802633333333335,0.947175
4337,54,111,-86.84623589366674,1.0,0.0,0.18771183333333336,0.9457875
4452,55,115,-31.096545718610287,1.0,0.0,0.187386,0.94435
4554,56,102,-31.79061461240053,1.0,0.0,0.187097,0.943075
4626,57,72,-334.29990826547146,0.0,1.0,0.186893,0.942175
4732,58,106,-8.865641206502914,1.0,0.0,0.18659266666666668,0.94085
4819,59,87,10.738351162523031,1.0,0.0,0.18634616666666667,0.9397625000000001
4922,60,103,-52.69409926608205,1.0,0.0,0.18605433333333335,0.938475
4990,61,68,-259.595989767462,0.0,1.0,0.18586166666666668,0.937625
5100,62,110,-141.0210660547018,1.0,0.0,0.18555000000000002,0.93625
5209,63,109,-121.98186933714896,1.0,0.0,0.18524116666666668,0.9348875
5294,64,85,-330.7083745896816,0.0,1.0,0.18500033333333335,0.933825
5407,65,113,-112.25781692564487,1.0,0.0,0.18468016666666667,0.9324125
5509,66,102,-73.33200547844172,1.0,0.0,0.18439116666666666,0.9311375
5587,67,78,-276.8410781850107,0.0,1.0,0.1841701666666667,0.9301625
5650,68,63,-329.16004914045334,0.0,1.0,0.18399166666666666,0.9293750000000001
5715,69,65,-179.4987239651382,0.0,1.0,0.1838075,0.9285625
5821,70,106,-4.582228280603886,1.0,0.0,0.18350716666666667,0.9272374999999999
5924,71,103,-51.56395134329796,1.0,0.0,0.18321533333333334,0.92595
5978,72,54,-276.95882423222065,0.0,1.0,0.18306233333333333,0.925275
6084,73,106,-35.811156287789345,1.0,0.0,0.182762,0.92395
6214,74,130,-216.40373949706554,0.0,0.0,0.18239366666666668,0.9223250000000001
6321,75,107,-4.280528500676155,1.0,0.0,0.18209050000000002,0.9209875
6439,76,118,-243.01086435094476,1.0,0.0,0.18175616666666666,0.9195125
6556,77,117,-107.68542723357677,1.0,0.0,0.18142466666666668,0.91805
6658,78,102,-125.46928878501058,1.0,0.0,0.18113566666666667,0.916775
6765,79,107,-125.9657435407862,1.0,0.0,0.1808325,0.9154375
6889,80,124,-153.04215763881803,1.0,0.0,0.18048116666666666,0.9138875
6995,81,106,-112.02984940074384,1.0,0.0,0.18018083333333335,0.9125624999999999
7056,82,61,-320.6549524664879,0.0,1.0,0.180008,0.9117999999999999
7131,83,75,-344.5058007463813,0.0,1.0,0.1797955,0.9108625
7239,84,108,-23.670610703527927,1.0,0.0,0.17948950000000002,0.9095125
7350,85,111,-148.6412469688803,1.0,0.0,0.179175,0.908125
7461,86,111,-191.7743469439447,1.0,0.0,0.1788605,0.9067375
7544,87,83,12.973637722432613,1.0,0.0,0.17862533333333333,0.9057
7657,88,113,2.1577626317739487,1.0,0.0,0.17830516666666668,0.9042875
7763,89,106,-110.11769852787256,1.0,0.0,0.17800483333333333,0.9029625
7874,90,111,-30.77566773444414,1.0,0.0,0.17769033333333334,0.901575
7981,91,107,-213.19109711796045,1.0,0.0,0.17738716666666668,0.9002375
8040,92,59,-296.1916829869151,0.0,1.0,0.17722000000000002,0.8995
8111,93,71,-366.58401453495026,0.0,1.0,0.17701883333333335,0.8986125
8217,94,106,-19.128349646925926,1.0,0.0,0.1767185,0.8972875
8332,95,115,-39.679604794830084,1.0,0.0,0.17639266666666667,0.89585
8442,96,110,-128.12776966392994,1.0,0.0,0.17608100000000002,0.894475
8540,97,98,-98.05636473372579,1.0,0.0,0.17580333333333334,0.89325
8652,98,112,-11.080238826572895,1.0,0.0,0.175486,0.89185
8754,99,102,-112.14991996064782,1.0,0.0,0.17519700000000002,0.890575
8840,100,86,8.413664482533932,1.0,0.0,0.17495333333333335,0.8895
8938,101,98,29.711060404777527,1.0,0.0,0.17467566666666667,0.888275
9005,102,67,-189.37227356433868,0.0,1.0,0.17448583333333334,0.8874375
9119,103,114,-20.52019391581416,1.0,0.0,0.17416283333333335,0.8860125
9228,104,109,-108.0790666602552,1.0,0.0,0.173854,0.88465
9331,105,103,-111.21992756426334,1.0,0.0,0.17356216666666668,0.8833625
9444,106,113,12.720495484769344,1.0,0.0,0.173242,0.88195
9553,107,109,-112.26766365393996,1.0,0.0,0.17293316666666667,0.8805875
9656,108,103,-21.409916140139103,1.0,0.0,0.17264133333333334,0.8793
9766,109,110,-106.79275544732809,1.0,0.0,0.1723296666666667,0.877925
9879,110,113,-77.52186772227287,1.0,0.0,0.1720095,0.8765125
9998,111,119,-114.42222140496597,1.0,0.0,0.17167233333333334,0.8750249999999999
10109,112,111,-17.519546702504158,1.0,0.0,0.17135783333333335,0.8736375
10174,113,65,-298.79954639077187,0.0,1.0,0.17117366666666667,0.872825
10282,114,108,-106.69312887685373,1.0,0.0,0.17086766666666667,0.871475
10386,115,104,-110.08439306542277,1.0,0.0,0.170573,0.870175
10470,116,84,26.93697887659073,1.0,0.0,0.17033500000000001,0.869125
10586,117,116,-20.12848435342312,1.0,0.0,0.17000633333333334,0.867675
10644,118,58,-352.28625466348603,0.0,1.0,0.169842,0.86695
10766,119,122,-108.06911108270288,1.0,0.0,0.16949633333333333,0.865425
10842,120,76,-338.62857404351234,0.0,1.0,0.16928100000000001,0.864475
10959,121,117,-104.65726611018181,1.0,0.0,0.1689495,0.8630125
11066,122,107,-45.52904473245144,1.0,0.0,0.16864633333333334,0.861675
11150,123,84,29.136978641152382,1.0,0.0,0.16840833333333335,0.860625
11233,124,83,39.1236377954483,1.0,0.0,0.16817316666666668,0.8595875
11340,125,107,-70.70482316613197,1.0,0.0,0.16787000000000002,0.85825
11449,126,109,-26.79181958734989,1.0,0.0,0.16756116666666668,0.8568875
11550,127,101,-7.2695324048399925,1.0,0.0,0.167275,0.855625
11617,128,67,-332.5350241288543,0.0,1.0,0.16708516666666667,0.8547875
11717,129,100,17.38588611036539,1.0,0.0,0.16680183333333334,0.8535375000000001
11775,130,58,-232.22179816663265,0.0,1.0,0.1666375,0.8528125
11877,131,102,-84.03515425696969,1.0,0.0,0.1663485,0.8515375000000001
11988,132,111,-41.90098290145397,1.0,0.0,0.16603400000000001,0.85015
12064,133,76,-181.96079884748906,0.0,1.0,0.16581866666666667,0.8492
12173,134,109,-121.72187251970172,1.0,0.0,0.16550983333333336,0.8478375
12240,135,67,-236.71145904110745,0.0,1.0,0.16532000000000002,0.847
12327,136,87,24.102243691682816,1.0,0.0,0.1650735,0.8459125000000001
12431,137,104,-19.897231236100197,1.0,0.0,0.16477883333333335,0.8446125
12516,138,85,23.19222842901945,1.0,0.0,0.16453800000000002,0.84355
12590,139,74,-239.93273834884167,0.0,1.0,0.16432833333333335,0.842625
12705,140,115,-89.3210426568985,1.0,0.0,0.1640025,0.8411875
12779,141,74,-295.9785525202751,0.0,1.0,0.16379283333333333,0.8402625
12891,142,112,-116.60334774106741,1.0,0.0,0.1634755,0.8388625
12950,143,59,-206.19406424462795,0.0,1.0,0.16330833333333333,0.838125
13064,144,114,-19.73782142996788,1.0,0.0,0.16298533333333334,0.8367
13175,145,111,-119.42884086072445,1.0,0.0,0.16267083333333335,0.8353125
13286,146,111,-226.40049112215638,1.0,0.0,0.16235633333333332,0.833925
13374,147,88,20.35700161755085,1.0,0.0,0.162107,0.832825
13484,148,110,-58.47477935627103,1.0,0.0,0.16179533333333335,0.83145
13590,149,106,-110.09930625976995,1.0,0.0,0.161495,0.830125
13703,150,113,-92.09291611611843,1.0,0.0,0.16117483333333335,0.8287125
13815,151,112,-109.26880292594433,1.0,0.0,0.16085750000000001,0.8273125
13915,152,100,-8.194701619911939,1.0,0.0,0.16057416666666668,0.8260625
13989,153,74,-270.77501924708486,0.0,1.0,0.16036450000000002,0.8251375
14092,154,103,-134.74116403236985,1.0,0.0,0.16007266666666667,0.82385
14172,155,80,-175.62984357774258,0.0,1.0,0.15984600000000002,0.82285
14242,156,70,-298.18468115478754,0.0,1.0,0.1596476666666667,0.821975
14315,157,73,-213.84154898673296,0.0,1.0,0.15944083333333334,0.8210625
14401,158,86,10.013663969933987,1.0,0.0,0.15919716666666667,0.8199875
14477,159,76,-308.9669728279114,0.0,1.0,0.15898183333333335,0.8190375
14586,160,109,-42.78712911903858,1.0,0.0,0.158673,0.8176749999999999
14699,161,113,-129.07872792193666,1.0,0.0,0.15835283333333333,0.8162625
14783,162,84,23.53697893023491,1.0,0.0,0.15811483333333334,0.8152125
14843,163,60,-207.30998862162232,0.0,1.0,0.15794483333333334,0.8144625
14954,164,111,-6.292661666870117,1.0,0.0,0.15763033333333334,0.813075
15060,165,106,-44.634152941871434,1.0,0.0,0.15733,0.81175
15175,166,115,-51.42283154744655,1.0,0.0,0.15700416666666667,0.8103125
15286,167,111,-93.1544791799679,1.0,0.0,0.15668966666666667,0.808925
15389,168,103,-9.873796053230762,1.0,0.0,0.15639783333333335,0.8076375
15475,169,86,33.1636638045311,1.0,0.0,0.15615416666666668,0.8065625
15538,170,63,-226.96924836933613,0.0,1.0,0.15597566666666668,0.805775
15655,171,117,-17.647257424890995,1.0,0.0,0.15564416666666667,0.8043125
15768,172,113,-14.0645210146904,1.0,0.0,0.15532400000000002,0.8029
15877,173,109,-102.51245905086398,1.0,0.0,0.15501516666666668,0.8015375
15982,174,105,-112.21311926096678,1.0,0.0,0.15471766666666667,0.800225
16093,175,111,-24.912392020691186,1.0,0.0,0.15440316666666667,0.7988375
16201,176,108,-100.68091081082821,1.0,0.0,0.15409716666666667,0.7974875
16314,177,113,-84.31356555595994,1.0,0.0,0.153777,0.7960750000000001
16368,178,54,-283.57131727039814,0.0,1.0,0.153624,0.7954
16430,179,62,-280.48055505752563,0.0,1.0,0.15344833333333335,0.794625
16548,180,118,-121.37038710154593,1.0,0.0,0.153114,0.79315
16627,181,79,-208.96653911471367,0.0,1.0,0.15289016666666666,0.7921625
16740,182,113,-8.267722175456583,1.0,0.0,0.15257,0.79075
16819,183,79,-240.93236892670393,0.0,1.0,0.15234616666666667,0.7897625
16918,184,99,-18.338138438761234,1.0,0.0,0.15206566666666668,0.788525
17018,185,100,18.47593741863966,1.0,0.0,0.15178233333333335,0.787275
17125,186,107,-85.28537862375379,1.0,0.0,0.15147916666666666,0.7859375
17187,187,62,-155.64576407196,0.0,1.0,0.1513035,0.7851625
17271,188,84,46.18697842955589,1.0,0.0,0.15106550000000002,0.7841125
17383,189,112,-120.25665498897433,1.0,0.0,0.15074816666666668,0.7827124999999999
17495,190,112,-4.4772092662751675,1.0,0.0,0.15043083333333335,0.7813125
17604,191,109,-26.11761511489749,1.0,0.0,0.150122,0.77995
17711,192,107,-99.35519592091441,1.0,0.0,0.14981883333333335,0.7786124999999999
17819,193,108,-21.40212155878544,1.0,0.0,0.14951283333333334,0.7772625
17933,194,114,9.701146710664034,1.0,0.0,0.14918983333333335,0.7758375
18042,195,109,-16.94093082845211,1.0,0.0,0.148881,0.774475
18124,196,82,-236.30017322301865,0.0,1.0,0.14864866666666668,0.77345
18236,197,112,-83.04499696195126,1.0,0.0,0.14833133333333334,0.77205
18349,198,113,-46.42695242911577,1.0,0.0,0.14801116666666667,0.7706375
18460,199,111,-94.64859264343977,1.0,0.0,0.14769666666666667,0.76925
18572,200,112,-108.63606821745634,1.0,0.0,0.14737933333333333,0.76785
18685,201,113,-112.73423961177468,1.0,0.0,0.14705916666666669,0.7664375
18800,202,115,-37.5705967429094,1.0,0.0,0.14673333333333333,0.765
18874,203,74,-218.75563891232014,0.0,1.0,0.14652366666666666,0.7640750000000001
18960,204,86,24.613663658499718,1.0,0.0,0.14628000000000002,0.763
19069,205,109,-111.28237479925156,1.0,0.0,0.14597116666666668,0.7616375
19175,206,106,-104.85851250169799,1.0,0.0,0.14567083333333333,0.7603125
19259,207,84,4.686982303857803,1.0,0.0,0.14543283333333334,0.7592625
19366,208,107,-129.83525090664625,1.0,0.0,0.14512966666666668,0.757925
19427,209,61,-300.2544752806425,0.0,1.0,0.14495683333333334,0.7571625
19538,210,111,-1.0296028489246964,1.0,0.0,0.14464233333333334,0.755775
19613,211,75,-206.83130852133036,0.0,1.0,0.14442983333333334,0.7548375
19724,212,111,-4.06058169901371,1.0,0.0,0.14411533333333335,0.75345
19807,213,83,48.52363806962967,1.0,0.0,0.14388016666666667,0.7524124999999999
19915,214,108,-9.819183294195682,1.0,0.0,0.14357416666666667,0.7510625
20022,215,107,-48.7258735448122,1.0,0.0,0.143271,0.749725
20105,216,83,46.323637560009956,1.0,0.0,0.14303583333333333,0.7486875
20215,217,110,-61.469623597338796,1.0,0.0,0.14272416666666668,0.7473125
20299,218,84,31.936981812119484,1.0,0.0,0.1424861666666667,0.7462625
20404,219,105,-76.19774428892924,1.0,0.0,0.14218866666666669,0.74495
20521,220,117,-105.15210657799616,1.0,0.0,0.14185716666666667,0.7434875
20626,221,105,-98.26792406849563,1.0,0.0,0.14155966666666667,0.742175
20740,222,114,-39.30912358686328,1.0,0.0,0.14123666666666668,0.74075
20855,223,115,-78.02699240669608,1.0,0.0,0.14091083333333335,0.7393125
20951,224,96,-98.11233374476433,1.0,0.0,0.14063883333333332,0.7381125
21035,225,84,-321.9736582413316,0.0,1.0,0.14040083333333334,0.7370625
21146,226,111,-20.834576550871134,1.0,0.0,0.14008633333333334,0.7356750000000001
21241,227,95,6.8454630225896835,1.0,0.0,0.1398171666666667,0.7344875
21357,228,116,-76.88524663448334,1.0,0.0,0.13948850000000002,0.7330375
21468,229,111,-17.180449075996876,1.0,0.0,0.13917400000000002,0.73165
21583,230,115,-52.36799347959459,1.0,0.0,0.13884816666666666,0.7302124999999999
21704,231,121,-109.10367422550917,1.0,0.0,0.13850533333333334,0.7287
21814,232,110,-48.892392821609974,1.0,0.0,0.13819366666666666,0.727325
21927,233,113,-12.595469310879707,1.0,0.0,0.1378735,0.7259125
22036,234,109,-23.239235538523644,1.0,0.0,0.13756466666666667,0.72455
22148,235,112,-17.70483597368002,1.0,0.0,0.13724733333333333,0.72315
22269,236,121,-9.334513004869223,1.0,0.0,0.1369045,0.7216375
22374,237,105,-76.09511543437839,1.0,0.0,0.136607,0.720325
22482,238,108,-34.060732420533895,1.0,0.0,0.136301,0.718975
22594,239,112,-91.63313066214323,1.0,0.0,0.13598366666666667,0.7175750000000001
22708,240,114,-82.14762143976986,1.0,0.0,0.13566066666666665,0.7161500000000001
22819,241,111,-73.68819177895784,1.0,0.0,0.13534616666666666,0.7147625
22933,242,114,18.255617827177048,1.0,0.0,0.1350231666666667,0.7133375
23031,243,98,-1.120705597102642,1.0,0.0,0.13474550000000002,0.7121124999999999
23141,244,110,-14.281349085271358,1.0,0.0,0.13443383333333334,0.7107375
23253,245,112,-17.285492754075676,1.0,0.0,0.1341165,0.7093375
23358,246,105,13.193351376336068,1.0,0.0,0.13381900000000002,0.708025
23474,247,116,2.8506607487797737,1.0,0.0,0.13349033333333332,0.706575
23581,248,107,-28.582313783466816,1.0,0.0,0.1331871666666667,0.7052375
23692,249,111,-47.97833814099431,1.0,0.0,0.1328726666666667,0.7038500000000001
23790,250,98,-56.03212824091315,1.0,0.0,0.13259500000000002,0.702625
23899,251,109,-15.54551940690726,1.0,0.0,0.13228616666666668,0.7012625
23998,252,99,-10.374410409480333,1.0,0.0,0.1320056666666667,0.700025
24086,253,88,34.752153515815735,1.0,0.0,0.13175633333333336,0.698925
24197,254,111,-49.87695265561342,1.0,0.0,0.13144183333333334,0.6975375
24309,255,112,-25.666768182534724,1.0,0.0,0.1311245,0.6961375
24417,256,108,21.150675043463707,1.0,0.0,0.1308185,0.6947875
24528,257,111,-100.3142188009806,1.0,0.0,0.130504,0.6934
24632,258,104,-10.693001009523869,1.0,0.0,0.13020933333333334,0.6921
24716,259,84,26.936978310346603,1.0,0.0,0.12997133333333333,0.6910499999999999
24822,260,106,-54.770555809140205,1.0,0.0,0.129671,0.6897249999999999
24934,261,112,11.681200101971626,1.0,0.0,0.12935366666666667,0.6883250000000001
25043,262,109,-107.92846396565437,1.0,0.0,0.12904483333333333,0.6869625
25121,263,78,-258.58834761427715,0.0,1.0,0.12882383333333333,0.6859875
25187,264,66,-251.34396173479035,0.0,1.0,0.12863683333333334,0.6851625
25304,265,117,-24.88118887366727,1.0,0.0,0.12830533333333333,0.6837
25370,266,66,-264.3931242376566,0.0,1.0,0.12811833333333333,0.682875
25489,267,119,-140.5911106057465,1.0,0.0,0.12778116666666667,0.6813875
25600,268,111,-24.812021632678807,1.0,0.0,0.12746666666666667,0.6799999999999999
25711,269,111,-37.483457087073475,1.0,0.0,0.12715216666666668,0.6786125000000001
25776,270,65,-201.1053012209013,0.0,1.0,0.12696800000000003,0.6778
25860,271,84,34.43697866797447,1.0,0.0,0.12673,0.67675
25966,272,106,-8.653932858258486,1.0,0.0,0.12642966666666666,0.6754249999999999
26072,273,106,1.4252182878553867,1.0,0.0,0.12612933333333334,0.6741
26181,274,109,-50.97058964520693,1.0,0.0,0.1258205,0.6727375
26293,275,112,-1.4229413829743862,1.0,0.0,0.12550316666666667,0.6713375
26408,276,115,-105.35663200169802,1.0,0.0,0.12517733333333333,0.6698999999999999
26530,277,122,-36.34662323864177,1.0,0.0,0.12483166666666667,0.6683749999999999
26631,278,101,3.746293470263481,1.0,0.0,0.1245455,0.6671125
26731,279,100,9.090483229607344,1.0,0.0,0.12426216666666667,0.6658625
26814,280,83,42.923637345433235,1.0,0.0,0.124027,0.664825
26920,281,106,-100.53331660479307,1.0,0.0,0.12372666666666668,0.6635
27031,282,111,-33.04298709053546,1.0,0.0,0.12341216666666667,0.6621125
27149,283,118,-13.29726324416697,1.0,0.0,0.12307783333333333,0.6606375
27264,284,115,-42.42406913265586,1.0,0.0,0.122752,0.6592
27368,285,104,12.811456173658371,1.0,0.0,0.12245733333333333,0.6578999999999999
27479,286,111,-47.00884246220812,1.0,0.0,0.12214283333333334,0.6565125
27591,287,112,-48.97284572618082,1.0,0.0,0.1218255,0.6551125
27697,288,106,-76.2102632895112,1.0,0.0,0.12152516666666667,0.6537875
27810,289,113,22.130441561341286,1.0,0.0,0.12120500000000001,0.6523749999999999
27922,290,112,-1.906131237745285,1.0,0.0,0.12088766666666667,0.6509750000000001
28033,291,111,-74.7172452043742,1.0,0.0,0.12057316666666668,0.6495875
28146,292,113,-70.91015441715717,1.0,0.0,0.120253,0.648175
28252,293,106,-37.86581603437662,1.0,0.0,0.11995266666666668,0.64685
28354,294,102,-66.1983945518732,1.0,0.0,0.11966366666666667,0.645575
28459,295,105,9.004975393414497,1.0,0.0,0.11936616666666668,0.6442625
28570,296,111,-48.04962416365743,1.0,0.0,0.11905166666666667,0.642875
28681,297,111,30.69083810597658,1.0,0.0,0.11873716666666667,0.6414875
28788,298,107,-67.8364245891571,1.0,0.0,0.118434,0.64015
28894,299,106,-2.396219896589173,1.0,0.0,0.11813366666666668,0.638825
28977,300,83,43.07363748550415,1.0,0.0,0.1178985,0.6377875
29091,301,114,-53.91773492237553,1.0,0.0,0.1175755,0.6363624999999999
29204,302,113,6.60703432187438,1.0,0.0,0.11725533333333334,0.63495
29309,303,105,-1.6363147348165512,1.0,0.0,0.11695783333333334,0.6336375000000001
29423,304,114,-32.87098450213671,1.0,0.0,0.11663483333333334,0.6322125000000001
29500,305,77,-243.679676160682,0.0,1.0,0.11641666666666668,0.6312500000000001
29601,306,101,-55.44220086932182,1.0,0.0,0.1161305,0.6299874999999999
29717,307,116,16.1483941860497,1.0,0.0,0.11580183333333334,0.6285375
29820,308,103,-27.922677158378065,1.0,0.0,0.11551,0.62725
29933,309,113,-68.65236584097147,1.0,0.0,0.11518983333333334,0.6258375
30047,310,114,-62.71441924199462,1.0,0.0,0.11486683333333333,0.6244125
30130,311,83,45.42363765835762,1.0,0.0,0.11463166666666667,0.623375
30245,312,115,-74.69694759882987,1.0,0.0,0.11430583333333334,0.6219375
30355,313,110,17.199513889849186,1.0,0.0,0.11399416666666667,0.6205625
30471,314,116,15.923394337296486,1.0,0.0,0.1136655,0.6191125
30573,315,102,-19.207327745854855,1.0,0.0,0.11337650000000002,0.6178375
30678,316,105,-7.718960453290492,1.0,0.0,0.11307900000000001,0.616525
30781,317,103,-23.3094546739012,1.0,0.0,0.11278716666666667,0.6152375
30897,318,116,-50.84862808138132,1.0,0.0,0.1124585,0.6137874999999999
30969,319,72,-190.4529601931572,0.0,1.0,0.11225450000000001,0.6128875
31073,320,104,-9.776028626132756,1.0,0.0,0.11195983333333333,0.6115875
31188,321,115,-32.317955143749714,1.0,0.0,0.111634,0.61015
31300,322,112,6.762000748421997,1.0,0.0,0.11131666666666667,0.60875
31414,323,114,-0.34280458837747574,1.0,0.0,0.11099366666666668,0.607325
31524,324,110,-6.499176576733589,1.0,0.0,0.110682,0.60595
31633,325,109,8.556564459158835,1.0,0.0,0.11037316666666667,0.6045875
31755,326,122,-24.423781771678478,1.0,0.0,0.1100275,0.6030625000000001
31872,327,117,-54.74003676325083,1.0,0.0,0.109696,0.6016
31984,328,112,-46.41266195476055,1.0,0.0,0.10937866666666667,0.6002
32099,329,115,-10.901107958023204,1.0,0.0,0.10905283333333333,0.5987625
32204,330,105,-38.802683629095554,1.0,0.0,0.10875533333333334,0.59745
32303,331,99,-14.461140293627977,1.0,0.0,0.10847483333333334,0.5962125
32408,332,105,-78.60116627067327,1.0,0.0,0.10817733333333333,0.5949
32518,333,110,1.3573985770344734,1.0,0.0,0.10786566666666667,0.593525
32628,334,110,5.356740171089768,1.0,0.0,0.10755400000000001,0.5921500000000001
32738,335,110,-21.105977926868945,1.0,0.0,0.10724233333333334,0.590775
32802,336,64,-236.4522071518004,0.0,1.0,0.10706100000000002,0.589975
32918,337,116,-23.602096278220415,1.0,0.0,0.10673233333333335,0.588525
33004,338,86,11.16366332769394,1.0,0.0,0.10648866666666666,0.58745
33115,339,111,-25.052021588664502,1.0,0.0,0.10617416666666667,0.5860624999999999
33228,340,113,-3.174351029563695,1.0,0.0,0.10585400000000002,0.58465
33341,341,113,17.303824231028557,1.0,0.0,0.10553383333333334,0.5832375000000001
33450,342,109,-15.853903976269066,1.0,0.0,0.105225,0.581875
33555,343,105,-50.7903831936419,1.0,0.0,0.1049275,0.5805625
33658,344,103,5.700281770950824,1.0,0.0,0.10463566666666668,0.579275
33770,345,112,-7.770124204456806,1.0,0.0,0.10431833333333335,0.577875
33883,346,113,4.762375980615616,1.0,0.0,0.10399816666666667,0.5764625
33994,347,111,-99.01147217303514,1.0,0.0,0.10368366666666667,0.575075
34099,348,105,2.989076666533947,1.0,0.0,0.10338616666666667,0.5737625
34209,349,110,-55.20059369504452,1.0,0.0,0.1030745,0.5723874999999999
34281,350,72,-246.42223740369081,0.0,1.0,0.1028705,0.5714874999999999
34383,351,102,-2.170520354062319,1.0,0.0,0.1025815,0.5702125
34494,352,111,-6.145773180760443,1.0,0.0,0.10226700000000001,0.568825
34601,353,107,-10.51422463171184,1.0,0.0,0.10196383333333334,0.5674875
34716,354,115,-28.817487113177776,1.0,0.0,0.101638,0.5660499999999999
34830,355,114,-11.859188114758581,1.0,0.0,0.101315,0.5646249999999999
34939,356,109,-64.78145682113245,1.0,0.0,0.10100616666666666,0.5632625
35027,357,88,45.07976108789444,1.0,0.0,0.10075683333333334,0.5621625
35136,358,109,1.8757436219602823,1.0,0.0,0.100448,0.5608
35252,359,116,17.351483181118965,1.0,0.0,0.10011933333333334,0.55935
35364,360,112,11.152340862900019,1.0,0.0,0.099802,0.55795
35468,361,104,-13.422561168670654,1.0,0.0,0.09950733333333335,0.5566500000000001
35580,362,112,-43.23074812069535,1.0,0.0,0.09919000000000001,0.55525
35663,363,83,54.07363736629486,1.0,0.0,0.09895483333333333,0.5542125
35772,364,109,7.517273697558267,1.0,0.0,0.09864600000000001,0.5528500000000001
35858,365,86,34.41366331279278,1.0,0.0,0.09840233333333333,0.551775
35971,366,113,-17.269242702051997,1.0,0.0,0.09808216666666666,0.5503625
36092,367,121,-5.455680698156357,1.0,0.0,0.09773933333333333,0.54885
36202,368,110,10.166863739490509,1.0,0.0,0.09742766666666666,0.5474749999999999
36286,369,84,50.13698221743107,1.0,0.0,0.09718966666666667,0.5464249999999999
36397,370,111,1.7556315995752811,1.0,0.0,0.09687516666666666,0.5450375
36510,371,113,-15.341876592952758,1.0,0.0,0.096555,0.543625
36617,372,107,-61.10639699175954,1.0,0.0,0.09625183333333334,0.5422875
36738,373,121,2.7635117918252945,1.0,0.0,0.09590900000000001,0.540775
36815,374,77,-162.05706077767536,0.0,1.0,0.09569083333333334,0.5398125
36930,375,115,-8.267208904027939,1.0,0.0,0.09536499999999999,0.5383749999999999
37044,376,114,-14.427296615205705,1.0,0.0,0.09504200000000002,0.53695
37160,377,116,-9.820696958340704,1.0,0.0,0.09471333333333334,0.5355000000000001
37266,378,106,3.5062443069327855,1.0,0.0,0.09441300000000001,0.5341750000000001
37335,379,69,-177.92849489673972,0.0,1.0,0.09421750000000001,0.5333125000000001
37418,380,83,36.923637077212334,1.0,0.0,0.09398233333333333,0.5322749999999999
37505,381,87,-174.56336034974083,0.0,1.0,0.09373583333333334,0.5311875
37612,382,107,-4.4356494741514325,1.0,0.0,0.09343266666666666,0.5298499999999999
37712,383,100,8.090306024067104,1.0,0.0,0.09314933333333333,0.5286
37824,384,112,5.708234929013997,1.0,0.0,0.09283200000000001,0.5272
37938,385,114,-34.588543698657304,1.0,0.0,0.09250900000000001,0.525775
38044,386,106,-34.407959203235805,1.0,0.0,0.09220866666666667,0.52445
38130,387,86,41.913663610816,1.0,0.0,0.091965,0.523375
38236,388,106,-1.017274670302868,1.0,0.0,0.09166466666666667,0.52205
38346,389,110,-6.453777063637972,1.0,0.0,0.091353,0.520675
38433,390,87,47.89561903476715,1.0,0.0,0.0911065,0.5195875000000001
38545,391,112,10.864094159100205,1.0,0.0,0.09078916666666667,0.5181875
38657,392,112,-28.01257035229355,1.0,0.0,0.09047183333333333,0.5167875
38765,393,108,3.05181647837162,1.0,0.0,0.09016583333333333,0.5154375
38876,394,111,-4.560310125350952,1.0,0.0,0.08985133333333334,0.51405
38976,395,100,0.2807105044084892,1.0,0.0,0.08956800000000001,0.5128
39080,396,104,-4.7430189698934555,1.0,0.0,0.08927333333333334,0.5115000000000001
39195,397,115,-63.069522722139936,1.0,0.0,0.0889475,0.5100625
39307,398,112,-17.467048109974712,1.0,0.0,0.08863016666666666,0.5086625
39397,399,90,45.20433212816715,1.0,0.0,0.08837516666666667,0.5075375
39443,400,46,-153.2796985283494,0.0,1.0,0.08824483333333334,0.5069625
39557,401,114,-72.28535561263561,1.0,0.0,0.08792183333333334,0.5055375
39629,402,72,-236.76808373630047,0.0,1.0,0.08771783333333334,0.5046375000000001
39736,403,107,1.4309030543081462,1.0,0.0,0.08741466666666667,0.5033
39849,404,113,-15.21797849657014,1.0,0.0,0.0870945,0.5018875
39932,405,83,57.923637598752975,1.0,0.0,0.08685933333333334,0.50085
40035,406,103,-29.435467277653515,1.0,0.0,0.0865675,0.4995625
40148,407,113,-80.39722910150886,1.0,0.0,0.08624733333333333,0.49815
40247,408,99,-16.49396335190977,1.0,0.0,0.08596683333333334,0.4969125000000001
40348,409,101,19.962053328752518,1.0,0.0,0.08568066666666667,0.49565000000000003
40461,410,113,10.428406849503517,1.0,0.0,0.0853605,0.4942375
40565,411,104,-19.51578590273857,1.0,0.0,0.08506583333333333,0.49293750000000003
40679,412,114,20.1136686950922,1.0,0.0,0.08474283333333332,0.4915125
40791,413,112,24.97738091647625,1.0,0.0,0.08442550000000001,0.49011250000000006
40892,414,101,-25.501747963950038,1.0,0.0,0.08413933333333334,0.48885
40999,415,107,-38.757161267101765,1.0,0.0,0.08383616666666667,0.4875125
41109,416,110,20.388721502851695,1.0,0.0,0.0835245,0.4861375
41193,417,84,41.53697840869427,1.0,0.0,0.0832865,0.4850875
41298,418,105,13.458593286573887,1.0,0.0,0.082989,0.48377499999999996
41405,419,107,8.14990993309766,1.0,0.0,0.08268583333333333,0.48243749999999996
41477,420,72,-248.23663625121117,0.0,1.0,0.08248183333333334,0.48153749999999995
41583,421,106,22.388330227695405,1.0,0.0,0.08218149999999999,0.48021249999999993
41666,422,83,52.62363746762276,1.0,0.0,0.08194633333333333,0.479175
41781,423,115,-45.73382935253903,1.0,0.0,0.0816205,0.4777374999999999
41893,424,112,-13.042536169290543,1.0,0.0,0.08130316666666666,0.47633749999999997
42002,425,109,12.807578089210438,1.0,0.0,0.08099433333333335,0.47497500000000004
42117,426,115,3.052217694465071,1.0,0.0,0.0806685,0.47353750000000006
42221,427,104,15.96483314782381,1.0,0.0,0.08037383333333334,0.4722375
42323,428,102,-14.648639146704227,1.0,0.0,0.08008483333333333,0.47096249999999995
42435,429,112,4.8135512582957745,1.0,0.0,0.07976749999999999,0.4695625
42553,430,118,5.820636313408613,1.0,0.0,0.07943316666666667,0.4680875
42651,431,98,38.78845403343439,1.0,0.0,0.0791555,0.46686249999999996
42764,432,113,-70.82978669181466,1.0,0.0,0.07883533333333334,0.46545000000000003
42865,433,101,-22.363463394809514,1.0,0.0,0.07854916666666667,0.4641875
42949,434,84,37.886977866292,1.0,0.0,0.07831116666666667,0.4631375
43059,435,110,-14.40777064114809,1.0,0.0,0.0779995,0.46176249999999996
43158,436,99,-43.60195942223072,1.0,0.0,0.077719,0.46052499999999996
43271,437,113,-11.87773658707738,1.0,0.0,0.07739883333333335,0.45911250000000003
43386,438,115,-122.93384376168251,1.0,0.0,0.077073,0.45767500000000005
43491,439,105,17.615614533424377,1.0,0.0,0.0767755,0.4563625
43594,440,103,-21.556354478001595,1.0,0.0,0.07648366666666666,0.455075
43710,441,116,19.71696852752939,1.0,0.0,0.076155,0.45362499999999994
43815,442,105,-76.24311329051852,1.0,0.0,0.07585750000000001,0.4523125
43924,443,109,-65.10338942706585,1.0,0.0,0.07554866666666667,0.45094999999999996
44022,444,98,-28.332861412782222,1.0,0.0,0.075271,0.44972499999999993
44134,445,112,-25.67718492075801,1.0,0.0,0.07495366666666667,0.448325
44244,446,110,11.336117713712156,1.0,0.0,0.07464199999999999,0.44694999999999996
44346,447,102,-11.333425665274262,1.0,0.0,0.074353,0.44567500000000004
44410,448,64,-240.3623740375042,0.0,1.0,0.07417166666666666,0.444875
44493,449,83,53.37363766133785,1.0,0.0,0.07393649999999999,0.4438375
44576,450,83,49.823637410998344,1.0,0.0,0.07370133333333334,0.44279999999999997
44689,451,113,-12.26102351769805,1.0,0.0,0.07338116666666666,0.44138750000000004
44800,452,111,-122.63717478141189,1.0,0.0,0.07306666666666667,0.43999999999999995
44900,453,100,-39.70457149296999,1.0,0.0,0.07278333333333334,0.43875
45012,454,112,-52.0639064013958,1.0,0.0,0.072466,0.43735
45119,455,107,26.10165651573334,1.0,0.0,0.07216283333333334,0.4360125
45225,456,106,34.4554186463356,1.0,0.0,0.0718625,0.4346875
45338,457,113,-25.16156679810956,1.0,0.0,0.07154233333333332,0.43327499999999997
45421,458,83,53.22363764047623,1.0,0.0,0.07130716666666667,0.43223750000000005
45534,459,113,22.27395624993369,1.0,0.0,0.070987,0.430825
45642,460,108,33.07125065475702,1.0,0.0,0.070681,0.42947499999999994
45753,461,111,-91.20421687141061,1.0,0.0,0.0703665,0.42808750000000007
45839,462,86,47.613276958465576,1.0,0.0,0.07012283333333333,0.4270125
45947,463,108,17.587296250276268,1.0,0.0,0.06981683333333333,0.42566249999999994
46057,464,110,8.033452353440225,1.0,0.0,0.06950516666666667,0.42428750000000004
46158,465,101,-17.859773427248,1.0,0.0,0.069219,0.423025
46271,466,113,18.49069979414344,1.0,0.0,0.06889883333333333,0.42161249999999995
46379,467,108,27.23714930564165,1.0,0.0,0.06859283333333333,0.4202625
46489,468,110,-119.75697511760518,1.0,0.0,0.06828116666666667,0.41888749999999997
46593,469,104,25.3688293164887,1.0,0.0,0.0679865,0.4175875
46707,470,114,6.604582596570253,1.0,0.0,0.06766350000000002,0.4161625
46817,471,110,38.87796024559066,1.0,0.0,0.06735183333333333,0.4147875
46914,472,97,-48.834657125175,1.0,0.0,0.067077,0.413575
47017,473,103,-33.57281657680869,1.0,0.0,0.06678516666666667,0.41228750000000003
47121,474,104,11.958845037966967,1.0,0.0,0.06649050000000001,0.41098750000000006
47232,475,111,17.57809004187584,1.0,0.0,0.06617600000000001,0.40959999999999996
47342,476,110,4.9774759146384895,1.0,0.0,0.06586433333333333,0.40822499999999995
47457,477,115,18.269641995429993,1.0,0.0,0.0655385,0.40678749999999997
47540,478,83,52.47363770008087,1.0,0.0,0.06530333333333332,0.40575000000000006
47649,479,109,6.928673129528761,1.0,0.0,0.06499450000000001,0.4043875
47758,480,109,3.095452113309875,1.0,0.0,0.06468566666666667,0.40302499999999997
47864,481,106,10.66156892105937,1.0,0.0,0.06438533333333335,0.40170000000000006
47977,482,113,-41.745273649692535,1.0,0.0,0.06406516666666667,0.4002875
48093,483,116,-12.220797657966614,1.0,0.0,0.0637365,0.39883749999999996
48192,484,99,10.641715556848794,1.0,0.0,0.06345599999999998,0.39759999999999995
48297,485,105,41.064496781211346,1.0,0.0,0.06315849999999998,0.3962874999999999
48401,486,104,13.80090782046318,1.0,0.0,0.06286383333333334,0.39498750000000005
48506,487,105,31.94976134877652,1.0,0.0,0.06256633333333333,0.393675
48615,488,109,34.24921940267086,1.0,0.0,0.06225749999999999,0.39231249999999995
48725,489,110,-0.3751410096883774,1.0,0.0,0.06194583333333334,0.39093749999999994
48810,490,85,53.50032252073288,1.0,0.0,0.06170500000000001,0.38987499999999997
48924,491,114,-17.10048545943573,1.0,0.0,0.06138199999999999,0.38844999999999996
49028,492,104,35.037451061885804,1.0,0.0,0.06108733333333333,0.38715
49132,493,104,7.278370234649628,1.0,0.0,0.06079266666666666,0.38585
49242,494,110,-3.0763149415142834,1.0,0.0,0.06048100000000001,0.384475
49352,495,110,-5.963423650711775,1.0,0.0,0.060169333333333325,0.3831
49435,496,83,55.87363746762276,1.0,0.0,0.05993416666666668,0.38206249999999997
49519,497,84,51.33698196709156,1.0,0.0,0.05969616666666666,0.3810125
49627,498,108,-27.017601338680834,1.0,0.0,0.05939016666666669,0.3796625
49732,499,105,-8.083575987257063,1.0,0.0,0.05909266666666668,0.37834999999999996
49839,500,107,6.774137623608112,1.0,0.0,0.058789499999999995,0.3770125
49947,501,108,29.927738703787327,1.0,0.0,0.058483499999999994,0.3756625
50061,502,114,20.725040729623288,1.0,0.0,0.058160500000000004,0.3742375
50177,503,116,20.18998260051012,1.0,0.0,0.05783183333333333,0.37278749999999994
50290,504,113,41.58064262568951,1.0,0.0,0.05751166666666668,0.371375
50398,505,108,-15.45716928364709,1.0,0.0,0.05720566666666668,0.37002500000000005
50507,506,109,-39.579241670668125,1.0,0.0,0.05689683333333334,0.3686625
50619,507,112,31.710628509055823,1.0,0.0,0.056579500000000005,0.36726250000000005
50724,508,105,-11.192428432404995,1.0,0.0,0.056282,0.36595
50825,509,101,-4.836369160562754,1.0,0.0,0.05599583333333333,0.36468750000000005
50927,510,102,8.31926979823038,1.0,0.0,0.055706833333333344,0.3634125
51036,511,109,-1.5564926713705063,1.0,0.0,0.055398,0.36205
51150,512,114,41.673225685954094,1.0,0.0,0.055074999999999985,0.360625
51233,513,83,57.92363768815994,1.0,0.0,0.05483983333333334,0.35958749999999995
51346,514,113,8.978257969021797,1.0,0.0,0.05451966666666666,0.358175
51460,515,114,-1.797142680734396,1.0,0.0,0.05419666666666667,0.35675
51564,516,104,-6.0411835461854935,1.0,0.0,0.053902000000000005,0.35544999999999993
51676,517,112,-19.955724996048957,1.0,0.0,0.05358466666666667,0.35405
51781,518,105,-25.63490627380088,1.0,0.0,0.05328716666666666,0.35273750000000004
51896,519,115,19.859688969329,1.0,0.0,0.05296133333333333,0.35129999999999995
52004,520,108,54.662138189189136,1.0,0.0,0.05265533333333333,0.34995
52087,521,83,51.0236374437809,1.0,0.0,0.05242016666666666,0.34891249999999996
52194,522,107,16.183345924131572,1.0,0.0,0.052117,0.34757499999999997
52278,523,84,55.8869785964489,1.0,0.0,0.05187900000000001,0.34652499999999997
52389,524,111,26.28053253516555,1.0,0.0,0.05156450000000001,0.3451375
52503,525,114,13.283847495913506,1.0,0.0,0.051241499999999995,0.3437125
52613,526,110,40.75033689988777,1.0,0.0,0.05092983333333334,0.34233749999999996
52715,527,102,-21.410018109716475,1.0,0.0,0.05064083333333333,0.34106249999999994
52825,528,110,28.503816679120064,1.0,0.0,0.050329166666666675,0.33968750000000003
52922,529,97,53.88173647969961,1.0,0.0,0.05005433333333334,0.33847499999999997
53034,530,112,40.08525627106428,1.0,0.0,0.049737,0.337075
53136,531,102,-2.9950501397252083,1.0,0.0,0.04944799999999999,0.3358
53243,532,107,26.06641447544098,1.0,0.0,0.04914483333333333,0.3344625
53356,533,113,41.89909736439586,1.0,0.0,0.04882466666666668,0.33305000000000007
53461,534,105,46.012326820753515,1.0,0.0,0.04852716666666668,0.3317375
53573,535,112,-13.047862850129604,1.0,0.0,0.04820983333333334,0.33033749999999995
53685,536,112,-11.633347268681973,1.0,0.0,0.047892500000000005,0.3289375
53793,537,108,6.360636526253074,1.0,0.0,0.047586500000000004,0.32758750000000003
53897,538,104,37.73596795042977,1.0,0.0,0.04729183333333334,0.32628750000000006
54008,539,111,23.48217049241066,1.0,0.0,0.04697733333333334,0.32489999999999997
54112,540,104,33.8289034711197,1.0,0.0,0.04668266666666665,0.3236
54216,541,104,39.35225049778819,1.0,0.0,0.04638800000000001,0.32230000000000003
54318,542,102,30.833382479846478,1.0,0.0,0.046099,0.321025
54431,543,113,44.58673208160326,1.0,0.0,0.045778833333333324,0.31961249999999997
54534,544,103,-7.698318146169186,1.0,0.0,0.045487,0.31832499999999997
54646,545,112,36.9035226367414,1.0,0.0,0.045169666666666664,0.316925
54758,546,112,-19.143170658499002,1.0,0.0,0.04485233333333333,0.31552500000000006
54869,547,111,27.48282991722226,1.0,0.0,0.04453783333333333,0.31413749999999996
54972,548,103,37.50259602814913,1.0,0.0,0.04424600000000001,0.31284999999999996
55055,549,83,67.32363766431808,1.0,0.0,0.04401083333333333,0.31181250000000005
55168,550,113,18.57174202380702,1.0,0.0,0.043690666666666655,0.3104
55276,551,108,38.42095744935796,1.0,0.0,0.043384666666666655,0.30905000000000005
55373,552,97,-18.367645571008325,1.0,0.0,0.04310983333333332,0.3078375
55473,553,100,27.22939344495535,1.0,0.0,0.04282649999999999,0.3065875
55556,554,83,57.473637357354164,1.0,0.0,0.042591333333333314,0.30555
55665,555,109,-19.864812080282718,1.0,0.0,0.0422825,0.30418750000000006
55775,556,110,23.11260799318552,1.0,0.0,0.041970833333333346,0.30281250000000004
55858,557,83,57.023637533187866,1.0,0.0,0.04173566666666667,0.3017749999999999
55963,558,105,18.419765173923224,1.0,0.0,0.041438166666666665,0.3004625000000001
56064,559,101,55.29708535224199,1.0,0.0,0.041151999999999994,0.2992
56160,560,96,47.73158012330532,1.0,0.0,0.04088,0.29799999999999993
56276,561,116,54.70872898772359,1.0,0.0,0.04055133333333333,0.2965500000000001
56393,562,117,24.287754375021905,1.0,0.0,0.040219833333333344,0.29508750000000006
56500,563,107,44.2637395998463,1.0,0.0,0.039916666666666656,0.29374999999999996
56611,564,111,30.623154066503048,1.0,0.0,0.03960216666666666,0.29236249999999997
56715,565,104,7.109761204570532,1.0,0.0,0.039307499999999995,0.2910625
56798,566,83,52.47363755106926,1.0,0.0,0.03907233333333335,0.290025
56911,567,113,29.95493760262616,1.0,0.0,0.03875216666666667,0.28861249999999994
57013,568,102,7.223035868257284,1.0,0.0,0.03846316666666666,0.2873375
57124,569,111,-3.189050119370222,1.0,0.0,0.038148666666666664,0.28595000000000004
57235,570,111,3.6317897103726864,1.0,0.0,0.03783416666666667,0.28456250000000005
57335,571,100,31.29146756604314,1.0,0.0,0.03755083333333334,0.28331249999999997
57437,572,102,30.05956070497632,1.0,0.0,0.03726183333333333,0.28203749999999994
57543,573,106,25.56263815611601,1.0,0.0,0.03696150000000001,0.28071250000000003
57651,574,108,55.483930230140686,1.0,0.0,0.03665550000000001,0.27936249999999996
57765,575,114,37.72494155075401,1.0,0.0,0.03633249999999999,0.27793749999999995
57873,576,108,47.00345069542527,1.0,0.0,0.03602649999999999,0.2765875
57968,577,95,14.437717352062464,1.0,0.0,0.035757333333333335,0.2754000000000001
58081,578,113,8.21083605941385,1.0,0.0,0.03543716666666666,0.27398750000000005
58187,579,106,33.82131014717743,1.0,0.0,0.03513683333333334,0.27266250000000003
58287,580,100,-17.76778254425153,1.0,0.0,0.03485349999999998,0.27141249999999995
58401,581,114,32.91534209204838,1.0,0.0,0.03453049999999999,0.26998749999999994
58514,582,113,35.41553169488907,1.0,0.0,0.03421033333333334,0.268575
58633,583,119,30.659298575483263,1.0,0.0,0.033873166666666676,0.26708750000000003
58732,584,99,39.247765362262726,1.0,0.0,0.03359266666666666,0.26585000000000003
58837,585,105,26.42227930156514,1.0,0.0,0.033295166666666653,0.2645375
58946,586,109,9.121347863227129,1.0,0.0,0.03298633333333331,0.26317499999999994
59053,587,107,47.77704567834735,1.0,0.0,0.03268316666666668,0.26183750000000006
59136,588,83,59.823637560009956,1.0,0.0,0.032448000000000005,0.2607999999999999
59241,589,105,43.7045982433483,1.0,0.0,0.0321505,0.2594875000000001
59350,590,109,39.138538560364395,1.0,0.0,0.03184166666666666,0.25812500000000005
59433,591,83,59.37363748252392,1.0,0.0,0.03160649999999998,0.2570874999999999
59543,592,110,4.764365995302796,1.0,0.0,0.03129483333333333,0.2557125
59657,593,114,34.818906663451344,1.0,0.0,0.030971833333333337,0.2542875
59767,594,110,40.83686568029225,1.0,0.0,0.030660166666666655,0.2529125
59880,595,113,41.09566888632253,1.0,0.0,0.030340000000000006,0.25150000000000006
59984,596,104,-29.99022087827325,1.0,0.0,0.03004533333333334,0.2502
60067,597,83,64.97363764047623,1.0,0.0,0.03,0.25
60152,598,85,56.34285160899162,1.0,0.0,0.03,0.25
60265,599,113,20.658210382825928,1.0,0.0,0.03,0.25
60360,600,95,31.34807477099821,1.0,0.0,0.03,0.25
60462,601,102,32.48901890544221,1.0,0.0,0.03,0.25
60567,602,105,-11.62102772295475,1.0,0.0,0.03,0.25
60672,603,105,39.712006352841854,1.0,0.0,0.03,0.25
60782,604,110,36.97428913787007,1.0,0.0,0.03,0.25
60884,605,102,51.698068246245384,1.0,0.0,0.03,0.25
60967,606,83,60.27363756299019,1.0,0.0,0.03,0.25
61053,607,86,65.15390668809414,1.0,0.0,0.03,0.25
61161,608,108,53.04216954484582,1.0,0.0,0.03,0.25
61267,609,106,59.10689441859722,1.0,0.0,0.03,0.25
61372,610,105,55.203956075012684,1.0,0.0,0.03,0.25
61486,611,114,21.684761939570308,1.0,0.0,0.03,0.25
61593,612,107,-13.322889816015959,1.0,0.0,0.03,0.25
61693,613,100,3.7429503425955772,1.0,0.0,0.03,0.25
61806,614,113,-18.543892689049244,1.0,0.0,0.03,0.25
61889,615,83,55.123637571930885,1.0,0.0,0.03,0.25
61988,616,99,35.877807185053825,1.0,0.0,0.03,0.25
62071,617,83,57.17363750934601,1.0,0.0,0.03,0.25
62181,618,110,29.629710648674518,1.0,0.0,0.03,0.25
62289,619,108,-69.79227785160765,1.0,0.0,0.03,0.25
62399,620,110,-56.15081983106211,1.0,0.0,0.03,0.25
62511,621,112,-19.180128943175077,1.0,0.0,0.03,0.25
62618,622,107,7.265344826504588,1.0,0.0,0.03,0.25
62717,623,99,-0.9796396717429161,1.0,0.0,0.03,0.25
62823,624,106,28.101964042056352,1.0,0.0,0.03,0.25
62934,625,111,56.126513846218586,1.0,0.0,0.03,0.25
63044,626,110,-22.351420626044273,1.0,0.0,0.03,0.25
63151,627,107,8.909689780324697,1.0,0.0,0.03,0.25
63262,628,111,29.404862231574953,1.0,0.0,0.03,0.25
63376,629,114,47.13972545787692,1.0,0.0,0.03,0.25
63488,630,112,9.100524310022593,1.0,0.0,0.03,0.25
63602,631,114,38.363854840397835,1.0,0.0,0.03,0.25
63715,632,113,49.626844339072704,1.0,0.0,0.03,0.25
63798,633,83,62.62363764643669,1.0,0.0,0.03,0.25
63900,634,102,27.243540241848677,1.0,0.0,0.03,0.25
64005,635,105,57.07038456201553,1.0,0.0,0.03,0.25
64088,636,83,57.62363737821579,1.0,0.0,0.03,0.25
64172,637,84,56.73697850108147,1.0,0.0,0.03,0.25
64280,638,108,36.549803249537945,1.0,0.0,0.03,0.25
64385,639,105,25.88450864655897,1.0,0.0,0.03,0.25
64489,640,104,42.70510947611183,1.0,0.0,0.03,0.25
64572,641,83,67.32363760471344,1.0,0.0,0.03,0.25
64684,642,112,25.017502202186733,1.0,0.0,0.03,0.25
64767,643,83,64.523637637496,1.0,0.0,0.03,0.25
64879,644,112,41.17190561443567,1.0,0.0,0.03,0.25
64990,645,111,27.76877085864544,1.0,0.0,0.03,0.25
65097,646,107,52.56803625822067,1.0,0.0,0.03,0.25
65208,647,111,17.445952808018774,1.0,0.0,0.03,0.25
65316,648,108,29.16414150921628,1.0,0.0,0.03,0.25
65418,649,102,40.506461053621024,1.0,0.0,0.03,0.25
65528,650,110,47.03301848471165,1.0,0.0,0.03,0.25
65612,651,84,62.48697857558727,1.0,0.0,0.03,0.25
65725,652,113,42.53296959400177,1.0,0.0,0.03,0.25
65824,653,99,38.04134586034343,1.0,0.0,0.03,0.25
65907,654,83,64.97363764047623,1.0,0.0,0.03,0.25
66017,655,110,2.755473881959915,1.0,0.0,0.03,0.25
66122,656,105,-0.24136298336088657,1.0,0.0,0.03,0.25
66229,657,107,37.363698944449425,1.0,0.0,0.03,0.25
66331,658,102,50.664703673232,1.0,0.0,0.03,0.25
66445,659,114,41.8171946294824,1.0,0.0,0.03,0.25
66550,660,105,29.29916985705495,1.0,0.0,0.03,0.25
66660,661,110,39.86284859478474,1.0,0.0,0.03,0.25
66743,662,83,57.02363759279251,1.0,0.0,0.03,0.25
66856,663,113,43.866971428506076,1.0,0.0,0.03,0.25
66958,664,102,36.51641014544293,1.0,0.0,0.03,0.25
67062,665,104,39.61428111419082,1.0,0.0,0.03,0.25
67145,666,83,62.6236375272274,1.0,0.0,0.03,0.25
67256,667,111,-97.58019244112074,1.0,0.0,0.03,0.25
67363,668,107,43.681935159955174,1.0,0.0,0.03,0.25
67446,669,83,60.27363762259483,1.0,0.0,0.03,0.25
67547,670,101,-13.131727278232574,1.0,0.0,0.03,0.25
67630,671,83,67.32363760471344,1.0,0.0,0.03,0.25
67740,672,110,36.42030118731782,1.0,0.0,0.03,0.25
67848,673,108,43.1314941085875,1.0,0.0,0.03,0.25
67964,674,116,44.667652995325625,1.0,0.0,0.03,0.25
68079,675,115,8.148191299289465,1.0,0.0,0.03,0.25
68185,676,106,-1.8686433043330908,1.0,0.0,0.03,0.25
68289,677,104,35.046862801071256,1.0,0.0,0.03,0.25
68397,678,108,-5.276304895058274,1.0,0.0,0.03,0.25
68505,679,108,-1.4607675038278103,1.0,0.0,0.03,0.25
68588,680,83,54.073637545108795,1.0,0.0,0.03,0.25
68692,681,104,-14.172636985778809,1.0,0.0,0.03,0.25
68804,682,112,37.46409055730328,1.0,0.0,0.03,0.25
68919,683,115,-51.740649078506976,1.0,0.0,0.03,0.25
69035,684,116,47.35491217672825,1.0,0.0,0.03,0.25
69145,685,110,8.259202310815454,1.0,0.0,0.03,0.25
69254,686,109,-10.851365227252245,1.0,0.0,0.03,0.25
69366,687,112,-52.18795070469787,1.0,0.0,0.03,0.25
69470,688,104,-8.577349845319986,1.0,0.0,0.03,0.25
69582,689,112,-40.50022005241408,1.0,0.0,0.03,0.25
69693,690,111,41.262652315199375,1.0,0.0,0.03,0.25
69798,691,105,43.724160090088844,1.0,0.0,0.03,0.25
69905,692,107,27.31685543106869,1.0,0.0,0.03,0.25
70020,693,115,-19.14426589012146,1.0,0.0,0.03,0.25
70125,694,105,-24.581000139936805,1.0,0.0,0.03,0.25
70238,695,113,7.8045815490186214,1.0,0.0,0.03,0.25
70345,696,107,-31.53257852839306,1.0,0.0,0.03,0.25
70447,697,102,40.973627626895905,1.0,0.0,0.03,0.25
70530,698,83,62.62363761663437,1.0,0.0,0.03,0.25
70633,699,103,51.612426429986954,1.0,0.0,0.03,0.25
70746,700,113,-4.309198260307312,1.0,0.0,0.03,0.25
70841,701,95,36.78219709917903,1.0,0.0,0.03,0.25
70949,702,108,50.96197425946593,1.0,0.0,0.03,0.25
71063,703,114,50.94680372951552,1.0,0.0,0.03,0.25
71160,704,97,42.22193748457357,1.0,0.0,0.03,0.25
71272,705,112,-7.21999278338626,1.0,0.0,0.03,0.25
71384,706,112,-13.855693697929382,1.0,0.0,0.03,0.25
71467,707,83,64.67363765835762,1.0,0.0,0.03,0.25
71570,708,103,-45.79669172409922,1.0,0.0,0.03,0.25
71681,709,111,24.830397984944284,1.0,0.0,0.03,0.25
71748,710,67,-166.152755767107,0.0,1.0,0.03,0.25
71849,711,101,49.04548645764589,1.0,0.0,0.03,0.25
71956,712,107,25.831657104194164,1.0,0.0,0.03,0.25
72068,713,112,0.51604088768363,1.0,0.0,0.03,0.25
72177,714,109,46.636373821645975,1.0,0.0,0.03,0.25
72280,715,103,24.858637005090714,1.0,0.0,0.03,0.25
72391,716,111,39.911745862104,1.0,0.0,0.03,0.25
72502,717,111,46.18139837635681,1.0,0.0,0.03,0.25
72611,718,109,41.51573118614033,1.0,0.0,0.03,0.25
72724,719,113,47.3414567476284,1.0,0.0,0.03,0.25
72837,720,113,38.30496780667454,1.0,0.0,0.03,0.25
72953,721,116,-15.504216657020152,1.0,0.0,0.03,0.25
73058,722,105,5.213069342076778,1.0,0.0,0.03,0.25
73166,723,108,39.72287579160184,1.0,0.0,0.03,0.25
73269,724,103,6.770373720675707,1.0,0.0,0.03,0.25
73368,725,99,48.600463427603245,1.0,0.0,0.03,0.25
73481,726,113,48.03338411822915,1.0,0.0,0.03,0.25
73592,727,111,34.947183600626886,1.0,0.0,0.03,0.25
73707,728,115,32.759579558391124,1.0,0.0,0.03,0.25
73819,729,112,14.573820340447128,1.0,0.0,0.03,0.25
73920,730,101,26.399128161370754,1.0,0.0,0.03,0.25
74028,731,108,-17.676913327071816,1.0,0.0,0.03,0.25
74134,732,106,54.23636282235384,1.0,0.0,0.03,0.25
74248,733,114,43.42357336357236,1.0,0.0,0.03,0.25
74348,734,100,-19.411969595588744,1.0,0.0,0.03,0.25
74449,735,101,12.076262223999947,1.0,0.0,0.03,0.25
74553,736,104,48.13215485122055,1.0,0.0,0.03,0.25
74659,737,106,12.32614341005683,1.0,0.0,0.03,0.25
74766,738,107,0.6592642702162266,1.0,0.0,0.03,0.25
74874,739,108,31.15278108417988,1.0,0.0,0.03,0.25
74980,740,106,7.26290750131011,1.0,0.0,0.03,0.25
75091,741,111,-1.3921021563000977,1.0,0.0,0.03,0.25
75198,742,107,55.81652542203665,1.0,0.0,0.03,0.25
75304,743,106,-56.65343322370609,1.0,0.0,0.03,0.25
75413,744,109,37.78211793489754,1.0,0.0,0.03,0.25
75516,745,103,18.29818968800828,1.0,0.0,0.03,0.25
75626,746,110,15.99420060031116,1.0,0.0,0.03,0.25
75709,747,83,64.97363758087158,1.0,0.0,0.03,0.25
75816,748,107,48.10896344855428,1.0,0.0,0.03,0.25
75922,749,106,34.26104927062988,1.0,0.0,0.03,0.25
76005,750,83,61.72363752126694,1.0,0.0,0.03,0.25
76108,751,103,2.3744996041059494,1.0,0.0,0.03,0.25
76211,752,103,36.7188851297833,1.0,0.0,0.03,0.25
76322,753,111,0.4183318205177784,1.0,0.0,0.03,0.25
76437,754,115,46.61561957746744,1.0,0.0,0.03,0.25
76541,755,104,42.19869699701667,1.0,0.0,0.03,0.25
76624,756,83,64.97363758087158,1.0,0.0,0.03,0.25
76735,757,111,6.554080929141492,1.0,0.0,0.03,0.25
76846,758,111,35.71562017640099,1.0,0.0,0.03,0.25
76947,759,101,14.260277595371008,1.0,0.0,0.03,0.25
77056,760,109,32.87471567094326,1.0,0.0,0.03,0.25
77139,761,83,57.47363759577274,1.0,0.0,0.03,0.25
77242,762,103,43.51465106010437,1.0,0.0,0.03,0.25
77325,763,83,57.473637357354164,1.0,0.0,0.03,0.25
77434,764,109,19.61601883871481,1.0,0.0,0.03,0.25
77535,765,101,35.64934201538563,1.0,0.0,0.03,0.25
77644,766,109,54.44095193594694,1.0,0.0,0.03,0.25
77761,767,117,-16.967909928411245,1.0,0.0,0.03,0.25
77872,768,111,23.239036075770855,1.0,0.0,0.03,0.25
77981,769,109,48.892559088766575,1.0,0.0,0.03,0.25
78091,770,110,24.013802155852318,1.0,0.0,0.03,0.25
78204,771,113,48.500812992453575,1.0,0.0,0.03,0.25
78309,772,105,26.175212763249874,1.0,0.0,0.03,0.25
78424,773,115,42.59099070029333,1.0,0.0,0.03,0.25
78524,774,100,48.88326910883188,1.0,0.0,0.03,0.25
78608,775,84,62.93698200583458,1.0,0.0,0.03,0.25
78721,776,113,24.33893782926316,1.0,0.0,0.03,0.25
78831,777,110,0.7843852937221527,1.0,0.0,0.03,0.25
78945,778,114,37.16394388768822,1.0,0.0,0.03,0.25
79028,779,83,55.12363763153553,1.0,0.0,0.03,0.25
79139,780,111,17.79508386971429,1.0,0.0,0.03,0.25
79245,781,106,31.95490650087595,1.0,0.0,0.03,0.25
79353,782,108,28.262355718761683,1.0,0.0,0.03,0.25
79451,783,98,41.324053816497326,1.0,0.0,0.03,0.25
79562,784,111,9.63136356328323,1.0,0.0,0.03,0.25
79670,785,108,14.528501220047474,1.0,0.0,0.03,0.25
79776,786,106,51.36605133395642,1.0,0.0,0.03,0.25
79890,787,114,33.26514194486663,1.0,0.0,0.03,0.25
79996,788,106,12.532627749722451,1.0,0.0,0.03,0.25
80107,789,111,45.18387497542426,1.0,0.0,0.03,0.25
80213,790,106,-6.713379566092044,1.0,0.0,0.03,0.25
80296,791,83,60.273637652397156,1.0,0.0,0.03,0.25
80379,792,83,57.47363768517971,1.0,0.0,0.03,0.25
80492,793,113,-4.479842059314251,1.0,0.0,0.03,0.25
80605,794,113,39.56418317835778,1.0,0.0,0.03,0.25
80714,795,109,2.704377820715308,1.0,0.0,0.03,0.25
80826,796,112,47.53978794440627,1.0,0.0,0.03,0.25
80936,797,110,30.419931799173355,1.0,0.0,0.03,0.25
81042,798,106,16.563498795963824,1.0,0.0,0.03,0.25
81152,799,110,34.17980232089758,1.0,0.0,0.03,0.25
81246,800,94,45.1903425976634,1.0,0.0,0.03,0.25
81354,801,108,40.12290744436905,1.0,0.0,0.03,0.25
81437,802,83,69.6736376285553,1.0,0.0,0.03,0.25
81553,803,116,43.8430664348416,1.0,0.0,0.03,0.25
81662,804,109,45.0646513402462,1.0,0.0,0.03,0.25
81765,805,103,36.623762875795364,1.0,0.0,0.03,0.25
81879,806,114,44.15993571281433,1.0,0.0,0.03,0.25
81981,807,102,41.71251114457846,1.0,0.0,0.03,0.25
82089,808,108,34.40988967521116,1.0,0.0,0.03,0.25
82194,809,105,45.401943042408675,1.0,0.0,0.03,0.25
82280,810,86,53.71366374194622,1.0,0.0,0.03,0.25
82392,811,112,20.246915470808744,1.0,0.0,0.03,0.25
82506,812,114,28.766719181090593,1.0,0.0,0.03,0.25
82606,813,100,50.87791968882084,1.0,0.0,0.03,0.25
82712,814,106,8.056456945836544,1.0,0.0,0.03,0.25
82821,815,109,6.425220973789692,1.0,0.0,0.03,0.25
82934,816,113,33.006985552143306,1.0,0.0,0.03,0.25
83035,817,101,-11.644177233800292,1.0,0.0,0.03,0.25
83148,818,113,44.43336184648797,1.0,0.0,0.03,0.25
83262,819,114,41.15132436808199,1.0,0.0,0.03,0.25
83377,820,115,43.994325555860996,1.0,0.0,0.03,0.25
83476,821,99,29.74525403510779,1.0,0.0,0.03,0.25
83573,822,97,0.2067059427499771,1.0,0.0,0.03,0.25
83692,823,119,40.08919989550486,1.0,0.0,0.03,0.25
83795,824,103,44.258120872080326,1.0,0.0,0.03,0.25
83904,825,109,44.36400904832408,1.0,0.0,0.03,0.25
84016,826,112,2.220733517431654,1.0,0.0,0.03,0.25
84123,827,107,49.4439806449227,1.0,0.0,0.03,0.25
84233,828,110,36.14426411688328,1.0,0.0,0.03,0.25
84348,829,115,38.75777046335861,1.0,0.0,0.03,0.25
84457,830,109,56.61340655386448,1.0,0.0,0.03,0.25
84565,831,108,-19.017905462533236,1.0,0.0,0.03,0.25
84681,832,116,14.616410825401545,1.0,0.0,0.03,0.25
84764,833,83,56.72363744676113,1.0,0.0,0.03,0.25
84880,834,116,29.585283875931054,1.0,0.0,0.03,0.25
84991,835,111,41.19802128523588,1.0,0.0,0.03,0.25
85095,836,104,27.04205108807946,1.0,0.0,0.03,0.25
85201,837,106,32.95932235894725,1.0,0.0,0.03,0.25
85308,838,107,28.789929727092385,1.0,0.0,0.03,0.25
85419,839,111,27.57615847280249,1.0,0.0,0.03,0.25
85522,840,103,35.379225350916386,1.0,0.0,0.03,0.25
85624,841,102,40.50013155862689,1.0,0.0,0.03,0.25
85735,842,111,-3.09920216165483,1.0,0.0,0.03,0.25
85848,843,113,12.069022699724883,1.0,0.0,0.03,0.25
85932,844,84,60.13697847723961,1.0,0.0,0.03,0.25
86015,845,83,67.32363760471344,1.0,0.0,0.03,0.25
86125,846,110,14.082877814304084,1.0,0.0,0.03,0.25
86238,847,113,48.603873453103006,1.0,0.0,0.03,0.25
86341,848,103,37.96319042844698,1.0,0.0,0.03,0.25
86447,849,106,52.407215762883425,1.0,0.0,0.03,0.25
86555,850,108,-20.60179639607668,1.0,0.0,0.03,0.25
86669,851,114,20.2742116949521,1.0,0.0,0.03,0.25
86763,852,94,7.266330108046532,1.0,0.0,0.03,0.25
86880,853,117,47.65609613806009,1.0,0.0,0.03,0.25
86991,854,111,33.30985466763377,1.0,0.0,0.03,0.25
87103,855,112,51.75438791885972,1.0,0.0,0.03,0.25
87214,856,111,39.51987652713433,1.0,0.0,0.03,0.25
87327,857,113,41.166196934878826,1.0,0.0,0.03,0.25
87437,858,110,50.28974233940244,1.0,0.0,0.03,0.25
87541,859,104,-15.72668557986617,1.0,0.0,0.03,0.25
87646,860,105,36.29935834556818,1.0,0.0,0.03,0.25
87750,861,104,40.587407406419516,1.0,0.0,0.03,0.25
87861,862,111,15.142365172039717,1.0,0.0,0.03,0.25
87947,863,86,63.56366387009621,1.0,0.0,0.03,0.25
88049,864,102,35.64619613531977,1.0,0.0,0.03,0.25
88161,865,112,-13.724103145301342,1.0,0.0,0.03,0.25
88272,866,111,25.696944675873965,1.0,0.0,0.03,0.25
88380,867,108,34.80707531794906,1.0,0.0,0.03,0.25
88466,868,86,57.34166659414768,1.0,0.0,0.03,0.25
88573,869,107,37.94422297924757,1.0,0.0,0.03,0.25
88684,870,111,38.222117443569005,1.0,0.0,0.03,0.25
88795,871,111,43.1824921942316,1.0,0.0,0.03,0.25
88905,872,110,0.7464840039610863,1.0,0.0,0.03,0.25
89019,873,114,6.028173867613077,1.0,0.0,0.03,0.25
89102,874,83,64.97363758087158,1.0,0.0,0.03,0.25
89210,875,108,48.47018243279308,1.0,0.0,0.03,0.25
89317,876,107,37.09491848945618,1.0,0.0,0.03,0.25
89432,877,115,38.069098570384085,1.0,0.0,0.03,0.25
89538,878,106,23.840399641077965,1.0,0.0,0.03,0.25
89643,879,105,23.303740750066936,1.0,0.0,0.03,0.25
89744,880,101,40.872035272885114,1.0,0.0,0.03,0.25
89857,881,113,37.84524585260078,1.0,0.0,0.03,0.25
89968,882,111,2.0433000028133392,1.0,0.0,0.03,0.25
90067,883,99,47.4115359261632,1.0,0.0,0.03,0.25
90171,884,104,34.35761521756649,1.0,0.0,0.03,0.25
90281,885,110,-53.75912457006052,1.0,0.0,0.03,0.25
90375,886,94,41.83957475423813,1.0,0.0,0.03,0.25
90475,887,100,55.005028046667576,1.0,0.0,0.03,0.25
90585,888,110,43.09243334084749,1.0,0.0,0.03,0.25
90699,889,114,29.047672781642177,1.0,0.0,0.03,0.25
90814,890,115,-1.5659339092671871,1.0,0.0,0.03,0.25
90918,891,104,40.51391026005149,1.0,0.0,0.03,0.25
91025,892,107,55.135673861950636,1.0,0.0,0.03,0.25
91132,893,107,29.31651571393013,1.0,0.0,0.03,0.25
91241,894,109,46.36917890608311,1.0,0.0,0.03,0.25
91353,895,112,43.86522778822109,1.0,0.0,0.03,0.25
91466,896,113,-72.28978242911398,1.0,0.0,0.03,0.25
91577,897,111,25.371593395248055,1.0,0.0,0.03,0.25
91682,898,105,4.980192773044109,1.0,0.0,0.03,0.25
91800,899,118,-34.74127078615129,1.0,0.0,0.03,0.25
91899,900,99,35.174478138796985,1.0,0.0,0.03,0.25
92000,901,101,27.658283770550042,1.0,0.0,0.03,0.25
92110,902,110,14.8821180309169,1.0,0.0,0.03,0.25
92219,903,109,40.247386913280934,1.0,0.0,0.03,0.25
92323,904,104,25.999256409260852,1.0,0.0,0.03,0.25
92426,905,103,-27.971142142545432,1.0,0.0,0.03,0.25
92532,906,106,-16.203283678740263,1.0,0.0,0.03,0.25
92615,907,83,64.97363755106926,1.0,0.0,0.03,0.25
92724,908,109,36.88254686770961,1.0,0.0,0.03,0.25
92827,909,103,26.78760498482734,1.0,0.0,0.03,0.25
92937,910,110,45.41851042769849,1.0,0.0,0.03,0.25
93043,911,106,51.52000122144818,1.0,0.0,0.03,0.25
93152,912,109,49.633696898818016,1.0,0.0,0.03,0.25
93264,913,112,27.870921928435564,1.0,0.0,0.03,0.25
93370,914,106,43.81104139983654,1.0,0.0,0.03,0.25
93476,915,106,46.04663351178169,1.0,0.0,0.03,0.25
93586,916,110,31.256700675497996,1.0,0.0,0.03,0.25
93699,917,113,36.617229517083615,1.0,0.0,0.03,0.25
93811,918,112,39.27938325284049,1.0,0.0,0.03,0.25
93915,919,104,39.25858049467206,1.0,0.0,0.03,0.25
94023,920,108,26.522919307928532,1.0,0.0,0.03,0.25
94133,921,110,31.260580799542367,1.0,0.0,0.03,0.25
94235,922,102,31.40227400418371,1.0,0.0,0.03,0.25
94340,923,105,44.031960524618626,1.0,0.0,0.03,0.25
94452,924,112,-60.12620638683438,1.0,0.0,0.03,0.25
94563,925,111,50.89460364729166,1.0,0.0,0.03,0.25
94675,926,112,48.41105328081176,1.0,0.0,0.03,0.25
94788,927,113,53.581688184291124,1.0,0.0,0.03,0.25
94899,928,111,31.59150206297636,1.0,0.0,0.03,0.25
95004,929,105,-17.860744152218103,1.0,0.0,0.03,0.25
95107,930,103,42.894411977380514,1.0,0.0,0.03,0.25
95219,931,112,38.70979728130624,1.0,0.0,0.03,0.25
95326,932,107,45.510061759036034,1.0,0.0,0.03,0.25
95438,933,112,-2.2895670235157013,1.0,0.0,0.03,0.25
95521,934,83,57.92363765835762,1.0,0.0,0.03,0.25
95622,935,101,-26.057876105391188,1.0,0.0,0.03,0.25
95735,936,113,48.472203839570284,1.0,0.0,0.03,0.25
95849,937,114,39.915429081302136,1.0,0.0,0.03,0.25
95958,938,109,27.211812685709447,1.0,0.0,0.03,0.25
96041,939,83,67.32363763451576,1.0,0.0,0.03,0.25
96146,940,105,38.72521777031943,1.0,0.0,0.03,0.25
96250,941,104,41.82286098599434,1.0,0.0,0.03,0.25
96352,942,102,-14.898184147663414,1.0,0.0,0.03,0.25
96456,943,104,0.016055554151535034,1.0,0.0,0.03,0.25
96558,944,102,34.76241137366742,1.0,0.0,0.03,0.25
96660,945,102,56.927210960537195,1.0,0.0,0.03,0.25
96765,946,105,38.45795525750145,1.0,0.0,0.03,0.25
96868,947,103,47.41085924953222,1.0,0.0,0.03,0.25
96977,948,109,0.8643617751076818,1.0,0.0,0.03,0.25
97084,949,107,31.885614501312375,1.0,0.0,0.03,0.25
97150,950,66,-156.479493544437,0.0,1.0,0.03,0.25
97262,951,112,56.008149571716785,1.0,0.0,0.03,0.25
97370,952,108,-14.345155775547028,1.0,0.0,0.03,0.25
97480,953,110,47.20357361808419,1.0,0.0,0.03,0.25
97590,954,110,35.60197677835822,1.0,0.0,0.03,0.25
97695,955,105,30.448467008769512,1.0,0.0,0.03,0.25
97811,956,116,42.543277913704515,1.0,0.0,0.03,0.25
97913,957,102,32.832283936440945,1.0,0.0,0.03,0.25
98019,958,106,28.94423711625859,1.0,0.0,0.03,0.25
98121,959,102,26.08578626718372,1.0,0.0,0.03,0.25
98205,960,84,62.936978459358215,1.0,0.0,0.03,0.25
98313,961,108,31.368574164807796,1.0,0.0,0.03,0.25
98424,962,111,49.186950385570526,1.0,0.0,0.03,0.25
98532,963,108,-13.21810270100832,1.0,0.0,0.03,0.25
98634,964,102,35.78208054602146,1.0,0.0,0.03,0.25
98746,965,112,35.597804851830006,1.0,0.0,0.03,0.25
98855,966,109,49.74575546383858,1.0,0.0,0.03,0.25
98954,967,99,42.864677557736286,1.0,0.0,0.03,0.25
99061,968,107,41.612983502447605,1.0,0.0,0.03,0.25
99144,969,83,62.623637557029724,1.0,0.0,0.03,0.25
99243,970,99,24.144540104549378,1.0,0.0,0.03,0.25
99356,971,113,-9.954643301665783,1.0,0.0,0.03,0.25
99467,972,111,-8.748445864766836,1.0,0.0,0.03,0.25
99572,973,105,44.313313730061054,1.0,0.0,0.03,0.25
99680,974,108,46.88923279568553,1.0,0.0,0.03,0.25
99778,975,98,44.49957042187452,1.0,0.0,0.03,0.25
99884,976,106,15.736245169304311,1.0,0.0,0.03,0.25
99993,977,109,46.30723838508129,1.0,0.0,0.03,0.25
100077,978,84,62.93697854876518,1.0,0.0,0.03,0.25
100160,979,83,60.273637533187866,1.0,0.0,0.03,0.25
100273,980,113,17.232355463318527,1.0,0.0,0.03,0.25
100356,981,83,67.32363760471344,1.0,0.0,0.03,0.25
100471,982,115,26.734134383499622,1.0,0.0,0.03,0.25
100554,983,83,57.9236376285553,1.0,0.0,0.03,0.25
100637,984,83,67.32363760471344,1.0,0.0,0.03,0.25
100736,985,99,35.89095780812204,1.0,0.0,0.03,0.25
100839,986,103,47.57979620248079,1.0,0.0,0.03,0.25
100953,987,114,22.105210309382528,1.0,0.0,0.03,0.25
101064,988,111,10.234554663300514,1.0,0.0,0.03,0.25
101171,989,107,25.893517713528126,1.0,0.0,0.03,0.25
101274,990,103,-24.704198751598597,1.0,0.0,0.03,0.25
101384,991,110,-1.151288190856576,1.0,0.0,0.03,0.25
101492,992,108,52.175763718783855,1.0,0.0,0.03,0.25
101592,993,100,51.40584855526686,1.0,0.0,0.03,0.25
101687,994,95,-4.914795594289899,1.0,0.0,0.03,0.25
101801,995,114,-3.801349602639675,1.0,0.0,0.03,0.25
101884,996,83,62.62363761663437,1.0,0.0,0.03,0.25
101997,997,113,4.7560391165316105,1.0,0.0,0.03,0.25
102106,998,109,-17.649218149483204,1.0,0.0,0.03,0.25
102207,999,101,-13.89036737382412,1.0,0.0,0.03,0.25
102315,1000,108,38.69936971180141,1.0,0.0,0.03,0.25
102398,1001,83,64.9736377298832,1.0,0.0,0.03,0.25
102511,1002,113,43.32010319456458,1.0,0.0,0.03,0.25
102612,1003,101,-28.687626890838146,1.0,0.0,0.03,0.25
102725,1004,113,55.56662991642952,1.0,0.0,0.03,0.25
102829,1005,104,49.70327626913786,1.0,0.0,0.03,0.25
102941,1006,112,42.49126884061843,1.0,0.0,0.03,0.25
103050,1007,109,56.44415072724223,1.0,0.0,0.03,0.25
103163,1008,113,45.71017866535112,1.0,0.0,0.03,0.25
103271,1009,108,9.729444928467274,1.0,0.0,0.03,0.25
103375,1010,104,18.441075645387173,1.0,0.0,0.03,0.25
103480,1011,105,33.2878063833341,1.0,0.0,0.03,0.25
103587,1012,107,32.26571246236563,1.0,0.0,0.03,0.25
103694,1013,107,49.94246806204319,1.0,0.0,0.03,0.25
103800,1014,106,51.01352047175169,1.0,0.0,0.03,0.25
103909,1015,109,0.18842657655477524,1.0,0.0,0.03,0.25
104012,1016,103,50.481457233428955,1.0,0.0,0.03,0.25
104111,1017,99,55.81898967176676,1.0,0.0,0.03,0.25
104194,1018,83,62.623637557029724,1.0,0.0,0.03,0.25
104303,1019,109,34.713252894580364,1.0,0.0,0.03,0.25
104386,1020,83,55.12363763153553,1.0,0.0,0.03,0.25
104498,1021,112,40.277439535129815,1.0,0.0,0.03,0.25
104612,1022,114,25.93503119286106,1.0,0.0,0.03,0.25
104719,1023,107,32.388494085054845,1.0,0.0,0.03,0.25
104834,1024,115,-11.409079223871231,1.0,0.0,0.03,0.25
104945,1025,111,40.452564757782966,1.0,0.0,0.03,0.25
105059,1026,114,18.767880514264107,1.0,0.0,0.03,0.25
105173,1027,114,24.5673649571836,1.0,0.0,0.03,0.25
105256,1028,83,64.97363764047623,1.0,0.0,0.03,0.25
105364,1029,108,27.024180193897337,1.0,0.0,0.03,0.25
105472,1030,108,43.10757644101977,1.0,0.0,0.03,0.25
105576,1031,104,-10.797193512320518,1.0,0.0,0.03,0.25
105659,1032,83,60.27363762259483,1.0,0.0,0.03,0.25
105765,1033,106,41.581384781282395,1.0,0.0,0.03,0.25
105878,1034,113,9.319139319006354,1.0,0.0,0.03,0.25
105979,1035,101,40.76225707633421,1.0,0.0,0.03,0.25
106094,1036,115,40.4926627939567,1.0,0.0,0.03,0.25
106197,1037,103,37.112738233059645,1.0,0.0,0.03,0.25
106296,1038,99,28.988509096205235,1.0,0.0,0.03,0.25
106406,1039,110,48.02693416271359,1.0,0.0,0.03,0.25
106515,1040,109,20.073161531239748,1.0,0.0,0.03,0.25
106627,1041,112,27.477730233222246,1.0,0.0,0.03,0.25
106728,1042,101,-20.494174357503653,1.0,0.0,0.03,0.25
106838,1043,110,50.633547249715775,1.0,0.0,0.03,0.25
106945,1044,107,-15.43500286899507,1.0,0.0,0.03,0.25
107045,1045,100,20.37557491660118,1.0,0.0,0.03,0.25
107154,1046,109,4.253128319978714,1.0,0.0,0.03,0.25
107257,1047,103,6.663363613188267,1.0,0.0,0.03,0.25
107368,1048,111,7.533695615828037,1.0,0.0,0.03,0.25
107470,1049,102,13.89559459965676,1.0,0.0,0.03,0.25
107581,1050,111,30.511876321426826,1.0,0.0,0.03,0.25
107694,1051,113,43.93347384035587,1.0,0.0,0.03,0.25
107800,1052,106,31.16513795685023,1.0,0.0,0.03,0.25
107913,1053,113,0.3736882507801056,1.0,0.0,0.03,0.25
108030,1054,117,14.825752239208668,1.0,0.0,0.03,0.25
108145,1055,115,24.569274686276913,1.0,0.0,0.03,0.25
108251,1056,106,35.320356614887714,1.0,0.0,0.03,0.25
108360,1057,109,31.961344577372074,1.0,0.0,0.03,0.25
108470,1058,110,36.17108483845368,1.0,0.0,0.03,0.25
108579,1059,109,-6.947390258312225,1.0,0.0,0.03,0.25
108689,1060,110,33.736833810806274,1.0,0.0,0.03,0.25
108795,1061,106,53.590193409472704,1.0,0.0,0.03,0.25
108909,1062,114,43.80521254520863,1.0,0.0,0.03,0.25
108992,1063,83,64.97363764047623,1.0,0.0,0.03,0.25
109090,1064,98,46.97592009184882,1.0,0.0,0.03,0.25
109173,1065,83,64.97363758087158,1.0,0.0,0.03,0.25
109256,1066,83,57.923637598752975,1.0,0.0,0.03,0.25
109362,1067,106,53.03381473571062,1.0,0.0,0.03,0.25
109460,1068,98,48.964570824056864,1.0,0.0,0.03,0.25
109570,1069,110,31.951635806821287,1.0,0.0,0.03,0.25
109679,1070,109,-20.592837288975716,1.0,0.0,0.03,0.25
109795,1071,116,39.34952462790534,1.0,0.0,0.03,0.25
109904,1072,109,51.47356928139925,1.0,0.0,0.03,0.25
109987,1073,83,60.27363759279251,1.0,0.0,0.03,0.25
110096,1074,109,-19.311447881162167,1.0,0.0,0.03,0.25
110204,1075,108,51.9324590228498,1.0,0.0,0.03,0.25
110315,1076,111,37.50016763806343,1.0,0.0,0.03,0.25
110426,1077,111,-10.510218460578471,1.0,0.0,0.03,0.25
110509,1078,83,69.6736376285553,1.0,0.0,0.03,0.25
110621,1079,112,-55.158434830605984,1.0,0.0,0.03,0.25
110729,1080,108,40.40952209755778,1.0,0.0,0.03,0.25
110840,1081,111,52.54352333396673,1.0,0.0,0.03,0.25
110950,1082,110,-8.708511646836996,1.0,0.0,0.03,0.25
111045,1083,95,32.81162122217938,1.0,0.0,0.03,0.25
111154,1084,109,-13.513917945325375,1.0,0.0,0.03,0.25
111261,1085,107,55.70858707278967,1.0,0.0,0.03,0.25
111369,1086,108,35.03115605190396,1.0,0.0,0.03,0.25
111478,1087,109,53.3184417784214,1.0,0.0,0.03,0.25
111587,1088,109,48.54484584182501,1.0,0.0,0.03,0.25
111694,1089,107,-0.8086012378334999,1.0,0.0,0.03,0.25
111803,1090,109,40.326423972379416,1.0,0.0,0.03,0.25
111915,1091,112,34.697405812796205,1.0,0.0,0.03,0.25
112012,1092,97,-6.837191063910723,1.0,0.0,0.03,0.25
112127,1093,115,50.204845514148474,1.0,0.0,0.03,0.25
112230,1094,103,-38.98232633061707,1.0,0.0,0.03,0.25
112340,1095,110,30.824787850957364,1.0,0.0,0.03,0.25
112454,1096,114,42.72273109853268,1.0,0.0,0.03,0.25
112554,1097,100,-24.140500832349062,1.0,0.0,0.03,0.25
112652,1098,98,-11.67880517989397,1.0,0.0,0.03,0.25
112756,1099,104,42.04175209952518,1.0,0.0,0.03,0.25
112861,1100,105,39.06959665520117,1.0,0.0,0.03,0.25
112969,1101,108,6.006601884961128,1.0,0.0,0.03,0.25
113080,1102,111,19.23283205134794,1.0,0.0,0.03,0.25
113194,1103,114,-0.39378970116376877,1.0,0.0,0.03,0.25
113297,1104,103,61.842956721782684,1.0,0.0,0.03,0.25
113406,1105,109,46.760395649820566,1.0,0.0,0.03,0.25
113489,1106,83,55.573637664318085,1.0,0.0,0.03,0.25
113596,1107,107,0.8792170882225037,1.0,0.0,0.03,0.25
113712,1108,116,27.423123027198017,1.0,0.0,0.03,0.25
113823,1109,111,46.80382131785154,1.0,0.0,0.03,0.25
113932,1110,109,28.722042943816632,1.0,0.0,0.03,0.25
114036,1111,104,56.02570405602455,1.0,0.0,0.03,0.25
114148,1112,112,25.780178125482053,1.0,0.0,0.03,0.25
114263,1113,115,46.19307108549401,1.0,0.0,0.03,0.25
114369,1114,106,31.50482406746596,1.0,0.0,0.03,0.25
114477,1115,108,38.347411973401904,1.0,0.0,0.03,0.25
114560,1116,83,53.22363752126694,1.0,0.0,0.03,0.25
114666,1117,106,37.31428404340113,1.0,0.0,0.03,0.25
114777,1118,111,55.25863057747483,1.0,0.0,0.03,0.25
114888,1119,111,42.67315800115466,1.0,0.0,0.03,0.25
114999,1120,111,-42.88019784539938,1.0,0.0,0.03,0.25
115107,1121,108,26.087002590298653,1.0,0.0,0.03,0.25
115202,1122,95,51.51213874667883,1.0,0.0,0.03,0.25
115309,1123,107,55.59357389807701,1.0,0.0,0.03,0.25
115419,1124,110,-7.092584937810898,1.0,0.0,0.03,0.25
115537,1125,118,31.826317503582686,1.0,0.0,0.03,0.25
115645,1126,108,-56.67131507443264,1.0,0.0,0.03,0.25
115754,1127,109,42.335929077118635,1.0,0.0,0.03,0.25
115867,1128,113,24.57213575253263,1.0,0.0,0.03,0.25
115971,1129,104,28.615314193069935,1.0,0.0,0.03,0.25
116083,1130,112,0.9071057117544115,1.0,0.0,0.03,0.25
116195,1131,112,36.45026895729825,1.0,0.0,0.03,0.25
116278,1132,83,67.32363760471344,1.0,0.0,0.03,0.25
116385,1133,107,-57.766196893993765,1.0,0.0,0.03,0.25
116492,1134,107,55.00934808701277,1.0,0.0,0.03,0.25
116603,1135,111,-8.976062942761928,1.0,0.0,0.03,0.25
116717,1136,114,25.03342830389738,1.0,0.0,0.03,0.25
116825,1137,108,35.14024184271693,1.0,0.0,0.03,0.25
116937,1138,112,48.03332584630698,1.0,0.0,0.03,0.25
117050,1139,113,37.50521520152688,1.0,0.0,0.03,0.25
117165,1140,115,45.524296183139086,1.0,0.0,0.03,0.25
117270,1141,105,9.866860684938729,1.0,0.0,0.03,0.25
117377,1142,107,56.61026004329324,1.0,0.0,0.03,0.25
117488,1143,111,7.428641875740141,1.0,0.0,0.03,0.25
117604,1144,116,50.34988582227379,1.0,0.0,0.03,0.25
117709,1145,105,45.67653428390622,1.0,0.0,0.03,0.25
117815,1146,106,25.75015193084255,1.0,0.0,0.03,0.25
117918,1147,103,52.228729500900954,1.0,0.0,0.03,0.25
118025,1148,107,-0.34993926249444485,1.0,0.0,0.03,0.25
118140,1149,115,-36.35406593233347,1.0,0.0,0.03,0.25
118240,1150,100,33.79817694798112,1.0,0.0,0.03,0.25
118342,1151,102,44.8363922489807,1.0,0.0,0.03,0.25
118425,1152,83,60.27363759279251,1.0,0.0,0.03,0.25
118525,1153,100,22.54552638158202,1.0,0.0,0.03,0.25
118624,1154,99,48.62010142207146,1.0,0.0,0.03,0.25
118733,1155,109,-11.143240973353386,1.0,0.0,0.03,0.25
118838,1156,105,26.095465399324894,1.0,0.0,0.03,0.25
118944,1157,106,44.491630664560944,1.0,0.0,0.03,0.25
119053,1158,109,30.518864823505282,1.0,0.0,0.03,0.25
119157,1159,104,-24.213424623012543,1.0,0.0,0.03,0.25
119270,1160,113,28.743021194823086,1.0,0.0,0.03,0.25
119380,1161,110,55.551709454506636,1.0,0.0,0.03,0.25
119482,1162,102,59.35049434751272,1.0,0.0,0.03,0.25
119589,1163,107,19.71108838939108,1.0,0.0,0.03,0.25
119702,1164,113,26.843631044961512,1.0,0.0,0.03,0.25
119815,1165,113,32.59550952119753,1.0,0.0,0.03,0.25
119923,1166,108,-43.65196045488119,1.0,0.0,0.03,0.25
120032,1167,109,34.773215647321194,1.0,0.0,0.03,0.25
120145,1168,113,26.175739360041916,1.0,0.0,0.03,0.25
120250,1169,105,-10.074366457760334,1.0,0.0,0.03,0.25
120333,1170,83,64.97363758087158,1.0,0.0,0.03,0.25
120449,1171,116,-1.8903692290186882,1.0,0.0,0.03,0.25
120558,1172,109,56.47953940927982,1.0,0.0,0.03,0.25
120666,1173,108,25.243720080703497,1.0,0.0,0.03,0.25
120774,1174,108,20.192119552288204,1.0,0.0,0.03,0.25
120878,1175,104,38.5647161109373,1.0,0.0,0.03,0.25
120961,1176,83,62.6236377954483,1.0,0.0,0.03,0.25
121044,1177,83,64.9736377298832,1.0,0.0,0.03,0.25
121159,1178,115,33.0737998499535,1.0,0.0,0.03,0.25
121273,1179,114,45.57546266494319,1.0,0.0,0.03,0.25
121377,1180,104,30.434656992554665,1.0,0.0,0.03,0.25
121487,1181,110,33.29940638970584,1.0,0.0,0.03,0.25
121600,1182,113,14.914318352937698,1.0,0.0,0.03,0.25
121713,1183,113,20.105913846753538,1.0,0.0,0.03,0.25
121815,1184,102,42.171447567641735,1.0,0.0,0.03,0.25
121928,1185,113,11.588380608707666,1.0,0.0,0.03,0.25
122042,1186,114,38.37692616833374,1.0,0.0,0.03,0.25
122152,1187,110,-6.708100575953722,1.0,0.0,0.03,0.25
122262,1188,110,30.87673757877201,1.0,0.0,0.03,0.25
122345,1189,83,60.273637533187866,1.0,0.0,0.03,0.25
122428,1190,83,62.623637557029724,1.0,0.0,0.03,0.25
122533,1191,105,46.86762050166726,1.0,0.0,0.03,0.25
122636,1192,103,52.60673534497619,1.0,0.0,0.03,0.25
122741,1193,105,30.147185476496816,1.0,0.0,0.03,0.25
122845,1194,104,29.572573046199977,1.0,0.0,0.03,0.25
122945,1195,100,-6.289102781563997,1.0,0.0,0.03,0.25
123028,1196,83,64.97363758087158,1.0,0.0,0.03,0.25
123143,1197,115,46.138491444289684,1.0,0.0,0.03,0.25
123253,1198,110,-38.072998359799385,1.0,0.0,0.03,0.25
123357,1199,104,54.90337347984314,1.0,0.0,0.03,0.25
123454,1200,97,-17.868622962385416,1.0,0.0,0.03,0.25
123552,1201,98,0.524197306483984,1.0,0.0,0.03,0.25
123661,1202,109,51.722913685720414,1.0,0.0,0.03,0.25
123769,1203,108,16.89365670271218,1.0,0.0,0.03,0.25
123852,1204,83,57.92363750934601,1.0,0.0,0.03,0.25
123955,1205,103,44.658241145312786,1.0,0.0,0.03,0.25
124057,1206,102,33.93090776307508,1.0,0.0,0.03,0.25
124173,1207,116,-3.572929847985506,1.0,0.0,0.03,0.25
124286,1208,113,16.4894641158171,1.0,0.0,0.03,0.25
124399,1209,113,-12.843949787318707,1.0,0.0,0.03,0.25
124508,1210,109,43.192038245499134,1.0,0.0,0.03,0.25
124611,1211,103,-23.906649795360863,1.0,0.0,0.03,0.25
124720,1212,109,-2.6827088072896004,1.0,0.0,0.03,0.25
124835,1213,115,31.85239578783512,1.0,0.0,0.03,0.25
124918,1214,83,60.27363762259483,1.0,0.0,0.03,0.25
125027,1215,109,-17.015794567763805,1.0,0.0,0.03,0.25
125124,1216,97,56.54074537754059,1.0,0.0,0.03,0.25
125229,1217,105,10.763417135472992,1.0,0.0,0.03,0.25
125343,1218,114,28.71694453433156,1.0,0.0,0.03,0.25
125449,1219,106,21.22319681197405,1.0,0.0,0.03,0.25
125558,1220,109,37.791592235676944,1.0,0.0,0.03,0.25
125670,1221,112,48.19584937021136,1.0,0.0,0.03,0.25
125779,1222,109,52.17355157062411,1.0,0.0,0.03,0.25
125863,1223,84,62.93698200583458,1.0,0.0,0.03,0.25
125972,1224,109,43.48845515027642,1.0,0.0,0.03,0.25
126081,1225,109,25.23096653772518,1.0,0.0,0.03,0.25
126164,1226,83,67.32363760471344,1.0,0.0,0.03,0.25
126280,1227,116,31.571674585342407,1.0,0.0,0.03,0.25
126395,1228,115,13.549391970038414,1.0,0.0,0.03,0.25
126478,1229,83,64.97363755106926,1.0,0.0,0.03,0.25
126588,1230,110,37.87924302788451,1.0,0.0,0.03,0.25
126671,1231,83,64.97363767027855,1.0,0.0,0.03,0.25
126783,1232,112,41.63224680535495,1.0,0.0,0.03,0.25
126866,1233,83,57.9236376285553,1.0,0.0,0.03,0.25
126973,1234,107,36.369537115097046,1.0,0.0,0.03,0.25
127083,1235,110,35.95789761422202,1.0,0.0,0.03,0.25
127192,1236,109,46.367116920650005,1.0,0.0,0.03,0.25
127297,1237,105,12.069419683888555,1.0,0.0,0.03,0.25
127403,1238,106,34.81305571645498,1.0,0.0,0.03,0.25
127510,1239,107,-7.481235721381381,1.0,0.0,0.03,0.25
127625,1240,115,17.339409792330116,1.0,0.0,0.03,0.25
127708,1241,83,57.92363765835762,1.0,0.0,0.03,0.25
127816,1242,108,43.221472419798374,1.0,0.0,0.03,0.25
127918,1243,102,18.47006607754156,1.0,0.0,0.03,0.25
128024,1244,106,13.414152633398771,1.0,0.0,0.03,0.25
128132,1245,108,38.25610060011968,1.0,0.0,0.03,0.25
128244,1246,112,36.507142912596464,1.0,0.0,0.03,0.25
128356,1247,112,30.352248906623572,1.0,0.0,0.03,0.25
128461,1248,105,31.96807148307562,1.0,0.0,0.03,0.25
128544,1249,83,64.97363755106926,1.0,0.0,0.03,0.25
128627,1250,83,67.32363760471344,1.0,0.0,0.03,0.25
128737,1251,110,31.35070287436247,1.0,0.0,0.03,0.25
128835,1252,98,13.230695337057114,1.0,0.0,0.03,0.25
128950,1253,115,44.2279289807193,1.0,0.0,0.03,0.25
129057,1254,107,38.960532426834106,1.0,0.0,0.03,0.25
129163,1255,106,34.852967008482665,1.0,0.0,0.03,0.25
129279,1256,116,0.629120159894228,1.0,0.0,0.03,0.25
129386,1257,107,14.486563704907894,1.0,0.0,0.03,0.25
129490,1258,104,-11.146832380443811,1.0,0.0,0.03,0.25
129598,1259,108,40.60064138332382,1.0,0.0,0.03,0.25
129702,1260,104,39.03763327002525,1.0,0.0,0.03,0.25
129810,1261,108,35.61307717207819,1.0,0.0,0.03,0.25
129913,1262,103,10.76941682305187,1.0,0.0,0.03,0.25
130007,1263,94,48.99055066332221,1.0,0.0,0.03,0.25
130118,1264,111,56.160743180662394,1.0,0.0,0.03,0.25
130225,1265,107,4.211539634037763,1.0,0.0,0.03,0.25
130327,1266,102,-1.092462589032948,1.0,0.0,0.03,0.25
130437,1267,110,38.10567362885922,1.0,0.0,0.03,0.25
130523,1268,86,61.21366387605667,1.0,0.0,0.03,0.25
130635,1269,112,45.60097431298345,1.0,0.0,0.03,0.25
130740,1270,105,-30.72824134118855,1.0,0.0,0.03,0.25
130848,1271,108,52.60215517133474,1.0,0.0,0.03,0.25
130956,1272,108,41.3037148299627,1.0,0.0,0.03,0.25
131069,1273,113,1.8827303759753704,1.0,0.0,0.03,0.25
131181,1274,112,36.43912798399106,1.0,0.0,0.03,0.25
131264,1275,83,67.32363760471344,1.0,0.0,0.03,0.25
131375,1276,111,2.8469789884984493,1.0,0.0,0.03,0.25
131480,1277,105,25.963617112021893,1.0,0.0,0.03,0.25
131592,1278,112,41.989835745655,1.0,0.0,0.03,0.25
131695,1279,103,37.00769926654175,1.0,0.0,0.03,0.25
131780,1280,85,56.18762785196304,1.0,0.0,0.03,0.25
131883,1281,103,49.523518569767475,1.0,0.0,0.03,0.25
131990,1282,107,-9.313151367940009,1.0,0.0,0.03,0.25
132103,1283,113,35.29043394699693,1.0,0.0,0.03,0.25
132199,1284,96,3.985822021961212,1.0,0.0,0.03,0.25
132297,1285,98,7.631743051111698,1.0,0.0,0.03,0.25
132407,1286,110,45.34343280643225,1.0,0.0,0.03,0.25
132515,1287,108,53.49196174368262,1.0,0.0,0.03,0.25
132627,1288,112,33.468665077351034,1.0,0.0,0.03,0.25
132739,1289,112,34.53755640750751,1.0,0.0,0.03,0.25
132848,1290,109,26.441575958393514,1.0,0.0,0.03,0.25
132963,1291,115,40.54172031767666,1.0,0.0,0.03,0.25
133064,1292,101,54.229368682950735,1.0,0.0,0.03,0.25
133171,1293,107,8.31461451947689,1.0,0.0,0.03,0.25
133281,1294,110,37.1459700348787,1.0,0.0,0.03,0.25
133390,1295,109,41.55020484700799,1.0,0.0,0.03,0.25
133503,1296,113,32.953653450123966,1.0,0.0,0.03,0.25
133615,1297,112,10.870123129338026,1.0,0.0,0.03,0.25
133717,1298,102,48.40837826952338,1.0,0.0,0.03,0.25
133821,1299,104,35.22825898744122,1.0,0.0,0.03,0.25
133930,1300,109,-5.573430259246379,1.0,0.0,0.03,0.25
134013,1301,83,60.273637533187866,1.0,0.0,0.03,0.25
134110,1302,97,-20.957331474870443,1.0,0.0,0.03,0.25
134193,1303,83,64.97363758087158,1.0,0.0,0.03,0.25
134302,1304,109,44.76611841470003,1.0,0.0,0.03,0.25
134416,1305,114,37.23017214378342,1.0,0.0,0.03,0.25
134522,1306,106,42.71990239620209,1.0,0.0,0.03,0.25
134629,1307,107,44.307724544312805,1.0,0.0,0.03,0.25
134737,1308,108,44.684793343767524,1.0,0.0,0.03,0.25
134846,1309,109,45.845282066613436,1.0,0.0,0.03,0.25
134957,1310,111,38.22292595822364,1.0,0.0,0.03,0.25
135071,1311,114,24.03838048502803,1.0,0.0,0.03,0.25
135180,1312,109,-6.685079261660576,1.0,0.0,0.03,0.25
135293,1313,113,-74.22978115873411,1.0,0.0,0.03,0.25
135395,1314,102,-11.06520101800561,1.0,0.0,0.03,0.25
135478,1315,83,67.32363760471344,1.0,0.0,0.03,0.25
135590,1316,112,8.1015439433977,1.0,0.0,0.03,0.25
135702,1317,112,-58.67820360139012,1.0,0.0,0.03,0.25
135811,1318,109,44.46875882384484,1.0,0.0,0.03,0.25
135918,1319,107,30.746760100126266,1.0,0.0,0.03,0.25
136026,1320,108,40.59541819989681,1.0,0.0,0.03,0.25
136109,1321,83,60.27363756299019,1.0,0.0,0.03,0.25
136218,1322,109,21.541866048704833,1.0,0.0,0.03,0.25
136330,1323,112,10.86576878093183,1.0,0.0,0.03,0.25
136430,1324,100,56.402830854058266,1.0,0.0,0.03,0.25
136539,1325,109,-7.755980920046568,1.0,0.0,0.03,0.25
136653,1326,114,4.503979247994721,1.0,0.0,0.03,0.25
136753,1327,100,-38.70014298707247,1.0,0.0,0.03,0.25
136868,1328,115,-3.6567297242581844,1.0,0.0,0.03,0.25
136975,1329,107,27.4713867418468,1.0,0.0,0.03,0.25
137088,1330,113,45.12669178005308,1.0,0.0,0.03,0.25
137200,1331,112,44.94437275407836,1.0,0.0,0.03,0.25
137311,1332,111,55.39709851145744,1.0,0.0,0.03,0.25
137419,1333,108,45.56173383444548,1.0,0.0,0.03,0.25
137502,1334,83,55.12363760173321,1.0,0.0,0.03,0.25
137609,1335,107,33.75665049254894,1.0,0.0,0.03,0.25
137712,1336,103,-62.265983529388905,1.0,0.0,0.03,0.25
137817,1337,105,38.11745847016573,1.0,0.0,0.03,0.25
137916,1338,99,40.04023189051077,1.0,0.0,0.03,0.25
138028,1339,112,33.65624438691884,1.0,0.0,0.03,0.25
138141,1340,113,46.780419043730944,1.0,0.0,0.03,0.25
138250,1341,109,44.718240700662136,1.0,0.0,0.03,0.25
138355,1342,105,-31.350148690864444,1.0,0.0,0.03,0.25
138438,1343,83,69.6736376285553,1.0,0.0,0.03,0.25
138543,1344,105,-5.441933480557054,1.0,0.0,0.03,0.25
138658,1345,115,11.033028729259968,1.0,0.0,0.03,0.25
138774,1346,116,-52.61902401968837,1.0,0.0,0.03,0.25
138884,1347,110,44.04893511114642,1.0,0.0,0.03,0.25
138996,1348,112,35.25696355430409,1.0,0.0,0.03,0.25
139108,1349,112,-1.3413051590323448,1.0,0.0,0.03,0.25
139209,1350,101,38.94809208717197,1.0,0.0,0.03,0.25
139314,1351,105,36.358407573308796,1.0,0.0,0.03,0.25
139421,1352,107,26.308062062133104,1.0,0.0,0.03,0.25
139538,1353,117,32.06898723402992,1.0,0.0,0.03,0.25
139642,1354,104,-17.776916969567537,1.0,0.0,0.03,0.25
139753,1355,111,44.757922017790406,1.0,0.0,0.03,0.25
139865,1356,112,41.76797679672018,1.0,0.0,0.03,0.25
139970,1357,105,54.8070609793067,1.0,0.0,0.03,0.25
140072,1358,102,-1.1094921194016933,1.0,0.0,0.03,0.25
140183,1359,111,53.19287076219916,1.0,0.0,0.03,0.25
140294,1360,111,-6.92089881002903,1.0,0.0,0.03,0.25
140377,1361,83,69.6736376285553,1.0,0.0,0.03,0.25
140460,1362,83,57.92363768815994,1.0,0.0,0.03,0.25
140574,1363,114,33.94060288602486,1.0,0.0,0.03,0.25
140684,1364,110,41.09345454722643,1.0,0.0,0.03,0.25
140794,1365,110,51.721193358302116,1.0,0.0,0.03,0.25
140902,1366,108,40.98270792141557,1.0,0.0,0.03,0.25
140998,1367,96,-2.4666355215013027,1.0,0.0,0.03,0.25
141107,1368,109,42.34262657864019,1.0,0.0,0.03,0.25
141212,1369,105,49.4627201333642,1.0,0.0,0.03,0.25
141316,1370,104,39.2061916673556,1.0,0.0,0.03,0.25
141421,1371,105,21.215732705779374,1.0,0.0,0.03,0.25
141504,1372,83,60.27363759279251,1.0,0.0,0.03,0.25
141611,1373,107,49.347113847732544,1.0,0.0,0.03,0.25
141708,1374,97,29.32756068557501,1.0,0.0,0.03,0.25
141817,1375,109,-18.9267055420205,1.0,0.0,0.03,0.25
141926,1376,109,-2.3794976621866226,1.0,0.0,0.03,0.25
142035,1377,109,34.85794840520248,1.0,0.0,0.03,0.25
142133,1378,98,-38.04779514670372,1.0,0.0,0.03,0.25
142246,1379,113,-1.064702570438385,1.0,0.0,0.03,0.25
142332,1380,86,63.56366387009621,1.0,0.0,0.03,0.25
142445,1381,113,29.57495637377724,1.0,0.0,0.03,0.25
142547,1382,102,-4.945615847129375,1.0,0.0,0.03,0.25
142655,1383,108,42.13780763652176,1.0,0.0,0.03,0.25
142762,1384,107,36.03472371771932,1.0,0.0,0.03,0.25
142872,1385,110,48.89269511401653,1.0,0.0,0.03,0.25
142986,1386,114,5.315692111849785,1.0,0.0,0.03,0.25
143099,1387,113,47.434657314792275,1.0,0.0,0.03,0.25
143211,1388,112,0.5042021572589874,1.0,0.0,0.03,0.25
143320,1389,109,38.29077045805752,1.0,0.0,0.03,0.25
143436,1390,116,48.522966146003455,1.0,0.0,0.03,0.25
143550,1391,114,37.451538301538676,1.0,0.0,0.03,0.25
143652,1392,102,38.05676183849573,1.0,0.0,0.03,0.25
143761,1393,109,38.041046634316444,1.0,0.0,0.03,0.25
143844,1394,83,55.12363736331463,1.0,0.0,0.03,0.25
143951,1395,107,52.81855287402868,1.0,0.0,0.03,0.25
144062,1396,111,49.94605648005381,1.0,0.0,0.03,0.25
144164,1397,102,46.65685327863321,1.0,0.0,0.03,0.25
144277,1398,113,8.089724507182837,1.0,0.0,0.03,0.25
144382,1399,105,36.95375164505094,1.0,0.0,0.03,0.25
144481,1400,99,27.50218829512596,1.0,0.0,0.03,0.25
144549,1401,68,-197.75451504811645,0.0,1.0,0.03,0.25
144649,1402,100,43.296375181525946,1.0,0.0,0.03,0.25
144758,1403,109,35.25455004302785,1.0,0.0,0.03,0.25
144841,1404,83,60.273637533187866,1.0,0.0,0.03,0.25
144952,1405,111,50.12917850119993,1.0,0.0,0.03,0.25
145056,1406,104,51.58565539866686,1.0,0.0,0.03,0.25
145139,1407,83,62.62363761663437,1.0,0.0,0.03,0.25
145225,1408,86,63.563663989305496,1.0,0.0,0.03,0.25
145337,1409,112,28.806023164652288,1.0,0.0,0.03,0.25
145420,1410,83,62.62363758683205,1.0,0.0,0.03,0.25
145504,1411,84,62.93697848916054,1.0,0.0,0.03,0.25
145608,1412,104,53.905381605029106,1.0,0.0,0.03,0.25
145715,1413,107,-18.400921411812305,1.0,0.0,0.03,0.25
145828,1414,113,-0.08630876243114471,1.0,0.0,0.03,0.25
145937,1415,109,24.052770706359297,1.0,0.0,0.03,0.25
146041,1416,104,49.91800855100155,1.0,0.0,0.03,0.25
146151,1417,110,41.25645415484905,1.0,0.0,0.03,0.25
146247,1418,96,-3.6485997014679015,1.0,0.0,0.03,0.25
146350,1419,103,-1.5870766714215279,1.0,0.0,0.03,0.25
146447,1420,97,3.3371892515569925,1.0,0.0,0.03,0.25
146530,1421,83,53.22363752126694,1.0,0.0,0.03,0.25
146646,1422,116,48.839875229634345,1.0,0.0,0.03,0.25
146752,1423,106,-31.840558893978596,1.0,0.0,0.03,0.25
146858,1424,106,33.81046474352479,1.0,0.0,0.03,0.25
146961,1425,103,39.33859860850498,1.0,0.0,0.03,0.25
147070,1426,109,10.29915776848793,1.0,0.0,0.03,0.25
147178,1427,108,48.44838114082813,1.0,0.0,0.03,0.25
147275,1428,97,42.14220352470875,1.0,0.0,0.03,0.25
147358,1429,83,64.9736376106739,1.0,0.0,0.03,0.25
147456,1430,98,44.185939132701606,1.0,0.0,0.03,0.25
147569,1431,113,36.159837811719626,1.0,0.0,0.03,0.25
147652,1432,83,64.97363755106926,1.0,0.0,0.03,0.25
147760,1433,108,4.6566681526601315,1.0,0.0,0.03,0.25
147866,1434,106,27.50358405848965,1.0,0.0,0.03,0.25
147980,1435,114,43.72792250663042,1.0,0.0,0.03,0.25
148085,1436,105,-22.723382027819753,1.0,0.0,0.03,0.25
148194,1437,109,-63.48867166088894,1.0,0.0,0.03,0.25
148310,1438,116,43.62353591294959,1.0,0.0,0.03,0.25
148422,1439,112,40.93600862799212,1.0,0.0,0.03,0.25
148537,1440,115,-9.721411533653736,1.0,0.0,0.03,0.25
148650,1441,113,24.178200732916594,1.0,0.0,0.03,0.25
148764,1442,114,20.251554742455482,1.0,0.0,0.03,0.25
148878,1443,114,41.04997783061117,1.0,0.0,0.03,0.25
148980,1444,102,20.18538125512714,1.0,0.0,0.03,0.25
149088,1445,108,39.33172953501344,1.0,0.0,0.03,0.25
149193,1446,105,14.474688947200775,1.0,0.0,0.03,0.25
149307,1447,114,33.87593801645562,1.0,0.0,0.03,0.25
149391,1448,84,58.23698207736015,1.0,0.0,0.03,0.25
149501,1449,110,32.394316881429404,1.0,0.0,0.03,0.25
149616,1450,115,51.70317029580474,1.0,0.0,0.03,0.25
149729,1451,113,42.55718265846372,1.0,0.0,0.03,0.25
149830,1452,101,40.6986496206373,1.0,0.0,0.03,0.25
149926,1453,96,39.92168729752302,1.0,0.0,0.03,0.25
150039,1454,113,28.994697520975024,1.0,0.0,0.03,0.25
150147,1455,108,32.17290240249713,1.0,0.0,0.03,0.25
150254,1456,107,26.904893352184445,1.0,0.0,0.03,0.25
150365,1457,111,31.975431927945465,1.0,0.0,0.03,0.25
150478,1458,113,27.148026790004224,1.0,0.0,0.03,0.25
150585,1459,107,49.311745188664645,1.0,0.0,0.03,0.25
150701,1460,116,27.326885875314474,1.0,0.0,0.03,0.25
150804,1461,103,13.606228895485401,1.0,0.0,0.03,0.25
150916,1462,112,-5.886644035577774,1.0,0.0,0.03,0.25
151032,1463,116,34.209426457062364,1.0,0.0,0.03,0.25
151145,1464,113,1.70804288610816,1.0,0.0,0.03,0.25
151228,1465,83,60.273637533187866,1.0,0.0,0.03,0.25
151342,1466,114,20.030179120600224,1.0,0.0,0.03,0.25
151441,1467,99,44.88878970593214,1.0,0.0,0.03,0.25
151545,1468,104,54.69733488559723,1.0,0.0,0.03,0.25
151658,1469,113,-19.83707620948553,1.0,0.0,0.03,0.25
151764,1470,106,45.373139317147434,1.0,0.0,0.03,0.25
151860,1471,96,33.40806179493666,1.0,0.0,0.03,0.25
151943,1472,83,62.623637676239014,1.0,0.0,0.03,0.25
152043,1473,100,29.55546649545431,1.0,0.0,0.03,0.25
152126,1474,83,64.97363755106926,1.0,0.0,0.03,0.25
152227,1475,101,16.462861582636833,1.0,0.0,0.03,0.25
152338,1476,111,4.794279552996159,1.0,0.0,0.03,0.25
152453,1477,115,-62.775396030861884,1.0,0.0,0.03,0.25
152563,1478,110,38.073539678007364,1.0,0.0,0.03,0.25
152675,1479,112,47.081581737846136,1.0,0.0,0.03,0.25
152758,1480,83,60.27363759279251,1.0,0.0,0.03,0.25
152865,1481,107,2.358103398233652,1.0,0.0,0.03,0.25
152978,1482,113,41.2861029393971,1.0,0.0,0.03,0.25
153086,1483,108,37.645429998636246,1.0,0.0,0.03,0.25
153191,1484,105,28.91323497146368,1.0,0.0,0.03,0.25
153294,1485,103,36.44770596176386,1.0,0.0,0.03,0.25
153404,1486,110,30.63180200010538,1.0,0.0,0.03,0.25
153519,1487,115,45.74684690637514,1.0,0.0,0.03,0.25
153629,1488,110,11.489333759993315,1.0,0.0,0.03,0.25
153744,1489,115,-40.308514182441286,1.0,0.0,0.03,0.25
153855,1490,111,45.97409972548485,1.0,0.0,0.03,0.25
153966,1491,111,35.8869836749509,1.0,0.0,0.03,0.25
154070,1492,104,45.755893621593714,1.0,0.0,0.03,0.25
154153,1493,83,64.97363758087158,1.0,0.0,0.03,0.25
154257,1494,104,23.49276451766491,1.0,0.0,0.03,0.25
154366,1495,109,45.463192615658045,1.0,0.0,0.03,0.25
154476,1496,110,-4.482431020587683,1.0,0.0,0.03,0.25
154577,1497,101,15.95873851282522,1.0,0.0,0.03,0.25
154678,1498,101,11.1584642957896,1.0,0.0,0.03,0.25
154791,1499,113,-36.81437353976071,1.0,0.0,0.03,0.25
154874,1500,83,60.27363774180412,1.0,0.0,0.03,0.25
154957,1501,83,62.623637676239014,1.0,0.0,0.03,0.25
155058,1502,101,50.81702755019069,1.0,0.0,0.03,0.25
155168,1503,110,31.377190445549786,1.0,0.0,0.03,0.25
155266,1504,98,35.75242705643177,1.0,0.0,0.03,0.25
155378,1505,112,43.32365120900795,1.0,0.0,0.03,0.25
155490,1506,112,37.308854307513684,1.0,0.0,0.03,0.25
155577,1507,87,54.62700481712818,1.0,0.0,0.03,0.25
155685,1508,108,32.274806251283735,1.0,0.0,0.03,0.25
155801,1509,116,37.18152100313455,1.0,0.0,0.03,0.25
155899,1510,98,39.77990944869816,1.0,0.0,0.03,0.25
155984,1511,85,58.550322920084,1.0,0.0,0.03,0.25
156067,1512,83,67.32363763451576,1.0,0.0,0.03,0.25
156170,1513,103,29.19263068260625,1.0,0.0,0.03,0.25
156268,1514,98,-3.9293297063559294,1.0,0.0,0.03,0.25
156373,1515,105,47.197828266303986,1.0,0.0,0.03,0.25
156478,1516,105,14.89526210166514,1.0,0.0,0.03,0.25
156585,1517,107,42.19235805794597,1.0,0.0,0.03,0.25
156689,1518,104,1.5145011800341308,1.0,0.0,0.03,0.25
156800,1519,111,22.233611622825265,1.0,0.0,0.03,0.25
156898,1520,98,-19.58351621031761,1.0,0.0,0.03,0.25
156981,1521,83,62.6236375272274,1.0,0.0,0.03,0.25
157089,1522,108,6.747200805693865,1.0,0.0,0.03,0.25
157200,1523,111,-10.266989894211292,1.0,0.0,0.03,0.25
157307,1524,107,-22.445855794474483,1.0,0.0,0.03,0.25
157401,1525,94,41.28799221664667,1.0,0.0,0.03,0.25
157511,1526,110,22.53001469327137,1.0,0.0,0.03,0.25
157618,1527,107,18.263036239892244,1.0,0.0,0.03,0.25
157733,1528,115,-13.593875758349895,1.0,0.0,0.03,0.25
157840,1529,107,32.485784474760294,1.0,0.0,0.03,0.25
157951,1530,111,42.54635013639927,1.0,0.0,0.03,0.25
158056,1531,105,44.23531154450029,1.0,0.0,0.03,0.25
158167,1532,111,40.59052439313382,1.0,0.0,0.03,0.25
158280,1533,113,22.566962034485186,1.0,0.0,0.03,0.25
158384,1534,104,23.340016063302755,1.0,0.0,0.03,0.25
158488,1535,104,-38.2204102021642,1.0,0.0,0.03,0.25
158571,1536,83,50.87363773584366,1.0,0.0,0.03,0.25
158671,1537,100,26.060174292419106,1.0,0.0,0.03,0.25
158780,1538,109,53.84445032477379,1.0,0.0,0.03,0.25
158888,1539,108,51.72431854857132,1.0,0.0,0.03,0.25
159000,1540,112,56.45996733754873,1.0,0.0,0.03,0.25
159108,1541,108,50.66400459036231,1.0,0.0,0.03,0.25
159214,1542,106,41.47219548979774,1.0,0.0,0.03,0.25
159320,1543,106,-2.618106611073017,1.0,0.0,0.03,0.25
159430,1544,110,11.378509945719998,1.0,0.0,0.03,0.25
159538,1545,108,19.554988238523947,1.0,0.0,0.03,0.25
159647,1546,109,42.80322406440973,1.0,0.0,0.03,0.25
159741,1547,94,40.42425653664395,1.0,0.0,0.03,0.25
159848,1548,107,-1.6727472748607397,1.0,0.0,0.03,0.25
159931,1549,83,64.97363758087158,1.0,0.0,0.03,0.25
160045,1550,114,-12.944680981338024,1.0,0.0,0.03,0.25
160128,1551,83,55.57363763451576,1.0,0.0,0.03,0.25
160228,1552,100,0.40935808792710304,1.0,0.0,0.03,0.25
160342,1553,114,-4.575942322611809,1.0,0.0,0.03,0.25
160446,1554,104,49.93455658853054,1.0,0.0,0.03,0.25
160547,1555,101,32.77926688129082,1.0,0.0,0.03,0.25
160659,1556,112,12.08934973552823,1.0,0.0,0.03,0.25
160771,1557,112,30.54219438135624,1.0,0.0,0.03,0.25
160877,1558,106,47.074717805720866,1.0,0.0,0.03,0.25
160988,1559,111,31.26143542258069,1.0,0.0,0.03,0.25
161092,1560,104,51.71864980086684,1.0,0.0,0.03,0.25
161203,1561,111,45.956163661554456,1.0,0.0,0.03,0.25
161310,1562,107,38.2924137301743,1.0,0.0,0.03,0.25
161423,1563,113,40.63877677032724,1.0,0.0,0.03,0.25
161529,1564,106,-5.867756657768041,1.0,0.0,0.03,0.25
161639,1565,110,51.022105909418315,1.0,0.0,0.03,0.25
161739,1566,100,34.08385441545397,1.0,0.0,0.03,0.25
161822,1567,83,64.9736378788948,1.0,0.0,0.03,0.25
161933,1568,111,-7.766890667378902,1.0,0.0,0.03,0.25
162042,1569,109,49.399955834727734,1.0,0.0,0.03,0.25
162155,1570,113,42.88506158068776,1.0,0.0,0.03,0.25
162262,1571,107,18.26111726090312,1.0,0.0,0.03,0.25
162367,1572,105,6.797115124762058,1.0,0.0,0.03,0.25
162477,1573,110,-19.475545429158956,1.0,0.0,0.03,0.25
162579,1574,102,-15.68660925887525,1.0,0.0,0.03,0.25
162686,1575,107,-2.1612540800124407,1.0,0.0,0.03,0.25
162796,1576,110,12.753670025616884,1.0,0.0,0.03,0.25
162879,1577,83,57.923637837171555,1.0,0.0,0.03,0.25
162979,1578,100,34.723147958517075,1.0,0.0,0.03,0.25
163078,1579,99,56.30055310204625,1.0,0.0,0.03,0.25
163191,1580,113,48.95863430947065,1.0,0.0,0.03,0.25
163304,1581,113,58.41748570278287,1.0,0.0,0.03,0.25
163408,1582,104,-31.67663570912555,1.0,0.0,0.03,0.25
163511,1583,103,-9.6234544031322,1.0,0.0,0.03,0.25
163623,1584,112,57.23106575012207,1.0,0.0,0.03,0.25
163706,1585,83,60.27363759279251,1.0,0.0,0.03,0.25
163789,1586,83,67.32363760471344,1.0,0.0,0.03,0.25
163896,1587,107,23.635927714407444,1.0,0.0,0.03,0.25
164002,1588,106,44.63842485845089,1.0,0.0,0.03,0.25
164106,1589,104,44.906625697462005,1.0,0.0,0.03,0.25
164213,1590,107,-2.3062222748994827,1.0,0.0,0.03,0.25
164322,1591,109,51.46618506591767,1.0,0.0,0.03,0.25
164434,1592,112,-21.089926034212112,1.0,0.0,0.03,0.25
164536,1593,102,-6.298166781663895,1.0,0.0,0.03,0.25
164648,1594,112,47.03436900675297,1.0,0.0,0.03,0.25
164755,1595,107,26.664354796987027,1.0,0.0,0.03,0.25
164838,1596,83,57.92363780736923,1.0,0.0,0.03,0.25
164946,1597,108,25.71509450301528,1.0,0.0,0.03,0.25
165047,1598,101,31.797210060525686,1.0,0.0,0.03,0.25
165150,1599,103,29.826092150062323,1.0,0.0,0.03,0.25
165264,1600,114,-81.77264117076993,1.0,0.0,0.03,0.25
165376,1601,112,34.92404330894351,1.0,0.0,0.03,0.25
165486,1602,110,50.737987752538174,1.0,0.0,0.03,0.25
165570,1603,84,58.23698204755783,1.0,0.0,0.03,0.25
165653,1604,83,62.623637557029724,1.0,0.0,0.03,0.25
165762,1605,109,41.61371563700959,1.0,0.0,0.03,0.25
165874,1606,112,41.45444142771885,1.0,0.0,0.03,0.25
165957,1607,83,60.27363768219948,1.0,0.0,0.03,0.25
166053,1608,96,44.76997045427561,1.0,0.0,0.03,0.25
166151,1609,98,48.02998244203627,1.0,0.0,0.03,0.25
166252,1610,101,35.15460320841521,1.0,0.0,0.03,0.25
166362,1611,110,6.260847989469767,1.0,0.0,0.03,0.25
166475,1612,113,0.8307835757732391,1.0,0.0,0.03,0.25
166580,1613,105,7.879825273528695,1.0,0.0,0.03,0.25
166683,1614,103,-25.818707041442394,1.0,0.0,0.03,0.25
166793,1615,110,40.73142394796014,1.0,0.0,0.03,0.25
166908,1616,115,44.92079294612631,1.0,0.0,0.03,0.25
167015,1617,107,2.241225034929812,1.0,0.0,0.03,0.25
167124,1618,109,15.131923208013177,1.0,0.0,0.03,0.25
167226,1619,102,45.466620191931725,1.0,0.0,0.03,0.25
167339,1620,113,47.028302459533734,1.0,0.0,0.03,0.25
167435,1621,96,57.38108588755131,1.0,0.0,0.03,0.25
167519,1622,84,58.23697856068611,1.0,0.0,0.03,0.25
167636,1623,117,46.59858525544405,1.0,0.0,0.03,0.25
167740,1624,104,51.229446582496166,1.0,0.0,0.03,0.25
167823,1625,83,60.273637533187866,1.0,0.0,0.03,0.25
167928,1626,105,33.80592222837731,1.0,0.0,0.03,0.25
168040,1627,112,31.041000213008374,1.0,0.0,0.03,0.25
168125,1628,85,63.25032293796539,1.0,0.0,0.03,0.25
168224,1629,99,11.531493462622166,1.0,0.0,0.03,0.25
168330,1630,106,41.17287966609001,1.0,0.0,0.03,0.25
168441,1631,111,45.01205027010292,1.0,0.0,0.03,0.25
168550,1632,109,-60.35214467579499,1.0,0.0,0.03,0.25
168666,1633,116,19.921671719755977,1.0,0.0,0.03,0.25
168766,1634,100,-30.642032884061337,1.0,0.0,0.03,0.25
168865,1635,99,-29.029157693032175,1.0,0.0,0.03,0.25
168951,1636,86,61.206192538142204,1.0,0.0,0.03,0.25
169065,1637,114,56.02746510133147,1.0,0.0,0.03,0.25
169169,1638,104,48.111568093299866,1.0,0.0,0.03,0.25
169252,1639,83,52.47363790869713,1.0,0.0,0.03,0.25
169363,1640,111,7.130191124975681,1.0,0.0,0.03,0.25
169462,1641,99,-16.48380071669817,1.0,0.0,0.03,0.25
169567,1642,105,55.5710067297332,1.0,0.0,0.03,0.25
169671,1643,104,53.037480011582375,1.0,0.0,0.03,0.25
169775,1644,104,-3.798449356108904,1.0,0.0,0.03,0.25
169880,1645,105,59.321982618421316,1.0,0.0,0.03,0.25
169988,1646,108,34.65855685295537,1.0,0.0,0.03,0.25
170095,1647,107,29.513820421416312,1.0,0.0,0.03,0.25
170178,1648,83,55.573637545108795,1.0,0.0,0.03,0.25
170282,1649,104,45.62020853115246,1.0,0.0,0.03,0.25
170389,1650,107,54.86376301199198,1.0,0.0,0.03,0.25
170490,1651,101,7.342179355677217,1.0,0.0,0.03,0.25
170596,1652,106,52.75576160848141,1.0,0.0,0.03,0.25
170707,1653,111,-37.21989943133667,1.0,0.0,0.03,0.25
170790,1654,83,62.62363758683205,1.0,0.0,0.03,0.25
170905,1655,115,38.31369275506586,1.0,0.0,0.03,0.25
171007,1656,102,25.207733446732163,1.0,0.0,0.03,0.25
171116,1657,109,50.570307451765984,1.0,0.0,0.03,0.25
171218,1658,102,44.60698855202645,1.0,0.0,0.03,0.25
171333,1659,115,31.515515602659434,1.0,0.0,0.03,0.25
171443,1660,110,12.501553878188133,1.0,0.0,0.03,0.25
171556,1661,113,38.33949280669913,1.0,0.0,0.03,0.25
171665,1662,109,44.59783869003877,1.0,0.0,0.03,0.25
171768,1663,103,34.74862706288695,1.0,0.0,0.03,0.25
171877,1664,109,-5.416889565531164,1.0,0.0,0.03,0.25
171981,1665,104,29.4971230532974,1.0,0.0,0.03,0.25
172064,1666,83,64.97363764047623,1.0,0.0,0.03,0.25
172173,1667,109,-32.34290823712945,1.0,0.0,0.03,0.25
172283,1668,110,45.57744913874194,1.0,0.0,0.03,0.25
172393,1669,110,10.57547589018941,1.0,0.0,0.03,0.25
172497,1670,104,23.379207871854305,1.0,0.0,0.03,0.25
172603,1671,106,37.002898804377764,1.0,0.0,0.03,0.25
172710,1672,107,24.275533601175994,1.0,0.0,0.03,0.25
172807,1673,97,47.04105092585087,1.0,0.0,0.03,0.25
172890,1674,83,60.27363759279251,1.0,0.0,0.03,0.25
173002,1675,112,42.8367843455635,1.0,0.0,0.03,0.25
173102,1676,100,34.37468076124787,1.0,0.0,0.03,0.25
173214,1677,112,35.93897337000817,1.0,0.0,0.03,0.25
173328,1678,114,47.41846754681319,1.0,0.0,0.03,0.25
173443,1679,115,2.431124560534954,1.0,0.0,0.03,0.25
173526,1680,83,61.87363761663437,1.0,0.0,0.03,0.25
173624,1681,98,53.08272381871939,1.0,0.0,0.03,0.25
173732,1682,108,46.66629052627832,1.0,0.0,0.03,0.25
173817,1683,85,67.95032298564911,1.0,0.0,0.03,0.25
173923,1684,106,50.17052982002497,1.0,0.0,0.03,0.25
174030,1685,107,12.187428787350655,1.0,0.0,0.03,0.25
174143,1686,113,46.86171571863815,1.0,0.0,0.03,0.25
174249,1687,106,50.14690539985895,1.0,0.0,0.03,0.25
174356,1688,107,45.62194786593318,1.0,0.0,0.03,0.25
174465,1689,109,20.514128761860775,1.0,0.0,0.03,0.25
174575,1690,110,53.62451087683439,1.0,0.0,0.03,0.25
174675,1691,100,49.13846682012081,1.0,0.0,0.03,0.25
174781,1692,106,33.983597848098725,1.0,0.0,0.03,0.25
174881,1693,100,28.05806993180886,1.0,0.0,0.03,0.25
174991,1694,110,40.237188320141286,1.0,0.0,0.03,0.25
175091,1695,100,38.42501216940582,1.0,0.0,0.03,0.25
175203,1696,112,44.92096056742594,1.0,0.0,0.03,0.25
175306,1697,103,36.862326327711344,1.0,0.0,0.03,0.25
175415,1698,109,34.67073456570506,1.0,0.0,0.03,0.25
175527,1699,112,49.109530532732606,1.0,0.0,0.03,0.25
175644,1700,117,41.89632135629654,1.0,0.0,0.03,0.25
175753,1701,109,27.42862699693069,1.0,0.0,0.03,0.25
175864,1702,111,14.744014889001846,1.0,0.0,0.03,0.25
175947,1703,83,60.27363780140877,1.0,0.0,0.03,0.25
176054,1704,107,45.343522638082504,1.0,0.0,0.03,0.25
176164,1705,110,38.9659069031477,1.0,0.0,0.03,0.25
176247,1706,83,57.173637479543686,1.0,0.0,0.03,0.25
176355,1707,108,46.489086400251836,1.0,0.0,0.03,0.25
176464,1708,109,3.5476660463027656,1.0,0.0,0.03,0.25
176567,1709,103,39.73870830563828,1.0,0.0,0.03,0.25
176682,1710,115,-51.27411393634975,1.0,0.0,0.03,0.25
176786,1711,104,36.36792396660894,1.0,0.0,0.03,0.25
176893,1712,107,20.760482750833035,1.0,0.0,0.03,0.25
176998,1713,105,34.29273013724014,1.0,0.0,0.03,0.25
177108,1714,110,58.272285267710686,1.0,0.0,0.03,0.25
177213,1715,105,28.462723061442375,1.0,0.0,0.03,0.25
177316,1716,103,34.9224571660161,1.0,0.0,0.03,0.25
177423,1717,107,40.50833425857127,1.0,0.0,0.03,0.25
177531,1718,108,55.34335449337959,1.0,0.0,0.03,0.25
177643,1719,112,43.2974982294254,1.0,0.0,0.03,0.25
177739,1720,96,49.67724176868796,1.0,0.0,0.03,0.25
177822,1721,83,57.92363756895065,1.0,0.0,0.03,0.25
177937,1722,115,33.87891180861698,1.0,0.0,0.03,0.25
178047,1723,110,40.79055968020111,1.0,0.0,0.03,0.25
178154,1724,107,45.92679737601429,1.0,0.0,0.03,0.25
178256,1725,102,0.7280556932091713,1.0,0.0,0.03,0.25
178362,1726,106,-1.012700393795967,1.0,0.0,0.03,0.25
178466,1727,104,56.22826433181763,1.0,0.0,0.03,0.25
178571,1728,105,46.93564439145848,1.0,0.0,0.03,0.25
178676,1729,105,-5.974611263722181,1.0,0.0,0.03,0.25
178784,1730,108,25.79541879100725,1.0,0.0,0.03,0.25
178867,1731,83,55.12363754212856,1.0,0.0,0.03,0.25
178950,1732,83,64.97363767027855,1.0,0.0,0.03,0.25
179067,1733,117,40.62760445661843,1.0,0.0,0.03,0.25
179168,1734,101,40.58052594959736,1.0,0.0,0.03,0.25
179251,1735,83,67.32363766431808,1.0,0.0,0.03,0.25
179360,1736,109,40.98762771394104,1.0,0.0,0.03,0.25
179459,1737,99,51.66790561657399,1.0,0.0,0.03,0.25
179560,1738,101,50.22604217380285,1.0,0.0,0.03,0.25
179668,1739,108,49.09689264046028,1.0,0.0,0.03,0.25
179773,1740,105,53.88752667605877,1.0,0.0,0.03,0.25
179883,1741,110,0.6396290268748999,1.0,0.0,0.03,0.25
179967,1742,84,58.236981987953186,1.0,0.0,0.03,0.25
180074,1743,107,30.684160145930946,1.0,0.0,0.03,0.25
180185,1744,111,2.7061335328035057,1.0,0.0,0.03,0.25
180293,1745,108,44.816166773438454,1.0,0.0,0.03,0.25
180401,1746,108,48.24515237659216,1.0,0.0,0.03,0.25
180507,1747,106,-18.791518070269376,1.0,0.0,0.03,0.25
180627,1748,120,1.1583224795758724,1.0,0.0,0.03,0.25
180741,1749,114,32.11680233059451,1.0,0.0,0.03,0.25
180824,1750,83,64.97363758087158,1.0,0.0,0.03,0.25
180927,1751,103,30.602544216439128,1.0,0.0,0.03,0.25
181042,1752,115,39.627908249385655,1.0,0.0,0.03,0.25
181159,1753,117,4.434424728155136,1.0,0.0,0.03,0.25
181262,1754,103,49.59835636569187,1.0,0.0,0.03,0.25
181371,1755,109,56.278230018913746,1.0,0.0,0.03,0.25
181479,1756,108,44.635184586048126,1.0,0.0,0.03,0.25
181584,1757,105,-10.97017177566886,1.0,0.0,0.03,0.25
181689,1758,105,35.039086396835046,1.0,0.0,0.03,0.25
181789,1759,100,2.7739691473543644,1.0,0.0,0.03,0.25
181902,1760,113,45.58438852010295,1.0,0.0,0.03,0.25
182012,1761,110,36.59225194482133,1.0,0.0,0.03,0.25
182132,1762,120,37.174659099451674,1.0,0.0,0.03,0.25
182247,1763,115,22.790129509288818,1.0,0.0,0.03,0.25
182356,1764,109,34.93538101762533,1.0,0.0,0.03,0.25
182434,1765,78,-236.60288652032614,0.0,1.0,0.03,0.25
182545,1766,111,14.904682725667953,1.0,0.0,0.03,0.25
182643,1767,98,54.90517048537731,1.0,0.0,0.03,0.25
182750,1768,107,47.966281823348254,1.0,0.0,0.03,0.25
182862,1769,112,4.91503044590354,1.0,0.0,0.03,0.25
182972,1770,110,52.58335451409221,1.0,0.0,0.03,0.25
183083,1771,111,49.65610621124506,1.0,0.0,0.03,0.25
183199,1772,116,48.94827863946557,1.0,0.0,0.03,0.25
183309,1773,110,40.18665160192177,1.0,0.0,0.03,0.25
183410,1774,101,41.46747978776693,1.0,0.0,0.03,0.25
183510,1775,100,33.08938578888774,1.0,0.0,0.03,0.25
183614,1776,104,45.487103981431574,1.0,0.0,0.03,0.25
183713,1777,99,32.789052844047546,1.0,0.0,0.03,0.25
183780,1778,67,-132.1924097314477,0.0,1.0,0.03,0.25
183878,1779,98,41.34184520691633,1.0,0.0,0.03,0.25
183988,1780,110,0.8480306304991245,1.0,0.0,0.03,0.25
184064,1781,76,-224.13466484844685,0.0,1.0,0.03,0.25
184132,1782,68,-115.70544537901878,0.0,1.0,0.03,0.25
184236,1783,104,-13.201444452628493,1.0,0.0,0.03,0.25
184345,1784,109,32.591089338064194,1.0,0.0,0.03,0.25
184454,1785,109,30.97350218053907,1.0,0.0,0.03,0.25
184556,1786,102,31.79767731577158,1.0,0.0,0.03,0.25
184666,1787,110,51.06826268136501,1.0,0.0,0.03,0.25
184778,1788,112,45.65913403406739,1.0,0.0,0.03,0.25
184887,1789,109,39.32094755396247,1.0,0.0,0.03,0.25
184994,1790,107,9.685899612959474,1.0,0.0,0.03,0.25
185102,1791,108,3.1868329155258834,1.0,0.0,0.03,0.25
185210,1792,108,-1.1565829966930323,1.0,0.0,0.03,0.25
185293,1793,83,57.92363768815994,1.0,0.0,0.03,0.25
185407,1794,114,36.070953380316496,1.0,0.0,0.03,0.25
185511,1795,104,25.680455311667174,1.0,0.0,0.03,0.25
185608,1796,97,42.880974255502224,1.0,0.0,0.03,0.25
185718,1797,110,42.48928619502112,1.0,0.0,0.03,0.25
185828,1798,110,8.271906718611717,1.0,0.0,0.03,0.25
185938,1799,110,-11.307354554533958,1.0,0.0,0.03,0.25
186046,1800,108,51.45688883960247,1.0,0.0,0.03,0.25
186129,1801,83,62.62363761663437,1.0,0.0,0.03,0.25
186233,1802,104,19.277420308440924,1.0,0.0,0.03,0.25
186339,1803,106,29.28585110604763,1.0,0.0,0.03,0.25
186444,1804,105,43.5288731562905,1.0,0.0,0.03,0.25
186554,1805,110,48.55484679387882,1.0,0.0,0.03,0.25
186666,1806,112,13.948088236153126,1.0,0.0,0.03,0.25
186725,1807,59,-172.7903629615903,0.0,1.0,0.03,0.25
186833,1808,108,39.743053413461894,1.0,0.0,0.03,0.25
186937,1809,104,42.42826864821836,1.0,0.0,0.03,0.25
187050,1810,113,43.10662628477439,1.0,0.0,0.03,0.25
187160,1811,110,36.2398747629486,1.0,0.0,0.03,0.25
187243,1812,83,67.32363766431808,1.0,0.0,0.03,0.25
187339,1813,96,50.073053933214396,1.0,0.0,0.03,0.25
187440,1814,101,15.71267430856824,1.0,0.0,0.03,0.25
187547,1815,107,40.94247282296419,1.0,0.0,0.03,0.25
187660,1816,113,54.91783776786178,1.0,0.0,0.03,0.25
187772,1817,112,39.500435372814536,1.0,0.0,0.03,0.25
187882,1818,110,-21.459792045876384,1.0,0.0,0.03,0.25
187994,1819,112,28.29825749900192,1.0,0.0,0.03,0.25
188107,1820,113,49.04694104939699,1.0,0.0,0.03,0.25
188222,1821,115,41.96065402403474,1.0,0.0,0.03,0.25
188305,1822,83,64.97363758087158,1.0,0.0,0.03,0.25
188413,1823,108,48.771394218783826,1.0,0.0,0.03,0.25
188523,1824,110,37.30923456279561,1.0,0.0,0.03,0.25
188640,1825,117,25.372211877256632,1.0,0.0,0.03,0.25
188742,1826,102,58.270571038126945,1.0,0.0,0.03,0.25
188825,1827,83,50.873637676239014,1.0,0.0,0.03,0.25
188938,1828,113,-6.669131834059954,1.0,0.0,0.03,0.25
189044,1829,106,-6.307928662747145,1.0,0.0,0.03,0.25
189153,1830,109,-8.005757421255112,1.0,0.0,0.03,0.25
189262,1831,109,38.181239765137434,1.0,0.0,0.03,0.25
189374,1832,112,38.923913951031864,1.0,0.0,0.03,0.25
189483,1833,109,-4.78089712606743,1.0,0.0,0.03,0.25
189600,1834,117,35.85855507850647,1.0,0.0,0.03,0.25
189707,1835,107,-30.35245779901743,1.0,0.0,0.03,0.25
189814,1836,107,48.71447903616354,1.0,0.0,0.03,0.25
189922,1837,108,12.819511314854026,1.0,0.0,0.03,0.25
190030,1838,108,21.381579579785466,1.0,0.0,0.03,0.25
190145,1839,115,-12.560423714574426,1.0,0.0,0.03,0.25
190258,1840,113,5.213925007730722,1.0,0.0,0.03,0.25
190366,1841,108,10.660234671086073,1.0,0.0,0.03,0.25
190449,1842,83,64.97363758087158,1.0,0.0,0.03,0.25
190559,1843,110,31.121924377512187,1.0,0.0,0.03,0.25
190667,1844,108,45.69036532193422,1.0,0.0,0.03,0.25
190774,1845,107,22.926185090094805,1.0,0.0,0.03,0.25
190880,1846,106,0.1870519034564495,1.0,0.0,0.03,0.25
190981,1847,101,27.50145847722888,1.0,0.0,0.03,0.25
191091,1848,110,41.03930115979165,1.0,0.0,0.03,0.25
191174,1849,83,60.27363756299019,1.0,0.0,0.03,0.25
191288,1850,114,41.178147815167904,1.0,0.0,0.03,0.25
191400,1851,112,49.167461565259146,1.0,0.0,0.03,0.25
191513,1852,113,50.741860035806894,1.0,0.0,0.03,0.25
191620,1853,107,40.41541673243046,1.0,0.0,0.03,0.25
191727,1854,107,41.14156674966216,1.0,0.0,0.03,0.25
191837,1855,110,48.53758297441527,1.0,0.0,0.03,0.25
191941,1856,104,36.03972541540861,1.0,0.0,0.03,0.25
192053,1857,112,46.88399650529027,1.0,0.0,0.03,0.25
192165,1858,112,40.15122750401497,1.0,0.0,0.03,0.25
192278,1859,113,51.65710036829114,1.0,0.0,0.03,0.25
192378,1860,100,46.53858494339511,1.0,0.0,0.03,0.25
192480,1861,102,46.46675119874999,1.0,0.0,0.03,0.25
192583,1862,103,-56.60710262134671,1.0,0.0,0.03,0.25
192689,1863,106,-64.22240626765415,1.0,0.0,0.03,0.25
192801,1864,112,53.20754392025992,1.0,0.0,0.03,0.25
192918,1865,117,43.36366808228195,1.0,0.0,0.03,0.25
193023,1866,105,31.77487833146006,1.0,0.0,0.03,0.25
193125,1867,102,56.952318569645286,1.0,0.0,0.03,0.25
193229,1868,104,43.84581822901964,1.0,0.0,0.03,0.25
193329,1869,100,6.33687219908461,1.0,0.0,0.03,0.25
193433,1870,104,38.3415233194828,1.0,0.0,0.03,0.25
193519,1871,86,65.91366389393806,1.0,0.0,0.03,0.25
193629,1872,110,52.35283523052931,1.0,0.0,0.03,0.25
193735,1873,106,52.28365782927722,1.0,0.0,0.03,0.25
193839,1874,104,55.540135784074664,1.0,0.0,0.03,0.25
193949,1875,110,48.492648504674435,1.0,0.0,0.03,0.25
194051,1876,102,12.192333078477532,1.0,0.0,0.03,0.25
194162,1877,111,45.34994176775217,1.0,0.0,0.03,0.25
194267,1878,105,23.11755508556962,1.0,0.0,0.03,0.25
194376,1879,109,52.510363422334194,1.0,0.0,0.03,0.25
194460,1880,84,52.78698197007179,1.0,0.0,0.03,0.25
194568,1881,108,42.704780250787735,1.0,0.0,0.03,0.25
194683,1882,115,26.614425610285252,1.0,0.0,0.03,0.25
194790,1883,107,39.08726962655783,1.0,0.0,0.03,0.25
194897,1884,107,41.34814513195306,1.0,0.0,0.03,0.25
194980,1885,83,64.97363758087158,1.0,0.0,0.03,0.25
195088,1886,108,8.27226572483778,1.0,0.0,0.03,0.25
195171,1887,83,64.97363764047623,1.0,0.0,0.03,0.25
195273,1888,102,31.18161625834182,1.0,0.0,0.03,0.25
195376,1889,103,-2.2713721212930977,1.0,0.0,0.03,0.25
195492,1890,116,47.061643284745514,1.0,0.0,0.03,0.25
195602,1891,110,49.37885186402127,1.0,0.0,0.03,0.25
195685,1892,83,67.32363766431808,1.0,0.0,0.03,0.25
195796,1893,111,6.231792379170656,1.0,0.0,0.03,0.25
195903,1894,107,35.0846910988912,1.0,0.0,0.03,0.25
196016,1895,113,52.86637917906046,1.0,0.0,0.03,0.25
196124,1896,108,24.830207045655698,1.0,0.0,0.03,0.25
196231,1897,107,38.83657895028591,1.0,0.0,0.03,0.25
196338,1898,107,36.62499806052074,1.0,0.0,0.03,0.25
196443,1899,105,40.83411040902138,1.0,0.0,0.03,0.25
196548,1900,105,-47.689881476573646,1.0,0.0,0.03,0.25
196659,1901,111,37.794240000192076,1.0,0.0,0.03,0.25
196761,1902,102,45.52245184034109,1.0,0.0,0.03,0.25
196845,1903,84,62.93697848916054,1.0,0.0,0.03,0.25
196957,1904,112,44.47734626708552,1.0,0.0,0.03,0.25
197073,1905,116,44.58515465585515,1.0,0.0,0.03,0.25
197182,1906,109,36.24738232418895,1.0,0.0,0.03,0.25
197283,1907,101,33.118871700018644,1.0,0.0,0.03,0.25
197388,1908,105,-1.9327325448393822,1.0,0.0,0.03,0.25
197500,1909,112,7.105200245976448,1.0,0.0,0.03,0.25
197602,1910,102,36.3947089612484,1.0,0.0,0.03,0.25
197707,1911,105,-1.5283231735229492,1.0,0.0,0.03,0.25
197812,1912,105,37.46672421274707,1.0,0.0,0.03,0.25
197915,1913,103,41.883685565553606,1.0,0.0,0.03,0.25
198026,1914,111,59.37667375057936,1.0,0.0,0.03,0.25
198143,1915,117,52.203884665388614,1.0,0.0,0.03,0.25
198252,1916,109,35.362041040789336,1.0,0.0,0.03,0.25
198336,1917,84,60.586978524923325,1.0,0.0,0.03,0.25
198441,1918,105,4.851177550852299,1.0,0.0,0.03,0.25
198558,1919,117,18.506773468106985,1.0,0.0,0.03,0.25
198662,1920,104,31.727516412269324,1.0,0.0,0.03,0.25
198770,1921,108,50.598547115921974,1.0,0.0,0.03,0.25
198853,1922,83,48.073637410998344,1.0,0.0,0.03,0.25
198957,1923,104,-30.53392158448696,1.0,0.0,0.03,0.25
199059,1924,102,55.88573699723929,1.0,0.0,0.03,0.25
199170,1925,111,37.35398779436946,1.0,0.0,0.03,0.25
199273,1926,103,37.55190377635881,1.0,0.0,0.03,0.25
199378,1927,105,41.51217892020941,1.0,0.0,0.03,0.25
199486,1928,108,4.938166618347168,1.0,0.0,0.03,0.25
199594,1929,108,16.236885882914066,1.0,0.0,0.03,0.25
199700,1930,106,42.13960675150156,1.0,0.0,0.03,0.25
199807,1931,107,51.72584152966738,1.0,0.0,0.03,0.25
199890,1932,83,62.623637557029724,1.0,0.0,0.03,0.25
199994,1933,104,53.07388246431947,1.0,0.0,0.03,0.25
