global_step,episode,length,reward,success,collision,epsilon,temperature
68,1,68,-265.8478292375803,0.0,1.0,0.2997875,0.9993625
138,2,70,-247.34612651914358,0.0,1.0,0.29956875,0.99870625
218,3,80,-265.6001910045743,0.0,1.0,0.29931874999999997,0.99795625
295,4,77,-247.09463956579566,0.0,1.0,0.299078125,0.997234375
356,5,61,-215.80030977725983,0.0,1.0,0.2988875,0.9966625
417,6,61,-233.14793072640896,0.0,1.0,0.298696875,0.996090625
491,7,74,-233.9923693947494,0.0,1.0,0.298465625,0.995396875
565,8,74,-237.5178171992302,0.0,1.0,0.298234375,0.994703125
635,9,70,-228.65759640559554,0.0,1.0,0.298015625,0.994046875
719,10,84,-252.0389674832113,0.0,1.0,0.297753125,0.993259375
804,11,85,-250.30835589766502,0.0,1.0,0.2974875,0.9924625
868,12,64,-215.79570033075288,0.0,1.0,0.2972875,0.9918625
932,13,64,-229.06891006231308,0.0,1.0,0.2970875,0.9912625
996,14,64,-199.96942512318492,0.0,1.0,0.29688749999999997,0.9906625
1067,15,71,-244.41132912039757,0.0,1.0,0.296665625,0.989996875
1129,16,62,-219.26474475115538,0.0,1.0,0.296471875,0.989415625
1199,17,70,-234.6721242889762,0.0,1.0,0.296253125,0.988759375
1265,18,66,-243.39970794739202,0.0,1.0,0.296046875,0.988140625
1341,19,76,-266.868683591485,0.0,1.0,0.295809375,0.987428125
1410,20,69,-234.28940914943814,0.0,1.0,0.29559375,0.98678125
1483,21,73,-243.30911844596267,0.0,1.0,0.29536562499999997,0.986096875
1557,22,74,-237.71002884046175,0.0,1.0,0.295134375,0.985403125
1617,23,60,-222.91717230947688,0.0,1.0,0.294946875,0.984840625
1679,24,62,-265.08243203908205,0.0,1.0,0.294753125,0.984259375
1753,25,74,-227.22004606574774,0.0,1.0,0.294521875,0.983565625
1812,26,59,-269.02822238206863,0.0,1.0,0.2943375,0.9830125
1879,27,67,-239.78030244633555,0.0,1.0,0.29412812499999996,0.982384375
1936,28,57,-228.3849349883385,0.0,1.0,0.29395,0.98185
1998,29,62,-202.57810937985778,0.0,1.0,0.29375625,0.98126875
2059,30,61,-217.3759728372097,0.0,1.0,0.293565625,0.980696875
2130,31,71,-237.2854005843401,0.0,1.0,0.29334375,0.98003125
2197,32,67,-277.20394280552864,0.0,1.0,0.293134375,0.979403125
2264,33,67,-243.35935692489147,0.0,1.0,0.292925,0.978775
2335,34,71,-232.80365650028034,0.0,1.0,0.292703125,0.978109375
2413,35,78,-235.1481470093131,0.0,1.0,0.29245937499999997,0.977378125
2484,36,71,-208.1819740384817,0.0,1.0,0.2922375,0.9767125
2555,37,71,-271.5823949277401,0.0,1.0,0.292015625,0.976046875
2613,38,58,-220.44961808621883,0.0,1.0,0.291834375,0.975503125
2682,39,69,-208.56085831671953,0.0,1.0,0.29161875,0.97485625
2756,40,74,-276.1563160568476,0.0,1.0,0.29138749999999997,0.9741625
2829,41,73,-250.49278365448117,0.0,1.0,0.291159375,0.973478125
2901,42,72,-276.6223605647683,0.0,1.0,0.29093437499999997,0.972803125
2967,43,66,-247.50120237469673,0.0,1.0,0.290728125,0.972184375
3042,44,75,-193.28099304577336,0.0,1.0,0.29049375,0.97148125
3119,45,77,-163.99450938403606,0.0,1.0,0.290253125,0.970759375
3189,46,70,-194.3056544587016,0.0,1.0,0.290034375,0.970103125
3319,47,130,-79.43305451795459,0.0,0.0,0.289628125,0.968884375
3449,48,130,-147.35856929421425,0.0,0.0,0.28922187499999996,0.967665625
3579,49,130,-91.20213153585792,0.0,0.0,0.28881562499999996,0.966446875
3651,50,72,-184.57945024967194,0.0,1.0,0.288590625,0.965771875
3781,51,130,-86.00750618100574,0.0,0.0,0.288184375,0.964553125
3862,52,81,-164.81657644361258,0.0,1.0,0.28793124999999997,0.96379375
3992,53,130,-85.6965451054275,0.0,0.0,0.287525,0.962575
4058,54,66,-153.29071526229382,0.0,1.0,0.28731875,0.96195625
4188,55,130,-100.68004531785846,0.0,0.0,0.2869125,0.9607375
4318,56,130,-84.56832004338503,0.0,0.0,0.28650624999999996,0.95951875
4448,57,130,-77.87703827625955,0.0,0.0,0.28609999999999997,0.9583
4578,58,130,-67.05277310172096,0.0,0.0,0.28569374999999997,0.95708125
4636,59,58,-163.545663818717,0.0,1.0,0.2855125,0.9565375
4766,60,130,-71.51896030083299,0.0,0.0,0.28510625,0.95531875
4896,61,130,-84.46138247475028,0.0,0.0,0.2847,0.9541
5026,62,130,-94.43192338198423,0.0,0.0,0.28429375,0.95288125
5156,63,130,-86.00056227296591,0.0,0.0,0.2838875,0.9516625
5258,64,102,-3.14122536405921,1.0,0.0,0.28356875,0.95070625
5388,65,130,-74.95601446554065,0.0,0.0,0.2831625,0.9494875
5518,66,130,-100.61222411692142,0.0,0.0,0.28275625,0.94826875
5648,67,130,-87.25909779593349,0.0,0.0,0.28235,0.94705
5727,68,79,-160.9708990417421,0.0,1.0,0.282103125,0.946309375
5857,69,130,-86.00993952900171,0.0,0.0,0.281696875,0.945090625
5987,70,130,-80.30947716534138,0.0,0.0,0.281290625,0.943871875
6117,71,130,-70.23545679822564,0.0,0.0,0.28088437499999996,0.942653125
6247,72,130,-80.0907279420644,0.0,0.0,0.28047812499999997,0.941434375
6377,73,130,-71.35019514709711,0.0,0.0,0.28007187499999997,0.940215625
6507,74,130,-66.3913139924407,0.0,0.0,0.279665625,0.938996875
6637,75,130,-74.76902167871594,0.0,0.0,0.279259375,0.937778125
6767,76,130,-71.26235895976424,0.0,0.0,0.278853125,0.936559375
6897,77,130,-60.59170573204756,0.0,0.0,0.278446875,0.935340625
7027,78,130,-70.89970021741465,0.0,0.0,0.278040625,0.934121875
7157,79,130,-60.9936492969282,0.0,0.0,0.277634375,0.9329031249999999
7287,80,130,-67.28499291837215,0.0,0.0,0.277228125,0.931684375
7417,81,130,-60.13353117229417,0.0,0.0,0.276821875,0.930465625
7547,82,130,-67.22215033322573,0.0,0.0,0.276415625,0.929246875
7621,83,74,-189.4306500032544,0.0,1.0,0.276184375,0.928553125
7688,84,67,-181.62200240790844,0.0,1.0,0.27597499999999997,0.927925
7818,85,130,-75.58406136184931,0.0,0.0,0.27556875,0.92670625
7948,86,130,-84.92962174490094,0.0,0.0,0.2751625,0.9254875
8078,87,130,-61.08482579793781,0.0,0.0,0.27475625,0.92426875
8145,88,67,-190.7298530396074,0.0,1.0,0.27454687499999997,0.923640625
8275,89,130,-64.91419106721878,0.0,0.0,0.27414062499999997,0.922421875
8405,90,130,-76.33325667958707,0.0,0.0,0.273734375,0.921203125
8535,91,130,-56.46615958586335,0.0,0.0,0.273328125,0.919984375
8665,92,130,-56.51934036239982,0.0,0.0,0.272921875,0.918765625
8781,93,116,-18.59142153710127,1.0,0.0,0.272559375,0.917678125
8911,94,130,-62.35255331546068,0.0,0.0,0.272153125,0.916459375
9041,95,130,-64.92620455473661,0.0,0.0,0.271746875,0.915240625
9109,96,68,-161.05677810311317,0.0,1.0,0.271534375,0.914603125
9239,97,130,-55.98350943624973,0.0,0.0,0.271128125,0.913384375
9369,98,130,-64.06737517565489,0.0,0.0,0.270721875,0.912165625
9499,99,130,-61.9005482532084,0.0,0.0,0.270315625,0.910946875
9629,100,130,-43.03561571985483,0.0,0.0,0.269909375,0.909728125
9759,101,130,-64.50734497187659,0.0,0.0,0.269503125,0.908509375
9889,102,130,-83.22023920714855,0.0,0.0,0.269096875,0.907290625
10019,103,130,-74.23228366672993,0.0,0.0,0.26869062499999996,0.906071875
10145,104,126,-0.20888575911521912,1.0,0.0,0.268296875,0.904890625
10275,105,130,-87.17555791512132,0.0,0.0,0.267890625,0.903671875
10405,106,130,-83.59276817366481,0.0,0.0,0.267484375,0.902453125
10535,107,130,-96.8040517270565,0.0,0.0,0.267078125,0.901234375
10665,108,130,-49.91309314221144,0.0,0.0,0.266671875,0.900015625
10795,109,130,-82.33771351352334,0.0,0.0,0.266265625,0.898796875
10925,110,130,-54.613970547914505,0.0,0.0,0.265859375,0.897578125
11055,111,130,-77.14128760248423,0.0,0.0,0.265453125,0.8963593750000001
11185,112,130,-45.98161941440776,0.0,0.0,0.265046875,0.895140625
11315,113,130,-66.35395873337984,0.0,0.0,0.26464062499999996,0.893921875
11432,114,117,-3.122108429670334,1.0,0.0,0.264275,0.892825
11562,115,130,-69.58709663897753,0.0,0.0,0.26386875,0.89160625
11678,116,116,0.049583323299884796,1.0,0.0,0.26350625,0.89051875
11808,117,130,-80.34523218497634,0.0,0.0,0.2631,0.8893
11928,118,120,-5.075061641633511,1.0,0.0,0.262725,0.8881749999999999
12058,119,130,-82.2273149639368,0.0,0.0,0.26231875,0.88695625
12188,120,130,-69.35672170296311,0.0,0.0,0.2619125,0.8857375
12292,121,104,6.073757339268923,1.0,0.0,0.2615875,0.8847625
12414,122,122,2.9154351204633713,1.0,0.0,0.26120625,0.88361875
12517,123,103,-38.8066226169467,1.0,0.0,0.260884375,0.882653125
12647,124,130,-60.22600842267275,0.0,0.0,0.260478125,0.881434375
12762,125,115,-18.685130149126053,1.0,0.0,0.26011875,0.88035625
12892,126,130,-68.1988273486495,0.0,0.0,0.2597125,0.8791375
13022,127,130,-55.17808077856898,0.0,0.0,0.25930624999999996,0.87791875
13138,128,116,-8.952020816504955,1.0,0.0,0.25894375,0.87683125
13248,129,110,-24.172621519304812,1.0,0.0,0.2586,0.8758
13353,130,105,4.241563342511654,1.0,0.0,0.258271875,0.874815625
13483,131,130,-85.5376178198494,0.0,0.0,0.257865625,0.873596875
13596,132,113,-8.350659418851137,1.0,0.0,0.2575125,0.8725375
13701,133,105,4.237584263086319,1.0,0.0,0.25718437499999997,0.8715531249999999
13813,134,112,-6.919212482869625,1.0,0.0,0.256834375,0.8705031249999999
13923,135,110,-6.188038051594049,1.0,0.0,0.25649062499999997,0.869471875
13990,136,67,-167.32990138232708,0.0,1.0,0.25628125,0.86884375
14096,137,106,-8.714405828126473,1.0,0.0,0.25595,0.86785
14226,138,130,-65.06852085143328,0.0,0.0,0.25554374999999996,0.86663125
14332,139,106,-9.62847088649869,1.0,0.0,0.2552125,0.8656375000000001
14462,140,130,-71.61274897679687,0.0,0.0,0.25480625,0.86441875
14592,141,130,-59.64818577840924,0.0,0.0,0.25439999999999996,0.8632
14698,142,106,-0.4671993553638458,1.0,0.0,0.25406875,0.8622062500000001
14800,143,102,1.7157242558896542,1.0,0.0,0.25375,0.8612500000000001
14856,144,56,-156.28452986478806,0.0,1.0,0.253575,0.860725
14961,145,105,8.474844962358475,1.0,0.0,0.253246875,0.859740625
15067,146,106,2.977846547961235,1.0,0.0,0.252915625,0.858746875
15179,147,112,16.015459090471268,1.0,0.0,0.252565625,0.857696875
15287,148,108,12.167381126433611,1.0,0.0,0.25222812499999997,0.8566843749999999
15388,149,101,-11.390228442847729,1.0,0.0,0.2519125,0.8557375
15492,150,104,1.411792928352952,1.0,0.0,0.25158749999999996,0.8547625
15596,151,104,14.636726312339306,1.0,0.0,0.2512625,0.8537874999999999
15714,152,118,-33.4753587176092,1.0,0.0,0.25089374999999997,0.8526812500000001
15844,153,130,-17.22203965485096,1.0,0.0,0.2504875,0.8514625
15974,154,130,-68.36963217332959,0.0,0.0,0.25008125,0.85024375
16078,155,104,4.599119767546654,1.0,0.0,0.24975624999999999,0.84926875
16174,156,96,-1.7225333941169083,1.0,0.0,0.24945625,0.84836875
16288,157,114,-21.59199120849371,1.0,0.0,0.2491,0.8472999999999999
16408,158,120,-5.088326886296272,1.0,0.0,0.24872499999999997,0.846175
16512,159,104,12.39119528234005,1.0,0.0,0.24839999999999998,0.8452
16627,160,115,-22.397928170859814,1.0,0.0,0.248040625,0.844121875
16735,161,108,-19.06169230490923,1.0,0.0,0.247703125,0.843109375
16838,162,103,-24.50464890152216,1.0,0.0,0.24738125,0.84214375
16955,163,117,-5.584215611219406,1.0,0.0,0.247015625,0.841046875
17074,164,119,-8.857986703515053,1.0,0.0,0.24664375,0.83993125
17171,165,97,5.94360239058733,1.0,0.0,0.24634062499999998,0.839021875
17283,166,112,3.7415749803185463,1.0,0.0,0.245990625,0.837971875
17378,167,95,17.24878053739667,1.0,0.0,0.24569375,0.83708125
17508,168,130,-80.92833112925291,0.0,0.0,0.2452875,0.8358625
17638,169,130,-55.80884360149503,0.0,0.0,0.24488125,0.83464375
17752,170,114,-3.3849255442619324,1.0,0.0,0.244525,0.833575
17867,171,115,-23.616773058194667,1.0,0.0,0.244165625,0.832496875
17988,172,121,4.773338076658547,1.0,0.0,0.2437875,0.8313625
18105,173,117,-14.231457364279777,1.0,0.0,0.24342187499999998,0.830265625
18216,174,111,-1.058632429689169,1.0,0.0,0.24307499999999999,0.829225
18328,175,112,10.477829411625862,1.0,0.0,0.242725,0.828175
18456,176,128,-39.03974660485983,1.0,0.0,0.24232499999999998,0.826975
18579,177,123,9.24087655544281,1.0,0.0,0.241940625,0.8258218749999999
18674,178,95,-11.90447387099266,1.0,0.0,0.24164375,0.82493125
18773,179,99,0.18303389102220535,1.0,0.0,0.241334375,0.824003125
18878,180,105,-14.773108944296837,1.0,0.0,0.24100624999999998,0.82301875
18978,181,100,6.856777645647526,1.0,0.0,0.24069374999999998,0.82208125
19075,182,97,1.0248663574457169,1.0,0.0,0.240390625,0.821171875
19179,183,104,-0.8436572588980198,1.0,0.0,0.240065625,0.8201968749999999
19294,184,115,-8.420116141438484,1.0,0.0,0.23970624999999998,0.81911875
19407,185,113,-2.8510184506885707,1.0,0.0,0.239353125,0.818059375
19514,186,107,6.951574328355491,1.0,0.0,0.23901875,0.81705625
19619,187,105,-3.046161651611328,1.0,0.0,0.238690625,0.816071875
19736,188,117,16.967534843832254,1.0,0.0,0.23832499999999998,0.814975
19832,189,96,-5.425937782973051,1.0,0.0,0.238025,0.814075
19909,190,77,-148.51633839309216,0.0,1.0,0.237784375,0.813353125
20024,191,115,2.9971624687314034,1.0,0.0,0.237425,0.812275
20140,192,116,6.506205411162227,1.0,0.0,0.2370625,0.8111875
20249,193,109,-18.566815436352044,1.0,0.0,0.23672187499999997,0.810165625
20356,194,107,14.972530731465667,1.0,0.0,0.23638749999999997,0.8091625
20470,195,114,16.553872659802437,1.0,0.0,0.23603124999999997,0.80809375
20574,196,104,-10.402184598147869,1.0,0.0,0.23570625,0.80711875
20686,197,112,13.009756464511156,1.0,0.0,0.23535625,0.80606875
20793,198,107,8.768836162984371,1.0,0.0,0.235021875,0.805065625
20906,199,113,-19.24733628332615,1.0,0.0,0.23466874999999998,0.80400625
21019,200,113,-28.6724402718246,1.0,0.0,0.23431562499999997,0.802946875
21120,201,101,-31.889725875109434,1.0,0.0,0.23399999999999999,0.802
21246,202,126,18.8329850807786,1.0,0.0,0.23360625,0.80081875
21345,203,99,-15.79618725180626,1.0,0.0,0.233296875,0.799890625
21471,204,126,5.122426312416792,1.0,0.0,0.232903125,0.798709375
21601,205,130,-64.61955115338787,0.0,0.0,0.232496875,0.797490625
21714,206,113,4.5456151738762856,1.0,0.0,0.23214374999999998,0.7964312499999999
21825,207,111,15.061964899301529,1.0,0.0,0.23179687499999999,0.795390625
21955,208,130,-70.28796501923352,0.0,0.0,0.231390625,0.794171875
22036,209,81,-159.25132270157337,0.0,1.0,0.2311375,0.7934125000000001
22155,210,119,4.039943689014763,1.0,0.0,0.23076562499999997,0.792296875
22268,211,113,7.922761615365744,1.0,0.0,0.2304125,0.7912375
22383,212,115,-2.802701845765114,1.0,0.0,0.23005312499999997,0.790159375
22493,213,110,-1.2816623114049435,1.0,0.0,0.229709375,0.789128125
22621,214,128,-19.280150204896927,1.0,0.0,0.22930937499999998,0.787928125
22725,215,104,-14.192382603883743,1.0,0.0,0.228984375,0.786953125
22827,216,102,-2.9772588019259274,1.0,0.0,0.22866562499999998,0.7859968749999999
22941,217,114,10.338507775217295,1.0,0.0,0.22830937499999998,0.784928125
23047,218,106,-13.314521547406912,1.0,0.0,0.22797812499999998,0.7839343750000001
23131,219,84,-177.93015744909644,0.0,1.0,0.22771562499999998,0.783146875
23239,220,108,-6.9929110035300255,1.0,0.0,0.227378125,0.782134375
23369,221,130,-55.75082638440654,0.0,0.0,0.226971875,0.780915625
23477,222,108,7.823612600564957,1.0,0.0,0.226634375,0.7799031249999999
23591,223,114,7.8764345701783895,1.0,0.0,0.226278125,0.778834375
23686,224,95,-6.783287160098553,1.0,0.0,0.22598125,0.77794375
23798,225,112,5.721132314298302,1.0,0.0,0.22563125,0.7768937499999999
23905,226,107,-2.3233592808246613,1.0,0.0,0.225296875,0.775890625
24015,227,110,-0.1953621320426464,1.0,0.0,0.22495312499999998,0.774859375
24125,228,110,16.26667091716081,1.0,0.0,0.224609375,0.773828125
24230,229,105,8.486123066395521,1.0,0.0,0.22428125,0.77284375
24343,230,113,2.470385704189539,1.0,0.0,0.22392812499999998,0.771784375
24448,231,105,13.246079238830134,1.0,0.0,0.2236,0.7708
24511,232,63,-151.48611421883106,0.0,1.0,0.22340312499999998,0.7702093750000001
24606,233,95,-6.505801051855087,1.0,0.0,0.22310625,0.76931875
24717,234,111,-1.663941922597587,1.0,0.0,0.22275937499999998,0.768278125
24818,235,101,-12.319071281701326,1.0,0.0,0.22244375,0.76733125
24917,236,99,-2.317754824165604,1.0,0.0,0.222134375,0.7664031250000001
25021,237,104,-12.810426798183471,1.0,0.0,0.22180937499999998,0.765428125
25121,238,100,15.066963445395231,1.0,0.0,0.22149687499999998,0.764490625
25221,239,100,17.334665581583977,1.0,0.0,0.221184375,0.763553125
25322,240,101,0.7610443085432053,1.0,0.0,0.22086875,0.7626062499999999
25436,241,114,-7.933069624006748,1.0,0.0,0.2205125,0.7615375
25546,242,110,10.765783708076924,1.0,0.0,0.22016874999999997,0.7605062499999999
25666,243,120,-12.293617576360703,1.0,0.0,0.21979374999999998,0.75938125
25764,244,98,3.764383282046765,1.0,0.0,0.2194875,0.7584625
25883,245,119,3.3222507536411285,1.0,0.0,0.21911562499999998,0.7573468750000001
25994,246,111,-5.189628891646862,1.0,0.0,0.21876874999999998,0.75630625
26093,247,99,1.9517861865460873,1.0,0.0,0.21845937499999998,0.755378125
26197,248,104,-2.2607988230884075,1.0,0.0,0.218134375,0.7544031250000001
26312,249,115,-32.07244902104139,1.0,0.0,0.217775,0.753325
26387,250,75,-154.16897717118263,0.0,1.0,0.217540625,0.752621875
26503,251,116,-14.451678406447172,1.0,0.0,0.217178125,0.751534375
26604,252,101,11.544698968529701,1.0,0.0,0.21686249999999999,0.7505875
26715,253,111,-9.729836035519838,1.0,0.0,0.216515625,0.7495468750000001
26829,254,114,5.625895660370588,1.0,0.0,0.216159375,0.748478125
26934,255,105,-37.31644305214286,1.0,0.0,0.21583124999999997,0.7474937500000001
27045,256,111,-9.94604991748929,1.0,0.0,0.215484375,0.7464531249999999
27146,257,101,13.739072639495134,1.0,0.0,0.21516875,0.74550625
27247,258,101,4.006167329382151,1.0,0.0,0.21485312499999998,0.744559375
27347,259,100,-3.7931865751743317,1.0,0.0,0.21454062499999998,0.743621875
27407,260,60,-162.43681482970715,0.0,1.0,0.21435312499999998,0.7430593750000001
27514,261,107,-8.488363050390035,1.0,0.0,0.21401874999999998,0.7420562500000001
27597,262,83,-152.77550411224365,0.0,1.0,0.21375937499999997,0.741278125
27708,263,111,5.204931333661079,1.0,0.0,0.2134125,0.7402375
27811,264,103,-29.42548604682088,1.0,0.0,0.21309062499999998,0.739271875
27920,265,109,9.325123339891434,1.0,0.0,0.21275,0.7382500000000001
28026,266,106,-10.381669234484434,1.0,0.0,0.21241875,0.73725625
28135,267,109,-6.8628323040902615,1.0,0.0,0.212078125,0.736234375
28265,268,130,-43.370797738432884,0.0,0.0,0.211671875,0.735015625
28380,269,115,13.614615604281425,1.0,0.0,0.2113125,0.7339375
28491,270,111,12.79884858801961,1.0,0.0,0.210965625,0.732896875
28596,271,105,-20.43045185878873,1.0,0.0,0.21063749999999998,0.7319125
28726,272,130,-40.219842210412025,0.0,0.0,0.21023124999999998,0.73069375
28821,273,95,0.20535531640052795,1.0,0.0,0.209934375,0.729803125
28937,274,116,-18.329950522631407,1.0,0.0,0.209571875,0.728715625
29041,275,104,8.355748308822513,1.0,0.0,0.209246875,0.727740625
29154,276,113,-20.15673479437828,1.0,0.0,0.20889375,0.72668125
29276,277,122,-5.592358440160751,1.0,0.0,0.2085125,0.7255375
29385,278,109,5.62430202960968,1.0,0.0,0.208171875,0.724515625
29446,279,61,-154.2769075781107,0.0,1.0,0.20798125,0.72394375
29548,280,102,22.643254439812154,1.0,0.0,0.20766249999999997,0.7229875
29678,281,130,-40.59699961915612,0.0,0.0,0.20725624999999998,0.7217687500000001
29791,282,113,-12.953306868672371,1.0,0.0,0.206903125,0.720709375
29902,283,111,16.909474164247513,1.0,0.0,0.20655625,0.71966875
30005,284,103,-1.632288459688425,1.0,0.0,0.20623437499999997,0.718703125
30112,285,107,-3.4018357433378696,1.0,0.0,0.20589999999999997,0.7177
30183,286,71,-165.83525930717587,0.0,1.0,0.205678125,0.717034375
30305,287,122,10.259294349700212,1.0,0.0,0.205296875,0.715890625
30432,288,127,0.32636769115924835,1.0,0.0,0.20489999999999997,0.7147
30535,289,103,-13.493814870715141,1.0,0.0,0.204578125,0.713734375
30647,290,112,-2.858202423900366,1.0,0.0,0.20422812499999998,0.712684375
30751,291,104,8.305104780942202,1.0,0.0,0.203903125,0.711709375
30881,292,130,-42.73484315723181,0.0,0.0,0.203496875,0.710490625
30989,293,108,26.23203070834279,1.0,0.0,0.20315937499999998,0.709478125
31104,294,115,-4.702514860779047,1.0,0.0,0.20279999999999998,0.7084
31209,295,105,8.948495265096426,1.0,0.0,0.202471875,0.707415625
31285,296,76,-226.08652636408806,0.0,1.0,0.202234375,0.706703125
31383,297,98,1.7095450013875961,1.0,0.0,0.20192812499999999,0.705784375
31499,298,116,14.976585819851607,1.0,0.0,0.20156562499999997,0.704696875
31608,299,109,21.529659178107977,1.0,0.0,0.201225,0.703675
31703,300,95,8.047530941665173,1.0,0.0,0.20092812499999999,0.702784375
31815,301,112,16.305219367146492,1.0,0.0,0.200578125,0.701734375
31890,302,75,-155.9015749692917,0.0,1.0,0.20034375,0.70103125
31992,303,102,-86.85835640132427,1.0,0.0,0.200025,0.700075
32097,304,105,6.512524861842394,1.0,0.0,0.199696875,0.699090625
32195,305,98,-2.6212976281531155,1.0,0.0,0.199390625,0.698171875
32317,306,122,1.4751411005854607,1.0,0.0,0.199009375,0.697028125
32427,307,110,3.27130713686347,1.0,0.0,0.19866562499999998,0.695996875
32543,308,116,-20.83735288353637,1.0,0.0,0.19830312499999997,0.6949093749999999
32673,309,130,-56.48172529041767,0.0,0.0,0.19789687499999997,0.693690625
32787,310,114,-88.06077912077308,1.0,0.0,0.19754062499999997,0.6926218749999999
32901,311,114,-79.13763762265444,1.0,0.0,0.197184375,0.691553125
33031,312,130,-44.225509241223335,1.0,0.0,0.19677812499999997,0.690334375
33136,313,105,15.688592039048672,1.0,0.0,0.19644999999999999,0.68935
33247,314,111,15.752137549221516,1.0,0.0,0.196103125,0.688309375
33358,315,111,11.978166196495295,1.0,0.0,0.19575625,0.68726875
33464,316,106,18.099061954766512,1.0,0.0,0.195425,0.686275
33564,317,100,-86.61969182640314,1.0,0.0,0.1951125,0.6853375
33663,318,99,9.780639804899693,1.0,0.0,0.194803125,0.684409375
33772,319,109,-3.93695355206728,1.0,0.0,0.19446249999999998,0.6833875
33867,320,95,-13.908782936632633,1.0,0.0,0.194165625,0.682496875
33983,321,116,7.348359580617398,1.0,0.0,0.193803125,0.681409375
34097,322,114,-20.7540204487741,1.0,0.0,0.193446875,0.680340625
34196,323,99,19.575218899175525,1.0,0.0,0.1931375,0.6794125
34310,324,114,-7.661965403705835,1.0,0.0,0.19278125,0.67834375
34419,325,109,7.996581144630909,1.0,0.0,0.19244062499999998,0.6773218750000001
34515,326,96,13.078370694071054,1.0,0.0,0.192140625,0.676421875
34628,327,113,13.541943948715925,1.0,0.0,0.1917875,0.6753625
34730,328,102,16.86694637313485,1.0,0.0,0.19146875,0.67440625
34851,329,121,-13.401366092264652,1.0,0.0,0.191090625,0.673271875
34967,330,116,-67.96835426660255,1.0,0.0,0.19072812499999997,0.6721843750000001
35082,331,115,-18.44963612454012,1.0,0.0,0.19036874999999998,0.67110625
35201,332,119,10.959880460053682,1.0,0.0,0.189996875,0.6699906250000001
35310,333,109,-38.00873636873439,1.0,0.0,0.18965624999999997,0.66896875
35421,334,111,-0.7230630815029144,1.0,0.0,0.189309375,0.667928125
35531,335,110,5.100539214443415,1.0,0.0,0.18896562499999997,0.666896875
35641,336,110,21.205533301457763,1.0,0.0,0.188621875,0.665865625
35761,337,120,13.327674332540482,1.0,0.0,0.18824687499999998,0.6647406250000001
35868,338,107,-105.24397783353925,1.0,0.0,0.18791249999999998,0.6637375
35951,339,83,-146.1998189613223,0.0,1.0,0.18765312499999998,0.662959375
36057,340,106,18.305141177028418,1.0,0.0,0.18732187499999997,0.661965625
36157,341,100,2.2023213054053485,1.0,0.0,0.18700937499999998,0.6610281250000001
36262,342,105,22.10268960148096,1.0,0.0,0.18668125,0.66004375
36334,343,72,-159.98495495319366,0.0,1.0,0.18645625,0.6593687500000001
36446,344,112,2.348643831908703,1.0,0.0,0.18610624999999997,0.6583187500000001
36556,345,110,22.142501771450043,1.0,0.0,0.1857625,0.6572875
36662,346,106,2.96364489197731,1.0,0.0,0.18543125,0.65629375
36779,347,117,-1.8981014788150787,1.0,0.0,0.18506562499999998,0.655196875
36887,348,108,22.104034952819347,1.0,0.0,0.184728125,0.654184375
36986,349,99,-7.462978340685368,1.0,0.0,0.18441875,0.65325625
37088,350,102,10.654298663139343,1.0,0.0,0.18409999999999999,0.6523
37188,351,100,21.342478297185153,1.0,0.0,0.1837875,0.6513625000000001
37295,352,107,15.277008842676878,1.0,0.0,0.183453125,0.6503593750000001
37399,353,104,14.12954642996192,1.0,0.0,0.18312812499999997,0.649384375
37520,354,121,-32.375107046216726,1.0,0.0,0.18275,0.64825
37624,355,104,13.404093086719513,1.0,0.0,0.182425,0.647275
37721,356,97,16.25774995237589,1.0,0.0,0.182121875,0.646365625
37835,357,114,0.4521645899221767,1.0,0.0,0.181765625,0.645296875
37930,358,95,13.791237689554691,1.0,0.0,0.18146874999999998,0.64440625
38041,359,111,8.570104689802974,1.0,0.0,0.181121875,0.6433656249999999
38138,360,97,14.04080290067941,1.0,0.0,0.18081874999999997,0.64245625
38240,361,102,-5.151368569582701,1.0,0.0,0.1805,0.6415
38302,362,62,-141.6091213747859,0.0,1.0,0.18030625,0.64091875
38415,363,113,17.76092194393277,1.0,0.0,0.179953125,0.639859375
38537,364,122,23.146946489810944,1.0,0.0,0.179571875,0.638715625
38640,365,103,-20.34996407898143,1.0,0.0,0.17925,0.63775
38748,366,108,20.86526234820485,1.0,0.0,0.17891249999999997,0.6367375
38861,367,113,6.3730901926755905,1.0,0.0,0.178559375,0.635678125
38960,368,99,19.006215430796146,1.0,0.0,0.17825,0.63475
39073,369,113,12.75369606912136,1.0,0.0,0.17789687499999998,0.633690625
39182,370,109,18.07762262551114,1.0,0.0,0.17755624999999997,0.63266875
39285,371,103,24.04731661453843,1.0,0.0,0.177234375,0.631703125
39401,372,116,-0.8627236359752715,1.0,0.0,0.17687187499999998,0.630615625
39525,373,124,16.729877553414553,1.0,0.0,0.17648437499999997,0.629453125
39625,374,100,5.813483498990536,1.0,0.0,0.17617187499999998,0.628515625
39736,375,111,-70.62028567120433,1.0,0.0,0.175825,0.627475
39856,376,120,-5.594941448420286,1.0,0.0,0.17545,0.62635
39951,377,95,-16.634846713393927,1.0,0.0,0.175153125,0.625459375
40016,378,65,-137.28699101507664,0.0,1.0,0.17495,0.62485
40117,379,101,8.606156654655933,1.0,0.0,0.17463437499999998,0.623903125
40179,380,62,-159.37960867583752,0.0,1.0,0.174440625,0.623321875
40280,381,101,14.512297794222832,1.0,0.0,0.174125,0.622375
40384,382,104,-13.86270022392273,1.0,0.0,0.17379999999999998,0.6214
40480,383,96,20.121911268681288,1.0,0.0,0.1735,0.6205
40592,384,112,-4.614954732358456,1.0,0.0,0.17315,0.6194500000000001
40688,385,96,6.819284126162529,1.0,0.0,0.17284999999999998,0.6185499999999999
40790,386,102,-78.49736559763551,1.0,0.0,0.17253125,0.61759375
40852,387,62,-162.44548036158085,0.0,1.0,0.17233749999999998,0.6170125
40962,388,110,9.431719601154327,1.0,0.0,0.17199375,0.61598125
41030,389,68,-218.7991715669632,0.0,1.0,0.17178125,0.6153437500000001
41132,390,102,-19.582297652959824,1.0,0.0,0.1714625,0.6143875
41235,391,103,11.952861092984676,1.0,0.0,0.171140625,0.613421875
41346,392,111,8.631637696176767,1.0,0.0,0.17079375,0.61238125
41454,393,108,13.376954931300133,1.0,0.0,0.17045624999999998,0.61136875
41512,394,58,-190.52211179211736,0.0,1.0,0.17027499999999998,0.610825
41642,395,130,-42.84347114339471,0.0,0.0,0.16986874999999999,0.60960625
41742,396,100,11.455930478870869,1.0,0.0,0.16955625,0.60866875
41839,397,97,-0.02534462884068489,1.0,0.0,0.16925312499999998,0.607759375
41940,398,101,10.682137560565025,1.0,0.0,0.1689375,0.6068125
42013,399,73,-140.4760573282838,0.0,1.0,0.168709375,0.606128125
42072,400,59,-226.17939500510693,0.0,1.0,0.16852499999999998,0.605575
42131,401,59,-217.4027699828148,0.0,1.0,0.168340625,0.605021875
42237,402,106,23.861690495163202,1.0,0.0,0.168009375,0.604028125
42337,403,100,18.12994910031557,1.0,0.0,0.167696875,0.603090625
42441,404,104,-19.81095265597105,1.0,0.0,0.16737187499999998,0.6021156249999999
42499,405,58,-199.82524241879582,0.0,1.0,0.16719062499999998,0.601571875
42607,406,108,19.80678353086114,1.0,0.0,0.166853125,0.600559375
42702,407,95,21.827953033149242,1.0,0.0,0.16655625,0.59966875
42814,408,112,3.190111242234707,1.0,0.0,0.16620625,0.59861875
42925,409,111,-26.31655753776431,1.0,0.0,0.16585937499999998,0.597578125
43020,410,95,17.23869801312685,1.0,0.0,0.1655625,0.5966875
43133,411,113,-20.206868916749954,1.0,0.0,0.165209375,0.595628125
43237,412,104,11.172884188144963,1.0,0.0,0.164884375,0.594653125
43326,413,89,-150.60613773018122,0.0,1.0,0.16460624999999998,0.59381875
43436,414,110,-106.02308029681444,1.0,0.0,0.16426249999999998,0.5927875
43534,415,98,3.2308455482125282,1.0,0.0,0.16395625,0.59186875
43641,416,107,17.80553289502859,1.0,0.0,0.163621875,0.5908656250000001
43751,417,110,-110.64972829446197,1.0,0.0,0.163278125,0.589834375
43859,418,108,19.925190709065646,1.0,0.0,0.16294062499999998,0.5888218749999999
43959,419,100,15.015287458896637,1.0,0.0,0.16262812499999998,0.587884375
44071,420,112,18.147774195298553,1.0,0.0,0.162278125,0.586834375
44178,421,107,-23.281778879463673,1.0,0.0,0.16194375,0.58583125
44285,422,107,22.294180635362864,1.0,0.0,0.161609375,0.584828125
44390,423,105,-5.803183291107416,1.0,0.0,0.16128125,0.58384375
44462,424,72,-218.0681233406067,0.0,1.0,0.16105624999999998,0.58316875
44557,425,95,19.22131559252739,1.0,0.0,0.16075937499999998,0.582278125
44665,426,108,30.976027630269527,1.0,0.0,0.160421875,0.581265625
44768,427,103,7.322637781500816,1.0,0.0,0.1601,0.5803
44869,428,101,17.87137734796852,1.0,0.0,0.15978437499999998,0.5793531249999999
44978,429,109,20.794062163680792,1.0,0.0,0.15944375,0.57833125
45081,430,103,32.7434493470937,1.0,0.0,0.159121875,0.577365625
45181,431,100,14.789854764938354,1.0,0.0,0.158809375,0.5764281250000001
45269,432,88,-159.19660367071629,0.0,1.0,0.15853437499999998,0.575603125
45385,433,116,-102.90858677774668,1.0,0.0,0.158171875,0.574515625
45504,434,119,7.510722718681791,1.0,0.0,0.1578,0.5734
45603,435,99,0.46047824202105403,1.0,0.0,0.157490625,0.572471875
45705,436,102,20.70326724089682,1.0,0.0,0.157171875,0.571515625
45775,437,70,-171.95335157215595,0.0,1.0,0.156953125,0.5708593750000001
45892,438,117,11.756801809649915,1.0,0.0,0.1565875,0.5697625
45997,439,105,-6.159458052832633,1.0,0.0,0.15625937499999998,0.5687781249999999
46106,440,109,6.214272849261761,1.0,0.0,0.15591875,0.56775625
46213,441,107,19.258891630917788,1.0,0.0,0.155584375,0.566753125
46313,442,100,10.155553422868252,1.0,0.0,0.15527187499999998,0.5658156249999999
46432,443,119,-84.55505416169763,1.0,0.0,0.15489999999999998,0.5647
46537,444,105,-94.22238745167851,1.0,0.0,0.154571875,0.563715625
46599,445,62,-203.30073836445808,0.0,1.0,0.15437812499999998,0.563134375
46715,446,116,-18.86725363507867,1.0,0.0,0.154015625,0.5620468750000001
46814,447,99,6.916606962680817,1.0,0.0,0.15370625,0.56111875
46912,448,98,28.139248258899897,1.0,0.0,0.15339999999999998,0.5602
47012,449,100,16.92372541502118,1.0,0.0,0.1530875,0.5592625
47120,450,108,23.76983597315848,1.0,0.0,0.15275,0.55825
47220,451,100,20.55733100324869,1.0,0.0,0.15243749999999998,0.5573125
47335,452,115,17.574244394898415,1.0,0.0,0.15207812499999998,0.556234375
47449,453,114,13.292626521550119,1.0,0.0,0.15172187499999998,0.555165625
47509,454,60,-151.18947839736938,0.0,1.0,0.151534375,0.5546031250000001
47620,455,111,20.322372563183308,1.0,0.0,0.1511875,0.5535625000000001
47749,456,129,12.34084814786911,1.0,0.0,0.150784375,0.552353125
47861,457,112,19.389145243912935,1.0,0.0,0.15043437499999998,0.551303125
47924,458,63,-211.5082367360592,0.0,1.0,0.1502375,0.5507125
48039,459,115,1.3079986944794655,1.0,0.0,0.149878125,0.549634375
48137,460,98,16.807995028793812,1.0,0.0,0.149571875,0.548715625
48242,461,105,-61.968772519830964,1.0,0.0,0.14924374999999998,0.54773125
48354,462,112,9.098507496993989,1.0,0.0,0.14889375,0.54668125
48459,463,105,17.56774856103584,1.0,0.0,0.14856562499999998,0.545696875
48562,464,103,19.365171450655907,1.0,0.0,0.14824374999999998,0.54473125
48665,465,103,20.88511949777603,1.0,0.0,0.14792187499999998,0.543765625
48774,466,109,-35.51614406704903,1.0,0.0,0.14758125,0.5427437500000001
48884,467,110,19.718117155134678,1.0,0.0,0.1472375,0.5417125
48994,468,110,-5.6602419805713,1.0,0.0,0.14689375,0.54068125
49087,469,93,26.477749640587717,1.0,0.0,0.146603125,0.539809375
49141,470,54,-194.60346254706383,0.0,1.0,0.14643437499999998,0.539303125
49252,471,111,22.188205175101757,1.0,0.0,0.14608749999999998,0.5382625
49361,472,109,23.215076982975006,1.0,0.0,0.145746875,0.537240625
49462,473,101,6.955734162824228,1.0,0.0,0.14543124999999998,0.53629375
49571,474,109,18.68167345551774,1.0,0.0,0.145090625,0.5352718750000001
49689,475,118,20.505637675523758,1.0,0.0,0.144721875,0.534165625
49801,476,112,-20.97765472950414,1.0,0.0,0.14437187499999998,0.533115625
49898,477,97,11.898008272051811,1.0,0.0,0.14406875,0.53220625
49993,478,95,-101.7227872684598,1.0,0.0,0.143771875,0.531315625
50102,479,109,13.848812822252512,1.0,0.0,0.14343124999999998,0.53029375
50210,480,108,32.23443202115595,1.0,0.0,0.14309375,0.52928125
50289,481,79,-226.44186676293612,0.0,1.0,0.14284687499999998,0.528540625
50347,482,58,-224.54412060976028,0.0,1.0,0.142665625,0.527996875
50457,483,110,-5.142025321722031,1.0,0.0,0.142321875,0.526965625
50558,484,101,-74.37932269647717,1.0,0.0,0.14200625,0.52601875
50668,485,110,23.925733789801598,1.0,0.0,0.1416625,0.5249875
50777,486,109,-1.7291846349835396,1.0,0.0,0.14132187499999999,0.523965625
50899,487,122,-1.5551756918430328,1.0,0.0,0.14094062499999999,0.522821875
51011,488,112,-14.561454497277737,1.0,0.0,0.140590625,0.521771875
51117,489,106,14.846752047538757,1.0,0.0,0.140259375,0.520778125
51230,490,113,21.496070113033056,1.0,0.0,0.13990624999999998,0.51971875
51336,491,106,-70.04102345649153,1.0,0.0,0.13957499999999998,0.518725
51445,492,109,26.74956851825118,1.0,0.0,0.139234375,0.517703125
51558,493,113,17.743279859423637,1.0,0.0,0.13888124999999998,0.51664375
51663,494,105,-7.724850449711084,1.0,0.0,0.138553125,0.515659375
51777,495,114,15.100858918391168,1.0,0.0,0.138196875,0.5145906250000001
51879,496,102,-89.55232858657837,1.0,0.0,0.137878125,0.513634375
51982,497,103,-22.44668573141098,1.0,0.0,0.13755625,0.51266875
52077,498,95,7.49361464753747,1.0,0.0,0.137259375,0.511778125
52187,499,110,28.723719847854227,1.0,0.0,0.13691562499999999,0.5107468749999999
52288,500,101,19.221483904402703,1.0,0.0,0.1366,0.5098
52391,501,103,10.562745060771704,1.0,0.0,0.136278125,0.5088343750000001
52474,502,83,-256.66913618147373,0.0,1.0,0.13601875,0.50805625
52576,503,102,10.083933915942907,1.0,0.0,0.1357,0.5071
52682,504,106,20.453892652411014,1.0,0.0,0.13536874999999998,0.50610625
52795,505,113,19.37884514313191,1.0,0.0,0.135015625,0.505046875
52895,506,100,18.03211215417832,1.0,0.0,0.13470312499999998,0.504109375
52999,507,104,10.570247933268547,1.0,0.0,0.134378125,0.503134375
53109,508,110,26.22621500492096,1.0,0.0,0.13403437499999998,0.502103125
53174,509,65,-210.48896241933107,0.0,1.0,0.13383124999999998,0.50149375
53268,510,94,20.08762969309464,1.0,0.0,0.13353749999999998,0.5006124999999999
53380,511,112,30.351046726107597,1.0,0.0,0.1331875,0.4995625
53479,512,99,1.5595832243561745,1.0,0.0,0.13287812499999999,0.49863437499999996
53576,513,97,10.170551396906376,1.0,0.0,0.132575,0.497725
53677,514,101,18.877924006432295,1.0,0.0,0.13225937499999998,0.49677812499999996
53787,515,110,19.407838590443134,1.0,0.0,0.13191562499999998,0.49574687500000003
53840,516,53,-219.7089585363865,0.0,1.0,0.13174999999999998,0.49524999999999997
53935,517,95,18.49200618453324,1.0,0.0,0.13145312499999998,0.49435937499999993
54033,518,98,5.441470541059971,1.0,0.0,0.131146875,0.4934406250000001
54142,519,109,35.62506137927994,1.0,0.0,0.13080624999999999,0.49241875
54247,520,105,18.41932589514181,1.0,0.0,0.130478125,0.4914343750000001
54351,521,104,17.677728556096554,1.0,0.0,0.13015312499999998,0.4904593749999999
54468,522,117,0.7684665657579899,1.0,0.0,0.1297875,0.48936250000000003
54522,523,54,-215.25048349052668,0.0,1.0,0.12961874999999998,0.48885625
54587,524,65,-213.5063104107976,0.0,1.0,0.12941562499999998,0.48824687499999997
54717,525,130,-49.388748835772276,0.0,0.0,0.12900937499999998,0.4870281249999999
54812,526,95,27.418781073298305,1.0,0.0,0.12871249999999998,0.4861375
54888,527,76,-245.60671753436327,0.0,1.0,0.12847499999999998,0.485425
54995,528,107,29.072289541363716,1.0,0.0,0.12814062499999998,0.484421875
55119,529,124,15.386197298765182,1.0,0.0,0.127753125,0.48325937500000005
55216,530,97,21.19989490462467,1.0,0.0,0.12744999999999998,0.48234999999999995
55318,531,102,26.515964210033417,1.0,0.0,0.12713125,0.48139375000000006
55385,532,67,-228.19262070953846,0.0,1.0,0.126921875,0.480765625
55480,533,95,-25.031145434826612,1.0,0.0,0.126625,0.47987500000000005
55577,534,97,23.54018225101754,1.0,0.0,0.126321875,0.47896562500000006
55688,535,111,11.51593015762046,1.0,0.0,0.12597499999999998,0.47792499999999993
55804,536,116,26.220689381472766,1.0,0.0,0.1256125,0.4768375
55908,537,104,14.708331301808357,1.0,0.0,0.1252875,0.4758625000000001
56009,538,101,9.231799952685833,1.0,0.0,0.12497187499999998,0.47491562499999995
56108,539,99,7.0513069736771286,1.0,0.0,0.12466249999999998,0.4739875
56219,540,111,19.34560890123248,1.0,0.0,0.12431562499999999,0.472946875
56272,541,53,-220.20072864741087,0.0,1.0,0.12414999999999998,0.47245000000000004
56372,542,100,-21.76101364567876,1.0,0.0,0.12383749999999999,0.4715125
56467,543,95,19.514862309675664,1.0,0.0,0.12354062499999999,0.47062187499999997
56525,544,58,-208.60033418238163,0.0,1.0,0.123359375,0.470078125
56655,545,130,-155.21484905853868,0.0,0.0,0.122953125,0.4688593750000001
56752,546,97,2.3301343619823456,1.0,0.0,0.12264999999999998,0.46795
56862,547,110,17.015343016013503,1.0,0.0,0.12230624999999998,0.46691874999999994
56974,548,112,38.995565372053534,1.0,0.0,0.12195624999999999,0.46586875000000005
57071,549,97,18.222674833610654,1.0,0.0,0.121653125,0.46495937500000006
57178,550,107,20.596346732228994,1.0,0.0,0.12131874999999998,0.46395624999999996
57289,551,111,29.286942045670003,1.0,0.0,0.12097187499999998,0.46291562499999994
57396,552,107,4.389628041535616,1.0,0.0,0.12063749999999998,0.46191249999999995
57523,553,127,-112.3530650883913,1.0,0.0,0.12024062499999999,0.46072187499999995
57632,554,109,12.160945478826761,1.0,0.0,0.11989999999999998,0.4597
57741,555,109,24.11413525789976,1.0,0.0,0.119559375,0.45867812500000005
57807,556,66,-202.42577838897705,0.0,1.0,0.11935312499999998,0.45805937499999994
57880,557,73,-258.7266693562269,0.0,1.0,0.11912499999999998,0.457375
57987,558,107,17.72749052941799,1.0,0.0,0.11879062499999998,0.456371875
58048,559,61,-216.46684297919273,0.0,1.0,0.11859999999999998,0.4558
58162,560,114,23.144999094307423,1.0,0.0,0.11824374999999998,0.45473125000000003
58271,561,109,15.315067540854216,1.0,0.0,0.117903125,0.4537093750000001
58379,562,108,13.20932006649673,1.0,0.0,0.11756562499999998,0.452696875
58490,563,111,-81.29753955453634,1.0,0.0,0.11721874999999998,0.45165625
58601,564,111,23.97309672087431,1.0,0.0,0.11687187499999999,0.45061562499999996
58709,565,108,5.282317467033863,1.0,0.0,0.116534375,0.449603125
58779,566,70,-237.3952862471342,0.0,1.0,0.11631562499999998,0.44894687499999997
58843,567,64,-233.4033946096897,0.0,1.0,0.116115625,0.44834687500000003
58947,568,104,26.708783484064043,1.0,0.0,0.11579062499999998,0.447371875
59046,569,99,-5.261406268924475,1.0,0.0,0.11548124999999998,0.44644375000000003
59115,570,69,-215.94448553025723,0.0,1.0,0.11526562499999998,0.445796875
59225,571,110,5.382911707769381,1.0,0.0,0.11492187499999998,0.44476562499999994
59328,572,103,17.66417684778571,1.0,0.0,0.11459999999999998,0.4438
59427,573,99,23.953358869999647,1.0,0.0,0.11429062499999998,0.442871875
59522,574,95,25.80579974129796,1.0,0.0,0.11399374999999998,0.44198125
59626,575,104,-9.369559943675995,1.0,0.0,0.11366874999999999,0.44100625000000004
59725,576,99,11.256729684770107,1.0,0.0,0.11335937499999998,0.440078125
59821,577,96,33.89688926190138,1.0,0.0,0.11305937499999999,0.439178125
59934,578,113,-12.56370172649622,1.0,0.0,0.11270624999999998,0.43811875
60050,579,116,13.827553525567055,1.0,0.0,0.11234374999999999,0.43703125
60150,580,100,26.033976271297433,1.0,0.0,0.11203125,0.43609375000000006
60215,581,65,-227.71842926740646,0.0,1.0,0.111828125,0.43548437500000003
60329,582,114,4.593627433758229,1.0,0.0,0.111471875,0.43441562499999997
60407,583,78,-237.69614017009735,0.0,1.0,0.11122812499999998,0.433684375
60533,584,126,-87.42642857506871,1.0,0.0,0.11083437499999998,0.432503125
60633,585,100,19.278019919991493,1.0,0.0,0.11052187499999999,0.43156562499999995
60729,586,96,17.167185217142105,1.0,0.0,0.110221875,0.43066562500000005
60794,587,65,-234.76502045989037,0.0,1.0,0.11001875,0.43005625000000003
60902,588,108,-2.115234449505806,1.0,0.0,0.10968124999999998,0.42904374999999995
60965,589,63,-215.81265632808208,0.0,1.0,0.109484375,0.428453125
61074,590,109,-79.80606803297997,1.0,0.0,0.10914374999999998,0.42743124999999993
61183,591,109,26.47973976843059,1.0,0.0,0.108803125,0.426409375
61300,592,117,32.62597008794546,1.0,0.0,0.10843749999999999,0.4253125
61417,593,117,-76.48929764749482,1.0,0.0,0.10807187499999998,0.424215625
61515,594,98,-111.37102842330933,1.0,0.0,0.10776562499999998,0.4232968749999999
61626,595,111,-5.2886544317007065,1.0,0.0,0.10741874999999998,0.42225625
61702,596,76,-252.08056730031967,0.0,1.0,0.10718124999999998,0.42154375
61802,597,100,21.909977823495865,1.0,0.0,0.10686874999999998,0.42060624999999996
61902,598,100,30.889000941067934,1.0,0.0,0.10655624999999999,0.41966875000000003
61998,599,96,4.7015913836658,1.0,0.0,0.10625625,0.41876875
62108,600,110,27.353520527482033,1.0,0.0,0.10591249999999999,0.4177375
62172,601,64,-224.32352505624294,0.0,1.0,0.10571249999999999,0.41713749999999994
62276,602,104,21.11254673777148,1.0,0.0,0.1053875,0.4161625
62384,603,108,17.185285456478596,1.0,0.0,0.10504999999999998,0.4151499999999999
62486,604,102,24.97019588528201,1.0,0.0,0.10473125,0.41419375
62595,605,109,18.707075383048505,1.0,0.0,0.10439062499999999,0.41317187499999997
62706,606,111,-12.692740511149168,1.0,0.0,0.10404374999999999,0.41213125000000006
62818,607,112,-83.43218030035496,1.0,0.0,0.10369375,0.41108125000000006
62914,608,96,7.074018605053425,1.0,0.0,0.10339374999999998,0.41018124999999994
63029,609,115,10.53250191686675,1.0,0.0,0.10303437499999998,0.409103125
63134,610,105,14.635255947709084,1.0,0.0,0.10270625,0.4081187500000001
63229,611,95,0.9981001764535904,1.0,0.0,0.102409375,0.40722812500000005
63334,612,105,26.013007709756494,1.0,0.0,0.10208124999999998,0.40624375
63388,613,54,-223.57990264892578,0.0,1.0,0.10191249999999999,0.4057375
63501,614,113,17.61198178678751,1.0,0.0,0.10155937499999998,0.404678125
63563,615,62,-223.16497549414635,0.0,1.0,0.10136562499999999,0.404096875
63666,616,103,15.357593011111021,1.0,0.0,0.10104374999999999,0.40313124999999994
63718,617,52,-224.8430713713169,0.0,1.0,0.10088124999999998,0.40264374999999997
63812,618,94,26.48487912863493,1.0,0.0,0.1005875,0.4017625
63913,619,101,27.804684485308826,1.0,0.0,0.10027187499999998,0.400815625
64015,620,102,7.635966926347464,1.0,0.0,0.09995312499999998,0.3998593749999999
64112,621,97,1.5045430287718773,1.0,0.0,0.09964999999999999,0.39895
64226,622,114,21.352351443842053,1.0,0.0,0.09929374999999999,0.39788124999999996
64339,623,113,1.7611619755625725,1.0,0.0,0.09894062499999998,0.396821875
64443,624,104,32.33054169267416,1.0,0.0,0.09861562499999998,0.39584687499999993
64555,625,112,26.26490207761526,1.0,0.0,0.098265625,0.39479687500000005
64651,626,96,15.358006510417908,1.0,0.0,0.097965625,0.39389687500000004
64746,627,95,11.222051851451397,1.0,0.0,0.09766875,0.39300625
64860,628,114,31.30951246758923,1.0,0.0,0.0973125,0.39193750000000005
64978,629,118,-113.02581254439428,1.0,0.0,0.09694375,0.39083124999999996
65079,630,101,34.49094485491514,1.0,0.0,0.09662812499999998,0.38988437499999995
65138,631,59,-227.43564028292894,0.0,1.0,0.09644375,0.38933125
65207,632,69,-247.65637025237083,0.0,1.0,0.096228125,0.38868437499999997
65322,633,115,15.130252324044704,1.0,0.0,0.09586875,0.38760625000000004
65385,634,63,-220.93170365691185,0.0,1.0,0.09567187499999999,0.387015625
65444,635,59,-227.92098832130432,0.0,1.0,0.09548749999999998,0.38646249999999993
65549,636,105,16.790324073284864,1.0,0.0,0.09515937499999999,0.385478125
65646,637,97,-5.360189728438854,1.0,0.0,0.09485624999999998,0.3845687499999999
65755,638,109,-86.27302956208587,1.0,0.0,0.09451562499999999,0.38354687499999995
65861,639,106,-2.4939630180597305,1.0,0.0,0.09418437499999999,0.38255312500000005
65962,640,101,21.912564462050796,1.0,0.0,0.09386875,0.38160625000000004
66068,641,106,-67.20484100282192,1.0,0.0,0.0935375,0.3806125
66138,642,70,-229.65764372050762,0.0,1.0,0.09331874999999998,0.37995625
66246,643,108,19.55887483805418,1.0,0.0,0.09298124999999999,0.37894375
66317,644,71,-228.38803419470787,0.0,1.0,0.09275937499999998,0.378278125
66413,645,96,-3.1526903100311756,1.0,0.0,0.09245937499999998,0.377378125
66520,646,107,10.336232244968414,1.0,0.0,0.09212499999999998,0.376375
66624,647,104,33.58792467042804,1.0,0.0,0.09179999999999999,0.37539999999999996
66725,648,101,-77.21693281456828,1.0,0.0,0.09148437499999998,0.37445312499999994
66828,649,103,16.705464835773455,1.0,0.0,0.09116249999999998,0.3734875
66925,650,97,11.984412968158722,1.0,0.0,0.09085937499999999,0.372578125
67037,651,112,-68.81398157775402,1.0,0.0,0.09050937499999998,0.371528125
67097,652,60,-142.86197118461132,0.0,1.0,0.090321875,0.37096562499999997
67191,653,94,4.185604829341173,1.0,0.0,0.09002812499999999,0.370084375
67293,654,102,8.986390370875597,1.0,0.0,0.08970937499999998,0.36912812500000003
67391,655,98,-93.55708933249116,1.0,0.0,0.089403125,0.36820937500000006
67486,656,95,-1.644378234166652,1.0,0.0,0.08910625,0.36731875
67581,657,95,-109.83793534711003,1.0,0.0,0.088809375,0.366428125
67690,658,109,20.276705272495747,1.0,0.0,0.08846874999999998,0.36540624999999993
67790,659,100,16.73387462226674,1.0,0.0,0.08815624999999999,0.36446875
67899,660,109,5.929013352841139,1.0,0.0,0.08781562499999998,0.36344687499999995
67999,661,100,19.350518111139536,1.0,0.0,0.08750312499999999,0.362509375
68102,662,103,-86.41523214802146,1.0,0.0,0.08718124999999999,0.36154375000000005
68155,663,53,-227.86059068888426,0.0,1.0,0.08701562499999999,0.361046875
68254,664,99,16.225798290222883,1.0,0.0,0.08670624999999998,0.36011875000000004
68314,665,60,-226.22457587718964,0.0,1.0,0.08651874999999998,0.35955625
68418,666,104,30.080027665011585,1.0,0.0,0.08619374999999999,0.35858124999999996
68532,667,114,-91.308518525213,1.0,0.0,0.08583749999999998,0.3575125
68634,668,102,-17.27995166927576,1.0,0.0,0.08551874999999998,0.3565562499999999
68732,669,98,14.232635583728552,1.0,0.0,0.0852125,0.35563750000000005
68834,670,102,23.645455230027437,1.0,0.0,0.08489374999999999,0.35468125000000006
68929,671,95,-78.12555589899421,1.0,0.0,0.08459687499999999,0.353790625
69037,672,108,30.392562750261277,1.0,0.0,0.084259375,0.35277812500000005
69137,673,100,30.3128306241706,1.0,0.0,0.08394687499999998,0.3518406249999999
69232,674,95,-1.0506936721503735,1.0,0.0,0.08365,0.3509500000000001
69294,675,62,-211.23876863718033,0.0,1.0,0.08345624999999998,0.35036875
69395,676,101,33.432714277878404,1.0,0.0,0.083140625,0.349421875
69469,677,74,-236.6219867616892,0.0,1.0,0.08290937499999998,0.34872812499999994
69576,678,107,17.383027091622353,1.0,0.0,0.08257499999999998,0.34772499999999995
69682,679,106,-85.09824749827385,1.0,0.0,0.08224374999999998,0.34673124999999994
69787,680,105,18.134965252131224,1.0,0.0,0.08191562499999999,0.345746875
69884,681,97,10.012767272535712,1.0,0.0,0.08161249999999998,0.3448374999999999
69978,682,94,18.038590651005507,1.0,0.0,0.08131875,0.34395624999999996
70076,683,98,16.387906417250633,1.0,0.0,0.08101249999999999,0.3430375
70189,684,113,22.713096372783184,1.0,0.0,0.08065937499999998,0.341978125
70298,685,109,14.527375400066376,1.0,0.0,0.08031875,0.34095625000000007
70393,686,95,18.27392679825425,1.0,0.0,0.08002187499999999,0.34006562500000004
70506,687,113,-102.5049024745822,1.0,0.0,0.07966874999999998,0.33900624999999995
70611,688,105,14.314112899359316,1.0,0.0,0.079340625,0.338021875
70664,689,53,-242.19698524475098,0.0,1.0,0.079175,0.3375250000000001
70769,690,105,10.755239363294095,1.0,0.0,0.07884687499999998,0.33654062500000004
70823,691,54,-217.2874272763729,0.0,1.0,0.07867812499999999,0.336034375
70943,692,120,20.408524356782436,1.0,0.0,0.078303125,0.33490937500000006
71010,693,67,-209.00500954687595,0.0,1.0,0.07809374999999999,0.33428125
71066,694,56,-216.47619662433863,0.0,1.0,0.07791874999999998,0.33375625
71142,695,76,-224.2403806746006,0.0,1.0,0.07768124999999998,0.33304374999999997
71243,696,101,1.5182462371885777,1.0,0.0,0.077365625,0.33209687499999996
71346,697,103,11.81295132637024,1.0,0.0,0.07704375,0.33113125
71448,698,102,-91.27120150253177,1.0,0.0,0.07672499999999999,0.330175
71552,699,104,-65.0925741684623,1.0,0.0,0.0764,0.32920000000000005
71647,700,95,6.494350075721741,1.0,0.0,0.076103125,0.328309375
71754,701,107,24.981832827907056,1.0,0.0,0.07576875,0.32730625
71814,702,60,-233.74595905840397,0.0,1.0,0.07558124999999999,0.32674375
71922,703,108,13.036765981465578,1.0,0.0,0.07524375,0.32573125
72021,704,99,-105.21689078211784,1.0,0.0,0.074934375,0.3248031250000001
72082,705,61,-228.8729495704174,0.0,1.0,0.07474375,0.32423124999999997
72184,706,102,26.296859368681908,1.0,0.0,0.07442499999999999,0.323275
72243,707,59,-211.40972578525543,0.0,1.0,0.07424062499999998,0.32272187499999994
72348,708,105,22.473138313740492,1.0,0.0,0.07391249999999999,0.3217375
72405,709,57,-221.14391480386257,0.0,1.0,0.07373437499999999,0.32120312500000003
72486,710,81,-196.4463354051113,0.0,1.0,0.07348125,0.32044375
72590,711,104,22.81969865737483,1.0,0.0,0.07315624999999998,0.31946874999999997
72701,712,111,5.008757669478655,1.0,0.0,0.07280937499999998,0.31842812499999995
72810,713,109,-88.92728553758934,1.0,0.0,0.07246875,0.31740625
72908,714,98,17.322763673961163,1.0,0.0,0.07216249999999999,0.31648750000000003
72966,715,58,-209.73100328445435,0.0,1.0,0.07198125,0.31594374999999997
73069,716,103,14.572277929633856,1.0,0.0,0.071659375,0.314978125
73169,717,100,24.5799460709095,1.0,0.0,0.07134687499999998,0.31404062499999996
73266,718,97,-74.33546117320657,1.0,0.0,0.07104374999999999,0.31313124999999997
73377,719,111,27.328337643295527,1.0,0.0,0.07069687499999999,0.31209062499999995
73478,720,101,28.277964170556515,1.0,0.0,0.07038124999999998,0.31114374999999994
73581,721,103,23.214491410646588,1.0,0.0,0.07005937499999998,0.31017812499999997
73651,722,70,-220.76581083238125,0.0,1.0,0.06984062499999999,0.30952187499999995
73715,723,64,-213.43609222769737,0.0,1.0,0.06964062499999998,0.308921875
73812,724,97,20.92761926492676,1.0,0.0,0.0693375,0.3080125
73870,725,58,-217.95363686978817,0.0,1.0,0.06915625,0.30746875000000007
73935,726,65,-225.44163835048676,0.0,1.0,0.06895312499999998,0.30685937499999993
74030,727,95,2.8926060907542706,1.0,0.0,0.06865625,0.30596875
74138,728,108,-6.269316505640745,1.0,0.0,0.06831874999999998,0.30495625000000004
74196,729,58,-224.45894145965576,0.0,1.0,0.06813749999999999,0.3044125
74305,730,109,-8.857506577391177,1.0,0.0,0.06779687499999998,0.303390625
74406,731,101,15.414354662876576,1.0,0.0,0.06748124999999999,0.30244375
74472,732,66,-214.09830600768328,0.0,1.0,0.067275,0.301825
74583,733,111,33.46025973185897,1.0,0.0,0.06692812499999998,0.300784375
74682,734,99,26.216203350573778,1.0,0.0,0.06661874999999998,0.29985624999999994
74780,735,98,13.91405542522989,1.0,0.0,0.0663125,0.2989375000000001
74891,736,111,-7.4501933157444,1.0,0.0,0.065965625,0.29789687500000006
74989,737,98,28.59051800891757,1.0,0.0,0.06565937499999999,0.296978125
75052,738,63,-226.97501534968615,0.0,1.0,0.06546249999999998,0.2963875
75110,739,58,-239.87336337566376,0.0,1.0,0.06528124999999999,0.29584374999999996
75172,740,62,-226.2254261225462,0.0,1.0,0.06508749999999999,0.2952625
75237,741,65,-226.7239425331354,0.0,1.0,0.064884375,0.29465312499999996
75350,742,113,-10.27305030124262,1.0,0.0,0.06453124999999998,0.29359375
75464,743,114,-76.81336902827024,1.0,0.0,0.06417499999999998,0.2925249999999999
75572,744,108,-15.10165636241436,1.0,0.0,0.06383749999999999,0.29151250000000006
75668,745,96,24.81423767283559,1.0,0.0,0.0635375,0.29061250000000005
75778,746,110,11.983386885374784,1.0,0.0,0.06319374999999999,0.28958125
75874,747,96,27.69641815405339,1.0,0.0,0.06289375,0.28868125
75938,748,64,-216.26503521203995,0.0,1.0,0.06269374999999999,0.28808125000000007
76047,749,109,27.9371295645833,1.0,0.0,0.06235312499999998,0.287059375
76149,750,102,26.311804369091988,1.0,0.0,0.062034375,0.286103125
76257,751,108,31.853667434304953,1.0,0.0,0.061696874999999984,0.28509062500000004
76387,752,130,-152.37982361391187,0.0,0.0,0.06129062499999999,0.283871875
76487,753,100,-69.99624728783965,1.0,0.0,0.060978124999999994,0.28293437499999996
76600,754,113,16.80022571235895,1.0,0.0,0.060624999999999984,0.281875
76706,755,106,27.88688290119171,1.0,0.0,0.06029374999999998,0.28088124999999997
76805,756,99,13.582688972353935,1.0,0.0,0.05998437499999998,0.279953125
76918,757,113,27.440975911915302,1.0,0.0,0.05963125,0.27889375000000005
77032,758,114,26.75338027998805,1.0,0.0,0.059274999999999994,0.277825
77101,759,69,-175.5682060830295,0.0,1.0,0.059059375,0.27717812500000005
77163,760,62,-216.07725532352924,0.0,1.0,0.05886562499999998,0.27659687499999996
77234,761,71,-178.92852970957756,0.0,1.0,0.058643749999999994,0.27593124999999996
77308,762,74,-209.0752103663981,0.0,1.0,0.05841249999999998,0.2752375
77421,763,113,17.22941456735134,1.0,0.0,0.058059374999999996,0.27417812500000005
77492,764,71,-242.78154981136322,0.0,1.0,0.057837499999999986,0.27351250000000005
77596,765,104,21.412774323951453,1.0,0.0,0.057512499999999994,0.2725375
77693,766,97,29.084120493382215,1.0,0.0,0.05720937499999998,0.271628125
77789,767,96,20.957634419202805,1.0,0.0,0.056909374999999984,0.270728125
77847,768,58,-227.720862865448,0.0,1.0,0.05672812499999999,0.27018437500000003
77947,769,100,18.07802564231679,1.0,0.0,0.056415625,0.269246875
78002,770,55,-205.12081131339073,0.0,1.0,0.05624374999999998,0.26873125
78108,771,106,3.660076092928648,1.0,0.0,0.055912499999999976,0.26773749999999996
78207,772,99,31.902681674808264,1.0,0.0,0.055603124999999975,0.266809375
78309,773,102,7.335982661228627,1.0,0.0,0.055284375,0.265853125
78410,774,101,34.294269520789385,1.0,0.0,0.05496874999999998,0.26490625
78514,775,104,35.25164910033345,1.0,0.0,0.05464374999999999,0.26393124999999995
78570,776,56,-199.50375743582845,0.0,1.0,0.05446874999999998,0.26340624999999995
78668,777,98,27.785145532805473,1.0,0.0,0.0541625,0.2624875
78728,778,60,-218.4235592931509,0.0,1.0,0.053974999999999995,0.26192499999999996
78831,779,103,19.086627159267664,1.0,0.0,0.053653124999999996,0.260959375
78902,780,71,-211.1162212640047,0.0,1.0,0.053431249999999986,0.26029375
78998,781,96,-9.052852466702461,1.0,0.0,0.05313124999999999,0.25939375
79097,782,99,28.352019123733044,1.0,0.0,0.05282187499999999,0.25846562500000003
79193,783,96,-74.0131381303072,1.0,0.0,0.052521874999999996,0.257565625
79301,784,108,17.8766188621521,1.0,0.0,0.05218437499999998,0.25655312499999994
79413,785,112,7.710110358893871,1.0,0.0,0.05183437499999999,0.25550312499999994
79476,786,63,-242.5265079587698,0.0,1.0,0.051637499999999975,0.2549125
79582,787,106,31.20382346212864,1.0,0.0,0.05130625,0.25391874999999997
79641,788,59,-215.2822236865759,0.0,1.0,0.05112187499999998,0.25336562500000004
79747,789,106,26.719702266156673,1.0,0.0,0.05079062499999998,0.2523718749999999
79850,790,103,33.80841293046251,1.0,0.0,0.05046874999999998,0.25140624999999994
79909,791,59,-213.195263966918,0.0,1.0,0.05028437499999999,0.250853125
80009,792,100,32.101582314353436,1.0,0.0,0.04999999999999999,0.25
80069,793,60,-212.45956029742956,0.0,1.0,0.04999999999999999,0.25
80170,794,101,25.784053701907396,1.0,0.0,0.04999999999999999,0.25
80266,795,96,29.00125191360712,1.0,0.0,0.04999999999999999,0.25
80381,796,115,35.049919086974114,1.0,0.0,0.04999999999999999,0.25
80485,797,104,22.96835935441777,1.0,0.0,0.04999999999999999,0.25
80552,798,67,-227.1836657077074,0.0,1.0,0.04999999999999999,0.25
80648,799,96,28.886137172114104,1.0,0.0,0.04999999999999999,0.25
80751,800,103,9.73534183576703,1.0,0.0,0.04999999999999999,0.25
80862,801,111,24.846403893083334,1.0,0.0,0.04999999999999999,0.25
80965,802,103,-91.39225912094116,1.0,0.0,0.04999999999999999,0.25
81072,803,107,31.377109866589308,1.0,0.0,0.04999999999999999,0.25
81174,804,102,-2.3519413699395955,1.0,0.0,0.04999999999999999,0.25
81283,805,109,32.96896440535784,1.0,0.0,0.04999999999999999,0.25
81389,806,106,-82.36978544294834,1.0,0.0,0.04999999999999999,0.25
81488,807,99,37.119949746411294,1.0,0.0,0.04999999999999999,0.25
81593,808,105,1.2743976935744286,1.0,0.0,0.04999999999999999,0.25
81659,809,66,-214.40129373967648,0.0,1.0,0.04999999999999999,0.25
81768,810,109,9.994458279572427,1.0,0.0,0.04999999999999999,0.25
81826,811,58,-166.88159130513668,0.0,1.0,0.04999999999999999,0.25
81920,812,94,26.088058322202414,1.0,0.0,0.04999999999999999,0.25
82020,813,100,22.677815459668636,1.0,0.0,0.04999999999999999,0.25
82093,814,73,-194.7943881941028,0.0,1.0,0.04999999999999999,0.25
82205,815,112,-82.53597915172577,1.0,0.0,0.04999999999999999,0.25
82269,816,64,-196.57358186692,0.0,1.0,0.04999999999999999,0.25
82374,817,105,26.45983850210905,1.0,0.0,0.04999999999999999,0.25
82484,818,110,-11.097376093268394,1.0,0.0,0.04999999999999999,0.25
82583,819,99,3.6339289285242558,1.0,0.0,0.04999999999999999,0.25
82683,820,100,34.93305177940056,1.0,0.0,0.04999999999999999,0.25
82757,821,74,-167.5141184218228,0.0,1.0,0.04999999999999999,0.25
82850,822,93,30.198202472180128,1.0,0.0,0.04999999999999999,0.25
82955,823,105,19.952634017914534,1.0,0.0,0.04999999999999999,0.25
83018,824,63,-184.93444206984714,0.0,1.0,0.04999999999999999,0.25
83122,825,104,31.1762763322331,1.0,0.0,0.04999999999999999,0.25
83192,826,70,-229.5716317296028,0.0,1.0,0.04999999999999999,0.25
83297,827,105,33.605239908676594,1.0,0.0,0.04999999999999999,0.25
83399,828,102,11.176320084836334,1.0,0.0,0.04999999999999999,0.25
83510,829,111,21.074986800551414,1.0,0.0,0.04999999999999999,0.25
83607,830,97,19.854629915207624,1.0,0.0,0.04999999999999999,0.25
83714,831,107,20.31915698107332,1.0,0.0,0.04999999999999999,0.25
83784,832,70,-210.7489968687296,0.0,1.0,0.04999999999999999,0.25
83890,833,106,21.44674964947626,1.0,0.0,0.04999999999999999,0.25
83966,834,76,-163.6996745020151,0.0,1.0,0.04999999999999999,0.25
84033,835,67,-141.60744009166956,0.0,1.0,0.04999999999999999,0.25
84101,836,68,-189.49273714842275,0.0,1.0,0.04999999999999999,0.25
84213,837,112,32.072686270810664,1.0,0.0,0.04999999999999999,0.25
84320,838,107,27.34139918908477,1.0,0.0,0.04999999999999999,0.25
84381,839,61,-239.1249561086297,0.0,1.0,0.04999999999999999,0.25
84491,840,110,15.611471764743328,1.0,0.0,0.04999999999999999,0.25
84591,841,100,35.76516729174182,1.0,0.0,0.04999999999999999,0.25
84695,842,104,43.04055760754272,1.0,0.0,0.04999999999999999,0.25
84801,843,106,24.05868537630886,1.0,0.0,0.04999999999999999,0.25
84897,844,96,28.204571432899684,1.0,0.0,0.04999999999999999,0.25
85010,845,113,33.67302685743198,1.0,0.0,0.04999999999999999,0.25
85073,846,63,-225.1288471147418,0.0,1.0,0.04999999999999999,0.25
85143,847,70,-173.66645291820168,0.0,1.0,0.04999999999999999,0.25
85254,848,111,34.046685728710145,1.0,0.0,0.04999999999999999,0.25
85324,849,70,-228.40986116975546,0.0,1.0,0.04999999999999999,0.25
85423,850,99,26.15333081036806,1.0,0.0,0.04999999999999999,0.25
85487,851,64,-153.4909840412438,0.0,1.0,0.04999999999999999,0.25
85602,852,115,23.728186383843422,1.0,0.0,0.04999999999999999,0.25
85698,853,96,5.149500283878297,1.0,0.0,0.04999999999999999,0.25
85773,854,75,-196.7293690368533,0.0,1.0,0.04999999999999999,0.25
85882,855,109,36.27566781640053,1.0,0.0,0.04999999999999999,0.25
85951,856,69,-208.1030904352665,0.0,1.0,0.04999999999999999,0.25
86061,857,110,-67.18320740386844,1.0,0.0,0.04999999999999999,0.25
86161,858,100,22.29795963689685,1.0,0.0,0.04999999999999999,0.25
86230,859,69,-224.72015722095966,0.0,1.0,0.04999999999999999,0.25
86331,860,101,17.299755115062,1.0,0.0,0.04999999999999999,0.25
86437,861,106,25.93784427875653,1.0,0.0,0.04999999999999999,0.25
86497,862,60,-219.67266695201397,0.0,1.0,0.04999999999999999,0.25
86602,863,105,27.922131241764873,1.0,0.0,0.04999999999999999,0.25
86657,864,55,-194.9462865293026,0.0,1.0,0.04999999999999999,0.25
86708,865,51,-214.33852979540825,0.0,1.0,0.04999999999999999,0.25
86782,866,74,-198.52669005468488,0.0,1.0,0.04999999999999999,0.25
86858,867,76,-176.19760711537674,0.0,1.0,0.04999999999999999,0.25
86966,868,108,34.371392998844385,1.0,0.0,0.04999999999999999,0.25
87067,869,101,24.099806740880013,1.0,0.0,0.04999999999999999,0.25
87171,870,104,16.15659262193367,1.0,0.0,0.04999999999999999,0.25
87269,871,98,38.1098863822408,1.0,0.0,0.04999999999999999,0.25
87372,872,103,37.9487007081043,1.0,0.0,0.04999999999999999,0.25
87433,873,61,-219.44346275925636,0.0,1.0,0.04999999999999999,0.25
87530,874,97,29.839089430402964,1.0,0.0,0.04999999999999999,0.25
87629,875,99,-8.903305117506534,1.0,0.0,0.04999999999999999,0.25
87699,876,70,-176.19617079943419,0.0,1.0,0.04999999999999999,0.25
87768,877,69,-200.918735075742,0.0,1.0,0.04999999999999999,0.25
87829,878,61,-225.40468975901604,0.0,1.0,0.04999999999999999,0.25
87941,879,112,29.727437218185514,1.0,0.0,0.04999999999999999,0.25
88008,880,67,-180.18921110453084,0.0,1.0,0.04999999999999999,0.25
88118,881,110,16.30877237394452,1.0,0.0,0.04999999999999999,0.25
88219,882,101,34.73579174093902,1.0,0.0,0.04999999999999999,0.25
88315,883,96,22.94092142349109,1.0,0.0,0.04999999999999999,0.25
88416,884,101,14.530031073838472,1.0,0.0,0.04999999999999999,0.25
88525,885,109,33.4854877772741,1.0,0.0,0.04999999999999999,0.25
88626,886,101,27.064524413086474,1.0,0.0,0.04999999999999999,0.25
88695,887,69,-184.22367683472112,0.0,1.0,0.04999999999999999,0.25
88754,888,59,-183.4598383759003,0.0,1.0,0.04999999999999999,0.25
88824,889,70,-181.1222808584571,0.0,1.0,0.04999999999999999,0.25
88900,890,76,-181.6641891677864,0.0,1.0,0.04999999999999999,0.25
89010,891,110,-71.78032604977489,1.0,0.0,0.04999999999999999,0.25
89083,892,73,-199.458572529722,0.0,1.0,0.04999999999999999,0.25
89157,893,74,-180.59976417571306,0.0,1.0,0.04999999999999999,0.25
89215,894,58,-192.37923632189631,0.0,1.0,0.04999999999999999,0.25
89323,895,108,0.22856834111735225,1.0,0.0,0.04999999999999999,0.25
89385,896,62,-183.99676505103707,0.0,1.0,0.04999999999999999,0.25
89445,897,60,-175.78895524516702,0.0,1.0,0.04999999999999999,0.25
89545,898,100,6.343270823359489,1.0,0.0,0.04999999999999999,0.25
89661,899,116,35.13501143082976,1.0,0.0,0.04999999999999999,0.25
89774,900,113,17.737211409956217,1.0,0.0,0.04999999999999999,0.25
89882,901,108,-60.63740958273411,1.0,0.0,0.04999999999999999,0.25
89950,902,68,-155.91536823660135,0.0,1.0,0.04999999999999999,0.25
90020,903,70,-170.8606723146513,0.0,1.0,0.04999999999999999,0.25
90117,904,97,40.18540351651609,1.0,0.0,0.04999999999999999,0.25
90220,905,103,-13.065680265426636,1.0,0.0,0.04999999999999999,0.25
90334,906,114,38.60950338609109,1.0,0.0,0.04999999999999999,0.25
90431,907,97,33.623266173526645,1.0,0.0,0.04999999999999999,0.25
90540,908,109,23.96569488197565,1.0,0.0,0.04999999999999999,0.25
90601,909,61,-152.831632245332,0.0,1.0,0.04999999999999999,0.25
90656,910,55,-219.966400295496,0.0,1.0,0.04999999999999999,0.25
90754,911,98,24.52913050353527,1.0,0.0,0.04999999999999999,0.25
90816,912,62,-170.0233108336106,0.0,1.0,0.04999999999999999,0.25
90929,913,113,-9.11006784858182,1.0,0.0,0.04999999999999999,0.25
91031,914,102,-1.9248857349157333,1.0,0.0,0.04999999999999999,0.25
91130,915,99,34.3538227933459,1.0,0.0,0.04999999999999999,0.25
91233,916,103,19.231475792825222,1.0,0.0,0.04999999999999999,0.25
91347,917,114,-11.210227064766514,1.0,0.0,0.04999999999999999,0.25
91460,918,113,37.452858043136075,1.0,0.0,0.04999999999999999,0.25
91535,919,75,-147.87231649458408,0.0,1.0,0.04999999999999999,0.25
91636,920,101,37.00394801143557,1.0,0.0,0.04999999999999999,0.25
91747,921,111,31.60395808890462,1.0,0.0,0.04999999999999999,0.25
91847,922,100,37.89522846789623,1.0,0.0,0.04999999999999999,0.25
91909,923,62,-171.18302619457245,0.0,1.0,0.04999999999999999,0.25
92012,924,103,32.04620790109038,1.0,0.0,0.04999999999999999,0.25
92113,925,101,5.879042819142342,1.0,0.0,0.04999999999999999,0.25
92225,926,112,14.218984495848417,1.0,0.0,0.04999999999999999,0.25
92283,927,58,-180.9345033261925,0.0,1.0,0.04999999999999999,0.25
92351,928,68,-140.82790188165382,0.0,1.0,0.04999999999999999,0.25
92450,929,99,30.882530975621194,1.0,0.0,0.04999999999999999,0.25
92514,930,64,-174.76960702985525,0.0,1.0,0.04999999999999999,0.25
92580,931,66,-186.37808426469564,0.0,1.0,0.04999999999999999,0.25
92653,932,73,-151.42311073094606,0.0,1.0,0.04999999999999999,0.25
92771,933,118,25.65697446791455,1.0,0.0,0.04999999999999999,0.25
92872,934,101,47.77734593907371,1.0,0.0,0.04999999999999999,0.25
92940,935,68,-152.6582287326455,0.0,1.0,0.04999999999999999,0.25
93038,936,98,38.280164286028594,1.0,0.0,0.04999999999999999,0.25
93152,937,114,35.52222619904205,1.0,0.0,0.04999999999999999,0.25
93258,938,106,-97.78646285459399,1.0,0.0,0.04999999999999999,0.25
93361,939,103,31.09346299059689,1.0,0.0,0.04999999999999999,0.25
93460,940,99,36.91436743363738,1.0,0.0,0.04999999999999999,0.25
93520,941,60,-198.34998758137226,0.0,1.0,0.04999999999999999,0.25
93627,942,107,40.71968580363318,1.0,0.0,0.04999999999999999,0.25
93732,943,105,21.715885672718287,1.0,0.0,0.04999999999999999,0.25
93836,944,104,22.342166513204575,1.0,0.0,0.04999999999999999,0.25
93943,945,107,34.87903231009841,1.0,0.0,0.04999999999999999,0.25
94049,946,106,-76.03184054419398,1.0,0.0,0.04999999999999999,0.25
94111,947,62,-221.18737012147903,0.0,1.0,0.04999999999999999,0.25
94178,948,67,-180.41032929718494,0.0,1.0,0.04999999999999999,0.25
94278,949,100,0.16327548399567604,1.0,0.0,0.04999999999999999,0.25
94381,950,103,26.652756075840443,1.0,0.0,0.04999999999999999,0.25
94480,951,99,46.36750530777499,1.0,0.0,0.04999999999999999,0.25
94586,952,106,-1.9845768325030804,1.0,0.0,0.04999999999999999,0.25
94692,953,106,17.853709992021322,1.0,0.0,0.04999999999999999,0.25
94744,954,52,-206.0693675428629,0.0,1.0,0.04999999999999999,0.25
94848,955,104,28.43626987328753,1.0,0.0,0.04999999999999999,0.25
94948,956,100,33.56886750087142,1.0,0.0,0.04999999999999999,0.25
95044,957,96,31.74951609969139,1.0,0.0,0.04999999999999999,0.25
95148,958,104,38.26019379589707,1.0,0.0,0.04999999999999999,0.25
95243,959,95,12.183691710233688,1.0,0.0,0.04999999999999999,0.25
95344,960,101,35.70920533267781,1.0,0.0,0.04999999999999999,0.25
95448,961,104,31.693460578098893,1.0,0.0,0.04999999999999999,0.25
95558,962,110,9.644144900143147,1.0,0.0,0.04999999999999999,0.25
95669,963,111,26.012521628290415,1.0,0.0,0.04999999999999999,0.25
95782,964,113,41.24331196723506,1.0,0.0,0.04999999999999999,0.25
95880,965,98,-62.20433974266052,1.0,0.0,0.04999999999999999,0.25
96010,966,130,-34.726616859901696,1.0,0.0,0.04999999999999999,0.25
96113,967,103,-68.8275250904262,1.0,0.0,0.04999999999999999,0.25
96181,968,68,-216.65553417801857,0.0,1.0,0.04999999999999999,0.25
96281,969,100,1.7932655028998852,1.0,0.0,0.04999999999999999,0.25
96346,970,65,-208.8935525715351,0.0,1.0,0.04999999999999999,0.25
96452,971,106,12.474288403987885,1.0,0.0,0.04999999999999999,0.25
96516,972,64,-215.76673111319542,0.0,1.0,0.04999999999999999,0.25
96618,973,102,16.11858181282878,1.0,0.0,0.04999999999999999,0.25
96687,974,69,-244.39151261746883,0.0,1.0,0.04999999999999999,0.25
96790,975,103,-5.755330920219421,1.0,0.0,0.04999999999999999,0.25
96854,976,64,-234.4867859184742,0.0,1.0,0.04999999999999999,0.25
96958,977,104,17.863713286817074,1.0,0.0,0.04999999999999999,0.25
97057,978,99,-76.6535985507071,1.0,0.0,0.04999999999999999,0.25
97157,979,100,5.457817398011684,1.0,0.0,0.04999999999999999,0.25
97252,980,95,-62.90820435062051,1.0,0.0,0.04999999999999999,0.25
97360,981,108,-19.356749021448195,1.0,0.0,0.04999999999999999,0.25
97422,982,62,-224.31131875514984,0.0,1.0,0.04999999999999999,0.25
97526,983,104,31.90544587559998,1.0,0.0,0.04999999999999999,0.25
97623,984,97,33.70630417985376,1.0,0.0,0.04999999999999999,0.25
97731,985,108,-100.97944030584767,1.0,0.0,0.04999999999999999,0.25
97795,986,64,-232.19131287932396,0.0,1.0,0.04999999999999999,0.25
97892,987,97,25.8368159676902,1.0,0.0,0.04999999999999999,0.25
97997,988,105,29.08345716446638,1.0,0.0,0.04999999999999999,0.25
98093,989,96,-13.894768420606852,1.0,0.0,0.04999999999999999,0.25
98190,990,97,27.61495990306139,1.0,0.0,0.04999999999999999,0.25
98252,991,62,-237.96351435780525,0.0,1.0,0.04999999999999999,0.25
98321,992,69,-179.37673065066338,0.0,1.0,0.04999999999999999,0.25
98389,993,68,-215.30667689442635,0.0,1.0,0.04999999999999999,0.25
98494,994,105,14.612569969147444,1.0,0.0,0.04999999999999999,0.25
98600,995,106,31.74728710576892,1.0,0.0,0.04999999999999999,0.25
98659,996,59,-220.14172691106796,0.0,1.0,0.04999999999999999,0.25
98757,997,98,-0.3701828382909298,1.0,0.0,0.04999999999999999,0.25
98853,998,96,30.523043205495924,1.0,0.0,0.04999999999999999,0.25
98948,999,95,30.80193841084838,1.0,0.0,0.04999999999999999,0.25
99049,1000,101,24.486214868258685,1.0,0.0,0.04999999999999999,0.25
99119,1001,70,-255.47604450583458,0.0,1.0,0.04999999999999999,0.25
99216,1002,97,26.057447865605354,1.0,0.0,0.04999999999999999,0.25
99311,1003,95,33.24651352316141,1.0,0.0,0.04999999999999999,0.25
99363,1004,52,-224.38470605015755,0.0,1.0,0.04999999999999999,0.25
99462,1005,99,25.76008362835273,1.0,0.0,0.04999999999999999,0.25
99562,1006,100,24.061775620095432,1.0,0.0,0.04999999999999999,0.25
99631,1007,69,-208.20798560976982,0.0,1.0,0.04999999999999999,0.25
99691,1008,60,-239.65535174310207,0.0,1.0,0.04999999999999999,0.25
99752,1009,61,-213.93782714009285,0.0,1.0,0.04999999999999999,0.25
99850,1010,98,21.874383229762316,1.0,0.0,0.04999999999999999,0.25
99919,1011,69,-244.16899326443672,0.0,1.0,0.04999999999999999,0.25
99983,1012,64,-224.49367870017886,0.0,1.0,0.04999999999999999,0.25
100081,1013,98,14.395605497062206,1.0,0.0,0.04999999999999999,0.25
100187,1014,106,27.69419840350747,1.0,0.0,0.04999999999999999,0.25
100251,1015,64,-172.05015260726213,0.0,1.0,0.04999999999999999,0.25
100345,1016,94,-84.45370412617922,1.0,0.0,0.04999999999999999,0.25
100402,1017,57,-231.12092506885529,0.0,1.0,0.04999999999999999,0.25
100508,1018,106,23.26119103236124,1.0,0.0,0.04999999999999999,0.25
100618,1019,110,37.6591806653887,1.0,0.0,0.04999999999999999,0.25
100715,1020,97,29.79345977632329,1.0,0.0,0.04999999999999999,0.25
100770,1021,55,-174.22612027823925,0.0,1.0,0.04999999999999999,0.25
100839,1022,69,-223.21326786279678,0.0,1.0,0.04999999999999999,0.25
100948,1023,109,36.94219102805073,1.0,0.0,0.04999999999999999,0.25
101003,1024,55,-216.79580330848694,0.0,1.0,0.04999999999999999,0.25
101111,1025,108,-121.66439232602715,1.0,0.0,0.04999999999999999,0.25
101183,1026,72,-249.36554327607155,0.0,1.0,0.04999999999999999,0.25
101255,1027,72,-205.8626022739918,0.0,1.0,0.04999999999999999,0.25
101371,1028,116,42.53229985013604,1.0,0.0,0.04999999999999999,0.25
101431,1029,60,-224.55547749996185,0.0,1.0,0.04999999999999999,0.25
101531,1030,100,5.025797720998526,1.0,0.0,0.04999999999999999,0.25
101605,1031,74,-252.11189237236977,0.0,1.0,0.04999999999999999,0.25
101706,1032,101,13.950970206409693,1.0,0.0,0.04999999999999999,0.25
101817,1033,111,-56.475358959753066,1.0,0.0,0.04999999999999999,0.25
101887,1034,70,-203.60005566477776,0.0,1.0,0.04999999999999999,0.25
101961,1035,74,-210.0261037312448,0.0,1.0,0.04999999999999999,0.25
102063,1036,102,-70.30336738750339,1.0,0.0,0.04999999999999999,0.25
102161,1037,98,19.546697712969035,1.0,0.0,0.04999999999999999,0.25
102258,1038,97,38.55029030703008,1.0,0.0,0.04999999999999999,0.25
102332,1039,74,-160.91678303200752,0.0,1.0,0.04999999999999999,0.25
102390,1040,58,-158.78386731119826,0.0,1.0,0.04999999999999999,0.25
102496,1041,106,32.200273126363754,1.0,0.0,0.04999999999999999,0.25
102562,1042,66,-234.92274878919125,0.0,1.0,0.04999999999999999,0.25
102618,1043,56,-217.05062194168568,0.0,1.0,0.04999999999999999,0.25
102681,1044,63,-242.6785023510456,0.0,1.0,0.04999999999999999,0.25
102795,1045,114,32.68323040753603,1.0,0.0,0.04999999999999999,0.25
102895,1046,100,21.75449627265334,1.0,0.0,0.04999999999999999,0.25
102963,1047,68,-226.7011483311653,0.0,1.0,0.04999999999999999,0.25
103057,1048,94,-3.1970518827438354,1.0,0.0,0.04999999999999999,0.25
103170,1049,113,11.749728802125901,1.0,0.0,0.04999999999999999,0.25
103283,1050,113,8.780267179012299,1.0,0.0,0.04999999999999999,0.25
103385,1051,102,21.6193032967858,1.0,0.0,0.04999999999999999,0.25
103480,1052,95,3.7739984542131424,1.0,0.0,0.04999999999999999,0.25
103584,1053,104,14.990214243531227,1.0,0.0,0.04999999999999999,0.25
103654,1054,70,-229.62510679662228,0.0,1.0,0.04999999999999999,0.25
103760,1055,106,32.67147381231189,1.0,0.0,0.04999999999999999,0.25
103824,1056,64,-229.2655689418316,0.0,1.0,0.04999999999999999,0.25
103937,1057,113,32.02925691008568,1.0,0.0,0.04999999999999999,0.25
104036,1058,99,28.467807735316455,1.0,0.0,0.04999999999999999,0.25
104166,1059,130,-120.01140097202733,0.0,0.0,0.04999999999999999,0.25
104269,1060,103,38.12851982191205,1.0,0.0,0.04999999999999999,0.25
104382,1061,113,31.844419492408633,1.0,0.0,0.04999999999999999,0.25
104492,1062,110,38.59388814447448,1.0,0.0,0.04999999999999999,0.25
104606,1063,114,33.05836179017206,1.0,0.0,0.04999999999999999,0.25
104705,1064,99,30.773054864257574,1.0,0.0,0.04999999999999999,0.25
104804,1065,99,34.566612580791116,1.0,0.0,0.04999999999999999,0.25
104866,1066,62,-233.33392772078514,0.0,1.0,0.04999999999999999,0.25
104967,1067,101,-107.6567876599729,1.0,0.0,0.04999999999999999,0.25
105097,1068,130,-98.2743150293827,0.0,0.0,0.04999999999999999,0.25
105206,1069,109,29.931208729743958,1.0,0.0,0.04999999999999999,0.25
105264,1070,58,-225.33301016688347,0.0,1.0,0.04999999999999999,0.25
105377,1071,113,18.74775453656912,1.0,0.0,0.04999999999999999,0.25
105488,1072,111,40.50290449336171,1.0,0.0,0.04999999999999999,0.25
105562,1073,74,-228.700528845191,0.0,1.0,0.04999999999999999,0.25
105675,1074,113,-72.77316899970174,1.0,0.0,0.04999999999999999,0.25
105778,1075,103,30.755129750818014,1.0,0.0,0.04999999999999999,0.25
105887,1076,109,24.915873690973967,1.0,0.0,0.04999999999999999,0.25
105987,1077,100,35.679636906366795,1.0,0.0,0.04999999999999999,0.25
106056,1078,69,-215.38567040115595,0.0,1.0,0.04999999999999999,0.25
106126,1079,70,-194.3064843453467,0.0,1.0,0.04999999999999999,0.25
106237,1080,111,21.17189958691597,1.0,0.0,0.04999999999999999,0.25
106341,1081,104,15.360353659838438,1.0,0.0,0.04999999999999999,0.25
106471,1082,130,-15.043146416544914,0.0,0.0,0.04999999999999999,0.25
106571,1083,100,-107.77013583853841,1.0,0.0,0.04999999999999999,0.25
106678,1084,107,26.35715014487505,1.0,0.0,0.04999999999999999,0.25
106774,1085,96,-55.97931258007884,1.0,0.0,0.04999999999999999,0.25
106868,1086,94,14.089253280311823,1.0,0.0,0.04999999999999999,0.25
106936,1087,68,-215.00664465874434,0.0,1.0,0.04999999999999999,0.25
107045,1088,109,35.548482147511095,1.0,0.0,0.04999999999999999,0.25
107148,1089,103,27.260636399965733,1.0,0.0,0.04999999999999999,0.25
107261,1090,113,31.539906479418278,1.0,0.0,0.04999999999999999,0.25
107364,1091,103,27.87100277841091,1.0,0.0,0.04999999999999999,0.25
107468,1092,104,-13.632226006076962,1.0,0.0,0.04999999999999999,0.25
107565,1093,97,-82.7258295379579,1.0,0.0,0.04999999999999999,0.25
107661,1094,96,-57.06429733335972,1.0,0.0,0.04999999999999999,0.25
107771,1095,110,-49.47888308018446,1.0,0.0,0.04999999999999999,0.25
107873,1096,102,-11.03810016112402,1.0,0.0,0.04999999999999999,0.25
107980,1097,107,16.431858184747398,1.0,0.0,0.04999999999999999,0.25
108077,1098,97,21.267474435269833,1.0,0.0,0.04999999999999999,0.25
108185,1099,108,13.471919070929289,1.0,0.0,0.04999999999999999,0.25
108296,1100,111,27.807270240038633,1.0,0.0,0.04999999999999999,0.25
108405,1101,109,28.247405062895268,1.0,0.0,0.04999999999999999,0.25
108508,1102,103,24.426615338772535,1.0,0.0,0.04999999999999999,0.25
108612,1103,104,29.729465682059526,1.0,0.0,0.04999999999999999,0.25
108718,1104,106,-5.270248141139746,1.0,0.0,0.04999999999999999,0.25
108829,1105,111,3.3214760944247246,1.0,0.0,0.04999999999999999,0.25
108951,1106,122,11.054528068285435,1.0,0.0,0.04999999999999999,0.25
109061,1107,110,22.57958921790123,1.0,0.0,0.04999999999999999,0.25
109158,1108,97,4.697334695607424,1.0,0.0,0.04999999999999999,0.25
109256,1109,98,28.615665294229984,1.0,0.0,0.04999999999999999,0.25
109369,1110,113,-48.62504329904914,1.0,0.0,0.04999999999999999,0.25
109477,1111,108,29.20315895602107,1.0,0.0,0.04999999999999999,0.25
109581,1112,104,38.585596323013306,1.0,0.0,0.04999999999999999,0.25
109686,1113,105,39.097931396216154,1.0,0.0,0.04999999999999999,0.25
109786,1114,100,-69.81211161240935,1.0,0.0,0.04999999999999999,0.25
109880,1115,94,30.270387217402458,1.0,0.0,0.04999999999999999,0.25
110005,1116,125,12.442089397460222,1.0,0.0,0.04999999999999999,0.25
110106,1117,101,37.13088780269027,1.0,0.0,0.04999999999999999,0.25
110203,1118,97,30.92511628707871,1.0,0.0,0.04999999999999999,0.25
110277,1119,74,-181.46427451074123,0.0,1.0,0.04999999999999999,0.25
110372,1120,95,48.43914805352688,1.0,0.0,0.04999999999999999,0.25
110483,1121,111,34.430741138756275,1.0,0.0,0.04999999999999999,0.25
110595,1122,112,31.5981877297163,1.0,0.0,0.04999999999999999,0.25
110713,1123,118,18.507962714880705,1.0,0.0,0.04999999999999999,0.25
110813,1124,100,42.43482424644753,1.0,0.0,0.04999999999999999,0.25
110918,1125,105,49.82834483683109,1.0,0.0,0.04999999999999999,0.25
111014,1126,96,30.711341626942158,1.0,0.0,0.04999999999999999,0.25
111114,1127,100,35.138393227010965,1.0,0.0,0.04999999999999999,0.25
111217,1128,103,33.30513658002019,1.0,0.0,0.04999999999999999,0.25
111337,1129,120,12.396723101846874,1.0,0.0,0.04999999999999999,0.25
111447,1130,110,41.84486225992441,1.0,0.0,0.04999999999999999,0.25
111541,1131,94,45.521230429410934,1.0,0.0,0.04999999999999999,0.25
111643,1132,102,36.43206096813083,1.0,0.0,0.04999999999999999,0.25
111747,1133,104,26.703796841204166,1.0,0.0,0.04999999999999999,0.25
111847,1134,100,29.748963764403015,1.0,0.0,0.04999999999999999,0.25
111942,1135,95,37.93373167840764,1.0,0.0,0.04999999999999999,0.25
112039,1136,97,30.479957930743694,1.0,0.0,0.04999999999999999,0.25
112153,1137,114,43.575483156368136,1.0,0.0,0.04999999999999999,0.25
112259,1138,106,38.947145520243794,1.0,0.0,0.04999999999999999,0.25
112359,1139,100,33.27033032802865,1.0,0.0,0.04999999999999999,0.25
112461,1140,102,25.73259347677231,1.0,0.0,0.04999999999999999,0.25
112564,1141,103,35.58791011944413,1.0,0.0,0.04999999999999999,0.25
112677,1142,113,30.489382065832615,1.0,0.0,0.04999999999999999,0.25
112780,1143,103,33.41342777758837,1.0,0.0,0.04999999999999999,0.25
112881,1144,101,21.291560359299183,1.0,0.0,0.04999999999999999,0.25
112987,1145,106,45.21832327499578,1.0,0.0,0.04999999999999999,0.25
113086,1146,99,31.290668834000826,1.0,0.0,0.04999999999999999,0.25
113181,1147,95,36.02727441396564,1.0,0.0,0.04999999999999999,0.25
113284,1148,103,19.69957997649908,1.0,0.0,0.04999999999999999,0.25
113354,1149,70,-119.06478539528325,0.0,1.0,0.04999999999999999,0.25
113462,1150,108,38.47594208178634,1.0,0.0,0.04999999999999999,0.25
113567,1151,105,41.06172859668732,1.0,0.0,0.04999999999999999,0.25
113661,1152,94,36.126614794135094,1.0,0.0,0.04999999999999999,0.25
113769,1153,108,20.34202429931611,1.0,0.0,0.04999999999999999,0.25
113863,1154,94,36.02038734732196,1.0,0.0,0.04999999999999999,0.25
113969,1155,106,42.33047890663147,1.0,0.0,0.04999999999999999,0.25
114071,1156,102,28.017864130437374,1.0,0.0,0.04999999999999999,0.25
114167,1157,96,40.64706928515807,1.0,0.0,0.04999999999999999,0.25
114272,1158,105,39.61713831871748,1.0,0.0,0.04999999999999999,0.25
114377,1159,105,27.117137618362904,1.0,0.0,0.04999999999999999,0.25
114458,1160,81,-113.19159295083955,0.0,1.0,0.04999999999999999,0.25
114566,1161,108,17.29902258142829,1.0,0.0,0.04999999999999999,0.25
114666,1162,100,40.25168098509312,1.0,0.0,0.04999999999999999,0.25
114761,1163,95,22.23372758179903,1.0,0.0,0.04999999999999999,0.25
114860,1164,99,12.757947281002998,1.0,0.0,0.04999999999999999,0.25
114967,1165,107,36.38268518447876,1.0,0.0,0.04999999999999999,0.25
115079,1166,112,21.398124508559704,1.0,0.0,0.04999999999999999,0.25
115182,1167,103,35.220480519812554,1.0,0.0,0.04999999999999999,0.25
115283,1168,101,43.41377420676872,1.0,0.0,0.04999999999999999,0.25
115392,1169,109,47.52293636207469,1.0,0.0,0.04999999999999999,0.25
115503,1170,111,32.69075144827366,1.0,0.0,0.04999999999999999,0.25
115600,1171,97,22.640698123257607,1.0,0.0,0.04999999999999999,0.25
115693,1172,93,26.107046522200108,1.0,0.0,0.04999999999999999,0.25
115792,1173,99,32.84969113348052,1.0,0.0,0.04999999999999999,0.25
115895,1174,103,23.40023421566002,1.0,0.0,0.04999999999999999,0.25
115995,1175,100,31.6985364141874,1.0,0.0,0.04999999999999999,0.25
116101,1176,106,49.15010825544596,1.0,0.0,0.04999999999999999,0.25
116196,1177,95,45.12259832024574,1.0,0.0,0.04999999999999999,0.25
116271,1178,75,-182.1954489648342,0.0,1.0,0.04999999999999999,0.25
116377,1179,106,43.34086578339338,1.0,0.0,0.04999999999999999,0.25
116488,1180,111,31.231502301990986,1.0,0.0,0.04999999999999999,0.25
116599,1181,111,23.43302984535694,1.0,0.0,0.04999999999999999,0.25
116696,1182,97,38.98753868415952,1.0,0.0,0.04999999999999999,0.25
116806,1183,110,36.15706646442413,1.0,0.0,0.04999999999999999,0.25
116911,1184,105,37.84829737432301,1.0,0.0,0.04999999999999999,0.25
117008,1185,97,40.7906292360276,1.0,0.0,0.04999999999999999,0.25
117116,1186,108,50.949986316263676,1.0,0.0,0.04999999999999999,0.25
117213,1187,97,5.5617014318704605,1.0,0.0,0.04999999999999999,0.25
117314,1188,101,19.11831645295024,1.0,0.0,0.04999999999999999,0.25
117425,1189,111,32.594760759267956,1.0,0.0,0.04999999999999999,0.25
117521,1190,96,19.53266028314829,1.0,0.0,0.04999999999999999,0.25
117626,1191,105,24.28172906814143,1.0,0.0,0.04999999999999999,0.25
117727,1192,101,32.709482640028,1.0,0.0,0.04999999999999999,0.25
117838,1193,111,43.49547346215695,1.0,0.0,0.04999999999999999,0.25
117947,1194,109,39.82248139148578,1.0,0.0,0.04999999999999999,0.25
118050,1195,103,33.38784120976925,1.0,0.0,0.04999999999999999,0.25
118145,1196,95,36.45365409180522,1.0,0.0,0.04999999999999999,0.25
118237,1197,92,35.73518197564408,1.0,0.0,0.04999999999999999,0.25
118342,1198,105,56.117138393223286,1.0,0.0,0.04999999999999999,0.25
118449,1199,107,33.41391015518457,1.0,0.0,0.04999999999999999,0.25
118545,1200,96,27.432221288327128,1.0,0.0,0.04999999999999999,0.25
118640,1201,95,34.483456084970385,1.0,0.0,0.04999999999999999,0.25
118742,1202,102,18.07711721211672,1.0,0.0,0.04999999999999999,0.25
118839,1203,97,16.833326652646065,1.0,0.0,0.04999999999999999,0.25
118936,1204,97,23.350191007390094,1.0,0.0,0.04999999999999999,0.25
119043,1205,107,29.453899908810854,1.0,0.0,0.04999999999999999,0.25
119104,1206,61,-204.9942985116504,0.0,1.0,0.04999999999999999,0.25
119206,1207,102,56.00766038894653,1.0,0.0,0.04999999999999999,0.25
119289,1208,83,-125.35941034276038,0.0,1.0,0.04999999999999999,0.25
119341,1209,52,-179.61633798480034,0.0,1.0,0.04999999999999999,0.25
119434,1210,93,51.46234318614006,1.0,0.0,0.04999999999999999,0.25
119505,1211,71,-195.2030199766159,0.0,1.0,0.04999999999999999,0.25
119609,1212,104,31.00202557677403,1.0,0.0,0.04999999999999999,0.25
119713,1213,104,46.966666830703616,1.0,0.0,0.04999999999999999,0.25
119820,1214,107,34.196212782058865,1.0,0.0,0.04999999999999999,0.25
119902,1215,82,-218.99740324215963,0.0,1.0,0.04999999999999999,0.25
119997,1216,95,35.807953737676144,1.0,0.0,0.04999999999999999,0.25
120091,1217,94,40.696954018465476,1.0,0.0,0.04999999999999999,0.25
120192,1218,101,12.63450453011319,1.0,0.0,0.04999999999999999,0.25
120298,1219,106,-55.57759992778301,1.0,0.0,0.04999999999999999,0.25
120365,1220,67,-209.2075471431017,0.0,1.0,0.04999999999999999,0.25
120429,1221,64,-176.01788996905088,0.0,1.0,0.04999999999999999,0.25
120529,1222,100,40.944407131522894,1.0,0.0,0.04999999999999999,0.25
120636,1223,107,15.366977095138282,1.0,0.0,0.04999999999999999,0.25
120729,1224,93,46.13495289161801,1.0,0.0,0.04999999999999999,0.25
120844,1225,115,11.934087607543916,1.0,0.0,0.04999999999999999,0.25
120954,1226,110,37.854801199864596,1.0,0.0,0.04999999999999999,0.25
121017,1227,63,-209.34417982026935,0.0,1.0,0.04999999999999999,0.25
121128,1228,111,24.497182972729206,1.0,0.0,0.04999999999999999,0.25
121224,1229,96,21.164926767349243,1.0,0.0,0.04999999999999999,0.25
121328,1230,104,-82.34203293919563,1.0,0.0,0.04999999999999999,0.25
121391,1231,63,-187.9795814231038,0.0,1.0,0.04999999999999999,0.25
121504,1232,113,17.823867714963853,1.0,0.0,0.04999999999999999,0.25
121606,1233,102,28.599446803331375,1.0,0.0,0.04999999999999999,0.25
121700,1234,94,22.845622471533716,1.0,0.0,0.04999999999999999,0.25
121811,1235,111,34.307329177856445,1.0,0.0,0.04999999999999999,0.25
121909,1236,98,28.574602715671062,1.0,0.0,0.04999999999999999,0.25
122006,1237,97,34.17203188687563,1.0,0.0,0.04999999999999999,0.25
122114,1238,108,19.589478492736816,1.0,0.0,0.04999999999999999,0.25
122221,1239,107,27.244192726910114,1.0,0.0,0.04999999999999999,0.25
122326,1240,105,33.93529966752976,1.0,0.0,0.04999999999999999,0.25
122426,1241,100,34.0501910969615,1.0,0.0,0.04999999999999999,0.25
122521,1242,95,35.883731758687645,1.0,0.0,0.04999999999999999,0.25
122614,1243,93,36.53956139180809,1.0,0.0,0.04999999999999999,0.25
122722,1244,108,32.39181670919061,1.0,0.0,0.04999999999999999,0.25
122825,1245,103,28.707832112442702,1.0,0.0,0.04999999999999999,0.25
122882,1246,57,-208.785949613899,0.0,1.0,0.04999999999999999,0.25
122988,1247,106,28.15760562568903,1.0,0.0,0.04999999999999999,0.25
123087,1248,99,23.414753898978233,1.0,0.0,0.04999999999999999,0.25
123182,1249,95,30.83869369328022,1.0,0.0,0.04999999999999999,0.25
123246,1250,64,-221.4269251152873,0.0,1.0,0.04999999999999999,0.25
123339,1251,93,-92.46103568002582,1.0,0.0,0.04999999999999999,0.25
123444,1252,105,38.96563408477232,1.0,0.0,0.04999999999999999,0.25
123536,1253,92,23.329158714506775,1.0,0.0,0.04999999999999999,0.25
123636,1254,100,19.832535199355334,1.0,0.0,0.04999999999999999,0.25
123739,1255,103,28.011665984988213,1.0,0.0,0.04999999999999999,0.25
123809,1256,70,-214.66153272986412,0.0,1.0,0.04999999999999999,0.25
123912,1257,103,33.69097922369838,1.0,0.0,0.04999999999999999,0.25
124023,1258,111,24.57324693351984,1.0,0.0,0.04999999999999999,0.25
124125,1259,102,19.046425092499703,1.0,0.0,0.04999999999999999,0.25
124234,1260,109,10.828302770853043,1.0,0.0,0.04999999999999999,0.25
124332,1261,98,17.51704957522452,1.0,0.0,0.04999999999999999,0.25
124442,1262,110,21.708918440621346,1.0,0.0,0.04999999999999999,0.25
124543,1263,101,-80.91650475934148,1.0,0.0,0.04999999999999999,0.25
124653,1264,110,22.673475358169526,1.0,0.0,0.04999999999999999,0.25
124764,1265,111,-49.307392934308155,1.0,0.0,0.04999999999999999,0.25
124866,1266,102,25.318106594961137,1.0,0.0,0.04999999999999999,0.25
124974,1267,108,-84.31842024624348,1.0,0.0,0.04999999999999999,0.25
125074,1268,100,16.302032459527254,1.0,0.0,0.04999999999999999,0.25
125169,1269,95,-45.03503394778818,1.0,0.0,0.04999999999999999,0.25
125263,1270,94,6.179594639223069,1.0,0.0,0.04999999999999999,0.25
125359,1271,96,19.831483870744705,1.0,0.0,0.04999999999999999,0.25
125462,1272,103,-51.74995880317874,1.0,0.0,0.04999999999999999,0.25
125569,1273,107,26.588870290201157,1.0,0.0,0.04999999999999999,0.25
125680,1274,111,44.563971037976444,1.0,0.0,0.04999999999999999,0.25
125790,1275,110,33.93998176557943,1.0,0.0,0.04999999999999999,0.25
125896,1276,106,17.228430810850114,1.0,0.0,0.04999999999999999,0.25
125999,1277,103,27.740070782601833,1.0,0.0,0.04999999999999999,0.25
126097,1278,98,11.03502183733508,1.0,0.0,0.04999999999999999,0.25
126198,1279,101,33.26163021847606,1.0,0.0,0.04999999999999999,0.25
126298,1280,100,35.51839837990701,1.0,0.0,0.04999999999999999,0.25
126403,1281,105,44.13392525911331,1.0,0.0,0.04999999999999999,0.25
126502,1282,99,40.0840774809476,1.0,0.0,0.04999999999999999,0.25
126597,1283,95,24.233286380767822,1.0,0.0,0.04999999999999999,0.25
126701,1284,104,23.83988008927554,1.0,0.0,0.04999999999999999,0.25
126798,1285,97,28.43550908146426,1.0,0.0,0.04999999999999999,0.25
126903,1286,105,21.757906070932222,1.0,0.0,0.04999999999999999,0.25
127014,1287,111,18.405917419149773,1.0,0.0,0.04999999999999999,0.25
127107,1288,93,13.273147828876972,1.0,0.0,0.04999999999999999,0.25
127208,1289,101,-2.0586073738522828,1.0,0.0,0.04999999999999999,0.25
127304,1290,96,-6.556520946323872,1.0,0.0,0.04999999999999999,0.25
127405,1291,101,13.33249627193436,1.0,0.0,0.04999999999999999,0.25
127503,1292,98,20.98711788933724,1.0,0.0,0.04999999999999999,0.25
127604,1293,101,-0.8647955432534218,1.0,0.0,0.04999999999999999,0.25
127715,1294,111,17.664362139534205,1.0,0.0,0.04999999999999999,0.25
127812,1295,97,-75.27649366483092,1.0,0.0,0.04999999999999999,0.25
127893,1296,81,-163.66063645854592,0.0,1.0,0.04999999999999999,0.25
128000,1297,107,36.69677659869194,1.0,0.0,0.04999999999999999,0.25
128095,1298,95,27.818643904291093,1.0,0.0,0.04999999999999999,0.25
128208,1299,113,-13.604597859550267,1.0,0.0,0.04999999999999999,0.25
128301,1300,93,30.19555783132091,1.0,0.0,0.04999999999999999,0.25
128407,1301,106,15.217566723003983,1.0,0.0,0.04999999999999999,0.25
128516,1302,109,38.720501279924065,1.0,0.0,0.04999999999999999,0.25
128612,1303,96,-51.47608902351931,1.0,0.0,0.04999999999999999,0.25
128678,1304,66,-186.02933109225705,0.0,1.0,0.04999999999999999,0.25
128784,1305,106,-40.52967433258891,1.0,0.0,0.04999999999999999,0.25
128881,1306,97,31.907548781484365,1.0,0.0,0.04999999999999999,0.25
128981,1307,100,33.821208643727005,1.0,0.0,0.04999999999999999,0.25
129077,1308,96,30.319888915866613,1.0,0.0,0.04999999999999999,0.25
129183,1309,106,27.880478005856276,1.0,0.0,0.04999999999999999,0.25
129287,1310,104,43.11324595846236,1.0,0.0,0.04999999999999999,0.25
129390,1311,103,31.140455527725862,1.0,0.0,0.04999999999999999,0.25
129500,1312,110,23.743679146748036,1.0,0.0,0.04999999999999999,0.25
129596,1313,96,37.79555066674948,1.0,0.0,0.04999999999999999,0.25
129692,1314,96,29.4470693632029,1.0,0.0,0.04999999999999999,0.25
129775,1315,83,-130.32814927815343,0.0,1.0,0.04999999999999999,0.25
129877,1316,102,19.160447411239147,1.0,0.0,0.04999999999999999,0.25
129985,1317,108,25.98400094360113,1.0,0.0,0.04999999999999999,0.25
130084,1318,99,39.75993714667857,1.0,0.0,0.04999999999999999,0.25
130175,1319,91,-169.2114616855979,0.0,1.0,0.04999999999999999,0.25
130278,1320,103,39.18323117494583,1.0,0.0,0.04999999999999999,0.25
130370,1321,92,30.104423847049475,1.0,0.0,0.04999999999999999,0.25
130472,1322,102,35.23695641383529,1.0,0.0,0.04999999999999999,0.25
130565,1323,93,-32.084266532212496,1.0,0.0,0.04999999999999999,0.25
130670,1324,105,-67.19861173676327,1.0,0.0,0.04999999999999999,0.25
130776,1325,106,25.439430061727762,1.0,0.0,0.04999999999999999,0.25
130889,1326,113,39.00565841794014,1.0,0.0,0.04999999999999999,0.25
130991,1327,102,38.3473109845072,1.0,0.0,0.04999999999999999,0.25
131102,1328,111,31.202573436312377,1.0,0.0,0.04999999999999999,0.25
131202,1329,100,40.350433461368084,1.0,0.0,0.04999999999999999,0.25
131299,1330,97,37.932652827352285,1.0,0.0,0.04999999999999999,0.25
131408,1331,109,36.17723491741344,1.0,0.0,0.04999999999999999,0.25
131516,1332,108,-32.148083467036486,1.0,0.0,0.04999999999999999,0.25
131627,1333,111,29.933417305350304,1.0,0.0,0.04999999999999999,0.25
131731,1334,104,-27.780583680141717,1.0,0.0,0.04999999999999999,0.25
131824,1335,93,41.786872290074825,1.0,0.0,0.04999999999999999,0.25
131935,1336,111,33.468446884304285,1.0,0.0,0.04999999999999999,0.25
132029,1337,94,36.148019823245704,1.0,0.0,0.04999999999999999,0.25
132128,1338,99,33.48148165969178,1.0,0.0,0.04999999999999999,0.25
132236,1339,108,31.915723469108343,1.0,0.0,0.04999999999999999,0.25
132345,1340,109,32.493401187006384,1.0,0.0,0.04999999999999999,0.25
132438,1341,93,29.557046003639698,1.0,0.0,0.04999999999999999,0.25
132546,1342,108,38.466253846883774,1.0,0.0,0.04999999999999999,0.25
132644,1343,98,35.524481606684276,1.0,0.0,0.04999999999999999,0.25
132711,1344,67,-165.2265215346124,0.0,1.0,0.04999999999999999,0.25
132810,1345,99,39.552219461183995,1.0,0.0,0.04999999999999999,0.25
132915,1346,105,15.036676570773125,1.0,0.0,0.04999999999999999,0.25
133017,1347,102,19.864291637204587,1.0,0.0,0.04999999999999999,0.25
133120,1348,103,19.071934576146305,1.0,0.0,0.04999999999999999,0.25
133224,1349,104,34.514390621334314,1.0,0.0,0.04999999999999999,0.25
133319,1350,95,-1.9954727063886821,1.0,0.0,0.04999999999999999,0.25
133417,1351,98,18.128130139783025,1.0,0.0,0.04999999999999999,0.25
133524,1352,107,33.84022445231676,1.0,0.0,0.04999999999999999,0.25
133621,1353,97,41.296476415824145,1.0,0.0,0.04999999999999999,0.25
133715,1354,94,29.054940120782703,1.0,0.0,0.04999999999999999,0.25
133818,1355,103,31.161276909988374,1.0,0.0,0.04999999999999999,0.25
133922,1356,104,41.472742706071585,1.0,0.0,0.04999999999999999,0.25
134022,1357,100,14.536050605587661,1.0,0.0,0.04999999999999999,0.25
134129,1358,107,-20.233005825430155,1.0,0.0,0.04999999999999999,0.25
134224,1359,95,12.353058581240475,1.0,0.0,0.04999999999999999,0.25
134332,1360,108,25.202525726985186,1.0,0.0,0.04999999999999999,0.25
134431,1361,99,34.30248835636303,1.0,0.0,0.04999999999999999,0.25
134510,1362,79,-132.1994962207973,0.0,1.0,0.04999999999999999,0.25
134606,1363,96,42.99051125347614,1.0,0.0,0.04999999999999999,0.25
134701,1364,95,11.394956346601248,1.0,0.0,0.04999999999999999,0.25
134799,1365,98,28.613479305058718,1.0,0.0,0.04999999999999999,0.25
134893,1366,94,40.49034009827301,1.0,0.0,0.04999999999999999,0.25
134994,1367,101,38.86895552230999,1.0,0.0,0.04999999999999999,0.25
135105,1368,111,-26.972336530685425,1.0,0.0,0.04999999999999999,0.25
135199,1369,94,31.824267901014537,1.0,0.0,0.04999999999999999,0.25
135300,1370,101,24.422913912683725,1.0,0.0,0.04999999999999999,0.25
135406,1371,106,18.553411861881614,1.0,0.0,0.04999999999999999,0.25
135479,1372,73,-209.76830764487386,0.0,1.0,0.04999999999999999,0.25
135581,1373,102,6.912195045500994,1.0,0.0,0.04999999999999999,0.25
135690,1374,109,22.56146115809679,1.0,0.0,0.04999999999999999,0.25
135797,1375,107,26.961753748357296,1.0,0.0,0.04999999999999999,0.25
135907,1376,110,25.583842135965824,1.0,0.0,0.04999999999999999,0.25
136012,1377,105,34.417102608364075,1.0,0.0,0.04999999999999999,0.25
136116,1378,104,-8.210997838992625,1.0,0.0,0.04999999999999999,0.25
136217,1379,101,-7.207867860794067,1.0,0.0,0.04999999999999999,0.25
136327,1380,110,40.72189513128251,1.0,0.0,0.04999999999999999,0.25
136396,1381,69,-216.38796348124743,0.0,1.0,0.04999999999999999,0.25
136493,1382,97,46.555145974271,1.0,0.0,0.04999999999999999,0.25
136606,1383,113,30.680047668516636,1.0,0.0,0.04999999999999999,0.25
136716,1384,110,-29.704418398905545,1.0,0.0,0.04999999999999999,0.25
136815,1385,99,26.592195950448513,1.0,0.0,0.04999999999999999,0.25
136914,1386,99,25.873211920261383,1.0,0.0,0.04999999999999999,0.25
137026,1387,112,33.11692900490016,1.0,0.0,0.04999999999999999,0.25
137131,1388,105,41.944392689998494,1.0,0.0,0.04999999999999999,0.25
137224,1389,93,-10.460717276204377,1.0,0.0,0.04999999999999999,0.25
137323,1390,99,28.83219400094822,1.0,0.0,0.04999999999999999,0.25
137433,1391,110,30.639939980348572,1.0,0.0,0.04999999999999999,0.25
137529,1392,96,21.77964360965416,1.0,0.0,0.04999999999999999,0.25
137634,1393,105,21.947708871215582,1.0,0.0,0.04999999999999999,0.25
137733,1394,99,30.91492995247245,1.0,0.0,0.04999999999999999,0.25
137841,1395,108,-16.777264916774584,1.0,0.0,0.04999999999999999,0.25
137941,1396,100,37.23693660646677,1.0,0.0,0.04999999999999999,0.25
138045,1397,104,-12.058002822552226,1.0,0.0,0.04999999999999999,0.25
138142,1398,97,19.112495940178633,1.0,0.0,0.04999999999999999,0.25
138242,1399,100,31.459009408950806,1.0,0.0,0.04999999999999999,0.25
138336,1400,94,23.93133783666417,1.0,0.0,0.04999999999999999,0.25
138441,1401,105,44.20050263684243,1.0,0.0,0.04999999999999999,0.25
138539,1402,98,17.04912818968296,1.0,0.0,0.04999999999999999,0.25
138643,1403,104,0.5317861470393836,1.0,0.0,0.04999999999999999,0.25
138737,1404,94,33.10681989789009,1.0,0.0,0.04999999999999999,0.25
138848,1405,111,8.947185836732388,1.0,0.0,0.04999999999999999,0.25
138945,1406,97,32.55328349862248,1.0,0.0,0.04999999999999999,0.25
139059,1407,114,44.99722840823233,1.0,0.0,0.04999999999999999,0.25
139166,1408,107,25.55842053843662,1.0,0.0,0.04999999999999999,0.25
139269,1409,103,13.07740206969902,1.0,0.0,0.04999999999999999,0.25
139372,1410,103,13.000466343015432,1.0,0.0,0.04999999999999999,0.25
139468,1411,96,17.640530537813902,1.0,0.0,0.04999999999999999,0.25
139572,1412,104,27.66592270269757,1.0,0.0,0.04999999999999999,0.25
139684,1413,112,45.569999023806304,1.0,0.0,0.04999999999999999,0.25
139777,1414,93,28.889758414123207,1.0,0.0,0.04999999999999999,0.25
139889,1415,112,26.068782679736614,1.0,0.0,0.04999999999999999,0.25
139987,1416,98,14.027037470630603,1.0,0.0,0.04999999999999999,0.25
140067,1417,80,-134.32536474987864,0.0,1.0,0.04999999999999999,0.25
140163,1418,96,37.44496101792902,1.0,0.0,0.04999999999999999,0.25
140263,1419,100,42.79393664561212,1.0,0.0,0.04999999999999999,0.25
140374,1420,111,25.240371387451887,1.0,0.0,0.04999999999999999,0.25
140470,1421,96,22.48929428588599,1.0,0.0,0.04999999999999999,0.25
140581,1422,111,-3.5266570672392845,1.0,0.0,0.04999999999999999,0.25
140689,1423,108,35.71730116009712,1.0,0.0,0.04999999999999999,0.25
140780,1424,91,28.54549404187128,1.0,0.0,0.04999999999999999,0.25
140890,1425,110,43.1137205963023,1.0,0.0,0.04999999999999999,0.25
141001,1426,111,48.19718362390995,1.0,0.0,0.04999999999999999,0.25
141094,1427,93,40.9570497632958,1.0,0.0,0.04999999999999999,0.25
141189,1428,95,-5.700784083455801,1.0,0.0,0.04999999999999999,0.25
141290,1429,101,30.943605101201683,1.0,0.0,0.04999999999999999,0.25
141383,1430,93,-1.9546209424734116,1.0,0.0,0.04999999999999999,0.25
141476,1431,93,26.040391102433205,1.0,0.0,0.04999999999999999,0.25
141591,1432,115,16.76437810435891,1.0,0.0,0.04999999999999999,0.25
141694,1433,103,42.5904556196474,1.0,0.0,0.04999999999999999,0.25
141804,1434,110,9.717518287710845,1.0,0.0,0.04999999999999999,0.25
141908,1435,104,38.10375817492604,1.0,0.0,0.04999999999999999,0.25
142014,1436,106,1.1319482140243053,1.0,0.0,0.04999999999999999,0.25
142121,1437,107,33.016551189124584,1.0,0.0,0.04999999999999999,0.25
142224,1438,103,20.669915594160557,1.0,0.0,0.04999999999999999,0.25
142320,1439,96,30.394455180503428,1.0,0.0,0.04999999999999999,0.25
142427,1440,107,25.56161924637854,1.0,0.0,0.04999999999999999,0.25
142525,1441,98,22.40654268488288,1.0,0.0,0.04999999999999999,0.25
142623,1442,98,42.47900473512709,1.0,0.0,0.04999999999999999,0.25
142718,1443,95,8.633901003748178,1.0,0.0,0.04999999999999999,0.25
142819,1444,101,3.449443493038416,1.0,0.0,0.04999999999999999,0.25
142925,1445,106,35.78522095037624,1.0,0.0,0.04999999999999999,0.25
143022,1446,97,25.5383016820997,1.0,0.0,0.04999999999999999,0.25
143126,1447,104,49.086658231011825,1.0,0.0,0.04999999999999999,0.25
143222,1448,96,7.83700093999505,1.0,0.0,0.04999999999999999,0.25
143317,1449,95,-5.706837926059961,1.0,0.0,0.04999999999999999,0.25
143415,1450,98,18.046706531196833,1.0,0.0,0.04999999999999999,0.25
143515,1451,100,-2.58608603104949,1.0,0.0,0.04999999999999999,0.25
143608,1452,93,41.53193141706288,1.0,0.0,0.04999999999999999,0.25
143709,1453,101,42.45422041369602,1.0,0.0,0.04999999999999999,0.25
143810,1454,101,44.01442433291231,1.0,0.0,0.04999999999999999,0.25
143905,1455,95,-2.396256733685732,1.0,0.0,0.04999999999999999,0.25
144018,1456,113,10.671865101438016,1.0,0.0,0.04999999999999999,0.25
144118,1457,100,25.63901085406542,1.0,0.0,0.04999999999999999,0.25
144215,1458,97,33.6104099964723,1.0,0.0,0.04999999999999999,0.25
144317,1459,102,38.4650596678257,1.0,0.0,0.04999999999999999,0.25
144416,1460,99,25.260598197113723,1.0,0.0,0.04999999999999999,0.25
144516,1461,100,17.92545499280095,1.0,0.0,0.04999999999999999,0.25
144619,1462,103,23.504928603302687,1.0,0.0,0.04999999999999999,0.25
144715,1463,96,24.42675045505166,1.0,0.0,0.04999999999999999,0.25
144820,1464,105,6.528434924315661,1.0,0.0,0.04999999999999999,0.25
144932,1465,112,20.973490656819195,1.0,0.0,0.04999999999999999,0.25
145035,1466,103,47.97420175746083,1.0,0.0,0.04999999999999999,0.25
145144,1467,109,43.513431411236525,1.0,0.0,0.04999999999999999,0.25
145242,1468,98,-6.015176337212324,1.0,0.0,0.04999999999999999,0.25
145338,1469,96,44.09706984460354,1.0,0.0,0.04999999999999999,0.25
145441,1470,103,26.480936012230814,1.0,0.0,0.04999999999999999,0.25
145544,1471,103,14.805937759578228,1.0,0.0,0.04999999999999999,0.25
145651,1472,107,19.14598460821435,1.0,0.0,0.04999999999999999,0.25
145758,1473,107,0.7859369865618646,1.0,0.0,0.04999999999999999,0.25
145871,1474,113,9.473868072032928,1.0,0.0,0.04999999999999999,0.25
145974,1475,103,25.251073862891644,1.0,0.0,0.04999999999999999,0.25
146075,1476,101,23.60069991601631,1.0,0.0,0.04999999999999999,0.25
146172,1477,97,27.245357383042574,1.0,0.0,0.04999999999999999,0.25
146282,1478,110,30.254068732261658,1.0,0.0,0.04999999999999999,0.25
146375,1479,93,33.843874785117805,1.0,0.0,0.04999999999999999,0.25
146474,1480,99,-1.82322645932436,1.0,0.0,0.04999999999999999,0.25
146581,1481,107,30.305283760651946,1.0,0.0,0.04999999999999999,0.25
146679,1482,98,-1.9358848370611668,1.0,0.0,0.04999999999999999,0.25
146773,1483,94,35.01110447058454,1.0,0.0,0.04999999999999999,0.25
146869,1484,96,31.99707237817347,1.0,0.0,0.04999999999999999,0.25
146961,1485,92,28.614706560969353,1.0,0.0,0.04999999999999999,0.25
147070,1486,109,34.543815568089485,1.0,0.0,0.04999999999999999,0.25
147168,1487,98,18.958645150065422,1.0,0.0,0.04999999999999999,0.25
147273,1488,105,43.44723894633353,1.0,0.0,0.04999999999999999,0.25
147373,1489,100,37.02041534567252,1.0,0.0,0.04999999999999999,0.25
147476,1490,103,39.71767782745883,1.0,0.0,0.04999999999999999,0.25
147585,1491,109,-6.32396000996232,1.0,0.0,0.04999999999999999,0.25
147677,1492,92,43.98563029244542,1.0,0.0,0.04999999999999999,0.25
147785,1493,108,5.353093046243885,1.0,0.0,0.04999999999999999,0.25
147881,1494,96,30.25503281271085,1.0,0.0,0.04999999999999999,0.25
147975,1495,94,18.438411029987037,1.0,0.0,0.04999999999999999,0.25
148079,1496,104,39.10379688348621,1.0,0.0,0.04999999999999999,0.25
148189,1497,110,-21.085175395477563,1.0,0.0,0.04999999999999999,0.25
148292,1498,103,37.43709926540032,1.0,0.0,0.04999999999999999,0.25
148408,1499,116,38.24410030245781,1.0,0.0,0.04999999999999999,0.25
148501,1500,93,40.81422218680382,1.0,0.0,0.04999999999999999,0.25
148609,1501,108,37.475098490249366,1.0,0.0,0.04999999999999999,0.25
148705,1502,96,23.29996920004487,1.0,0.0,0.04999999999999999,0.25
148800,1503,95,46.37591325491667,1.0,0.0,0.04999999999999999,0.25
148901,1504,101,38.94464828353375,1.0,0.0,0.04999999999999999,0.25
148996,1505,95,36.11805715272203,1.0,0.0,0.04999999999999999,0.25
149104,1506,108,40.89087900519371,1.0,0.0,0.04999999999999999,0.25
149205,1507,101,14.530566148459911,1.0,0.0,0.04999999999999999,0.25
149306,1508,101,41.96377415955067,1.0,0.0,0.04999999999999999,0.25
149409,1509,103,29.3288709577173,1.0,0.0,0.04999999999999999,0.25
149503,1510,94,35.7203873465769,1.0,0.0,0.04999999999999999,0.25
149602,1511,99,20.958892483264208,1.0,0.0,0.04999999999999999,0.25
149700,1512,98,30.386479618493468,1.0,0.0,0.04999999999999999,0.25
149793,1513,93,25.765473598148674,1.0,0.0,0.04999999999999999,0.25
149900,1514,107,34.81176444515586,1.0,0.0,0.04999999999999999,0.25
