global_step,episode,length,reward,success,collision,epsilon,temperature
73,1,73,-240.83864577906206,0.0,1.0,0.8995863333333334,0.999635
139,2,66,-263.64344339072704,0.0,1.0,0.8992123333333334,0.999305
217,3,78,-247.9105792492628,0.0,1.0,0.8987703333333333,0.998915
296,4,79,-246.38580413535237,0.0,1.0,0.8983226666666667,0.99852
358,5,62,-229.0412910990417,0.0,1.0,0.8979713333333333,0.99821
423,6,65,-243.36638323962688,0.0,1.0,0.897603,0.997885
501,7,78,-257.9416163507849,0.0,1.0,0.897161,0.997495
577,8,76,-274.64376351237297,0.0,1.0,0.8967303333333334,0.997115
650,9,73,-244.27700344845653,0.0,1.0,0.8963166666666667,0.99675
721,10,71,-264.0966231189668,0.0,1.0,0.8959143333333334,0.996395
797,11,76,-238.47452387586236,0.0,1.0,0.8954836666666667,0.996015
864,12,67,-228.63911075517535,0.0,1.0,0.895104,0.99568
932,13,68,-234.7839578539133,0.0,1.0,0.8947186666666667,0.99534
997,14,65,-223.5676900446415,0.0,1.0,0.8943503333333334,0.995015
1074,15,77,-241.83348100772128,0.0,1.0,0.893914,0.99463
1141,16,67,-235.60068253986537,0.0,1.0,0.8935343333333333,0.994295
1215,17,74,-243.24729742109776,0.0,1.0,0.893115,0.993925
1280,18,65,-236.52763165906072,0.0,1.0,0.8927466666666667,0.9936
1342,19,62,-229.37336559593678,0.0,1.0,0.8923953333333333,0.99329
1411,20,69,-261.32378485798836,0.0,1.0,0.8920043333333334,0.992945
1484,21,73,-276.40538477152586,0.0,1.0,0.8915906666666666,0.99258
1561,22,77,-258.04141726344824,0.0,1.0,0.8911543333333334,0.992195
1621,23,60,-222.6750707179308,0.0,1.0,0.8908143333333334,0.991895
1684,24,63,-217.4567385544069,0.0,1.0,0.8904573333333333,0.99158
1762,25,78,-238.47628317773342,0.0,1.0,0.8900153333333334,0.99119
1824,26,62,-227.31272047385573,0.0,1.0,0.889664,0.99088
1893,27,69,-237.56038960814476,0.0,1.0,0.889273,0.990535
1955,28,62,-237.17799705080688,0.0,1.0,0.8889216666666667,0.990225
2021,29,66,-231.43928842246532,0.0,1.0,0.8885476666666667,0.989895
2085,30,64,-235.63807715149596,0.0,1.0,0.888185,0.989575
2158,31,73,-239.0678957849741,0.0,1.0,0.8877713333333334,0.98921
2227,32,69,-243.7510674521327,0.0,1.0,0.8873803333333333,0.988865
2297,33,70,-251.39782620221376,0.0,1.0,0.8869836666666667,0.988515
2371,34,74,-253.34897204488516,0.0,1.0,0.8865643333333334,0.988145
2451,35,80,-227.03341901721433,0.0,1.0,0.886111,0.987745
2527,36,76,-247.97557460935786,0.0,1.0,0.8856803333333334,0.987365
2601,37,74,-251.38776264712214,0.0,1.0,0.8852610000000001,0.986995
2663,38,62,-237.56444815173745,0.0,1.0,0.8849096666666667,0.986685
2734,39,71,-238.588890876621,0.0,1.0,0.8845073333333333,0.98633
2813,40,79,-270.78146374970675,0.0,1.0,0.8840596666666667,0.985935
2887,41,74,-252.7835977524519,0.0,1.0,0.8836403333333334,0.985565
2954,42,67,-250.3957840949297,0.0,1.0,0.8832606666666667,0.98523
3022,43,68,-243.76546450704336,0.0,1.0,0.8828753333333333,0.98489
3096,44,74,-254.69816179201007,0.0,1.0,0.882456,0.98452
3176,45,80,-269.35664838552475,0.0,1.0,0.8820026666666667,0.98412
3248,46,72,-233.62945156916976,0.0,1.0,0.8815946666666666,0.98376
3308,47,60,-231.5842431075871,0.0,1.0,0.8812546666666667,0.98346
3371,48,63,-237.9203992933035,0.0,1.0,0.8808976666666667,0.983145
3448,49,77,-239.91192805068567,0.0,1.0,0.8804613333333333,0.98276
3522,50,74,-241.3502389267087,0.0,1.0,0.880042,0.98239
3596,51,74,-250.3560069873929,0.0,1.0,0.8796226666666667,0.98202
3661,52,65,-233.7400655564852,0.0,1.0,0.8792543333333334,0.981695
3731,53,70,-241.5419565923512,0.0,1.0,0.8788576666666666,0.981345
3797,54,66,-241.84994541853666,0.0,1.0,0.8784836666666667,0.981015
3863,55,66,-255.10208308324218,0.0,1.0,0.8781096666666667,0.980685
3936,56,73,-253.22673887200654,0.0,1.0,0.877696,0.98032
4007,57,71,-255.69451417773962,0.0,1.0,0.8772936666666666,0.979965
4085,58,78,-233.95319377256237,0.0,1.0,0.8768516666666667,0.979575
4144,59,59,-214.93417814048007,0.0,1.0,0.8765173333333334,0.97928
4221,60,77,-255.15918490290642,0.0,1.0,0.876081,0.978895
4288,61,67,-256.44224769994617,0.0,1.0,0.8757013333333333,0.97856
4355,62,67,-240.08765304461122,0.0,1.0,0.8753216666666667,0.978225
4425,63,70,-244.14160722494125,0.0,1.0,0.8749250000000001,0.977875
4492,64,67,-217.98573053255677,0.0,1.0,0.8745453333333334,0.97754
4558,65,66,-218.9870653450489,0.0,1.0,0.8741713333333334,0.97721
4635,66,77,-264.1948246508837,0.0,1.0,0.873735,0.976825
4703,67,68,-239.09645465761423,0.0,1.0,0.8733496666666667,0.976485
4780,68,77,-282.7792882323265,0.0,1.0,0.8729133333333333,0.9761
4844,69,64,-231.79659938439727,0.0,1.0,0.8725506666666667,0.97578
4922,70,78,-246.08574364706874,0.0,1.0,0.8721086666666666,0.97539
4999,71,77,-267.2989852614701,0.0,1.0,0.8716723333333334,0.975005
5067,72,68,-244.54781134426594,0.0,1.0,0.871287,0.974665
5143,73,76,-244.922496907413,0.0,1.0,0.8708563333333333,0.974285
5217,74,74,-224.64930314943194,0.0,1.0,0.870437,0.973915
5284,75,67,-250.3578692227602,0.0,1.0,0.8700573333333333,0.97358
5364,76,80,-256.1461663879454,0.0,1.0,0.869604,0.97318
5430,77,66,-232.84403316676617,0.0,1.0,0.8692300000000001,0.97285
5502,78,72,-235.8565601594746,0.0,1.0,0.868822,0.97249
5564,79,62,-226.16074799746275,0.0,1.0,0.8684706666666667,0.97218
5635,80,71,-243.33920727670193,0.0,1.0,0.8680683333333333,0.971825
5707,81,72,-244.98025176674128,0.0,1.0,0.8676603333333334,0.971465
5771,82,64,-213.93519004480913,0.0,1.0,0.8672976666666667,0.971145
5841,83,70,-269.05601031705737,0.0,1.0,0.866901,0.970795
5908,84,67,-222.4575408026576,0.0,1.0,0.8665213333333334,0.97046
5972,85,64,-249.59213661029935,0.0,1.0,0.8661586666666667,0.97014
6043,86,71,-245.6782341748476,0.0,1.0,0.8657563333333333,0.969785
6122,87,79,-256.2377609349787,0.0,1.0,0.8653086666666667,0.96939
6188,88,66,-208.79425048455596,0.0,1.0,0.8649346666666666,0.96906
6259,89,71,-232.37879744544625,0.0,1.0,0.8645323333333333,0.968705
6335,90,76,-240.72080336511135,0.0,1.0,0.8641016666666667,0.968325
6409,91,74,-221.91639987379313,0.0,1.0,0.8636823333333333,0.967955
6488,92,79,-246.82003335282207,0.0,1.0,0.8632346666666667,0.96756
6558,93,70,-227.49092286080122,0.0,1.0,0.862838,0.96721
6638,94,80,-236.4080585502088,0.0,1.0,0.8623846666666667,0.96681
6714,95,76,-258.1634431555867,0.0,1.0,0.861954,0.96643
6776,96,62,-201.2400436885655,0.0,1.0,0.8616026666666667,0.96612
6842,97,66,-213.37152467668056,0.0,1.0,0.8612286666666666,0.96579
6919,98,77,-234.38794767903164,0.0,1.0,0.8607923333333334,0.965405
6992,99,73,-215.85881937714294,0.0,1.0,0.8603786666666667,0.96504
7074,100,82,-249.8046832382679,0.0,1.0,0.8599140000000001,0.96463
7149,101,75,-225.06622394919395,0.0,1.0,0.8594890000000001,0.964255
7227,102,78,-221.29819761961699,0.0,1.0,0.859047,0.963865
7298,103,71,-216.1722923386842,0.0,1.0,0.8586446666666667,0.96351
7378,104,80,-243.97941638156772,0.0,1.0,0.8581913333333333,0.96311
7439,105,61,-227.17055139690638,0.0,1.0,0.8578456666666667,0.962805
7501,106,62,-218.4918865635991,0.0,1.0,0.8574943333333334,0.962495
7560,107,59,-217.5349761545658,0.0,1.0,0.85716,0.9621999999999999
7636,108,76,-225.3955833390355,0.0,1.0,0.8567293333333333,0.96182
7710,109,74,-243.87892581894994,0.0,1.0,0.85631,0.96145
7770,110,60,-215.49605456739664,0.0,1.0,0.85597,0.96115
7847,111,77,-234.83368223533034,0.0,1.0,0.8555336666666666,0.960765
7927,112,80,-240.026303101331,0.0,1.0,0.8550803333333333,0.960365
8007,113,80,-237.5531409829855,0.0,1.0,0.854627,0.959965
8085,114,78,-234.90023198910058,0.0,1.0,0.854185,0.959575
8158,115,73,-231.438631542027,0.0,1.0,0.8537713333333333,0.95921
8234,116,76,-241.80948969721794,0.0,1.0,0.8533406666666666,0.95883
8309,117,75,-233.01391760911793,0.0,1.0,0.8529156666666667,0.9584550000000001
8386,118,77,-243.9553621970117,0.0,1.0,0.8524793333333334,0.95807
8463,119,77,-218.83538771420717,0.0,1.0,0.852043,0.957685
8524,120,61,-224.7730271294713,0.0,1.0,0.8516973333333333,0.95738
8585,121,61,-214.59871096536517,0.0,1.0,0.8513516666666667,0.957075
8656,122,71,-244.52190065011382,0.0,1.0,0.8509493333333333,0.95672
8722,123,66,-226.36384570691735,0.0,1.0,0.8505753333333333,0.95639
8792,124,70,-242.257448554039,0.0,1.0,0.8501786666666666,0.95604
8867,125,75,-226.51249024271965,0.0,1.0,0.8497536666666667,0.955665
8930,126,63,-223.9371940381825,0.0,1.0,0.8493966666666667,0.95535
9009,127,79,-240.17212603241205,0.0,1.0,0.8489490000000001,0.954955
9088,128,79,-223.92517456458881,0.0,1.0,0.8485013333333333,0.95456
9158,129,70,-203.15138221206143,0.0,1.0,0.8481046666666667,0.95421
9221,130,63,-235.9283787123859,0.0,1.0,0.8477476666666667,0.953895
9299,131,78,-245.11674590408802,0.0,1.0,0.8473056666666667,0.953505
9370,132,71,-230.12427406013012,0.0,1.0,0.8469033333333333,0.95315
9438,133,68,-235.35051798820496,0.0,1.0,0.846518,0.95281
9512,134,74,-221.64550094865263,0.0,1.0,0.8460986666666667,0.95244
9587,135,75,-216.99432669207454,0.0,1.0,0.8456736666666667,0.9520649999999999
9647,136,60,-226.83929654955864,0.0,1.0,0.8453336666666666,0.951765
9714,137,67,-237.54320433735847,0.0,1.0,0.844954,0.95143
9791,138,77,-253.4833785071969,0.0,1.0,0.8445176666666667,0.951045
9862,139,71,-229.35257234238088,0.0,1.0,0.8441153333333333,0.95069
9938,140,76,-253.87010466307402,0.0,1.0,0.8436846666666666,0.95031
10017,141,79,-210.22913791239262,0.0,1.0,0.843237,0.949915
10089,142,72,-247.75252898409963,0.0,1.0,0.842829,0.949555
10148,143,59,-196.08938605710864,0.0,1.0,0.8424946666666667,0.94926
10209,144,61,-224.0314666070044,0.0,1.0,0.842149,0.948955
10279,145,70,-205.0572121888399,0.0,1.0,0.8417523333333333,0.948605
10343,146,64,-194.34838705370203,0.0,1.0,0.8413896666666667,0.948285
10423,147,80,-229.51826782524586,0.0,1.0,0.8409363333333334,0.947885
10493,148,70,-238.74398659169674,0.0,1.0,0.8405396666666667,0.947535
10559,149,66,-231.7869376130402,0.0,1.0,0.8401656666666667,0.947205
10622,150,63,-183.04131336510181,0.0,1.0,0.8398086666666666,0.94689
10685,151,63,-208.9759979774244,0.0,1.0,0.8394516666666667,0.9465749999999999
10766,152,81,-240.67534147622064,0.0,1.0,0.8389926666666667,0.94617
10842,153,76,-262.11643246235326,0.0,1.0,0.838562,0.94579
10912,154,70,-234.1453153938055,0.0,1.0,0.8381653333333333,0.9454400000000001
10982,155,70,-204.364903640002,0.0,1.0,0.8377686666666667,0.94509
11043,156,61,-223.1366800479591,0.0,1.0,0.837423,0.944785
11120,157,77,-219.54883589595556,0.0,1.0,0.8369866666666667,0.9444
11182,158,62,-216.67744145914912,0.0,1.0,0.8366353333333334,0.94409
11248,159,66,-205.82528100535274,0.0,1.0,0.8362613333333333,0.94376
11322,160,74,-235.40088251745328,0.0,1.0,0.835842,0.94339
11386,161,64,-212.2496907133609,0.0,1.0,0.8354793333333334,0.94307
11452,162,66,-202.34377108700573,0.0,1.0,0.8351053333333334,0.94274
11522,163,70,-215.39323011552915,0.0,1.0,0.8347086666666667,0.9423900000000001
11596,164,74,-218.12966456264257,0.0,1.0,0.8342893333333333,0.94202
11657,165,61,-228.31953548267484,0.0,1.0,0.8339436666666666,0.941715
11721,166,64,-229.08296870067716,0.0,1.0,0.833581,0.941395
11781,167,60,-215.09432407468557,0.0,1.0,0.833241,0.941095
11861,168,80,-222.63097743317485,0.0,1.0,0.8327876666666667,0.9406950000000001
11931,169,70,-216.29420329350978,0.0,1.0,0.832391,0.940345
12009,170,78,-228.4493427798152,0.0,1.0,0.831949,0.939955
12078,171,69,-222.8481510397978,0.0,1.0,0.831558,0.9396100000000001
12154,172,76,-232.55565897235647,0.0,1.0,0.8311273333333333,0.93923
12234,173,80,-232.79730466380715,0.0,1.0,0.830674,0.93883
12306,174,72,-231.01199927926064,0.0,1.0,0.8302660000000001,0.93847
12381,175,75,-238.85204735770822,0.0,1.0,0.829841,0.938095
12444,176,63,-219.079914085567,0.0,1.0,0.829484,0.93778
12521,177,77,-234.92411171272397,0.0,1.0,0.8290476666666667,0.937395
12581,178,60,-231.55661390721798,0.0,1.0,0.8287076666666667,0.937095
12644,179,63,-230.3351346012205,0.0,1.0,0.8283506666666667,0.93678
12714,180,70,-230.88094950467348,0.0,1.0,0.8279540000000001,0.93643
12780,181,66,-203.7082382440567,0.0,1.0,0.82758,0.9361
12841,182,61,-212.9565756805241,0.0,1.0,0.8272343333333334,0.935795
12911,183,70,-236.4149974002503,0.0,1.0,0.8268376666666667,0.935445
12984,184,73,-226.72853688150644,0.0,1.0,0.826424,0.93508
13063,185,79,-241.93919144943357,0.0,1.0,0.8259763333333333,0.934685
13136,186,73,-216.07868225872517,0.0,1.0,0.8255626666666667,0.93432
13207,187,71,-207.61356050893664,0.0,1.0,0.8251603333333334,0.933965
13284,188,77,-217.12914505973458,0.0,1.0,0.824724,0.93358
13343,189,59,-228.8544212654233,0.0,1.0,0.8243896666666667,0.933285
13422,190,79,-254.22206820268184,0.0,1.0,0.8239420000000001,0.93289
13501,191,79,-237.56218687444925,0.0,1.0,0.8234943333333333,0.932495
13579,192,78,-209.6889498666642,0.0,1.0,0.8230523333333334,0.932105
13653,193,74,-218.9370309151709,0.0,1.0,0.8226330000000001,0.931735
13726,194,73,-199.95779082551599,0.0,1.0,0.8222193333333334,0.93137
13807,195,81,-198.059127362445,0.0,1.0,0.8217603333333333,0.930965
13874,196,67,-219.89257544651628,0.0,1.0,0.8213806666666666,0.93063
13947,197,73,-221.6552671790123,0.0,1.0,0.820967,0.930265
14020,198,73,-227.82332396134734,0.0,1.0,0.8205533333333334,0.9299
14098,199,78,-225.0183122921735,0.0,1.0,0.8201113333333334,0.9295100000000001
14174,200,76,-240.15078501403332,0.0,1.0,0.8196806666666667,0.92913
14253,201,79,-265.57082601683214,0.0,1.0,0.819233,0.928735
14334,202,81,-210.1441074688919,0.0,1.0,0.818774,0.92833
14399,203,65,-219.11201490508392,0.0,1.0,0.8184056666666667,0.928005
14474,204,75,-213.5928988903761,0.0,1.0,0.8179806666666667,0.92763
14543,205,69,-205.69621883705258,0.0,1.0,0.8175896666666667,0.927285
14614,206,71,-229.0060169622302,0.0,1.0,0.8171873333333334,0.92693
14688,207,74,-214.54945050179958,0.0,1.0,0.816768,0.92656
14751,208,63,-192.71152606233954,0.0,1.0,0.816411,0.926245
14829,209,78,-215.91520562395453,0.0,1.0,0.815969,0.925855
14908,210,79,-226.7712283693254,0.0,1.0,0.8155213333333333,0.92546
14984,211,76,-225.9624779340811,0.0,1.0,0.8150906666666666,0.92508
15063,212,79,-208.01279927790165,0.0,1.0,0.814643,0.924685
15137,213,74,-218.02938253432512,0.0,1.0,0.8142236666666667,0.924315
15217,214,80,-229.35281578078866,0.0,1.0,0.8137703333333334,0.923915
15286,215,69,-202.4670580998063,0.0,1.0,0.8133793333333333,0.92357
15354,216,68,-208.208151884377,0.0,1.0,0.812994,0.92323
15433,217,79,-233.66792637854815,0.0,1.0,0.8125463333333334,0.922835
15503,218,70,-213.31224999576807,0.0,1.0,0.8121496666666667,0.922485
15574,219,71,-220.4400252699852,0.0,1.0,0.8117473333333334,0.92213
15647,220,73,-221.15126671642065,0.0,1.0,0.8113336666666667,0.921765
15716,221,69,-215.754393724259,0.0,1.0,0.8109426666666667,0.92142
15790,222,74,-221.83797778189182,0.0,1.0,0.8105233333333334,0.92105
15868,223,78,-224.49211962521076,0.0,1.0,0.8100813333333333,0.92066
15928,224,60,-225.82444475591183,0.0,1.0,0.8097413333333333,0.92036
15998,225,70,-205.51789532974362,0.0,1.0,0.8093446666666667,0.92001
16070,226,72,-243.01633037626743,0.0,1.0,0.8089366666666666,0.91965
16131,227,61,-212.613433688879,0.0,1.0,0.8085910000000001,0.919345
16205,228,74,-207.2344201616943,0.0,1.0,0.8081716666666667,0.918975
16274,229,69,-219.20131339877844,0.0,1.0,0.8077806666666667,0.9186300000000001
16351,230,77,-224.03945823572576,0.0,1.0,0.8073443333333333,0.918245
16420,231,69,-208.429464597255,0.0,1.0,0.8069533333333334,0.9178999999999999
16488,232,68,-246.11112247407436,0.0,1.0,0.8065680000000001,0.91756
16548,233,60,-196.9980852957815,0.0,1.0,0.8062280000000001,0.91726
16621,234,73,-218.29915357381105,0.0,1.0,0.8058143333333334,0.916895
16687,235,66,-206.17172795161605,0.0,1.0,0.8054403333333333,0.916565
16750,236,63,-214.14089055359364,0.0,1.0,0.8050833333333334,0.91625
16816,237,66,-236.6273469850421,0.0,1.0,0.8047093333333334,0.9159200000000001
16880,238,64,-205.54555328562856,0.0,1.0,0.8043466666666667,0.9156
16947,239,67,-235.46518889814615,0.0,1.0,0.803967,0.915265
17010,240,63,-202.42535637877882,0.0,1.0,0.80361,0.91495
17088,241,78,-220.0821593538858,0.0,1.0,0.803168,0.91456
17160,242,72,-239.8430189420469,0.0,1.0,0.80276,0.9142
17239,243,79,-242.65733737498522,0.0,1.0,0.8023123333333334,0.913805
17300,244,61,-230.1978188380599,0.0,1.0,0.8019666666666667,0.9135
17370,245,70,-260.27115127816796,0.0,1.0,0.80157,0.91315
17440,246,70,-201.75335459038615,0.0,1.0,0.8011733333333333,0.9128000000000001
17505,247,65,-209.35440674424171,0.0,1.0,0.800805,0.912475
17574,248,69,-198.24504071846604,0.0,1.0,0.8004140000000001,0.91213
17650,249,76,-224.88867921801284,0.0,1.0,0.7999833333333334,0.9117500000000001
17724,250,74,-235.80697328969836,0.0,1.0,0.799564,0.91138
17801,251,77,-222.7839908003807,0.0,1.0,0.7991276666666667,0.910995
17868,252,67,-201.11430345848203,0.0,1.0,0.798748,0.91066
17941,253,73,-220.71533188596368,0.0,1.0,0.7983343333333334,0.910295
18022,254,81,-249.7973868586123,0.0,1.0,0.7978753333333334,0.90989
18090,255,68,-196.26212225854397,0.0,1.0,0.79749,0.90955
18165,256,75,-233.43702914565802,0.0,1.0,0.797065,0.909175
18232,257,67,-214.25807783007622,0.0,1.0,0.7966853333333334,0.90884
18300,258,68,-217.26783911511302,0.0,1.0,0.7963,0.9085
18367,259,67,-216.58074280433357,0.0,1.0,0.7959203333333333,0.908165
18430,260,63,-208.44529415667057,0.0,1.0,0.7955633333333334,0.90785
18501,261,71,-226.26116796210408,0.0,1.0,0.795161,0.9074949999999999
18580,262,79,-208.61625876650214,0.0,1.0,0.7947133333333334,0.9071
18656,263,76,-209.55537728546187,0.0,1.0,0.7942826666666667,0.90672
18724,264,68,-224.96550604701042,0.0,1.0,0.7938973333333333,0.90638
18801,265,77,-201.1421449035406,0.0,1.0,0.793461,0.905995
18869,266,68,-202.06364059075713,0.0,1.0,0.7930756666666667,0.905655
18931,267,62,-215.7120521813631,0.0,1.0,0.7927243333333334,0.9053450000000001
19010,268,79,-217.37650860100985,0.0,1.0,0.7922766666666667,0.90495
19089,269,79,-225.89758710563183,0.0,1.0,0.791829,0.904555
19166,270,77,-202.2493189945817,0.0,1.0,0.7913926666666667,0.90417
19237,271,71,-205.42597682587802,0.0,1.0,0.7909903333333334,0.903815
19310,272,73,-243.13405910134315,0.0,1.0,0.7905766666666667,0.90345
19370,273,60,-206.54675712436438,0.0,1.0,0.7902366666666667,0.90315
19449,274,79,-231.18114310503006,0.0,1.0,0.7897890000000001,0.902755
19517,275,68,-217.70678961649537,0.0,1.0,0.7894036666666667,0.902415
19590,276,73,-225.05219036340714,0.0,1.0,0.7889900000000001,0.90205
19666,277,76,-233.12644763290882,0.0,1.0,0.7885593333333334,0.90167
19739,278,73,-221.69663048535585,0.0,1.0,0.7881456666666666,0.901305
19797,279,58,-222.197730101645,0.0,1.0,0.787817,0.901015
19865,280,68,-197.67519747838378,0.0,1.0,0.7874316666666668,0.900675
19941,281,76,-249.9100110642612,0.0,1.0,0.7870010000000001,0.900295
20016,282,75,-218.73027306050062,0.0,1.0,0.786576,0.89992
20093,283,77,-204.44761961512268,0.0,1.0,0.7861396666666667,0.899535
20162,284,69,-237.95145496353507,0.0,1.0,0.7857486666666667,0.89919
20224,285,62,-209.39036816731095,0.0,1.0,0.7853973333333334,0.89888
20297,286,73,-233.47000533342361,0.0,1.0,0.7849836666666667,0.898515
20369,287,72,-235.77859145402908,0.0,1.0,0.7845756666666667,0.898155
20441,288,72,-213.40024967954378,0.0,1.0,0.7841676666666667,0.897795
20509,289,68,-220.27912028878927,0.0,1.0,0.7837823333333334,0.897455
20584,290,75,-202.1600743085146,0.0,1.0,0.7833573333333333,0.89708
20645,291,61,-213.42672693356872,0.0,1.0,0.7830116666666667,0.896775
20715,292,70,-231.50193752348423,0.0,1.0,0.7826150000000001,0.896425
20789,293,74,-227.2808304396458,0.0,1.0,0.7821956666666667,0.896055
20862,294,73,-233.80327174067497,0.0,1.0,0.781782,0.89569
20930,295,68,-215.20954819396138,0.0,1.0,0.7813966666666667,0.89535
21005,296,75,-220.32758132740855,0.0,1.0,0.7809716666666667,0.894975
21067,297,62,-220.06579344719648,0.0,1.0,0.7806203333333334,0.894665
21139,298,72,-200.79227432236075,0.0,1.0,0.7802123333333334,0.894305
21213,299,74,-190.6332168765366,0.0,1.0,0.7797930000000001,0.893935
21274,300,61,-198.4722804799676,0.0,1.0,0.7794473333333334,0.89363
21347,301,73,-213.9490801244974,0.0,1.0,0.7790336666666667,0.893265
21421,302,74,-230.2564569413662,0.0,1.0,0.7786143333333334,0.892895
21485,303,64,-205.7010040730238,0.0,1.0,0.7782516666666667,0.892575
21556,304,71,-208.8758179694414,0.0,1.0,0.7778493333333334,0.89222
21618,305,62,-240.64479084685445,0.0,1.0,0.777498,0.89191
21689,306,71,-216.9862919151783,0.0,1.0,0.7770956666666667,0.891555
21772,307,83,-228.11797853931785,0.0,1.0,0.7766253333333334,0.89114
21851,308,79,-224.60411849990487,0.0,1.0,0.7761776666666667,0.890745
21927,309,76,-227.14306911826134,0.0,1.0,0.775747,0.890365
22006,310,79,-193.5223663491197,0.0,1.0,0.7752993333333333,0.8899699999999999
22085,311,79,-222.26548428833485,0.0,1.0,0.7748516666666667,0.889575
22165,312,80,-251.93899735808372,0.0,1.0,0.7743983333333333,0.889175
22230,313,65,-208.5490398220718,0.0,1.0,0.77403,0.88885
22307,314,77,-218.33437387645245,0.0,1.0,0.7735936666666667,0.8884650000000001
22379,315,72,-203.8795573413372,0.0,1.0,0.7731856666666667,0.888105
22444,316,65,-209.9235664792359,0.0,1.0,0.7728173333333334,0.88778
22510,317,66,-204.45675499364734,0.0,1.0,0.7724433333333334,0.8874500000000001
22575,318,65,-222.11563029931858,0.0,1.0,0.7720750000000001,0.8871249999999999
22645,319,70,-195.8713806681335,0.0,1.0,0.7716783333333334,0.886775
22706,320,61,-197.20158749073744,0.0,1.0,0.7713326666666667,0.88647
22779,321,73,-229.03811571747065,0.0,1.0,0.770919,0.886105
22871,322,92,-237.82201437279582,0.0,1.0,0.7703976666666668,0.885645
22935,323,64,-214.94052943959832,0.0,1.0,0.770035,0.885325
23014,324,79,-228.14549367548898,0.0,1.0,0.7695873333333334,0.88493
23080,325,66,-204.0658667013049,0.0,1.0,0.7692133333333333,0.8846
23144,326,64,-200.90480932220817,0.0,1.0,0.7688506666666667,0.88428
23220,327,76,-235.37790785450488,0.0,1.0,0.76842,0.8839
23291,328,71,-202.71619306877255,0.0,1.0,0.7680176666666667,0.883545
23359,329,68,-233.2149941548705,0.0,1.0,0.7676323333333334,0.883205
23438,330,79,-218.33500009402633,0.0,1.0,0.7671846666666667,0.88281
23497,331,59,-210.84585031494498,0.0,1.0,0.7668503333333334,0.882515
23572,332,75,-216.0182783342898,0.0,1.0,0.7664253333333334,0.88214
23637,333,65,-207.89203430037014,0.0,1.0,0.766057,0.881815
23714,334,77,-212.10351437330246,0.0,1.0,0.7656206666666667,0.8814299999999999
23785,335,71,-184.8969021514058,0.0,1.0,0.7652183333333333,0.881075
23856,336,71,-213.44841557368636,0.0,1.0,0.764816,0.88072
23932,337,76,-218.06002021208405,0.0,1.0,0.7643853333333334,0.88034
24007,338,75,-227.92765169590712,0.0,1.0,0.7639603333333334,0.879965
24079,339,72,-221.35439535975456,0.0,1.0,0.7635523333333334,0.879605
24144,340,65,-214.722749941051,0.0,1.0,0.7631840000000001,0.8792800000000001
24209,341,65,-191.65752082318068,0.0,1.0,0.7628156666666667,0.878955
24274,342,65,-193.8453909792006,0.0,1.0,0.7624473333333334,0.87863
24340,343,66,-211.02241906896234,0.0,1.0,0.7620733333333334,0.8783
24419,344,79,-234.78353148326278,0.0,1.0,0.7616256666666666,0.8779049999999999
24491,345,72,-203.56714075105265,0.0,1.0,0.7612176666666667,0.877545
24558,346,67,-237.98305045068264,0.0,1.0,0.760838,0.87721
24635,347,77,-226.9077213150449,0.0,1.0,0.7604016666666666,0.876825
24707,348,72,-212.700203969609,0.0,1.0,0.7599936666666667,0.876465
24770,349,63,-206.1620206683874,0.0,1.0,0.7596366666666667,0.87615
24834,350,64,-208.4540180787444,0.0,1.0,0.759274,0.87583
24901,351,67,-206.0737580396235,0.0,1.0,0.7588943333333333,0.875495
24972,352,71,-226.47711715102196,0.0,1.0,0.758492,0.87514
25041,353,69,-228.36457854881883,0.0,1.0,0.758101,0.874795
25119,354,78,-207.48228786885738,0.0,1.0,0.7576590000000001,0.874405
25186,355,67,-201.10003052279353,0.0,1.0,0.7572793333333334,0.87407
25250,356,64,-238.42164632678032,0.0,1.0,0.7569166666666667,0.87375
25329,357,79,-220.9264354039915,0.0,1.0,0.7564690000000001,0.873355
25390,358,61,-194.16983864828944,0.0,1.0,0.7561233333333334,0.87305
25478,359,88,-245.29284150572494,0.0,1.0,0.7556246666666667,0.87261
25538,360,60,-203.21863058954477,0.0,1.0,0.7552846666666667,0.87231
25607,361,69,-226.20729027688503,0.0,1.0,0.7548936666666667,0.871965
25672,362,65,-209.37784158438444,0.0,1.0,0.7545253333333334,0.87164
25769,363,97,-275.15358049049973,0.0,1.0,0.7539756666666667,0.871155
25853,364,84,-222.1101987399161,0.0,1.0,0.7534996666666667,0.870735
25920,365,67,-219.44796304032207,0.0,1.0,0.75312,0.8704000000000001
25993,366,73,-223.65936781838536,0.0,1.0,0.7527063333333334,0.870035
26072,367,79,-215.44594914838672,0.0,1.0,0.7522586666666667,0.86964
26134,368,62,-191.9166717454791,0.0,1.0,0.7519073333333334,0.8693299999999999
26212,369,78,-237.579871755559,0.0,1.0,0.7514653333333334,0.86894
26281,370,69,-205.83262546733022,0.0,1.0,0.7510743333333334,0.868595
26349,371,68,-201.37201392743737,0.0,1.0,0.750689,0.868255
26421,372,72,-206.94597372831777,0.0,1.0,0.750281,0.867895
26514,373,93,-245.12264883564785,0.0,1.0,0.749754,0.86743
26580,374,66,-182.17293747887015,0.0,1.0,0.74938,0.8671
26654,375,74,-214.24417102709413,0.0,1.0,0.7489606666666667,0.86673
26719,376,65,-196.95548683404922,0.0,1.0,0.7485923333333333,0.866405
26781,377,62,-206.63986379653215,0.0,1.0,0.748241,0.8660950000000001
26851,378,70,-209.2450861595571,0.0,1.0,0.7478443333333333,0.865745
26918,379,67,-216.6184456385672,0.0,1.0,0.7474646666666667,0.86541
26983,380,65,-190.99434543401003,0.0,1.0,0.7470963333333334,0.865085
27051,381,68,-205.41087536141276,0.0,1.0,0.746711,0.864745
27115,382,64,-219.94620896875858,0.0,1.0,0.7463483333333334,0.864425
27176,383,61,-206.8715548403561,0.0,1.0,0.7460026666666667,0.86412
27247,384,71,-199.09213884174824,0.0,1.0,0.7456003333333333,0.863765
27308,385,61,-208.22586653009057,0.0,1.0,0.7452546666666666,0.86346
27373,386,65,-205.932556968648,0.0,1.0,0.7448863333333333,0.863135
27440,387,67,-206.05694463849068,0.0,1.0,0.7445066666666666,0.8628
27516,388,76,-219.37489341199398,0.0,1.0,0.7440760000000001,0.86242
27576,389,60,-193.14886063337326,0.0,1.0,0.7437360000000001,0.86212
27644,390,68,-215.1722824908793,0.0,1.0,0.7433506666666667,0.86178
27714,391,70,-213.30552607774734,0.0,1.0,0.742954,0.86143
27791,392,77,-229.49202438816428,0.0,1.0,0.7425176666666666,0.8610450000000001
27864,393,73,-222.59356750547886,0.0,1.0,0.742104,0.86068
27930,394,66,-204.17194180190563,0.0,1.0,0.74173,0.86035
28003,395,73,-218.2785000577569,0.0,1.0,0.7413163333333334,0.859985
28068,396,65,-187.03112077713013,0.0,1.0,0.740948,0.85966
28132,397,64,-206.7929566577077,0.0,1.0,0.7405853333333334,0.85934
28198,398,66,-179.06126891076565,0.0,1.0,0.7402113333333333,0.85901
28275,399,77,-212.3757288865745,0.0,1.0,0.7397750000000001,0.858625
28335,400,60,-207.72605187818408,0.0,1.0,0.7394350000000001,0.858325
28396,401,61,-217.47122640907764,0.0,1.0,0.7390893333333334,0.85802
28468,402,72,-196.8672363832593,0.0,1.0,0.7386813333333333,0.85766
28536,403,68,-229.1783535629511,0.0,1.0,0.7382960000000001,0.85732
28606,404,70,-210.51536717265844,0.0,1.0,0.7378993333333334,0.85697
28680,405,74,-214.20280742645264,0.0,1.0,0.73748,0.8566
28756,406,76,-212.57348405197263,0.0,1.0,0.7370493333333333,0.85622
28817,407,61,-225.50315543310717,0.0,1.0,0.7367036666666666,0.855915
28886,408,69,-214.69159379553457,0.0,1.0,0.7363126666666666,0.8555699999999999
28963,409,77,-231.48401418700814,0.0,1.0,0.7358763333333334,0.855185
29023,410,60,-213.00895303720608,0.0,1.0,0.7355363333333333,0.854885
29101,411,78,-227.18065343797207,0.0,1.0,0.7350943333333334,0.854495
29168,412,67,-188.3769449815154,0.0,1.0,0.7347146666666666,0.85416
29246,413,78,-228.07333270134404,0.0,1.0,0.7342726666666667,0.85377
29327,414,81,-214.2773285806179,0.0,1.0,0.7338136666666667,0.8533649999999999
29390,415,63,-188.80049869418144,0.0,1.0,0.7334566666666666,0.85305
29462,416,72,-205.4819235894829,0.0,1.0,0.7330486666666667,0.85269
29534,417,72,-211.20285594463348,0.0,1.0,0.7326406666666667,0.85233
29610,418,76,-229.41866803914309,0.0,1.0,0.73221,0.85195
29672,419,62,-220.6090293675661,0.0,1.0,0.7318586666666667,0.85164
29743,420,71,-217.44257460162044,0.0,1.0,0.7314563333333334,0.8512850000000001
29813,421,70,-223.6381023749709,0.0,1.0,0.7310596666666667,0.850935
29887,422,74,-206.45301074534655,0.0,1.0,0.7306403333333333,0.850565
29959,423,72,-191.74470256641507,0.0,1.0,0.7302323333333334,0.850205
30034,424,75,-214.47852389514446,0.0,1.0,0.7298073333333334,0.84983
30096,425,62,-213.4517246633768,0.0,1.0,0.729456,0.84952
30170,426,74,-221.43017828138545,0.0,1.0,0.7290366666666667,0.8491500000000001
30237,427,67,-202.27962709963322,0.0,1.0,0.728657,0.848815
30305,428,68,-217.49644074589014,0.0,1.0,0.7282716666666667,0.848475
30379,429,74,-215.59727550670505,0.0,1.0,0.7278523333333333,0.848105
30448,430,69,-226.64671952323988,0.0,1.0,0.7274613333333333,0.84776
30513,431,65,-201.0023066662252,0.0,1.0,0.727093,0.8474349999999999
30591,432,78,-236.13589549809694,0.0,1.0,0.726651,0.847045
30672,433,81,-220.62900046259165,0.0,1.0,0.7261920000000001,0.8466400000000001
30753,434,81,-226.29201731877401,0.0,1.0,0.725733,0.846235
30817,435,64,-197.67764541506767,0.0,1.0,0.7253703333333333,0.845915
30886,436,69,-201.08074863813818,0.0,1.0,0.7249793333333334,0.84557
30946,437,60,-199.76403135433793,0.0,1.0,0.7246393333333334,0.84527
31023,438,77,-217.79608239978552,0.0,1.0,0.724203,0.844885
31091,439,68,-186.50499825179577,0.0,1.0,0.7238176666666667,0.844545
31167,440,76,-211.46881940215826,0.0,1.0,0.723387,0.844165
31240,441,73,-214.59636064991355,0.0,1.0,0.7229733333333334,0.8438
31302,442,62,-217.1786949262023,0.0,1.0,0.722622,0.84349
31392,443,90,-248.1951591297984,0.0,1.0,0.7221120000000001,0.84304
31462,444,70,-196.4635933600366,0.0,1.0,0.7217153333333334,0.8426899999999999
31531,445,69,-218.7004172988236,0.0,1.0,0.7213243333333333,0.842345
31611,446,80,-219.14992668107152,0.0,1.0,0.720871,0.8419449999999999
31675,447,64,-208.22365163546056,0.0,1.0,0.7205083333333333,0.8416250000000001
31739,448,64,-196.4890140783973,0.0,1.0,0.7201456666666667,0.841305
31806,449,67,-229.34665295109153,0.0,1.0,0.719766,0.84097
31875,450,69,-225.41946720331907,0.0,1.0,0.7193750000000001,0.840625
31943,451,68,-220.7140818350017,0.0,1.0,0.7189896666666666,0.840285
32018,452,75,-203.72469141334295,0.0,1.0,0.7185646666666667,0.8399099999999999
32096,453,78,-226.10869729565457,0.0,1.0,0.7181226666666667,0.83952
32157,454,61,-204.75917584076524,0.0,1.0,0.717777,0.839215
32234,455,77,-220.48855053260922,0.0,1.0,0.7173406666666667,0.83883
32312,456,78,-213.96370054781437,0.0,1.0,0.7168986666666667,0.83844
32389,457,77,-209.17041584849358,0.0,1.0,0.7164623333333333,0.838055
32459,458,70,-217.8889435324818,0.0,1.0,0.7160656666666667,0.837705
32538,459,79,-206.251982614398,0.0,1.0,0.7156180000000001,0.83731
32604,460,66,-200.16222728416324,0.0,1.0,0.715244,0.8369800000000001
32675,461,71,-221.5063876826316,0.0,1.0,0.7148416666666667,0.836625
32750,462,75,-189.99866012111306,0.0,1.0,0.7144166666666667,0.8362499999999999
32821,463,71,-215.20996651798487,0.0,1.0,0.7140143333333333,0.835895
32892,464,71,-197.0595809337683,0.0,1.0,0.713612,0.83554
33022,465,130,-203.46011035889387,0.0,0.0,0.7128753333333333,0.83489
33099,466,77,-239.93040991574526,0.0,1.0,0.712439,0.834505
33180,467,81,-246.68113001435995,0.0,1.0,0.7119800000000001,0.8341000000000001
33261,468,81,-216.81562016531825,0.0,1.0,0.7115210000000001,0.8336950000000001
33323,469,62,-209.78955315425992,0.0,1.0,0.7111696666666667,0.833385
33397,470,74,-233.14074761420488,0.0,1.0,0.7107503333333334,0.8330150000000001
33475,471,78,-200.96373079391196,0.0,1.0,0.7103083333333333,0.832625
33547,472,72,-201.5122018903494,0.0,1.0,0.7099003333333334,0.832265
33613,473,66,-218.44140740856528,0.0,1.0,0.7095263333333334,0.831935
33688,474,75,-206.3099540323019,0.0,1.0,0.7091013333333334,0.8315600000000001
33769,475,81,-213.778677622322,0.0,1.0,0.7086423333333334,0.831155
33843,476,74,-206.23802108690143,0.0,1.0,0.708223,0.830785
33905,477,62,-225.17194198071957,0.0,1.0,0.7078716666666667,0.830475
33967,478,62,-213.85740529373288,0.0,1.0,0.7075203333333333,0.830165
34048,479,81,-212.2353175659664,0.0,1.0,0.7070613333333333,0.82976
34124,480,76,-229.91458773612976,0.0,1.0,0.7066306666666667,0.82938
34208,481,84,-232.00538721308112,0.0,1.0,0.7061546666666667,0.82896
34273,482,65,-217.07916113734245,0.0,1.0,0.7057863333333334,0.828635
34347,483,74,-194.3270061649382,0.0,1.0,0.7053670000000001,0.828265
34414,484,67,-212.88415763201192,0.0,1.0,0.7049873333333334,0.82793
34490,485,76,-222.95215844362974,0.0,1.0,0.7045566666666667,0.82755
34560,486,70,-202.73018502816558,0.0,1.0,0.70416,0.8271999999999999
34639,487,79,-215.17404920607805,0.0,1.0,0.7037123333333334,0.826805
34717,488,78,-197.26823136210442,0.0,1.0,0.7032703333333333,0.826415
34792,489,75,-220.86451957188547,0.0,1.0,0.7028453333333333,0.82604
34871,490,79,-226.5000089854002,0.0,1.0,0.7023976666666667,0.825645
34939,491,68,-219.36996227968484,0.0,1.0,0.7020123333333333,0.825305
35016,492,77,-214.18321827054024,0.0,1.0,0.701576,0.82492
35095,493,79,-215.16824036464095,0.0,1.0,0.7011283333333334,0.824525
35167,494,72,-205.4941350594163,0.0,1.0,0.7007203333333334,0.824165
35249,495,82,-227.20904622972012,0.0,1.0,0.7002556666666667,0.823755
35312,496,63,-213.33198200911283,0.0,1.0,0.6998986666666667,0.82344
35380,497,68,-222.09771790914237,0.0,1.0,0.6995133333333333,0.8230999999999999
35440,498,60,-229.78718232735991,0.0,1.0,0.6991733333333333,0.8228
35518,499,78,-200.02799057215452,0.0,1.0,0.6987313333333334,0.82241
35587,500,69,-207.23718663305044,0.0,1.0,0.6983403333333333,0.822065
35666,501,79,-244.610232681036,0.0,1.0,0.6978926666666667,0.82167
35745,502,79,-210.48578254133463,0.0,1.0,0.697445,0.821275
35813,503,68,-200.45540510118008,0.0,1.0,0.6970596666666666,0.820935
35888,504,75,-211.32407151162624,0.0,1.0,0.6966346666666667,0.82056
35968,505,80,-211.52379648014903,0.0,1.0,0.6961813333333333,0.82016
36032,506,64,-206.76790176378563,0.0,1.0,0.6958186666666667,0.81984
36162,507,130,-185.1599279306829,0.0,0.0,0.695082,0.81919
36236,508,74,-225.79808546975255,0.0,1.0,0.6946626666666667,0.81882
36312,509,76,-248.0166979324822,0.0,1.0,0.6942320000000001,0.8184400000000001
36372,510,60,-207.9739195033908,0.0,1.0,0.6938920000000001,0.81814
36448,511,76,-213.01020096428692,0.0,1.0,0.6934613333333334,0.81776
36532,512,84,-233.6162351630628,0.0,1.0,0.6929853333333333,0.81734
36597,513,65,-206.77097146213055,0.0,1.0,0.692617,0.817015
36667,514,70,-220.35607970133424,0.0,1.0,0.6922203333333333,0.816665
36742,515,75,-208.60337875783443,0.0,1.0,0.6917953333333333,0.81629
36804,516,62,-220.8568362109363,0.0,1.0,0.6914440000000001,0.81598
36864,517,60,-209.00929906219244,0.0,1.0,0.691104,0.81568
36927,518,63,-238.42814890295267,0.0,1.0,0.690747,0.815365
37003,519,76,-206.1067223069258,0.0,1.0,0.6903163333333333,0.8149850000000001
37070,520,67,-204.29815050400794,0.0,1.0,0.6899366666666666,0.81465
37140,521,70,-242.82242501154542,0.0,1.0,0.68954,0.8143
37270,522,130,-190.25175536423922,0.0,0.0,0.6888033333333333,0.81365
37331,523,61,-204.86774811521173,0.0,1.0,0.6884576666666666,0.813345
37402,524,71,-196.06289694458246,0.0,1.0,0.6880553333333334,0.81299
37479,525,77,-224.15830980986357,0.0,1.0,0.687619,0.812605
37543,526,64,-204.10624492168427,0.0,1.0,0.6872563333333334,0.812285
37615,527,72,-204.57795527996495,0.0,1.0,0.6868483333333333,0.811925
37683,528,68,-213.18078554049134,0.0,1.0,0.686463,0.811585
37763,529,80,-214.6428363621235,0.0,1.0,0.6860096666666667,0.811185
37828,530,65,-205.38773514330387,0.0,1.0,0.6856413333333333,0.81086
37896,531,68,-219.64056833460927,0.0,1.0,0.6852560000000001,0.81052
37985,532,89,-237.27403608895838,0.0,1.0,0.6847516666666666,0.810075
38046,533,61,-215.61953462287784,0.0,1.0,0.6844060000000001,0.80977
38112,534,66,-219.82803920283914,0.0,1.0,0.6840320000000001,0.80944
38191,535,79,-191.85447477549314,0.0,1.0,0.6835843333333333,0.809045
38271,536,80,-213.1980777606368,0.0,1.0,0.683131,0.8086450000000001
38341,537,70,-192.9745003245771,0.0,1.0,0.6827343333333333,0.808295
38409,538,68,-214.86045157024637,0.0,1.0,0.682349,0.807955
38473,539,64,-206.17895239591599,0.0,1.0,0.6819863333333334,0.807635
38549,540,76,-196.6512173600495,0.0,1.0,0.6815556666666667,0.8072550000000001
38611,541,62,-199.1038980782032,0.0,1.0,0.6812043333333333,0.806945
38676,542,65,-205.59001080691814,0.0,1.0,0.680836,0.80662
38738,543,62,-195.3394568315416,0.0,1.0,0.6804846666666666,0.80631
38806,544,68,-235.43827165663242,0.0,1.0,0.6800993333333334,0.8059700000000001
38936,545,130,-182.2526391125284,0.0,0.0,0.6793626666666667,0.80532
39000,546,64,-204.25318916887045,0.0,1.0,0.679,0.8049999999999999
39074,547,74,-205.71380572021008,0.0,1.0,0.6785806666666667,0.80463
39153,548,79,-209.09647700563073,0.0,1.0,0.6781330000000001,0.804235
39225,549,72,-200.33093852968886,0.0,1.0,0.677725,0.803875
39299,550,74,-232.01090348884463,0.0,1.0,0.6773056666666667,0.8035049999999999
39375,551,76,-236.87584408419207,0.0,1.0,0.676875,0.803125
39448,552,73,-202.83006761968136,0.0,1.0,0.6764613333333334,0.80276
39578,553,130,-178.8257862366736,0.0,0.0,0.6757246666666668,0.80211
39708,554,130,-177.63713822886348,0.0,0.0,0.674988,0.8014600000000001
39782,555,74,-208.70153077691793,0.0,1.0,0.6745686666666667,0.80109
39854,556,72,-231.5958903473802,0.0,1.0,0.6741606666666666,0.8007299999999999
39925,557,71,-201.37671456485987,0.0,1.0,0.6737583333333333,0.8003750000000001
39998,558,73,-194.76195956766605,0.0,1.0,0.6733446666666667,0.80001
40082,559,84,-231.63276240229607,0.0,1.0,0.6728686666666667,0.79959
40161,560,79,-251.6381591707468,0.0,1.0,0.672421,0.799195
40235,561,74,-208.16590976715088,0.0,1.0,0.6720016666666667,0.798825
40310,562,75,-201.47980086877942,0.0,1.0,0.6715766666666667,0.79845
40386,563,76,-235.39577962458134,0.0,1.0,0.671146,0.7980700000000001
40461,564,75,-213.95213865395635,0.0,1.0,0.670721,0.797695
40536,565,75,-191.03655509278178,0.0,1.0,0.670296,0.79732
40608,566,72,-205.43851698189974,0.0,1.0,0.669888,0.79696
40669,567,61,-231.01939528807998,0.0,1.0,0.6695423333333334,0.796655
40741,568,72,-221.298433650285,0.0,1.0,0.6691343333333334,0.796295
40804,569,63,-190.67843471840024,0.0,1.0,0.6687773333333333,0.7959799999999999
40881,570,77,-230.94029618473724,0.0,1.0,0.6683410000000001,0.795595
40954,571,73,-217.56843814626336,0.0,1.0,0.6679273333333333,0.79523
41023,572,69,-199.9959960654378,0.0,1.0,0.6675363333333334,0.7948850000000001
41088,573,65,-188.00360826775432,0.0,1.0,0.667168,0.7945599999999999
41150,574,62,-215.1188189908862,0.0,1.0,0.6668166666666667,0.79425
41222,575,72,-191.66306415200233,0.0,1.0,0.6664086666666666,0.79389
41352,576,130,-181.68281822651625,0.0,0.0,0.665672,0.79324
41413,577,61,-213.89883660525084,0.0,1.0,0.6653263333333334,0.792935
41492,578,79,-199.4839987307787,0.0,1.0,0.6648786666666667,0.79254
41559,579,67,-204.60119777917862,0.0,1.0,0.6644990000000001,0.792205
41625,580,66,-209.00083826482296,0.0,1.0,0.6641250000000001,0.791875
41755,581,130,-193.5977074727416,0.0,0.0,0.6633883333333334,0.7912250000000001
41836,582,81,-224.5510096885264,0.0,1.0,0.6629293333333334,0.79082
41909,583,73,-195.5716725476086,0.0,1.0,0.6625156666666667,0.790455
41987,584,78,-212.6470573619008,0.0,1.0,0.6620736666666667,0.790065
42056,585,69,-199.3683331576176,0.0,1.0,0.6616826666666668,0.78972
42121,586,65,-207.7449930086732,0.0,1.0,0.6613143333333333,0.7893950000000001
42194,587,73,-209.8226301074028,0.0,1.0,0.6609006666666667,0.78903
42261,588,67,-228.8214436173439,0.0,1.0,0.660521,0.788695
42332,589,71,-191.46846504881978,0.0,1.0,0.6601186666666667,0.78834
42405,590,73,-213.50512421876192,0.0,1.0,0.659705,0.787975
42482,591,77,-206.60333851724863,0.0,1.0,0.6592686666666667,0.78759
42562,592,80,-222.22937428206205,0.0,1.0,0.6588153333333334,0.7871900000000001
42637,593,75,-220.3504764288664,0.0,1.0,0.6583903333333334,0.786815
42703,594,66,-222.92356415838003,0.0,1.0,0.6580163333333333,0.786485
42790,595,87,-210.46416718512774,0.0,1.0,0.6575233333333333,0.78605
42856,596,66,-196.70965810120106,0.0,1.0,0.6571493333333334,0.78572
42922,597,66,-214.0099201053381,0.0,1.0,0.6567753333333334,0.78539
42987,598,65,-199.86434158682823,0.0,1.0,0.656407,0.785065
43068,599,81,-232.81807168386877,0.0,1.0,0.655948,0.78466
43143,600,75,-218.76259527727962,0.0,1.0,0.6555230000000001,0.784285
43217,601,74,-206.0019404128834,0.0,1.0,0.6551036666666668,0.783915
43285,602,68,-217.6822150722146,0.0,1.0,0.6547183333333333,0.7835749999999999
43359,603,74,-209.50057162344456,0.0,1.0,0.6542990000000001,0.783205
43440,604,81,-227.5580130983144,0.0,1.0,0.65384,0.7827999999999999
43514,605,74,-208.87269964814186,0.0,1.0,0.6534206666666666,0.78243
43578,606,64,-178.43204240547493,0.0,1.0,0.653058,0.78211
43655,607,77,-216.19270266592503,0.0,1.0,0.6526216666666667,0.781725
43717,608,62,-192.90419205278158,0.0,1.0,0.6522703333333333,0.781415
43798,609,81,-208.9712513126433,0.0,1.0,0.6518113333333333,0.78101
43867,610,69,-196.4545044824481,0.0,1.0,0.6514203333333334,0.7806649999999999
43928,611,61,-226.74646808207035,0.0,1.0,0.6510746666666667,0.7803599999999999
43999,612,71,-198.89410793036222,0.0,1.0,0.6506723333333333,0.7800050000000001
44061,613,62,-210.62807745905593,0.0,1.0,0.650321,0.779695
44138,614,77,-216.35750867426395,0.0,1.0,0.6498846666666667,0.77931
44208,615,70,-203.11341605708003,0.0,1.0,0.6494880000000001,0.77896
44287,616,79,-247.36688621342182,0.0,1.0,0.6490403333333334,0.778565
44348,617,61,-210.10133953392506,0.0,1.0,0.6486946666666666,0.77826
44409,618,61,-211.1625097952783,0.0,1.0,0.6483490000000001,0.777955
44477,619,68,-179.15765872597694,0.0,1.0,0.6479636666666666,0.777615
44547,620,70,-195.52324800938368,0.0,1.0,0.647567,0.777265
44610,621,63,-182.32620776817203,0.0,1.0,0.6472100000000001,0.77695
44689,622,79,-207.78344548493624,0.0,1.0,0.6467623333333334,0.776555
44767,623,78,-211.75320714339614,0.0,1.0,0.6463203333333334,0.776165
44838,624,71,-188.67319084703922,0.0,1.0,0.645918,0.77581
44968,625,130,-159.188477832824,0.0,0.0,0.6451813333333334,0.7751600000000001
45029,626,61,-204.68877177359536,0.0,1.0,0.6448356666666667,0.7748550000000001
45090,627,61,-177.88828767836094,0.0,1.0,0.64449,0.7745500000000001
45168,628,78,-207.03643345832825,0.0,1.0,0.644048,0.77416
45253,629,85,-186.13446195609868,0.0,1.0,0.6435663333333334,0.7737350000000001
45322,630,69,-214.81013288348913,0.0,1.0,0.6431753333333334,0.77339
45392,631,70,-215.73147827386856,0.0,1.0,0.6427786666666666,0.77304
45460,632,68,-227.26411220431328,0.0,1.0,0.6423933333333334,0.7726999999999999
45539,633,79,-201.28768709301949,0.0,1.0,0.6419456666666667,0.772305
45669,634,130,-156.34988636523485,0.0,0.0,0.641209,0.771655
45739,635,70,-210.88579257577658,0.0,1.0,0.6408123333333333,0.771305
45869,636,130,-177.7694150954485,0.0,0.0,0.6400756666666667,0.7706550000000001
45931,637,62,-192.90654341923073,0.0,1.0,0.6397243333333333,0.7703450000000001
46006,638,75,-176.06593385711312,0.0,1.0,0.6392993333333333,0.76997
46081,639,75,-188.59300165623426,0.0,1.0,0.6388743333333333,0.769595
46211,640,130,-163.03227388858795,0.0,0.0,0.6381376666666667,0.768945
46283,641,72,-217.50111823529005,0.0,1.0,0.6377296666666668,0.768585
46367,642,84,-217.27685104089323,0.0,1.0,0.6372536666666666,0.768165
46441,643,74,-225.98795526102185,0.0,1.0,0.6368343333333334,0.767795
46511,644,70,-194.2957832738757,0.0,1.0,0.6364376666666667,0.767445
46575,645,64,-212.00153186172247,0.0,1.0,0.6360750000000001,0.7671250000000001
46648,646,73,-204.99221297400072,0.0,1.0,0.6356613333333334,0.76676
46718,647,70,-198.58599716424942,0.0,1.0,0.6352646666666667,0.76641
46783,648,65,-215.7812083773315,0.0,1.0,0.6348963333333334,0.766085
46854,649,71,-197.9071592837572,0.0,1.0,0.634494,0.76573
46916,650,62,-194.33836985006928,0.0,1.0,0.6341426666666667,0.76542
46993,651,77,-196.18141128867865,0.0,1.0,0.6337063333333334,0.765035
47054,652,61,-197.84245205298066,0.0,1.0,0.6333606666666667,0.76473
47116,653,62,-197.91342094214633,0.0,1.0,0.6330093333333333,0.76442
47183,654,67,-191.02044038893655,0.0,1.0,0.6326296666666666,0.764085
47313,655,130,-174.3255329541862,0.0,0.0,0.631893,0.7634350000000001
47374,656,61,-200.59322130680084,0.0,1.0,0.6315473333333335,0.7631300000000001
47445,657,71,-201.44229986518621,0.0,1.0,0.6311450000000001,0.762775
47536,658,91,-225.60562627762556,0.0,1.0,0.6306293333333334,0.76232
47609,659,73,-213.92566887289286,0.0,1.0,0.6302156666666667,0.7619549999999999
47684,660,75,-188.86328475177288,0.0,1.0,0.6297906666666666,0.7615799999999999
47743,661,59,-194.87424539402127,0.0,1.0,0.6294563333333334,0.761285
47813,662,70,-221.71196077764034,0.0,1.0,0.6290596666666667,0.760935
47876,663,63,-205.39136663079262,0.0,1.0,0.6287026666666667,0.7606200000000001
47952,664,76,-205.01483446359634,0.0,1.0,0.6282719999999999,0.76024
48020,665,68,-190.91799849644303,0.0,1.0,0.6278866666666667,0.7599
48094,666,74,-218.81610937044024,0.0,1.0,0.6274673333333334,0.75953
48174,667,80,-195.12187600135803,0.0,1.0,0.627014,0.75913
48241,668,67,-209.55194364115596,0.0,1.0,0.6266343333333333,0.758795
48305,669,64,-189.64715549349785,0.0,1.0,0.6262716666666667,0.758475
48372,670,67,-219.0734400525689,0.0,1.0,0.6258920000000001,0.75814
48432,671,60,-201.84552185237408,0.0,1.0,0.6255520000000001,0.7578400000000001
48503,672,71,-187.93823675066233,0.0,1.0,0.6251496666666667,0.757485
48572,673,69,-186.71590039506555,0.0,1.0,0.6247586666666667,0.7571399999999999
48637,674,65,-192.0308825415559,0.0,1.0,0.6243903333333334,0.756815
48716,675,79,-217.7845682799816,0.0,1.0,0.6239426666666668,0.75642
48789,676,73,-193.77427138015628,0.0,1.0,0.623529,0.756055
48919,677,130,-155.52153255045414,0.0,0.0,0.6227923333333334,0.755405
48992,678,73,-205.23872413299978,0.0,1.0,0.6223786666666666,0.75504
49065,679,73,-190.67135962843895,0.0,1.0,0.6219650000000001,0.754675
49136,680,71,-181.2237894833088,0.0,1.0,0.6215626666666667,0.75432
49209,681,73,-212.14584258571267,0.0,1.0,0.621149,0.7539549999999999
49270,682,61,-194.63532101735473,0.0,1.0,0.6208033333333334,0.7536499999999999
49338,683,68,-205.28714118897915,0.0,1.0,0.620418,0.75331
49417,684,79,-197.55604790803045,0.0,1.0,0.6199703333333333,0.752915
49496,685,79,-191.90265218541026,0.0,1.0,0.6195226666666667,0.75252
49566,686,70,-203.82001272961497,0.0,1.0,0.6191260000000001,0.75217
49658,687,92,-227.18426878750324,0.0,1.0,0.6186046666666667,0.75171
49729,688,71,-200.9025145508349,0.0,1.0,0.6182023333333333,0.751355
49859,689,130,-141.47007201984525,0.0,0.0,0.6174656666666667,0.750705
49930,690,71,-195.5594787155278,0.0,1.0,0.6170633333333334,0.7503500000000001
49991,691,61,-199.2925622370094,0.0,1.0,0.6167176666666667,0.7500450000000001
50066,692,75,-189.81526198983192,0.0,1.0,0.6162926666666667,0.7496700000000001
50141,693,75,-194.40073727816343,0.0,1.0,0.6158676666666667,0.749295
50207,694,66,-188.9705450348556,0.0,1.0,0.6154936666666667,0.748965
50286,695,79,-177.31712425127625,0.0,1.0,0.615046,0.74857
50350,696,64,-178.23185135424137,0.0,1.0,0.6146833333333334,0.74825
50435,697,85,-230.50052319467068,0.0,1.0,0.6142016666666668,0.747825
50565,698,130,-154.64383461000398,0.0,0.0,0.613465,0.7471749999999999
50635,699,70,-194.46541963517666,0.0,1.0,0.6130683333333333,0.746825
50697,700,62,-187.66101810336113,0.0,1.0,0.612717,0.746515
50770,701,73,-197.59153150767088,0.0,1.0,0.6123033333333334,0.74615
50900,702,130,-202.8897244632244,0.0,0.0,0.6115666666666667,0.7455
50975,703,75,-202.18219352513552,0.0,1.0,0.6111416666666667,0.745125
51041,704,66,-190.23706451058388,0.0,1.0,0.6107676666666667,0.744795
51109,705,68,-209.95341056585312,0.0,1.0,0.6103823333333334,0.744455
51239,706,130,-149.80762719921768,0.0,0.0,0.6096456666666668,0.743805
51318,707,79,-228.78319121152163,0.0,1.0,0.6091980000000001,0.74341
51390,708,72,-188.82970804395154,0.0,1.0,0.6087899999999999,0.74305
51457,709,67,-197.38576664030552,0.0,1.0,0.6084103333333334,0.742715
51533,710,76,-197.73420429229736,0.0,1.0,0.6079796666666667,0.742335
51602,711,69,-189.9152344432514,0.0,1.0,0.6075886666666667,0.7419899999999999
51687,712,85,-215.16393924504519,0.0,1.0,0.6071070000000001,0.741565
51764,713,77,-212.58252485841513,0.0,1.0,0.6066706666666667,0.74118
51832,714,68,-193.55819749087095,0.0,1.0,0.6062853333333333,0.7408399999999999
51897,715,65,-202.49339162230535,0.0,1.0,0.605917,0.740515
51967,716,70,-198.6852054260671,0.0,1.0,0.6055203333333333,0.740165
52035,717,68,-184.38979514315724,0.0,1.0,0.605135,0.739825
52165,718,130,-180.96305108442903,0.0,0.0,0.6043983333333334,0.739175
52238,719,73,-195.35572253912687,0.0,1.0,0.6039846666666666,0.73881
52305,720,67,-206.12038112804294,0.0,1.0,0.603605,0.738475
52372,721,67,-208.92901802808046,0.0,1.0,0.6032253333333334,0.73814
52502,722,130,-204.36289941193536,0.0,0.0,0.6024886666666667,0.73749
52575,723,73,-182.10511572286487,0.0,1.0,0.602075,0.737125
52640,724,65,-209.78320445120335,0.0,1.0,0.6017066666666667,0.7368
52723,725,83,-222.6375009715557,0.0,1.0,0.6012363333333334,0.7363850000000001
52808,726,85,-226.5850517079234,0.0,1.0,0.6007546666666668,0.73596
52872,727,64,-196.79665567772463,0.0,1.0,0.600392,0.73564
52947,728,75,-179.687890060246,0.0,1.0,0.599967,0.7352650000000001
53015,729,68,-189.27681658416986,0.0,1.0,0.5995816666666667,0.734925
53145,730,130,-126.43110150843859,0.0,0.0,0.5988450000000001,0.734275
53214,731,69,-203.6954069659114,0.0,1.0,0.598454,0.73393
53285,732,71,-200.3238060325384,0.0,1.0,0.5980516666666666,0.733575
53360,733,75,-207.70134736597538,0.0,1.0,0.5976266666666668,0.7332
53427,734,67,-182.90451361238956,0.0,1.0,0.5972470000000001,0.732865
53492,735,65,-198.8769397888973,0.0,1.0,0.5968786666666667,0.73254
53577,736,85,-186.35468062758446,0.0,1.0,0.5963970000000001,0.7321150000000001
53639,737,62,-191.55752294510603,0.0,1.0,0.5960456666666667,0.731805
53710,738,71,-197.16449503228068,0.0,1.0,0.5956433333333333,0.73145
53779,739,69,-211.58052007481456,0.0,1.0,0.5952523333333334,0.731105
53851,740,72,-199.833418417722,0.0,1.0,0.5948443333333333,0.730745
53925,741,74,-213.56368447141722,0.0,1.0,0.594425,0.730375
54004,742,79,-200.49692207947373,0.0,1.0,0.5939773333333334,0.7299800000000001
54084,743,80,-209.45058899372816,0.0,1.0,0.593524,0.72958
54214,744,130,-158.19236585497856,0.0,0.0,0.5927873333333333,0.72893
54285,745,71,-229.68748013302684,0.0,1.0,0.592385,0.728575
54360,746,75,-208.65187687426805,0.0,1.0,0.59196,0.7282
54428,747,68,-175.41174717247486,0.0,1.0,0.5915746666666667,0.72786
54502,748,74,-224.7196106147021,0.0,1.0,0.5911553333333334,0.72749
54580,749,78,-173.1157711595297,0.0,1.0,0.5907133333333334,0.7271
54644,750,64,-222.91223149374127,0.0,1.0,0.5903506666666667,0.72678
54717,751,73,-217.17320462688804,0.0,1.0,0.589937,0.726415
54847,752,130,-161.08882673084736,0.0,0.0,0.5892003333333333,0.725765
54912,753,65,-210.40506694093347,0.0,1.0,0.588832,0.72544
54993,754,81,-215.001523707062,0.0,1.0,0.588373,0.725035
55067,755,74,-200.7121704556048,0.0,1.0,0.5879536666666667,0.724665
55197,756,130,-172.01454178243876,0.0,0.0,0.5872170000000001,0.7240150000000001
55276,757,79,-195.6014609374106,0.0,1.0,0.5867693333333334,0.72362
55358,758,82,-198.28517835959792,0.0,1.0,0.5863046666666667,0.72321
55431,759,73,-189.15803937241435,0.0,1.0,0.585891,0.722845
55500,760,69,-225.31000007689,0.0,1.0,0.5855,0.7225
55575,761,75,-176.76790900574997,0.0,1.0,0.585075,0.722125
55661,762,86,-190.7569962963462,0.0,1.0,0.5845876666666667,0.721695
55749,763,88,-233.6628636792302,0.0,1.0,0.5840890000000001,0.721255
55845,764,96,-249.907179240603,0.0,1.0,0.583545,0.7207749999999999
55916,765,71,-200.4870374687016,0.0,1.0,0.5831426666666667,0.7204200000000001
55980,766,64,-185.63285162299871,0.0,1.0,0.5827800000000001,0.7201
56110,767,130,-169.33895703032613,0.0,0.0,0.5820433333333334,0.71945
56240,768,130,-181.6757763773203,0.0,0.0,0.5813066666666666,0.7188
56306,769,66,-178.15768169425428,0.0,1.0,0.5809326666666668,0.7184699999999999
56369,770,63,-177.0305853378959,0.0,1.0,0.5805756666666667,0.718155
56445,771,76,-203.6764962375164,0.0,1.0,0.580145,0.717775
56511,772,66,-201.1835620328784,0.0,1.0,0.579771,0.717445
56581,773,70,-178.49314527586102,0.0,1.0,0.5793743333333333,0.717095
56711,774,130,-146.27136985957623,0.0,0.0,0.5786376666666667,0.716445
56796,775,85,-223.60936196520925,0.0,1.0,0.5781560000000001,0.71602
56858,776,62,-177.7484065592289,0.0,1.0,0.5778046666666667,0.71571
56922,777,64,-188.42687229812145,0.0,1.0,0.577442,0.71539
57052,778,130,-156.20646861195564,0.0,0.0,0.5767053333333334,0.7147399999999999
57182,779,130,-159.911309260875,0.0,0.0,0.5759686666666667,0.71409
57263,780,81,-229.36662808060646,0.0,1.0,0.5755096666666667,0.713685
57393,781,130,-187.84253264591098,0.0,0.0,0.574773,0.713035
57469,782,76,-219.6247950978577,0.0,1.0,0.5743423333333333,0.712655
57599,783,130,-134.45318157225847,0.0,0.0,0.5736056666666667,0.712005
57687,784,88,-217.14482742222026,0.0,1.0,0.573107,0.711565
57767,785,80,-220.9497347213328,0.0,1.0,0.5726536666666667,0.711165
57837,786,70,-198.5644285157323,0.0,1.0,0.572257,0.710815
57911,787,74,-199.14091240242124,0.0,1.0,0.5718376666666667,0.710445
58041,788,130,-124.09416674822569,0.0,0.0,0.5711010000000001,0.709795
58114,789,73,-187.31711780652404,0.0,1.0,0.5706873333333333,0.70943
58244,790,130,-157.80770951136947,0.0,0.0,0.5699506666666667,0.70878
58312,791,68,-202.05350990593433,0.0,1.0,0.5695653333333334,0.70844
58380,792,68,-178.50206122547388,0.0,1.0,0.56918,0.7081
58450,793,70,-224.13343676691875,0.0,1.0,0.5687833333333334,0.70775
58520,794,70,-201.15785022079945,0.0,1.0,0.5683866666666667,0.7074
58582,795,62,-182.6559730619192,0.0,1.0,0.5680353333333334,0.70709
58712,796,130,-156.18052722513676,0.0,0.0,0.5672986666666666,0.70644
58783,797,71,-186.60480626299977,0.0,1.0,0.5668963333333334,0.7060850000000001
58878,798,95,-204.98818134143949,0.0,1.0,0.566358,0.7056100000000001
58940,799,62,-170.17890456318855,0.0,1.0,0.5660066666666667,0.7053
59070,800,130,-148.77639164030552,0.0,0.0,0.56527,0.70465
59149,801,79,-199.32227485999465,0.0,1.0,0.5648223333333333,0.7042550000000001
59279,802,130,-157.61806511878967,0.0,0.0,0.5640856666666667,0.703605
59353,803,74,-203.0614806828089,0.0,1.0,0.5636663333333334,0.703235
59421,804,68,-197.99079762399197,0.0,1.0,0.563281,0.702895
59497,805,76,-192.32005547732115,0.0,1.0,0.5628503333333335,0.702515
59569,806,72,-197.2664899788797,0.0,1.0,0.5624423333333334,0.702155
59641,807,72,-201.19850382953882,0.0,1.0,0.5620343333333333,0.701795
59712,808,71,-188.8076202836819,0.0,1.0,0.561632,0.7014400000000001
59842,809,130,-128.11739479377866,0.0,0.0,0.5608953333333333,0.70079
59917,810,75,-182.0721705853939,0.0,1.0,0.5604703333333334,0.700415
59979,811,62,-180.30313761159778,0.0,1.0,0.560119,0.700105
60109,812,130,-165.32908737286925,0.0,0.0,0.5593823333333334,0.6994549999999999
60180,813,71,-206.02232828363776,0.0,1.0,0.55898,0.6991
60257,814,77,-192.87832920253277,0.0,1.0,0.5585436666666668,0.698715
60334,815,77,-201.62271674722433,0.0,1.0,0.5581073333333333,0.69833
60405,816,71,-196.65323443710804,0.0,1.0,0.557705,0.697975
60481,817,76,-179.15173778310418,0.0,1.0,0.5572743333333334,0.697595
60556,818,75,-207.6332605779171,0.0,1.0,0.5568493333333333,0.69722
60621,819,65,-182.99843510240316,0.0,1.0,0.556481,0.696895
60709,820,88,-246.06766349449754,0.0,1.0,0.5559823333333334,0.696455
60790,821,81,-229.0835631377995,0.0,1.0,0.5555233333333334,0.6960500000000001
60852,822,62,-192.70367608964443,0.0,1.0,0.555172,0.69574
60982,823,130,-146.41379302786663,0.0,0.0,0.5544353333333334,0.69509
61050,824,68,-177.0529487915337,0.0,1.0,0.55405,0.69475
61122,825,72,-179.67042714729905,0.0,1.0,0.553642,0.6943900000000001
61252,826,130,-136.24236207082868,0.0,0.0,0.5529053333333334,0.69374
61327,827,75,-184.9689276497811,0.0,1.0,0.5524803333333334,0.693365
61410,828,83,-214.75191769748926,0.0,1.0,0.5520100000000001,0.69295
61489,829,79,-214.77080330625176,0.0,1.0,0.5515623333333334,0.692555
61551,830,62,-169.5308394767344,0.0,1.0,0.5512110000000001,0.692245
61625,831,74,-211.5345473922789,0.0,1.0,0.5507916666666667,0.691875
61755,832,130,-125.69336513057351,0.0,0.0,0.550055,0.691225
61835,833,80,-191.8665432636626,0.0,1.0,0.5496016666666668,0.690825
61926,834,91,-208.90819675149396,0.0,1.0,0.549086,0.69037
61996,835,70,-200.204257465899,0.0,1.0,0.5486893333333334,0.6900200000000001
62068,836,72,-190.820834253449,0.0,1.0,0.5482813333333334,0.6896599999999999
62198,837,130,-141.22996911033988,0.0,0.0,0.5475446666666668,0.68901
62276,838,78,-191.37171576917171,0.0,1.0,0.5471026666666667,0.68862
62350,839,74,-212.33905043825507,0.0,1.0,0.5466833333333334,0.68825
62443,840,93,-230.45568702742457,0.0,1.0,0.5461563333333334,0.687785
62573,841,130,-139.1605098694563,0.0,0.0,0.5454196666666666,0.687135
62647,842,74,-203.32430114597082,0.0,1.0,0.5450003333333333,0.6867650000000001
62777,843,130,-112.6433275481686,0.0,0.0,0.5442636666666667,0.686115
62837,844,60,-182.2403706125915,0.0,1.0,0.5439236666666667,0.685815
62926,845,89,-223.19907837361097,0.0,1.0,0.5434193333333334,0.68537
63003,846,77,-210.45928290486336,0.0,1.0,0.542983,0.684985
63075,847,72,-187.30603885650635,0.0,1.0,0.542575,0.684625
63153,848,78,-197.9876271188259,0.0,1.0,0.542133,0.6842349999999999
63233,849,80,-215.22333312779665,0.0,1.0,0.5416796666666667,0.683835
63312,850,79,-186.17721741274,0.0,1.0,0.541232,0.68344
63442,851,130,-144.7251535844989,0.0,0.0,0.5404953333333333,0.68279
63521,852,79,-187.58707417547703,0.0,1.0,0.5400476666666667,0.6823950000000001
63585,853,64,-176.6530059352517,0.0,1.0,0.539685,0.682075
63715,854,130,-145.04039998725057,0.0,0.0,0.5389483333333334,0.681425
63845,855,130,-132.33413188904524,0.0,0.0,0.5382116666666668,0.680775
63921,856,76,-185.74486021324992,0.0,1.0,0.5377810000000001,0.680395
63997,857,76,-202.32572805136442,0.0,1.0,0.5373503333333334,0.680015
64074,858,77,-208.2217031084001,0.0,1.0,0.5369140000000001,0.67963
64153,859,79,-197.37352526932955,0.0,1.0,0.5364663333333334,0.679235
64222,860,69,-193.08687388151884,0.0,1.0,0.5360753333333333,0.67889
64293,861,71,-182.80933502689004,0.0,1.0,0.5356730000000001,0.678535
64423,862,130,-143.51080904202536,0.0,0.0,0.5349363333333333,0.677885
64495,863,72,-198.36543981032446,0.0,1.0,0.5345283333333334,0.6775249999999999
64558,864,63,-175.01979053765535,0.0,1.0,0.5341713333333333,0.6772100000000001
64688,865,130,-155.75524308159947,0.0,0.0,0.5334346666666667,0.67656
64773,866,85,-217.35377866402268,0.0,1.0,0.532953,0.676135
64863,867,90,-231.7977175791748,0.0,1.0,0.532443,0.675685
64993,868,130,-156.37309275567532,0.0,0.0,0.5317063333333334,0.675035
65066,869,73,-200.3099648579955,0.0,1.0,0.5312926666666666,0.67467
65136,870,70,-186.2165580764413,0.0,1.0,0.530896,0.67432
65203,871,67,-188.97860761359334,0.0,1.0,0.5305163333333334,0.6739850000000001
65272,872,69,-183.31905329599977,0.0,1.0,0.5301253333333333,0.67364
65356,873,84,-222.14439038559794,0.0,1.0,0.5296493333333334,0.6732199999999999
65437,874,81,-215.77149654598907,0.0,1.0,0.5291903333333334,0.6728149999999999
65504,875,67,-182.5393531396985,0.0,1.0,0.5288106666666668,0.67248
65580,876,76,-210.8998819552362,0.0,1.0,0.5283800000000001,0.6721
65652,877,72,-198.6676977276802,0.0,1.0,0.527972,0.67174
65722,878,70,-203.10954699665308,0.0,1.0,0.5275753333333333,0.6713899999999999
65800,879,78,-187.15365176647902,0.0,1.0,0.5271333333333335,0.671
65881,880,81,-193.58087607473135,0.0,1.0,0.5266743333333334,0.670595
65958,881,77,-200.9385725450702,0.0,1.0,0.526238,0.67021
66046,882,88,-219.65707040950656,0.0,1.0,0.5257393333333333,0.66977
66109,883,63,-190.42171645909548,0.0,1.0,0.5253823333333334,0.669455
66179,884,70,-171.33406012505293,0.0,1.0,0.5249856666666667,0.6691050000000001
66309,885,130,-131.37586567550898,0.0,0.0,0.524249,0.668455
66439,886,130,-135.56567142903805,0.0,0.0,0.5235123333333334,0.667805
66512,887,73,-193.481472235173,0.0,1.0,0.5230986666666667,0.66744
66574,888,62,-172.47374922409654,0.0,1.0,0.5227473333333335,0.66713
66646,889,72,-178.34793132171035,0.0,1.0,0.5223393333333334,0.66677
66776,890,130,-122.23116670921445,0.0,0.0,0.5216026666666667,0.66612
66855,891,79,-189.7576971873641,0.0,1.0,0.521155,0.665725
66950,892,95,-216.93933219462633,0.0,1.0,0.5206166666666667,0.66525
67026,893,76,-197.69766053184867,0.0,1.0,0.520186,0.66487
67088,894,62,-182.611852388829,0.0,1.0,0.5198346666666667,0.66456
67218,895,130,-131.89601960033178,0.0,0.0,0.5190980000000001,0.66391
67283,896,65,-188.34734070673585,0.0,1.0,0.5187296666666668,0.663585
67345,897,62,-187.61089246766642,0.0,1.0,0.5183783333333334,0.6632750000000001
67475,898,130,-132.75911750271916,0.0,0.0,0.5176416666666668,0.662625
67605,899,130,-150.17760971561074,0.0,0.0,0.5169050000000001,0.661975
67735,900,130,-119.34253675723448,0.0,0.0,0.5161683333333333,0.6613249999999999
67814,901,79,-174.9450576119125,0.0,1.0,0.5157206666666667,0.66093
67897,902,83,-206.2683055587113,0.0,1.0,0.5152503333333334,0.660515
67972,903,75,-195.87914398685098,0.0,1.0,0.5148253333333335,0.66014
68038,904,66,-177.90667506679893,0.0,1.0,0.5144513333333334,0.65981
68144,905,106,-38.50321855023503,1.0,0.0,0.5138506666666667,0.65928
68274,906,130,-122.25247697578743,0.0,0.0,0.5131140000000001,0.65863
68338,907,64,-182.0647173821926,0.0,1.0,0.5127513333333333,0.65831
68468,908,130,-138.48241404863074,0.0,0.0,0.5120146666666667,0.65766
68533,909,65,-177.64538864791393,0.0,1.0,0.5116463333333334,0.657335
68597,910,64,-175.73719350993633,0.0,1.0,0.5112836666666667,0.657015
68672,911,75,-210.03977872431278,0.0,1.0,0.5108586666666667,0.65664
68752,912,80,-217.7581979446113,0.0,1.0,0.5104053333333334,0.6562399999999999
68846,913,94,-214.80408972874284,0.0,1.0,0.5098726666666666,0.65577
68928,914,82,-201.97946087643504,0.0,1.0,0.5094080000000001,0.6553599999999999
68992,915,64,-167.21684916503727,0.0,1.0,0.5090453333333333,0.6550400000000001
69066,916,74,-213.4302305728197,0.0,1.0,0.508626,0.65467
69156,917,90,-198.970058824867,0.0,1.0,0.508116,0.65422
69286,918,130,-132.40615906193852,0.0,0.0,0.5073793333333334,0.65357
69416,919,130,-135.23974910005927,0.0,0.0,0.5066426666666668,0.65292
69488,920,72,-183.19523289054632,0.0,1.0,0.5062346666666666,0.65256
69618,921,130,-142.0551686361432,0.0,0.0,0.505498,0.65191
69700,922,82,-216.65738932788372,0.0,1.0,0.5050333333333333,0.6515
69830,923,130,-184.09479951113462,0.0,0.0,0.5042966666666666,0.6508499999999999
69956,924,126,-79.999029006809,1.0,0.0,0.5035826666666667,0.65022
70037,925,81,-195.8472236157395,0.0,1.0,0.5031236666666667,0.649815
70130,926,93,-217.42019388079643,0.0,1.0,0.5025966666666667,0.64935
70260,927,130,-166.8608910110779,0.0,0.0,0.50186,0.6487
70390,928,130,-125.1216311454773,0.0,0.0,0.5011233333333334,0.64805
70463,929,73,-196.11710727587342,0.0,1.0,0.5007096666666666,0.647685
70593,930,130,-118.99463699012995,0.0,0.0,0.49997300000000006,0.647035
70723,931,130,-102.58052070811391,0.0,0.0,0.4992363333333334,0.646385
70850,932,127,-79.52640975266695,1.0,0.0,0.4985166666666667,0.64575
70930,933,80,-183.48935604840517,0.0,1.0,0.49806333333333336,0.64535
71003,934,73,-177.55715106846765,0.0,1.0,0.4976496666666667,0.6449849999999999
71075,935,72,-190.64913018792868,0.0,1.0,0.4972416666666667,0.644625
71142,936,67,-186.71796375885606,0.0,1.0,0.496862,0.64429
71272,937,130,-159.7528519332409,0.0,0.0,0.49612533333333336,0.64364
71342,938,70,-165.55500941768696,0.0,1.0,0.4957286666666667,0.64329
71472,939,130,-148.8166732415557,0.0,0.0,0.49499200000000004,0.64264
71537,940,65,-192.39169695973396,0.0,1.0,0.4946236666666667,0.642315
71667,941,130,-134.0270375199616,0.0,0.0,0.493887,0.641665
71754,942,87,-211.51678321510553,0.0,1.0,0.493394,0.64123
71884,943,130,-152.1338593736291,0.0,0.0,0.49265733333333334,0.6405799999999999
71998,944,114,-98.81365418806672,1.0,0.0,0.49201133333333336,0.64001
72075,945,77,-176.516926266253,0.0,1.0,0.49157500000000004,0.639625
72149,946,74,-222.80154703976586,0.0,1.0,0.4911556666666667,0.639255
72267,947,118,-54.04885124973953,1.0,0.0,0.49048700000000006,0.638665
72397,948,130,-121.83787527307868,0.0,0.0,0.48975033333333334,0.638015
72464,949,67,-190.83403466269374,0.0,1.0,0.48937066666666673,0.63768
72533,950,69,-188.0956419594586,0.0,1.0,0.4889796666666667,0.637335
72600,951,67,-182.44471929594874,0.0,1.0,0.48860000000000003,0.637
72689,952,89,-200.98498336598277,0.0,1.0,0.4880956666666667,0.636555
72819,953,130,-111.04675284773111,0.0,0.0,0.48735900000000004,0.6359049999999999
72947,954,128,-70.41113165393472,1.0,0.0,0.4866336666666667,0.635265
73056,955,109,-55.43033394962549,1.0,0.0,0.48601600000000006,0.63472
73123,956,67,-189.08218598365784,0.0,1.0,0.48563633333333334,0.634385
73189,957,66,-184.4539659805596,0.0,1.0,0.48526233333333335,0.634055
73319,958,130,-128.15481486963108,0.0,0.0,0.4845256666666667,0.633405
73380,959,61,-177.26568884402514,0.0,1.0,0.48418,0.6331
73510,960,130,-122.68305404856801,0.0,0.0,0.4834433333333334,0.63245
73640,961,130,-131.64235455542803,0.0,0.0,0.4827066666666667,0.6318
73716,962,76,-180.26925668865442,0.0,1.0,0.48227600000000004,0.63142
73846,963,130,-133.69706650078297,0.0,0.0,0.4815393333333334,0.63077
73973,964,127,-67.13236412080005,1.0,0.0,0.4808196666666667,0.630135
74047,965,74,-189.0026204176247,0.0,1.0,0.4804003333333334,0.629765
74138,966,91,-191.36958983168006,0.0,1.0,0.4798846666666667,0.62931
74216,967,78,-194.7398127913475,0.0,1.0,0.4794426666666667,0.6289199999999999
74291,968,75,-196.94972369074821,0.0,1.0,0.4790176666666667,0.628545
74357,969,66,-184.05570819601417,0.0,1.0,0.4786436666666667,0.628215
74431,970,74,-186.2176874279976,0.0,1.0,0.47822433333333336,0.627845
74561,971,130,-155.1081868559122,0.0,0.0,0.4774876666666667,0.627195
74691,972,130,-130.73617274686694,0.0,0.0,0.47675100000000004,0.626545
74821,973,130,-119.8719950132072,0.0,0.0,0.4760143333333334,0.625895
74951,974,130,-117.45774026587605,0.0,0.0,0.47527766666666665,0.625245
75032,975,81,-230.6545549184084,0.0,1.0,0.4748186666666667,0.6248400000000001
75115,976,83,-204.20150487869978,0.0,1.0,0.47434833333333337,0.624425
75187,977,72,-187.4485511793755,0.0,1.0,0.4739403333333334,0.6240650000000001
75261,978,74,-197.4543522298336,0.0,1.0,0.4735210000000001,0.623695
75343,979,82,-225.24264569208026,0.0,1.0,0.47305633333333336,0.623285
75473,980,130,-116.43775225430727,0.0,0.0,0.4723196666666667,0.622635
75603,981,130,-123.77801630692557,0.0,0.0,0.47158300000000003,0.621985
75682,982,79,-216.86749375984073,0.0,1.0,0.47113533333333335,0.62159
75796,983,114,-81.12548515945673,1.0,0.0,0.47048933333333337,0.62102
75859,984,63,-200.10268598794937,0.0,1.0,0.4701323333333334,0.6207050000000001
75989,985,130,-109.09790612384677,0.0,0.0,0.4693956666666667,0.620055
76064,986,75,-191.3011082727462,0.0,1.0,0.46897066666666676,0.61968
76174,987,110,-27.736196380574256,1.0,0.0,0.4683473333333334,0.61913
76253,988,79,-206.8422001078725,0.0,1.0,0.4678996666666667,0.618735
76373,989,120,-64.89136473834515,1.0,0.0,0.4672196666666667,0.618135
76440,990,67,-184.06657825410366,0.0,1.0,0.46684,0.6177999999999999
76564,991,124,-48.677368444856256,1.0,0.0,0.46613733333333335,0.61718
76643,992,79,-188.5908246897161,0.0,1.0,0.46568966666666667,0.6167849999999999
76734,993,91,-204.64594957232475,0.0,1.0,0.46517400000000003,0.61633
76864,994,130,-67.36243435926735,1.0,0.0,0.46443733333333337,0.61568
76985,995,121,-65.517120026052,1.0,0.0,0.46375166666666673,0.615075
77056,996,71,-185.2214505490847,0.0,1.0,0.4633493333333334,0.61472
77186,997,130,-126.39089326933026,0.0,0.0,0.4626126666666667,0.61407
77261,998,75,-203.74146807938814,0.0,1.0,0.46218766666666666,0.613695
77325,999,64,-177.6340068448335,0.0,1.0,0.4618250000000001,0.613375
77392,1000,67,-180.31400307267904,0.0,1.0,0.4614453333333334,0.61304
77522,1001,130,-96.63849356397986,0.0,0.0,0.4607086666666667,0.61239
77587,1002,65,-169.20515112765133,0.0,1.0,0.4603403333333334,0.6120650000000001
77704,1003,117,-54.05794980376959,1.0,0.0,0.4596773333333334,0.61148
77765,1004,61,-189.06766616925597,0.0,1.0,0.45933166666666675,0.611175
77874,1005,109,-59.81757818907499,1.0,0.0,0.45871400000000007,0.61063
77983,1006,109,-65.02386532351375,1.0,0.0,0.4580963333333333,0.610085
78098,1007,115,-42.82043705880642,1.0,0.0,0.4574446666666667,0.60951
78228,1008,130,-113.41606289381161,0.0,0.0,0.45670800000000006,0.60886
78338,1009,110,-43.72540182620287,1.0,0.0,0.4560846666666667,0.60831
78468,1010,130,-123.89578162506223,0.0,0.0,0.45534800000000003,0.60766
78598,1011,130,-144.88570676743984,0.0,0.0,0.4546113333333333,0.6070099999999999
78728,1012,130,-111.23859834298491,0.0,0.0,0.45387466666666676,0.60636
78858,1013,130,-67.53749284520745,1.0,0.0,0.45313800000000004,0.60571
78988,1014,130,-51.512528378516436,1.0,0.0,0.4524013333333334,0.60506
79092,1015,104,-48.93580826744437,1.0,0.0,0.45181200000000005,0.6045400000000001
79222,1016,130,-142.88094231113791,0.0,0.0,0.4510753333333334,0.60389
79303,1017,81,-211.592640677467,0.0,1.0,0.4506163333333334,0.603485
79408,1018,105,-68.38811732083559,1.0,0.0,0.4500213333333334,0.6029599999999999
79538,1019,130,-121.90470661269501,0.0,0.0,0.44928466666666667,0.60231
79653,1020,115,-60.31330459937453,1.0,0.0,0.448633,0.6017349999999999
79718,1021,65,-196.8859065398574,0.0,1.0,0.4482646666666667,0.60141
79848,1022,130,-127.63912122324109,0.0,0.0,0.44752800000000004,0.60076
79967,1023,119,-77.56981637328863,1.0,0.0,0.4468536666666667,0.6001650000000001
80044,1024,77,-176.10748036578298,0.0,1.0,0.44641733333333333,0.59978
80126,1025,82,-185.92881795950234,0.0,1.0,0.4459526666666668,0.5993700000000001
80201,1026,75,-174.9074170254171,0.0,1.0,0.4455276666666667,0.5989949999999999
80331,1027,130,-98.52285021403804,0.0,0.0,0.44479100000000005,0.598345
80461,1028,130,-106.1254902034998,0.0,0.0,0.44405433333333333,0.597695
80534,1029,73,-186.26990883424878,0.0,1.0,0.4436406666666667,0.59733
80664,1030,130,-116.93187185004354,0.0,0.0,0.442904,0.59668
80741,1031,77,-189.247305162251,0.0,1.0,0.44246766666666665,0.596295
80814,1032,73,-189.08425810560584,0.0,1.0,0.442054,0.59593
80894,1033,80,-192.84460726380348,0.0,1.0,0.44160066666666675,0.59553
81010,1034,116,-55.055140626151115,1.0,0.0,0.44094333333333335,0.59495
81125,1035,115,-30.506461702287197,1.0,0.0,0.44029166666666664,0.594375
81232,1036,107,-59.1177247390151,1.0,0.0,0.43968533333333343,0.59384
81331,1037,99,-14.187516864854842,1.0,0.0,0.4391243333333334,0.593345
81461,1038,130,-97.54922416806221,0.0,0.0,0.43838766666666673,0.592695
81542,1039,81,-189.11779368296266,0.0,1.0,0.43792866666666674,0.59229
81663,1040,121,-45.9313129754737,1.0,0.0,0.43724300000000005,0.591685
81779,1041,116,-65.02016663877293,1.0,0.0,0.4365856666666667,0.591105
81892,1042,113,-59.76709597557783,1.0,0.0,0.43594533333333335,0.59054
81957,1043,65,-176.172411410138,0.0,1.0,0.43557700000000005,0.590215
82029,1044,72,-186.44700748845935,0.0,1.0,0.43516900000000003,0.589855
82157,1045,128,-89.63975405693054,1.0,0.0,0.4344436666666667,0.5892149999999999
82226,1046,69,-182.7685963138938,0.0,1.0,0.43405266666666675,0.58887
82301,1047,75,-183.83755640685558,0.0,1.0,0.4336276666666667,0.588495
82431,1048,130,-129.8168779015541,0.0,0.0,0.432891,0.587845
82517,1049,86,-204.98139952123165,0.0,1.0,0.4324036666666667,0.587415
82630,1050,113,-34.20267789810896,1.0,0.0,0.4317633333333334,0.5868500000000001
82700,1051,70,-170.75637965276837,0.0,1.0,0.4313666666666667,0.5865
82829,1052,129,-47.55394991207868,1.0,0.0,0.4306356666666667,0.585855
82959,1053,130,-142.4122742563486,0.0,0.0,0.42989900000000003,0.585205
83041,1054,82,-163.56078485772014,0.0,1.0,0.42943433333333336,0.584795
83171,1055,130,-104.96052427776158,0.0,0.0,0.42869766666666664,0.5841449999999999
83296,1056,125,-65.08369290828705,1.0,0.0,0.4279893333333334,0.58352
83391,1057,95,-219.67705031856894,0.0,1.0,0.427451,0.583045
83458,1058,67,-183.32983329892159,0.0,1.0,0.42707133333333336,0.58271
83588,1059,130,-101.48348658951,0.0,0.0,0.42633466666666664,0.58206
83705,1060,117,-58.8714847676456,1.0,0.0,0.42567166666666667,0.581475
83826,1061,121,-52.943082828074694,1.0,0.0,0.42498600000000003,0.58087
83956,1062,130,-93.00406553596258,0.0,0.0,0.42424933333333337,0.58022
84086,1063,130,-118.50771766155958,0.0,0.0,0.42351266666666665,0.5795699999999999
84216,1064,130,-91.64988621324301,0.0,0.0,0.422776,0.57892
84281,1065,65,-177.02024724334478,0.0,1.0,0.4224076666666667,0.578595
84411,1066,130,-107.4527911581099,0.0,0.0,0.421671,0.5779449999999999
84476,1067,65,-189.7570905983448,0.0,1.0,0.4213026666666667,0.57762
84600,1068,124,-38.27614177810028,1.0,0.0,0.4206000000000001,0.5770000000000001
84688,1069,88,-168.97097599506378,0.0,1.0,0.4201013333333334,0.57656
84801,1070,113,-74.78202226758003,1.0,0.0,0.4194610000000001,0.575995
84931,1071,130,-108.96808212995529,0.0,0.0,0.4187243333333334,0.575345
85061,1072,130,-97.22374353557825,0.0,0.0,0.4179876666666667,0.574695
85183,1073,122,-54.43286417797208,1.0,0.0,0.4172963333333334,0.574085
85268,1074,85,-195.66248513758183,0.0,1.0,0.41681466666666667,0.57366
85397,1075,129,-49.93392104655504,1.0,0.0,0.4160836666666667,0.573015
85527,1076,130,-124.41330874338746,0.0,0.0,0.415347,0.572365
85657,1077,130,-90.32649081200361,0.0,0.0,0.41461033333333336,0.571715
85736,1078,79,-170.23388515785336,0.0,1.0,0.4141626666666667,0.5713199999999999
85866,1079,130,-124.47057420015335,0.0,0.0,0.41342600000000007,0.57067
85981,1080,115,-61.3731441013515,1.0,0.0,0.4127743333333334,0.570095
86102,1081,121,-45.59085108386353,1.0,0.0,0.41208866666666666,0.5694899999999999
86212,1082,110,-43.564042422920465,1.0,0.0,0.4114653333333334,0.56894
86287,1083,75,-190.19296053797007,0.0,1.0,0.41104033333333334,0.568565
86407,1084,120,-30.845330696552992,1.0,0.0,0.4103603333333333,0.5679649999999999
86537,1085,130,-112.77862591203302,0.0,0.0,0.4096236666666668,0.567315
86667,1086,130,-109.46012714132667,0.0,0.0,0.40888700000000006,0.566665
86784,1087,117,-45.80427611479536,1.0,0.0,0.4082240000000001,0.56608
86914,1088,130,-55.163770474493504,1.0,0.0,0.40748733333333337,0.56543
87044,1089,130,-105.44040701910853,0.0,0.0,0.4067506666666667,0.5647800000000001
87174,1090,130,-144.91511942073703,0.0,0.0,0.40601400000000004,0.56413
87304,1091,130,-134.48535732924938,0.0,0.0,0.4052773333333333,0.56348
87426,1092,122,-39.68338315235451,1.0,0.0,0.404586,0.56287
87556,1093,130,-123.59116367995739,0.0,0.0,0.40384933333333334,0.5622199999999999
87686,1094,130,-117.77386245131493,0.0,0.0,0.40311266666666673,0.56157
87816,1095,130,-130.32296965643764,0.0,0.0,0.40237600000000007,0.5609200000000001
87899,1096,83,-193.50426403805614,0.0,1.0,0.40190566666666666,0.560505
88011,1097,112,-38.45515134930611,1.0,0.0,0.401271,0.5599449999999999
88110,1098,99,-34.125797260552645,1.0,0.0,0.40071,0.55945
88240,1099,130,-122.34134482964873,0.0,0.0,0.3999733333333333,0.5588
88367,1100,127,-79.35826674103737,1.0,0.0,0.3992536666666666,0.558165
88497,1101,130,-96.42104139178991,0.0,0.0,0.3985170000000001,0.557515
88569,1102,72,-176.12163622304797,0.0,1.0,0.39810900000000005,0.5571550000000001
88699,1103,130,-144.45434890687466,0.0,0.0,0.3973723333333333,0.556505
88829,1104,130,-111.74719972163439,0.0,0.0,0.3966356666666667,0.555855
88908,1105,79,-178.91769287735224,0.0,1.0,0.396188,0.55546
89038,1106,130,-111.00083254650235,0.0,0.0,0.3954513333333334,0.55481
89156,1107,118,-63.42000652104616,1.0,0.0,0.3947826666666667,0.55422
89261,1108,105,-49.94336255826056,1.0,0.0,0.3941876666666667,0.553695
89389,1109,128,-59.756456789094955,1.0,0.0,0.39346233333333336,0.553055
89519,1110,130,-112.20178613066673,0.0,0.0,0.39272566666666675,0.552405
89636,1111,117,-32.424166053533554,1.0,0.0,0.3920626666666668,0.55182
89766,1112,130,-130.14048547670245,0.0,0.0,0.39132600000000006,0.55117
89896,1113,130,-107.57884096354246,0.0,0.0,0.39058933333333334,0.55052
90017,1114,121,-58.36753103137016,1.0,0.0,0.38990366666666665,0.5499149999999999
90143,1115,126,-41.97849399223924,1.0,0.0,0.38918966666666666,0.549285
90271,1116,128,-53.537413228303194,1.0,0.0,0.3884643333333333,0.5486449999999999
90354,1117,83,-226.76824467629194,0.0,1.0,0.38799400000000006,0.54823
90484,1118,130,-127.46822255849838,0.0,0.0,0.38725733333333334,0.54758
90606,1119,122,-58.91603579418734,1.0,0.0,0.38656599999999997,0.54697
90722,1120,116,-42.431281208992004,1.0,0.0,0.3859086666666667,0.54639
90852,1121,130,-95.12055037307437,0.0,0.0,0.38517200000000007,0.54574
90982,1122,130,-116.0940602645278,0.0,0.0,0.38443533333333335,0.54509
91108,1123,126,-48.47146420367062,1.0,0.0,0.38372133333333336,0.54446
91238,1124,130,-115.07278530672193,0.0,0.0,0.38298466666666675,0.54381
91351,1125,113,-12.239981930702925,1.0,0.0,0.3823443333333334,0.543245
91454,1126,103,-48.40844614058733,1.0,0.0,0.38176066666666675,0.54273
91529,1127,75,-178.80494940280914,0.0,1.0,0.38133566666666663,0.5423549999999999
91647,1128,118,-37.0651189093478,1.0,0.0,0.3806670000000001,0.541765
91772,1129,125,-45.52322183549404,1.0,0.0,0.37995866666666667,0.54114
91895,1130,123,-50.48862899467349,1.0,0.0,0.3792616666666667,0.5405249999999999
92008,1131,113,-38.112679950892925,1.0,0.0,0.37862133333333337,0.53996
92132,1132,124,-82.05110494513065,1.0,0.0,0.37791866666666674,0.53934
92259,1133,127,-70.05823213607073,1.0,0.0,0.37719899999999995,0.538705
92389,1134,130,-92.51558906584978,0.0,0.0,0.37646233333333345,0.5380550000000001
92490,1135,101,-41.470871886238456,1.0,0.0,0.37589000000000006,0.53755
92609,1136,119,-27.712249159812927,1.0,0.0,0.3752156666666667,0.536955
92737,1137,128,-73.48176414519548,1.0,0.0,0.37449033333333337,0.536315
92867,1138,130,-81.50656985491514,0.0,0.0,0.37375366666666676,0.5356650000000001
92978,1139,111,-50.89518052712083,1.0,0.0,0.37312466666666666,0.53511
93087,1140,109,-40.303652573376894,1.0,0.0,0.37250700000000003,0.534565
93205,1141,118,-70.33599937334657,1.0,0.0,0.3718383333333334,0.5339750000000001
93327,1142,122,-51.91077473014593,1.0,0.0,0.3711470000000001,0.5333650000000001
93412,1143,85,-212.6752817519009,0.0,1.0,0.3706653333333334,0.53294
93523,1144,111,-41.003265228588134,1.0,0.0,0.3700363333333334,0.532385
93653,1145,130,-109.15525499358773,0.0,0.0,0.3692996666666667,0.5317350000000001
93783,1146,130,-105.29183799820021,0.0,0.0,0.3685630000000001,0.531085
93893,1147,110,-75.99783167243004,1.0,0.0,0.36793966666666666,0.530535
94010,1148,117,-59.313268668949604,1.0,0.0,0.3672766666666667,0.5299499999999999
94118,1149,108,-52.5761189609766,1.0,0.0,0.36666466666666675,0.52941
94248,1150,130,-117.25862850993872,0.0,0.0,0.36592800000000003,0.52876
94367,1151,119,-37.45536509156227,1.0,0.0,0.3652536666666667,0.528165
94462,1152,95,-23.151594407856464,1.0,0.0,0.3647153333333334,0.52769
94590,1153,128,-59.5358536913991,1.0,0.0,0.36399000000000004,0.52705
94698,1154,108,-28.68923950009048,1.0,0.0,0.3633780000000001,0.52651
94828,1155,130,-81.57608633488417,0.0,0.0,0.36264133333333337,0.52586
94935,1156,107,-54.55068313702941,1.0,0.0,0.362035,0.525325
95065,1157,130,-120.6831551110372,0.0,0.0,0.3612983333333334,0.524675
95183,1158,118,-50.01075576245785,1.0,0.0,0.36062966666666674,0.524085
95297,1159,114,-43.78773634508252,1.0,0.0,0.3599836666666667,0.5235150000000001
95426,1160,129,-29.96538894996047,1.0,0.0,0.35925266666666666,0.52287
95540,1161,114,-39.045007441192865,1.0,0.0,0.35860666666666674,0.5223
95648,1162,108,-34.183284275233746,1.0,0.0,0.3579946666666667,0.52176
95760,1163,112,-25.49839698523283,1.0,0.0,0.35736,0.5212
95869,1164,109,-26.90579119324684,1.0,0.0,0.3567423333333334,0.5206550000000001
95979,1165,110,-42.98226569965482,1.0,0.0,0.3561190000000001,0.520105
96109,1166,130,-104.41126157762483,0.0,0.0,0.35538233333333336,0.519455
96239,1167,130,-99.71479514241219,0.0,0.0,0.35464566666666664,0.518805
96369,1168,130,-81.44637527316809,0.0,0.0,0.35390900000000003,0.5181549999999999
96499,1169,130,-109.94055502489209,0.0,0.0,0.3531723333333333,0.517505
96629,1170,130,-101.19857614859939,0.0,0.0,0.3524356666666667,0.5168550000000001
96749,1171,120,-43.605630887672305,1.0,0.0,0.3517556666666667,0.516255
96879,1172,130,-85.47003744542599,0.0,0.0,0.3510190000000001,0.515605
96994,1173,115,-41.95536854863167,1.0,0.0,0.35036733333333336,0.51503
97103,1174,109,-32.05324662849307,1.0,0.0,0.34974966666666674,0.514485
97233,1175,130,-101.14573087543249,0.0,0.0,0.349013,0.513835
97346,1176,113,-31.378103844821453,1.0,0.0,0.3483726666666668,0.51327
97455,1177,109,-40.743251491803676,1.0,0.0,0.34775500000000004,0.512725
97577,1178,122,-41.13003535941243,1.0,0.0,0.34706366666666666,0.512115
97688,1179,111,-52.134121876209974,1.0,0.0,0.34643466666666667,0.51156
97801,1180,113,-40.15320585668087,1.0,0.0,0.3457943333333334,0.5109950000000001
97879,1181,78,-154.21342261554673,0.0,1.0,0.3453523333333334,0.510605
97979,1182,100,-33.88455867022276,1.0,0.0,0.34478566666666677,0.510105
98109,1183,130,-79.45643342286348,0.0,0.0,0.34404900000000005,0.509455
98239,1184,130,-153.41230070963502,0.0,0.0,0.34331233333333333,0.508805
98357,1185,118,-33.622973918914795,1.0,0.0,0.3426436666666667,0.508215
98472,1186,115,-53.269716545939445,1.0,0.0,0.3419920000000001,0.5076400000000001
98580,1187,108,-38.90363026410341,1.0,0.0,0.34138,0.5071
98710,1188,130,-21.905830624047667,1.0,0.0,0.3406433333333333,0.50645
98829,1189,119,-28.88255678443238,1.0,0.0,0.3399690000000001,0.5058549999999999
98931,1190,102,-11.793332283385098,1.0,0.0,0.339391,0.5053449999999999
99001,1191,70,-159.08385938080028,0.0,1.0,0.3389943333333334,0.5049950000000001
99118,1192,117,-27.49653352238238,1.0,0.0,0.33833133333333343,0.50441
99239,1193,121,-26.499342516064644,1.0,0.0,0.3376456666666666,0.503805
99364,1194,125,-63.203358083963394,1.0,0.0,0.3369373333333333,0.50318
99476,1195,112,-18.841288715600967,1.0,0.0,0.33630266666666675,0.5026200000000001
99577,1196,101,-22.573486417531967,1.0,0.0,0.33573033333333335,0.502115
99681,1197,104,-7.451861027628183,1.0,0.0,0.335141,0.501595
99759,1198,78,-158.13638241635635,0.0,1.0,0.3346990000000001,0.501205
99877,1199,118,-14.190300669521093,1.0,0.0,0.3340303333333333,0.500615
99985,1200,108,-41.570516757667065,1.0,0.0,0.33341833333333337,0.500075
100109,1201,124,-45.844321332871914,1.0,0.0,0.33271566666666674,0.499455
100229,1202,120,-31.764203667640686,1.0,0.0,0.33203566666666673,0.49885500000000005
100359,1203,130,-84.27764089033008,0.0,0.0,0.331299,0.498205
100489,1204,130,-84.66767166554928,0.0,0.0,0.3305623333333334,0.49755499999999997
100617,1205,128,-24.31807127268985,1.0,0.0,0.32983700000000005,0.496915
100726,1206,109,-7.144633465446532,1.0,0.0,0.3292193333333333,0.49637
100836,1207,110,-30.212595358490944,1.0,0.0,0.3285960000000001,0.49582000000000004
100960,1208,124,-44.52353090420365,1.0,0.0,0.32789333333333337,0.4952
101057,1209,97,-48.27994521241635,1.0,0.0,0.3273436666666667,0.494715
101161,1210,104,-14.74448824673891,1.0,0.0,0.32675433333333337,0.49419499999999994
101291,1211,130,-113.04412646964192,0.0,0.0,0.32601766666666676,0.493545
101421,1212,130,-84.24203747417778,0.0,0.0,0.32528100000000004,0.4928950000000001
101541,1213,120,-34.39604699425399,1.0,0.0,0.32460100000000003,0.49229500000000004
101660,1214,119,-50.05014718696475,1.0,0.0,0.3239266666666667,0.4917
101775,1215,115,-51.17348835244775,1.0,0.0,0.3232750000000001,0.49112500000000003
101876,1216,101,-8.317657496780157,1.0,0.0,0.3227026666666667,0.49062000000000006
102005,1217,129,-19.50618478283286,1.0,0.0,0.32197166666666666,0.48997499999999994
102117,1218,112,-43.417209669947624,1.0,0.0,0.321337,0.48941499999999993
102227,1219,110,-44.00422912091017,1.0,0.0,0.3207136666666667,0.488865
102339,1220,112,-61.942654117941856,1.0,0.0,0.320079,0.488305
102446,1221,107,-5.160042132250965,1.0,0.0,0.31947266666666674,0.48777000000000004
102561,1222,115,-34.22390767559409,1.0,0.0,0.318821,0.48719500000000004
102691,1223,130,-91.98946589231491,0.0,0.0,0.3180843333333333,0.486545
102791,1224,100,-25.205197943374515,1.0,0.0,0.3175176666666667,0.48604500000000006
102909,1225,118,-10.634235233068466,1.0,0.0,0.31684900000000005,0.48545499999999997
103024,1226,115,-17.54349795356393,1.0,0.0,0.31619733333333333,0.48488
103134,1227,110,-29.77963373437524,1.0,0.0,0.31557400000000013,0.48433000000000004
103257,1228,123,-34.19813919439912,1.0,0.0,0.3148770000000001,0.483715
103370,1229,113,-36.131686897948384,1.0,0.0,0.3142366666666667,0.48314999999999997
103500,1230,130,-91.13011500285938,0.0,0.0,0.3135000000000001,0.48250000000000004
103617,1231,117,-16.929262092337012,1.0,0.0,0.31283700000000003,0.4819150000000001
103747,1232,130,-74.29956645146012,0.0,0.0,0.3121003333333334,0.48126500000000005
103868,1233,121,-12.912422306835651,1.0,0.0,0.31141466666666673,0.48066
103980,1234,112,-20.06394597887993,1.0,0.0,0.31078000000000006,0.48009999999999997
104109,1235,129,-43.840980280190706,1.0,0.0,0.310049,0.47945499999999996
104239,1236,130,-91.14395790919662,0.0,0.0,0.3093123333333333,0.4788049999999999
104338,1237,99,-10.492981862276793,1.0,0.0,0.3087513333333334,0.47831
104468,1238,130,-60.56485756486654,0.0,0.0,0.30801466666666666,0.47766
104584,1239,116,-18.4967893329449,1.0,0.0,0.30735733333333337,0.47707999999999995
104691,1240,107,-9.109038025140762,1.0,0.0,0.306751,0.476545
104794,1241,103,-21.449927765876055,1.0,0.0,0.30616733333333346,0.47603000000000006
104897,1242,103,-15.865133751183748,1.0,0.0,0.3055836666666667,0.475515
105025,1243,128,-36.76490784436464,1.0,0.0,0.30485833333333334,0.47487499999999994
105136,1244,111,-21.92155260592699,1.0,0.0,0.30422933333333335,0.47431999999999996
105237,1245,101,-23.723443005234003,1.0,0.0,0.30365700000000007,0.473815
105337,1246,100,-41.08187214285135,1.0,0.0,0.30309033333333335,0.47331499999999993
105467,1247,130,-79.4180695079267,0.0,0.0,0.30235366666666663,0.472665
105568,1248,101,-29.53882795199752,1.0,0.0,0.30178133333333335,0.47216
105670,1249,102,-38.27097477577627,1.0,0.0,0.3012033333333334,0.47165
105777,1250,107,-5.736946793273091,1.0,0.0,0.300597,0.47111499999999995
105872,1251,95,-14.59422929212451,1.0,0.0,0.3000586666666667,0.47064000000000006
105982,1252,110,-16.994345519691706,1.0,0.0,0.2994353333333334,0.47009
106087,1253,105,-17.37045344337821,1.0,0.0,0.2988403333333334,0.469565
106193,1254,106,-3.31522174179554,1.0,0.0,0.2982396666666667,0.469035
106298,1255,105,-37.03789867833257,1.0,0.0,0.29764466666666667,0.46851
106428,1256,130,-80.89218462305143,0.0,0.0,0.29690799999999995,0.46785999999999994
106530,1257,102,-24.32658388093114,1.0,0.0,0.29633,0.46734999999999993
106646,1258,116,-14.070649895817041,1.0,0.0,0.2956726666666667,0.46677
106754,1259,108,-5.1314333491027355,1.0,0.0,0.29506066666666675,0.46623000000000003
106880,1260,126,-18.397372022271156,1.0,0.0,0.29434666666666665,0.4656
106977,1261,97,-21.065829205326736,1.0,0.0,0.293797,0.46511499999999995
107103,1262,126,3.146731097251177,1.0,0.0,0.2930830000000001,0.46448500000000004
107216,1263,113,-34.592308110091835,1.0,0.0,0.29244266666666663,0.46392
107333,1264,117,-38.7429066975601,1.0,0.0,0.29177966666666666,0.46333499999999994
107455,1265,122,-13.439511600881815,1.0,0.0,0.2910883333333333,0.46272499999999994
107564,1266,109,-5.299813796300441,1.0,0.0,0.29047066666666665,0.46218000000000004
107675,1267,111,-19.2782224426046,1.0,0.0,0.28984166666666666,0.46162499999999995
107780,1268,105,-11.32683775946498,1.0,0.0,0.28924666666666665,0.46109999999999995
107878,1269,98,-9.152785032987595,1.0,0.0,0.2886913333333334,0.46060999999999996
107978,1270,100,-27.54264410957694,1.0,0.0,0.2881246666666667,0.46011
108080,1271,102,-22.375131372362375,1.0,0.0,0.28754666666666673,0.4596
108192,1272,112,-47.14970853924751,1.0,0.0,0.28691200000000006,0.45904
108310,1273,118,-22.613219130784273,1.0,0.0,0.2862433333333334,0.45845
108386,1274,76,-179.69272553175688,0.0,1.0,0.2858126666666667,0.45807
108505,1275,119,-43.475306529551744,1.0,0.0,0.2851383333333334,0.45747499999999997
108627,1276,122,-12.226302955299616,1.0,0.0,0.284447,0.45686499999999997
108699,1277,72,-165.3852899823978,0.0,1.0,0.28403900000000004,0.45650500000000005
108821,1278,122,-31.604677148599876,1.0,0.0,0.2833476666666668,0.45589500000000005
108928,1279,107,-17.817517564166337,1.0,0.0,0.2827413333333334,0.45536
109027,1280,99,-14.537295245099813,1.0,0.0,0.28218033333333337,0.4548650000000001
109138,1281,111,-33.77733759209514,1.0,0.0,0.2815513333333334,0.45431
109260,1282,122,-37.233590837568045,1.0,0.0,0.28086,0.4537
109367,1283,107,-41.49960349872708,1.0,0.0,0.28025366666666673,0.45316500000000004
109479,1284,112,1.5228610709309578,1.0,0.0,0.27961900000000006,0.45260500000000004
109582,1285,103,-1.527176208794117,1.0,0.0,0.2790353333333334,0.45209
109712,1286,130,-75.08958730101585,0.0,0.0,0.2782986666666667,0.45143999999999995
109831,1287,119,0.20304311392828822,1.0,0.0,0.27762433333333336,0.45084499999999994
109930,1288,99,-15.135099912062287,1.0,0.0,0.27706333333333333,0.45035000000000003
110031,1289,101,-10.76769507303834,1.0,0.0,0.27649100000000004,0.44984500000000005
110135,1290,104,-2.5471982271410525,1.0,0.0,0.2759016666666667,0.449325
110240,1291,105,-18.112154439091682,1.0,0.0,0.2753066666666667,0.4488
110360,1292,120,-35.993900682777166,1.0,0.0,0.2746266666666667,0.44819999999999993
110462,1293,102,-7.259103283286095,1.0,0.0,0.2740486666666667,0.4476899999999999
110592,1294,130,-103.12319914670661,0.0,0.0,0.273312,0.44704
110653,1295,61,-172.16764283180237,0.0,1.0,0.2729663333333333,0.446735
110769,1296,116,8.149891179054976,1.0,0.0,0.272309,0.44615499999999997
110899,1297,130,-62.850871570408344,0.0,0.0,0.2715723333333333,0.44550500000000004
111008,1298,109,-23.11771171912551,1.0,0.0,0.2709546666666667,0.44496
111138,1299,130,-59.52506409212947,0.0,0.0,0.27021800000000007,0.44431
111235,1300,97,-8.604815150611103,1.0,0.0,0.2696683333333333,0.4438249999999999
111345,1301,110,-22.266541177406907,1.0,0.0,0.2690450000000001,0.4432750000000001
111463,1302,118,-26.320258386433125,1.0,0.0,0.26837633333333333,0.442685
111564,1303,101,-33.24205570667982,1.0,0.0,0.26780400000000004,0.44218
111665,1304,101,-4.818370121065527,1.0,0.0,0.26723166666666676,0.44167500000000004
111780,1305,115,-11.809129428118467,1.0,0.0,0.26658000000000004,0.44110000000000005
111882,1306,102,1.941958511248231,1.0,0.0,0.26600200000000007,0.44059000000000004
111996,1307,114,-0.42154137417674065,1.0,0.0,0.26535600000000004,0.4400200000000001
112114,1308,118,-24.17752972478047,1.0,0.0,0.2646873333333334,0.43943
112231,1309,117,0.06632417067885399,1.0,0.0,0.2640243333333333,0.43884499999999993
112340,1310,109,-12.083894284442067,1.0,0.0,0.2634066666666667,0.4383
112459,1311,119,-47.827496906742454,1.0,0.0,0.26273233333333335,0.437705
112574,1312,115,-7.995090220123529,1.0,0.0,0.26208066666666674,0.43713
112682,1313,108,-24.53747772425413,1.0,0.0,0.2614686666666668,0.43659000000000003
112783,1314,101,-28.898816499859095,1.0,0.0,0.2608963333333334,0.43608499999999994
112902,1315,119,-32.407359529752284,1.0,0.0,0.26022200000000006,0.43548999999999993
113017,1316,115,-4.058295004069805,1.0,0.0,0.25957033333333335,0.43491499999999994
113134,1317,117,-24.088027488440275,1.0,0.0,0.2589073333333334,0.43433
113234,1318,100,-16.595599916297942,1.0,0.0,0.2583406666666668,0.43383000000000005
113352,1319,118,-31.437069203704596,1.0,0.0,0.257672,0.43323999999999996
113465,1320,113,1.2340720705688,1.0,0.0,0.25703166666666677,0.43267500000000003
113562,1321,97,8.376623414456844,1.0,0.0,0.2564820000000001,0.4321900000000001
113667,1322,105,2.5701875500380993,1.0,0.0,0.2558870000000001,0.43166499999999997
113764,1323,97,9.492748025804758,1.0,0.0,0.2553373333333333,0.43118
113872,1324,108,-23.702237222343683,1.0,0.0,0.25472533333333336,0.43064
113981,1325,109,-5.33162796869874,1.0,0.0,0.25410766666666673,0.430095
114111,1326,130,-35.699087116867304,0.0,0.0,0.253371,0.4294450000000001
114215,1327,104,0.4061531648039818,1.0,0.0,0.2527816666666668,0.428925
114341,1328,126,11.097718469332904,1.0,0.0,0.2520676666666667,0.428295
114446,1329,105,-9.086518712341785,1.0,0.0,0.2514726666666668,0.42777
114557,1330,111,-8.733180668205023,1.0,0.0,0.2508436666666667,0.427215
114673,1331,116,-3.3461902290582657,1.0,0.0,0.2501863333333334,0.426635
114782,1332,109,-20.441145930439234,1.0,0.0,0.24956866666666677,0.4260900000000001
114899,1333,117,-9.492189422249794,1.0,0.0,0.2489056666666667,0.425505
115006,1334,107,-18.477252293378115,1.0,0.0,0.24829933333333343,0.42497000000000007
115103,1335,97,-12.94448123127222,1.0,0.0,0.24774966666666676,0.424485
115218,1336,115,-11.910746537148952,1.0,0.0,0.24709800000000004,0.42391
115321,1337,103,-22.66484145820141,1.0,0.0,0.2465143333333334,0.42339499999999997
115432,1338,111,8.405945027247071,1.0,0.0,0.2458853333333333,0.42284
115547,1339,115,-11.650264904368669,1.0,0.0,0.2452336666666668,0.422265
115677,1340,130,-67.37062465073541,0.0,0.0,0.24449700000000008,0.4216150000000001
115776,1341,99,-4.09826422482729,1.0,0.0,0.24393600000000004,0.42112000000000005
115890,1342,114,17.32392245531082,1.0,0.0,0.24329000000000012,0.42055
116020,1343,130,-79.27602842077613,0.0,0.0,0.2425533333333334,0.41990000000000005
116127,1344,107,-13.76138324290514,1.0,0.0,0.24194700000000002,0.419365
116234,1345,107,-9.151541613508016,1.0,0.0,0.24134066666666676,0.41883000000000004
116342,1346,108,17.196956887841225,1.0,0.0,0.2407286666666667,0.41828999999999994
116451,1347,109,-8.056497145444155,1.0,0.0,0.24011099999999996,0.41774500000000003
116581,1348,130,-47.713387068361044,0.0,0.0,0.23937433333333336,0.417095
116684,1349,103,4.601885560899973,1.0,0.0,0.2387906666666667,0.41657999999999995
116787,1350,103,-18.99491113051772,1.0,0.0,0.23820699999999995,0.4160649999999999
116888,1351,101,-3.967251129914075,1.0,0.0,0.23763466666666666,0.41555999999999993
116997,1352,109,-13.360888853669167,1.0,0.0,0.23701700000000003,0.415015
117102,1353,105,-18.4079572185874,1.0,0.0,0.23642200000000002,0.41449
117163,1354,61,-155.05390667915344,0.0,1.0,0.23607633333333333,0.414185
117271,1355,108,-13.428820669651031,1.0,0.0,0.2354643333333334,0.41364500000000004
117393,1356,122,-19.879125121980906,1.0,0.0,0.234773,0.41303500000000004
117523,1357,130,-77.79877799749374,0.0,0.0,0.2340363333333334,0.412385
117640,1358,117,1.935312966350466,1.0,0.0,0.23337333333333332,0.41179999999999994
117742,1359,102,-7.954655204433948,1.0,0.0,0.23279533333333335,0.41128999999999993
117872,1360,130,-27.88376271724701,1.0,0.0,0.23205866666666664,0.41064
117988,1361,116,-2.1984788072295487,1.0,0.0,0.23140133333333335,0.41006
118113,1362,125,-7.550864052493125,1.0,0.0,0.23069300000000004,0.409435
118209,1363,96,10.473480358719826,1.0,0.0,0.23014900000000005,0.40895499999999996
118311,1364,102,-11.997378557920456,1.0,0.0,0.22957100000000008,0.40844499999999995
118415,1365,104,4.903387609869242,1.0,0.0,0.22898166666666675,0.407925
118517,1366,102,-7.726709854090586,1.0,0.0,0.22840366666666667,0.40741499999999997
118620,1367,103,16.851957235485315,1.0,0.0,0.22782000000000013,0.40690000000000004
118736,1368,116,10.190431367140263,1.0,0.0,0.22716266666666673,0.40632
118834,1369,98,-11.24054441228509,1.0,0.0,0.22660733333333338,0.40583
118939,1370,105,9.544293332844973,1.0,0.0,0.22601233333333337,0.405305
119047,1371,108,8.69478285126388,1.0,0.0,0.22540033333333342,0.40476500000000004
119149,1372,102,-3.697478637099266,1.0,0.0,0.22482233333333346,0.40425500000000003
119260,1373,111,-9.445000905543566,1.0,0.0,0.22419333333333336,0.40369999999999995
119381,1374,121,-1.5228743604384363,1.0,0.0,0.22350766666666677,0.403095
119500,1375,119,-18.583365695551038,1.0,0.0,0.22283333333333344,0.4025000000000001
119619,1376,119,2.208900361787528,1.0,0.0,0.2221590000000001,0.40190500000000007
119729,1377,110,12.887629218399525,1.0,0.0,0.2215356666666667,0.401355
119833,1378,104,-12.490769676864147,1.0,0.0,0.22094633333333336,0.40083500000000005
119945,1379,112,0.287227138876915,1.0,0.0,0.22031166666666668,0.40027500000000005
120050,1380,105,-0.7973210997879505,1.0,0.0,0.21971666666666667,0.39975000000000005
120152,1381,102,16.094750095158815,1.0,0.0,0.2191386666666667,0.39924000000000004
120248,1382,96,8.016695909202099,1.0,0.0,0.21859466666666671,0.39876
120363,1383,115,1.175787903368473,1.0,0.0,0.217943,0.398185
120475,1384,112,8.801234452053905,1.0,0.0,0.21730833333333333,0.397625
120579,1385,104,-4.487170011736453,1.0,0.0,0.216719,0.39710500000000004
120691,1386,112,6.29971431568265,1.0,0.0,0.21608433333333332,0.3965449999999999
120807,1387,116,-12.902847658842802,1.0,0.0,0.21542700000000004,0.395965
120916,1388,109,-29.12754215952009,1.0,0.0,0.2148093333333334,0.39542
121018,1389,102,6.987244695425034,1.0,0.0,0.21423133333333344,0.39491
121121,1390,103,-8.918925714679062,1.0,0.0,0.21364766666666668,0.39439499999999994
121230,1391,109,1.4809470102190971,1.0,0.0,0.21303000000000005,0.39385000000000003
121334,1392,104,8.724301452748477,1.0,0.0,0.21244066666666672,0.39332999999999996
121441,1393,107,-1.201055696234107,1.0,0.0,0.21183433333333335,0.392795
121543,1394,102,-24.166044004727155,1.0,0.0,0.21125633333333338,0.392285
121653,1395,110,4.227108098566532,1.0,0.0,0.21063300000000007,0.39173500000000006
121759,1396,106,8.45570843666792,1.0,0.0,0.21003233333333338,0.391205
121868,1397,109,12.432531211525202,1.0,0.0,0.20941466666666664,0.39066
121971,1398,103,-26.92584027722478,1.0,0.0,0.2088310000000001,0.39014499999999996
122076,1399,105,9.37260352447629,1.0,0.0,0.2082360000000001,0.38961999999999997
122176,1400,100,-0.8049285113811493,1.0,0.0,0.20766933333333337,0.3891199999999999
122289,1401,113,-7.726229023188353,1.0,0.0,0.20702900000000002,0.388555
122398,1402,109,21.299159057438374,1.0,0.0,0.2064113333333334,0.38800999999999997
122505,1403,107,5.6035828068852425,1.0,0.0,0.20580500000000002,0.387475
122611,1404,106,21.054766595363617,1.0,0.0,0.20520433333333343,0.3869450000000001
122722,1405,111,13.048940861131996,1.0,0.0,0.20457533333333333,0.38639
122823,1406,101,-6.578521393239498,1.0,0.0,0.20400300000000005,0.38588500000000003
122942,1407,119,-1.985044114291668,1.0,0.0,0.2033286666666667,0.38529
123058,1408,116,25.4540265314281,1.0,0.0,0.20267133333333331,0.38471
123160,1409,102,-17.942219335585833,1.0,0.0,0.20209333333333346,0.3842000000000001
123267,1410,107,20.74658378958702,1.0,0.0,0.20148700000000008,0.38366500000000003
123365,1411,98,8.586045186966658,1.0,0.0,0.20093166666666673,0.38317500000000004
123476,1412,111,6.304217875003815,1.0,0.0,0.20030266666666674,0.38261999999999996
123593,1413,117,-4.236169971525669,1.0,0.0,0.19963966666666677,0.382035
123690,1414,97,4.837621121696429,1.0,0.0,0.19909,0.38155000000000006
123808,1415,118,7.285321272909641,1.0,0.0,0.19842133333333334,0.38095999999999997
123911,1416,103,4.5909886630252,1.0,0.0,0.1978376666666667,0.38044500000000003
124016,1417,105,15.614943627268076,1.0,0.0,0.19724266666666668,0.37992000000000004
124116,1418,100,16.961172256618738,1.0,0.0,0.19667600000000007,0.3794200000000001
124221,1419,105,9.94349268823862,1.0,0.0,0.19608100000000006,0.378895
124335,1420,114,1.3288069292902946,1.0,0.0,0.19543500000000003,0.378325
124462,1421,127,5.341154668480158,1.0,0.0,0.19471533333333335,0.3776900000000001
124577,1422,115,3.862200979143381,1.0,0.0,0.19406366666666675,0.377115
124699,1423,122,0.6807515844702721,1.0,0.0,0.19337233333333337,0.376505
124798,1424,99,-5.518554823938757,1.0,0.0,0.19281133333333333,0.37600999999999996
124913,1425,115,-1.8712903438135982,1.0,0.0,0.19215966666666673,0.37543499999999996
125027,1426,114,21.20490039139986,1.0,0.0,0.1915136666666667,0.374865
125124,1427,97,5.150833746418357,1.0,0.0,0.19096400000000002,0.37437999999999994
125220,1428,96,15.399822867941111,1.0,0.0,0.19042000000000003,0.3739
125327,1429,107,10.943851180374622,1.0,0.0,0.18981366666666666,0.37336499999999995
125424,1430,97,3.530156947206706,1.0,0.0,0.189264,0.37288
125519,1431,95,18.43739793824352,1.0,0.0,0.1887256666666668,0.3724050000000001
125636,1432,117,0.753299742937088,1.0,0.0,0.1880626666666667,0.37182000000000004
125743,1433,107,5.312164328992367,1.0,0.0,0.18745633333333345,0.3712850000000001
125854,1434,111,19.854584492743015,1.0,0.0,0.18682733333333335,0.37073
125961,1435,107,13.921666920185089,1.0,0.0,0.18622099999999997,0.37019499999999994
126073,1436,112,-16.543469792231917,1.0,0.0,0.1855863333333333,0.36963499999999994
126184,1437,111,1.71592303737998,1.0,0.0,0.18495733333333342,0.36907999999999996
126283,1438,99,-0.9849434047937393,1.0,0.0,0.18439633333333338,0.36858499999999994
126393,1439,110,11.23674102500081,1.0,0.0,0.18377299999999996,0.368035
126516,1440,123,-11.34914865391329,1.0,0.0,0.18307600000000002,0.3674200000000001
126614,1441,98,6.594138100743294,1.0,0.0,0.18252066666666666,0.36693
126716,1442,102,2.0871193590573967,1.0,0.0,0.1819426666666667,0.36641999999999997
126815,1443,99,4.013397861272097,1.0,0.0,0.18138166666666666,0.36592499999999994
126917,1444,102,8.476372524630278,1.0,0.0,0.1808036666666667,0.36541499999999993
127033,1445,116,-8.24100886657834,1.0,0.0,0.1801463333333334,0.364835
127133,1446,100,11.140719916671515,1.0,0.0,0.1795796666666667,0.36433499999999996
127240,1447,107,14.412324406206608,1.0,0.0,0.17897333333333343,0.3638
127341,1448,101,-2.4902635673061013,1.0,0.0,0.17840100000000003,0.3632949999999999
127445,1449,104,17.227699894458055,1.0,0.0,0.1778116666666667,0.36277499999999996
127545,1450,100,15.064803887158632,1.0,0.0,0.1772450000000001,0.362275
127647,1451,102,-6.780739068984985,1.0,0.0,0.17666700000000013,0.361765
127745,1452,98,-4.647922329604626,1.0,0.0,0.17611166666666667,0.361275
127856,1453,111,13.105493661016226,1.0,0.0,0.17548266666666668,0.36072000000000004
127964,1454,108,7.373129979707301,1.0,0.0,0.17487066666666673,0.36017999999999994
128067,1455,103,-4.517191444057971,1.0,0.0,0.17428700000000008,0.359665
128182,1456,115,2.534390013664961,1.0,0.0,0.17363533333333336,0.35909
128282,1457,100,15.319054262246937,1.0,0.0,0.17306866666666665,0.35858999999999996
128386,1458,104,11.268429703544825,1.0,0.0,0.17247933333333332,0.35807
128492,1459,106,3.8736956007778645,1.0,0.0,0.17187866666666674,0.35753999999999997
128597,1460,105,3.9973542913794518,1.0,0.0,0.17128366666666672,0.35701499999999997
128699,1461,102,8.72706236038357,1.0,0.0,0.17070566666666664,0.35650499999999996
128803,1462,104,4.2416223883628845,1.0,0.0,0.1701163333333333,0.355985
128900,1463,97,-4.668516856152564,1.0,0.0,0.16956666666666675,0.35550000000000004
129008,1464,108,1.5310600586235523,1.0,0.0,0.1689546666666667,0.35495999999999994
129138,1465,130,-40.329611763358116,0.0,0.0,0.16821799999999998,0.35431
129246,1466,108,6.129824535921216,1.0,0.0,0.16760600000000003,0.35377000000000003
129360,1467,114,12.272299500182271,1.0,0.0,0.16696,0.35319999999999996
129458,1468,98,2.823218695819378,1.0,0.0,0.16640466666666676,0.35270999999999997
129562,1469,104,14.076646532863379,1.0,0.0,0.16581533333333343,0.35219
129668,1470,106,-5.780409793835133,1.0,0.0,0.16521466666666673,0.3516600000000001
129779,1471,111,22.65069118514657,1.0,0.0,0.16458566666666663,0.351105
129891,1472,112,16.501734002493322,1.0,0.0,0.16395099999999996,0.350545
130003,1473,112,7.675268970429897,1.0,0.0,0.16331633333333329,0.349985
130123,1474,120,7.830970413982868,1.0,0.0,0.16263633333333338,0.34938500000000006
130230,1475,107,-4.695118546485901,1.0,0.0,0.16203000000000012,0.34885
130331,1476,101,15.86199665023014,1.0,0.0,0.1614576666666666,0.3483449999999999
130431,1477,100,27.680222977214726,1.0,0.0,0.160891,0.34784499999999996
130545,1478,114,17.46419364027679,1.0,0.0,0.16024500000000008,0.347275
130642,1479,97,13.361549735069275,1.0,0.0,0.1596953333333334,0.34679000000000004
130750,1480,108,5.247756422962993,1.0,0.0,0.15908333333333335,0.34624999999999995
130860,1481,110,18.83978245034814,1.0,0.0,0.15846000000000005,0.3457
130962,1482,102,9.952681588009,1.0,0.0,0.15788200000000008,0.34519
131061,1483,99,20.542421280872077,1.0,0.0,0.15732100000000004,0.344695
131171,1484,110,11.864234305918217,1.0,0.0,0.15669766666666674,0.34414500000000003
131267,1485,96,16.236719640903175,1.0,0.0,0.15615366666666675,0.343665
131381,1486,114,20.681135900318623,1.0,0.0,0.1555076666666667,0.34309500000000004
131483,1487,102,23.146656222175807,1.0,0.0,0.15492966666666674,0.34258500000000003
131592,1488,109,17.94039032049477,1.0,0.0,0.15431200000000012,0.34204
131701,1489,109,-1.2092874837107956,1.0,0.0,0.15369433333333338,0.341495
131811,1490,110,6.697201859205961,1.0,0.0,0.15307100000000007,0.34094500000000005
131920,1491,109,2.5923602487891912,1.0,0.0,0.15245333333333344,0.34040000000000004
132016,1492,96,8.395611070096493,1.0,0.0,0.15190933333333334,0.33992
132128,1493,112,14.808859135955572,1.0,0.0,0.15127466666666667,0.33936
132225,1494,97,-1.5190475401468575,1.0,0.0,0.1507250000000001,0.33887500000000004
132323,1495,98,-10.622083039022982,1.0,0.0,0.15016966666666665,0.33838499999999994
132431,1496,108,-10.715660624206066,1.0,0.0,0.1495576666666667,0.33784500000000006
132547,1497,116,8.327088076621294,1.0,0.0,0.1489003333333333,0.3372649999999999
132655,1498,108,4.748988470993936,1.0,0.0,0.14828833333333336,0.33672500000000005
132774,1499,119,3.8546896632760763,1.0,0.0,0.14761400000000013,0.33613000000000004
132873,1500,99,25.63414980052039,1.0,0.0,0.147053,0.3356349999999999
132985,1501,112,13.323339744936675,1.0,0.0,0.14641833333333343,0.335075
133088,1502,103,-6.688552586827427,1.0,0.0,0.14583466666666667,0.33455999999999997
133186,1503,98,20.304220779798925,1.0,0.0,0.14527933333333343,0.3340700000000001
133291,1504,105,17.235526805743575,1.0,0.0,0.14468433333333341,0.333545
133392,1505,101,15.68148710951209,1.0,0.0,0.14411200000000013,0.33304
133503,1506,111,28.614744402468204,1.0,0.0,0.14348300000000003,0.3324849999999999
133606,1507,103,18.442576576024294,1.0,0.0,0.14289933333333338,0.33197
133712,1508,106,15.010145240463316,1.0,0.0,0.1422986666666668,0.33144000000000007
133818,1509,106,21.66556629911065,1.0,0.0,0.141698,0.33091000000000004
133917,1510,99,-8.563074946850975,1.0,0.0,0.14113700000000007,0.330415
134017,1511,100,5.509089440107346,1.0,0.0,0.14057033333333346,0.32991500000000007
134119,1512,102,6.365730410441756,1.0,0.0,0.13999233333333339,0.32940500000000006
134214,1513,95,2.1402048841118813,1.0,0.0,0.13945400000000008,0.32892999999999994
134323,1514,109,28.41152065200731,1.0,0.0,0.13883633333333334,0.32838500000000004
134428,1515,105,16.992781825363636,1.0,0.0,0.13824133333333333,0.32786000000000004
134538,1516,110,4.670311085414141,1.0,0.0,0.13761800000000002,0.32731
134645,1517,107,10.100264124106616,1.0,0.0,0.13701166666666675,0.32677500000000004
134752,1518,107,10.434799218550324,1.0,0.0,0.13640533333333338,0.3262400000000001
134864,1519,112,9.835331752430648,1.0,0.0,0.1357706666666667,0.32567999999999997
134967,1520,103,24.53414275450632,1.0,0.0,0.13518700000000006,0.3251649999999999
135062,1521,95,3.7883850894868374,1.0,0.0,0.13464866666666675,0.32469000000000003
135159,1522,97,24.618144390173256,1.0,0.0,0.13409900000000008,0.3242050000000001
135259,1523,100,6.3543047569692135,1.0,0.0,0.13353233333333336,0.323705
135376,1524,117,22.147155798971653,1.0,0.0,0.1328693333333334,0.32311999999999996
135486,1525,110,5.611948102712631,1.0,0.0,0.13224599999999997,0.32257
135599,1526,113,27.069346770644188,1.0,0.0,0.13160566666666673,0.322005
135695,1527,96,26.049354108050466,1.0,0.0,0.13106166666666674,0.32152500000000006
135793,1528,98,6.64567482098937,1.0,0.0,0.1305063333333334,0.32103499999999996
135908,1529,115,13.46477859839797,1.0,0.0,0.12985466666666667,0.32045999999999997
136013,1530,105,18.41607181355357,1.0,0.0,0.12925966666666677,0.3199350000000001
136108,1531,95,26.60656365007162,1.0,0.0,0.12872133333333335,0.31945999999999997
136208,1532,100,18.355930272489786,1.0,0.0,0.12815466666666664,0.3189599999999999
136316,1533,108,30.44027662090957,1.0,0.0,0.1275426666666667,0.31842000000000004
136420,1534,104,13.545566465239972,1.0,0.0,0.12695333333333336,0.31790000000000007
136534,1535,114,9.477282471954823,1.0,0.0,0.12630733333333344,0.31733
136642,1536,108,28.68483748845756,1.0,0.0,0.12569533333333338,0.31679
136752,1537,110,21.980517242103815,1.0,0.0,0.12507199999999996,0.31623999999999997
136861,1538,109,13.689208626747131,1.0,0.0,0.12445433333333333,0.31569499999999995
136960,1539,99,19.882074147462845,1.0,0.0,0.1238933333333333,0.3151999999999999
137060,1540,100,24.357452338095754,1.0,0.0,0.1233266666666667,0.3147
137155,1541,95,11.536164090037346,1.0,0.0,0.12278833333333339,0.314225
137253,1542,98,23.23932283371687,1.0,0.0,0.12223300000000004,0.3137350000000001
137360,1543,107,14.955803126096725,1.0,0.0,0.12162666666666677,0.31320000000000003
137474,1544,114,21.420583489350975,1.0,0.0,0.12098066666666663,0.31262999999999996
137584,1545,110,29.667185390368104,1.0,0.0,0.12035733333333343,0.31208
137694,1546,110,5.076209410093725,1.0,0.0,0.11973400000000001,0.31153
137809,1547,115,19.326638619881123,1.0,0.0,0.1190823333333334,0.310955
137924,1548,115,20.840264309197664,1.0,0.0,0.11843066666666668,0.31038
138035,1549,111,20.140434382483363,1.0,0.0,0.1178016666666667,0.309825
138133,1550,98,20.997815791073663,1.0,0.0,0.11724633333333345,0.309335
138250,1551,117,23.711347114294767,1.0,0.0,0.11658333333333337,0.3087500000000001
138351,1552,101,23.175213867798448,1.0,0.0,0.11601099999999998,0.308245
138459,1553,108,27.319874319713563,1.0,0.0,0.11539900000000003,0.307705
138560,1554,101,14.591944358806359,1.0,0.0,0.11482666666666674,0.30720000000000003
138664,1555,104,13.90823195874691,1.0,0.0,0.11423733333333341,0.30668000000000006
138762,1556,98,24.924027625005692,1.0,0.0,0.11368200000000006,0.30618999999999996
138863,1557,101,21.642770547419786,1.0,0.0,0.11310966666666677,0.305685
138967,1558,104,27.20096022565849,1.0,0.0,0.11252033333333344,0.305165
139071,1559,104,21.205801211297512,1.0,0.0,0.11193100000000011,0.30464500000000005
139183,1560,112,12.552278345450759,1.0,0.0,0.11129633333333344,0.30408500000000005
139294,1561,111,18.715004751924425,1.0,0.0,0.11066733333333334,0.30352999999999997
139398,1562,104,20.508807710837573,1.0,0.0,0.11007800000000001,0.30301
139501,1563,103,19.681102199479938,1.0,0.0,0.10949433333333336,0.30249499999999996
139604,1564,103,27.234639580827206,1.0,0.0,0.10891066666666671,0.3019799999999999
139706,1565,102,11.505106683820486,1.0,0.0,0.10833266666666663,0.3014699999999999
139806,1566,100,29.588155589532107,1.0,0.0,0.10776600000000003,0.30096999999999996
139918,1567,112,25.964738020673394,1.0,0.0,0.10713133333333336,0.30041000000000007
140017,1568,99,30.592304719612002,1.0,0.0,0.10657033333333343,0.29991500000000004
140114,1569,97,26.09228888899088,1.0,0.0,0.10602066666666676,0.29943
140230,1570,116,24.715167731046677,1.0,0.0,0.10536333333333336,0.29885000000000006
140327,1571,97,20.085922431200743,1.0,0.0,0.1048136666666667,0.298365
140427,1572,100,25.40863125678152,1.0,0.0,0.10424699999999998,0.29786500000000005
140525,1573,98,27.3540254002437,1.0,0.0,0.10369166666666674,0.29737500000000006
140631,1574,106,22.23902603983879,1.0,0.0,0.10309100000000004,0.296845
140731,1575,100,30.927454326301813,1.0,0.0,0.10252433333333344,0.2963450000000001
140831,1576,100,26.22008123807609,1.0,0.0,0.10195766666666672,0.295845
140929,1577,98,30.305590256117284,1.0,0.0,0.10140233333333337,0.29535500000000003
141045,1578,116,35.680158538743854,1.0,0.0,0.10074499999999997,0.294775
141153,1579,108,23.85364878550172,1.0,0.0,0.10013300000000003,0.294235
141260,1580,107,11.842910557985306,1.0,0.0,0.09952666666666676,0.29370000000000007
141369,1581,109,27.215749323368073,1.0,0.0,0.09890900000000002,0.29315500000000005
141482,1582,113,14.896732352208346,1.0,0.0,0.09826866666666667,0.29259
141591,1583,109,21.693224973976612,1.0,0.0,0.09765100000000004,0.292045
141697,1584,106,17.78739385306835,1.0,0.0,0.09705033333333335,0.29151499999999997
141795,1585,98,22.3103147149086,1.0,0.0,0.096495,0.291025
141899,1586,104,28.444855980109423,1.0,0.0,0.09590566666666667,0.290505
142008,1587,109,18.010754664894193,1.0,0.0,0.09528800000000004,0.28996
142121,1588,113,27.082311116158962,1.0,0.0,0.0946476666666668,0.28939500000000007
142227,1589,106,30.131628734525293,1.0,0.0,0.09404699999999999,0.2888649999999999
142342,1590,115,21.414616785943508,1.0,0.0,0.09339533333333339,0.28828999999999994
142459,1591,117,26.436984895980004,1.0,0.0,0.0927323333333333,0.287705
142575,1592,116,25.58891606517136,1.0,0.0,0.09207500000000002,0.28712499999999996
142690,1593,115,27.309734711423516,1.0,0.0,0.0914233333333333,0.28654999999999997
142791,1594,101,20.63224791875109,1.0,0.0,0.09085100000000002,0.286045
142890,1595,99,29.68478363007307,1.0,0.0,0.09029000000000009,0.28554999999999997
143004,1596,114,34.000831849873066,1.0,0.0,0.08964400000000006,0.28498
143105,1597,101,2.9357694033533335,1.0,0.0,0.08907166666666677,0.28447500000000003
143218,1598,113,22.61970128491521,1.0,0.0,0.08843133333333342,0.28391
143336,1599,118,31.010575437452644,1.0,0.0,0.08776266666666666,0.28332
143446,1600,110,22.041028880514205,1.0,0.0,0.08713933333333335,0.28276999999999997
143550,1601,104,23.286099572200328,1.0,0.0,0.08655000000000013,0.28225
143653,1602,103,21.173715695738792,1.0,0.0,0.08596633333333337,0.28173499999999996
143754,1603,101,22.258417608216405,1.0,0.0,0.08539400000000008,0.28123
143853,1604,99,38.26914978539571,1.0,0.0,0.08483300000000005,0.28073499999999996
143953,1605,100,18.997128434479237,1.0,0.0,0.08426633333333333,0.280235
144051,1606,98,21.31004121550359,1.0,0.0,0.08371100000000009,0.279745
144161,1607,110,17.633994923904538,1.0,0.0,0.08308766666666667,0.27919499999999997
144262,1608,101,26.898396741598845,1.0,0.0,0.08251533333333338,0.27869
144370,1609,108,24.87564792111516,1.0,0.0,0.08190333333333333,0.27815
144483,1610,113,21.048153162002563,1.0,0.0,0.08126300000000009,0.27758499999999997
144588,1611,105,26.122305128723383,1.0,0.0,0.08066800000000007,0.27706
144700,1612,112,20.57206728309393,1.0,0.0,0.0800333333333334,0.27649999999999997
144813,1613,113,37.08347705285996,1.0,0.0,0.07939300000000005,0.27593500000000004
144910,1614,97,22.012155944947153,1.0,0.0,0.07884333333333338,0.27545
145009,1615,99,30.93024793593213,1.0,0.0,0.07828233333333345,0.27495500000000006
145106,1616,97,21.18582333996892,1.0,0.0,0.07773266666666678,0.27447
145216,1617,110,28.054507298395038,1.0,0.0,0.07710933333333336,0.27391999999999994
145317,1618,101,23.378229452762753,1.0,0.0,0.07653700000000008,0.27341499999999996
145432,1619,115,35.06725358590484,1.0,0.0,0.07588533333333336,0.27283999999999997
145532,1620,100,16.132240640366945,1.0,0.0,0.07531866666666664,0.27234
145640,1621,108,39.541163289919496,1.0,0.0,0.0747066666666667,0.27180000000000004
145750,1622,110,24.281886409968138,1.0,0.0,0.07408333333333339,0.27125
145846,1623,96,28.34346809051931,1.0,0.0,0.0735393333333334,0.27076999999999996
145942,1624,96,17.3409751560539,1.0,0.0,0.07299533333333341,0.27029000000000003
146044,1625,102,25.378075904212892,1.0,0.0,0.07241733333333344,0.26978
146151,1626,107,39.555074421688914,1.0,0.0,0.07181100000000007,0.26924499999999996
146245,1627,94,29.4920533481054,1.0,0.0,0.07127833333333344,0.268775
146346,1628,101,32.6975269196555,1.0,0.0,0.07070600000000005,0.26827
146445,1629,99,29.572975017130375,1.0,0.0,0.07014500000000012,0.2677750000000001
146548,1630,103,18.833384826779366,1.0,0.0,0.06956133333333336,0.26726000000000005
146645,1631,97,23.29286552174017,1.0,0.0,0.0690116666666667,0.266775
146756,1632,111,40.868186983745545,1.0,0.0,0.0683826666666667,0.26622
146853,1633,97,20.951295032165945,1.0,0.0,0.06783300000000003,0.26573500000000005
146962,1634,109,27.68319872720167,1.0,0.0,0.0672153333333334,0.26519000000000004
147077,1635,115,32.29641005722806,1.0,0.0,0.06656366666666669,0.26461500000000004
147185,1636,108,36.102779768407345,1.0,0.0,0.06595166666666674,0.26407500000000006
147289,1637,104,28.53771606227383,1.0,0.0,0.06536233333333341,0.263555
147389,1638,100,19.244575921446085,1.0,0.0,0.0647956666666667,0.26305500000000004
147496,1639,107,35.769219532143325,1.0,0.0,0.06418933333333343,0.26252
147608,1640,112,32.000777296721935,1.0,0.0,0.06355466666666676,0.26195999999999997
147721,1641,113,38.224977906793356,1.0,0.0,0.0629143333333333,0.26139499999999993
147816,1642,95,32.3776539824903,1.0,0.0,0.0623760000000001,0.26092000000000004
147919,1643,103,29.960890885442495,1.0,0.0,0.06179233333333334,0.260405
148023,1644,104,25.256882403045893,1.0,0.0,0.06120300000000001,0.2598849999999999
148120,1645,97,22.22686130926013,1.0,0.0,0.06065333333333334,0.25939999999999996
148220,1646,100,40.302964691538364,1.0,0.0,0.06008666666666673,0.2589
148319,1647,99,32.3660523109138,1.0,0.0,0.0595256666666667,0.258405
148417,1648,98,29.312573429197073,1.0,0.0,0.05897033333333335,0.257915
148528,1649,111,36.908614940941334,1.0,0.0,0.058341333333333356,0.25736000000000003
148633,1650,105,32.735212894156575,1.0,0.0,0.057746333333333344,0.2568349999999999
148741,1651,108,36.91096782591194,1.0,0.0,0.0571343333333334,0.25629500000000005
148847,1652,106,38.34401101991534,1.0,0.0,0.056533666666666704,0.255765
148956,1653,109,37.10384818352759,1.0,0.0,0.055915999999999966,0.25522
149066,1654,110,34.10396880283952,1.0,0.0,0.05529266666666677,0.25467000000000006
149167,1655,101,27.601810685824603,1.0,0.0,0.05472033333333337,0.254165
149264,1656,97,31.389572716783732,1.0,0.0,0.0541706666666667,0.2536799999999999
149371,1657,107,41.13132433407009,1.0,0.0,0.053564333333333436,0.25314500000000006
149483,1658,112,33.964637542143464,1.0,0.0,0.052929666666666764,0.25258500000000006
149578,1659,95,29.835132130421698,1.0,0.0,0.052391333333333345,0.25211000000000006
149676,1660,98,25.604099303483963,1.0,0.0,0.051836000000000104,0.25162000000000007
149780,1661,104,31.55542115168646,1.0,0.0,0.05124666666666666,0.2511
149887,1662,107,42.56469054892659,1.0,0.0,0.0506403333333334,0.25056500000000004
149990,1663,103,34.260923590511084,1.0,0.0,0.05005666666666675,0.25005
150097,1664,107,40.18282533623278,1.0,0.0,0.050000000000000044,0.25
150197,1665,100,40.31851266371086,1.0,0.0,0.050000000000000044,0.25
150311,1666,114,35.5718368338421,1.0,0.0,0.050000000000000044,0.25
150410,1667,99,32.96285707503557,1.0,0.0,0.050000000000000044,0.25
150506,1668,96,32.48097872175276,1.0,0.0,0.050000000000000044,0.25
150608,1669,102,31.455390873830765,1.0,0.0,0.050000000000000044,0.25
150710,1670,102,37.24215488880873,1.0,0.0,0.050000000000000044,0.25
150819,1671,109,43.466404860373586,1.0,0.0,0.050000000000000044,0.25
150928,1672,109,30.95820184610784,1.0,0.0,0.050000000000000044,0.25
151030,1673,102,30.177606895565987,1.0,0.0,0.050000000000000044,0.25
151125,1674,95,35.68575325421989,1.0,0.0,0.050000000000000044,0.25
151234,1675,109,36.52114271372557,1.0,0.0,0.050000000000000044,0.25
151346,1676,112,36.52144146338105,1.0,0.0,0.050000000000000044,0.25
151443,1677,97,35.32703092927113,1.0,0.0,0.050000000000000044,0.25
151557,1678,114,30.515352405629528,1.0,0.0,0.050000000000000044,0.25
151661,1679,104,28.2678252607584,1.0,0.0,0.050000000000000044,0.25
151760,1680,99,30.863174077123404,1.0,0.0,0.050000000000000044,0.25
151867,1681,107,38.14535398548469,1.0,0.0,0.050000000000000044,0.25
151971,1682,104,23.724844489246607,1.0,0.0,0.050000000000000044,0.25
152081,1683,110,35.29098930535838,1.0,0.0,0.050000000000000044,0.25
152180,1684,99,37.23658173531294,1.0,0.0,0.050000000000000044,0.25
152292,1685,112,35.81780790165067,1.0,0.0,0.050000000000000044,0.25
152387,1686,95,28.59901862964034,1.0,0.0,0.050000000000000044,0.25
152491,1687,104,25.050175931304693,1.0,0.0,0.050000000000000044,0.25
152598,1688,107,31.708693519234657,1.0,0.0,0.050000000000000044,0.25
152695,1689,97,35.783108279109,1.0,0.0,0.050000000000000044,0.25
152804,1690,109,37.772448817268014,1.0,0.0,0.050000000000000044,0.25
152913,1691,109,47.55487144179642,1.0,0.0,0.050000000000000044,0.25
153021,1692,108,36.679686384275556,1.0,0.0,0.050000000000000044,0.25
153120,1693,99,30.290185062680393,1.0,0.0,0.050000000000000044,0.25
153218,1694,98,34.06727259978652,1.0,0.0,0.050000000000000044,0.25
153324,1695,106,36.85754103958607,1.0,0.0,0.050000000000000044,0.25
153432,1696,108,35.253064014948905,1.0,0.0,0.050000000000000044,0.25
153544,1697,112,40.43009613081813,1.0,0.0,0.050000000000000044,0.25
153649,1698,105,36.183962224051356,1.0,0.0,0.050000000000000044,0.25
153751,1699,102,29.195762246847153,1.0,0.0,0.050000000000000044,0.25
153846,1700,95,30.705092169344425,1.0,0.0,0.050000000000000044,0.25
153957,1701,111,38.62175112683326,1.0,0.0,0.050000000000000044,0.25
154059,1702,102,34.69310211343691,1.0,0.0,0.050000000000000044,0.25
154154,1703,95,30.991218029987067,1.0,0.0,0.050000000000000044,0.25
154261,1704,107,28.68663676828146,1.0,0.0,0.050000000000000044,0.25
154360,1705,99,21.59319206699729,1.0,0.0,0.050000000000000044,0.25
154461,1706,101,37.84312843065709,1.0,0.0,0.050000000000000044,0.25
154561,1707,100,39.29091497883201,1.0,0.0,0.050000000000000044,0.25
154664,1708,103,43.888363379985094,1.0,0.0,0.050000000000000044,0.25
154767,1709,103,33.95411444827914,1.0,0.0,0.050000000000000044,0.25
154868,1710,101,36.98272637883201,1.0,0.0,0.050000000000000044,0.25
154969,1711,101,35.54426226625219,1.0,0.0,0.050000000000000044,0.25
155075,1712,106,32.40236618556082,1.0,0.0,0.050000000000000044,0.25
155182,1713,107,41.10146393813193,1.0,0.0,0.050000000000000044,0.25
155282,1714,100,29.764320235699415,1.0,0.0,0.050000000000000044,0.25
155384,1715,102,22.798094218131155,1.0,0.0,0.050000000000000044,0.25
155482,1716,98,33.15354642830789,1.0,0.0,0.050000000000000044,0.25
155581,1717,99,21.378629010170698,1.0,0.0,0.050000000000000044,0.25
155691,1718,110,41.858416775707155,1.0,0.0,0.050000000000000044,0.25
155788,1719,97,34.611292358487844,1.0,0.0,0.050000000000000044,0.25
155890,1720,102,35.58822772465646,1.0,0.0,0.050000000000000044,0.25
155989,1721,99,33.651639085263014,1.0,0.0,0.050000000000000044,0.25
156099,1722,110,42.3131859600544,1.0,0.0,0.050000000000000044,0.25
156196,1723,97,23.805710332933813,1.0,0.0,0.050000000000000044,0.25
156304,1724,108,34.26676497235894,1.0,0.0,0.050000000000000044,0.25
156403,1725,99,40.92318053357303,1.0,0.0,0.050000000000000044,0.25
156498,1726,95,29.571489981841296,1.0,0.0,0.050000000000000044,0.25
156597,1727,99,31.18712140666321,1.0,0.0,0.050000000000000044,0.25
156698,1728,101,22.118802403099835,1.0,0.0,0.050000000000000044,0.25
156806,1729,108,26.70727628096938,1.0,0.0,0.050000000000000044,0.25
156904,1730,98,32.762407063972205,1.0,0.0,0.050000000000000044,0.25
157012,1731,108,32.453582372982055,1.0,0.0,0.050000000000000044,0.25
157140,1732,128,30.781251844018698,1.0,0.0,0.050000000000000044,0.25
157242,1733,102,31.126121423672885,1.0,0.0,0.050000000000000044,0.25
157344,1734,102,35.142801815178245,1.0,0.0,0.050000000000000044,0.25
157458,1735,114,33.90637327451259,1.0,0.0,0.050000000000000044,0.25
157568,1736,110,33.48061840189621,1.0,0.0,0.050000000000000044,0.25
157670,1737,102,33.308631469495595,1.0,0.0,0.050000000000000044,0.25
157774,1738,104,38.37954389117658,1.0,0.0,0.050000000000000044,0.25
157882,1739,108,28.996863113279687,1.0,0.0,0.050000000000000044,0.25
157996,1740,114,41.02227582409978,1.0,0.0,0.050000000000000044,0.25
158091,1741,95,35.2579252384603,1.0,0.0,0.050000000000000044,0.25
158199,1742,108,31.37966711446643,1.0,0.0,0.050000000000000044,0.25
158312,1743,113,36.449741806369275,1.0,0.0,0.050000000000000044,0.25
158418,1744,106,33.992548785638064,1.0,0.0,0.050000000000000044,0.25
158523,1745,105,44.240736161824316,1.0,0.0,0.050000000000000044,0.25
158633,1746,110,27.47034468082711,1.0,0.0,0.050000000000000044,0.25
158731,1747,98,25.823865611106157,1.0,0.0,0.050000000000000044,0.25
158840,1748,109,34.02753552189097,1.0,0.0,0.050000000000000044,0.25
158946,1749,106,28.1496697133407,1.0,0.0,0.050000000000000044,0.25
159057,1750,111,38.650711078196764,1.0,0.0,0.050000000000000044,0.25
159152,1751,95,31.29752376815304,1.0,0.0,0.050000000000000044,0.25
159247,1752,95,33.89820480812341,1.0,0.0,0.050000000000000044,0.25
159351,1753,104,40.74849331006408,1.0,0.0,0.050000000000000044,0.25
159451,1754,100,32.845166774466634,1.0,0.0,0.050000000000000044,0.25
159546,1755,95,24.124124228954315,1.0,0.0,0.050000000000000044,0.25
159656,1756,110,36.89161391183734,1.0,0.0,0.050000000000000044,0.25
159764,1757,108,31.964442477561533,1.0,0.0,0.050000000000000044,0.25
159865,1758,101,38.49246226809919,1.0,0.0,0.050000000000000044,0.25
159976,1759,111,40.01777881383896,1.0,0.0,0.050000000000000044,0.25
160076,1760,100,32.739162381738424,1.0,0.0,0.050000000000000044,0.25
160183,1761,107,28.805531054735184,1.0,0.0,0.050000000000000044,0.25
160280,1762,97,32.31164776114747,1.0,0.0,0.050000000000000044,0.25
160378,1763,98,35.33078848896548,1.0,0.0,0.050000000000000044,0.25
160482,1764,104,38.95128143625334,1.0,0.0,0.050000000000000044,0.25
160594,1765,112,26.97170015797019,1.0,0.0,0.050000000000000044,0.25
160693,1766,99,29.31931648403406,1.0,0.0,0.050000000000000044,0.25
160801,1767,108,36.0687660202384,1.0,0.0,0.050000000000000044,0.25
160904,1768,103,26.676391187123954,1.0,0.0,0.050000000000000044,0.25
161008,1769,104,17.29541233787313,1.0,0.0,0.050000000000000044,0.25
161105,1770,97,31.950932200532407,1.0,0.0,0.050000000000000044,0.25
161213,1771,108,35.69179503060877,1.0,0.0,0.050000000000000044,0.25
161312,1772,99,29.35348865389824,1.0,0.0,0.050000000000000044,0.25
161425,1773,113,32.80635866103694,1.0,0.0,0.050000000000000044,0.25
161536,1774,111,37.74537629913539,1.0,0.0,0.050000000000000044,0.25
161639,1775,103,27.144808501005173,1.0,0.0,0.050000000000000044,0.25
161743,1776,104,40.74522424675524,1.0,0.0,0.050000000000000044,0.25
161853,1777,110,42.84112821845338,1.0,0.0,0.050000000000000044,0.25
161954,1778,101,41.05473174480721,1.0,0.0,0.050000000000000044,0.25
162056,1779,102,36.07852977095172,1.0,0.0,0.050000000000000044,0.25
162158,1780,102,36.00425857119262,1.0,0.0,0.050000000000000044,0.25
162267,1781,109,32.216801796108484,1.0,0.0,0.050000000000000044,0.25
162377,1782,110,39.22279983153567,1.0,0.0,0.050000000000000044,0.25
162495,1783,118,30.889773096423596,1.0,0.0,0.050000000000000044,0.25
162596,1784,101,27.7095376746729,1.0,0.0,0.050000000000000044,0.25
162695,1785,99,26.964305572211742,1.0,0.0,0.050000000000000044,0.25
162793,1786,98,23.059530416037887,1.0,0.0,0.050000000000000044,0.25
162904,1787,111,37.533565225079656,1.0,0.0,0.050000000000000044,0.25
163012,1788,108,31.957057893276215,1.0,0.0,0.050000000000000044,0.25
163108,1789,96,34.71259014401585,1.0,0.0,0.050000000000000044,0.25
163212,1790,104,33.0833132378757,1.0,0.0,0.050000000000000044,0.25
163324,1791,112,40.851070556323975,1.0,0.0,0.050000000000000044,0.25
163429,1792,105,37.606233049184084,1.0,0.0,0.050000000000000044,0.25
163534,1793,105,41.186220770701766,1.0,0.0,0.050000000000000044,0.25
163639,1794,105,35.178037275676616,1.0,0.0,0.050000000000000044,0.25
163746,1795,107,27.72399275423959,1.0,0.0,0.050000000000000044,0.25
163859,1796,113,37.22518152371049,1.0,0.0,0.050000000000000044,0.25
163961,1797,102,29.33096069470048,1.0,0.0,0.050000000000000044,0.25
164058,1798,97,25.23321069404483,1.0,0.0,0.050000000000000044,0.25
164159,1799,101,36.5111359548755,1.0,0.0,0.050000000000000044,0.25
164262,1800,103,35.146005753427744,1.0,0.0,0.050000000000000044,0.25
164364,1801,102,31.605098391883075,1.0,0.0,0.050000000000000044,0.25
164475,1802,111,31.829429475590587,1.0,0.0,0.050000000000000044,0.25
164593,1803,118,36.08102875901386,1.0,0.0,0.050000000000000044,0.25
164707,1804,114,37.509028990287334,1.0,0.0,0.050000000000000044,0.25
164807,1805,100,38.26101338490844,1.0,0.0,0.050000000000000044,0.25
164918,1806,111,32.738937847316265,1.0,0.0,0.050000000000000044,0.25
165017,1807,99,32.35800445033237,1.0,0.0,0.050000000000000044,0.25
165125,1808,108,39.89263231679797,1.0,0.0,0.050000000000000044,0.25
165222,1809,97,27.254714362323284,1.0,0.0,0.050000000000000044,0.25
165338,1810,116,42.069030517246574,1.0,0.0,0.050000000000000044,0.25
165452,1811,114,35.182618835475296,1.0,0.0,0.050000000000000044,0.25
165562,1812,110,37.4481903668493,1.0,0.0,0.050000000000000044,0.25
165657,1813,95,30.225154396146536,1.0,0.0,0.050000000000000044,0.25
165753,1814,96,29.719266407191753,1.0,0.0,0.050000000000000044,0.25
165869,1815,116,28.173890098929405,1.0,0.0,0.050000000000000044,0.25
165999,1816,130,-30.50914007704705,0.0,0.0,0.050000000000000044,0.25
166099,1817,100,40.17831292983465,1.0,0.0,0.050000000000000044,0.25
166197,1818,98,31.89933285675943,1.0,0.0,0.050000000000000044,0.25
166301,1819,104,35.4796769823879,1.0,0.0,0.050000000000000044,0.25
166414,1820,113,38.06554479151964,1.0,0.0,0.050000000000000044,0.25
166509,1821,95,31.802273124456406,1.0,0.0,0.050000000000000044,0.25
166619,1822,110,27.345328513067216,1.0,0.0,0.050000000000000044,0.25
166749,1823,130,-13.351112822070718,0.0,0.0,0.050000000000000044,0.25
166858,1824,109,39.522583704441786,1.0,0.0,0.050000000000000044,0.25
166971,1825,113,33.99590313062072,1.0,0.0,0.050000000000000044,0.25
167069,1826,98,27.73631776450202,1.0,0.0,0.050000000000000044,0.25
167169,1827,100,32.917333997320384,1.0,0.0,0.050000000000000044,0.25
167299,1828,130,-13.184883100911975,0.0,0.0,0.050000000000000044,0.25
167404,1829,105,39.50199630623683,1.0,0.0,0.050000000000000044,0.25
167512,1830,108,25.873072255402803,1.0,0.0,0.050000000000000044,0.25
167623,1831,111,39.97033359762281,1.0,0.0,0.050000000000000044,0.25
167753,1832,130,-35.008218582719564,0.0,0.0,0.050000000000000044,0.25
167866,1833,113,33.87043827213347,1.0,0.0,0.050000000000000044,0.25
167974,1834,108,31.465206921100616,1.0,0.0,0.050000000000000044,0.25
168104,1835,130,-17.52871996955946,0.0,0.0,0.050000000000000044,0.25
168218,1836,114,43.80406476929784,1.0,0.0,0.050000000000000044,0.25
168322,1837,104,36.09944670833647,1.0,0.0,0.050000000000000044,0.25
168435,1838,113,33.188481867313385,1.0,0.0,0.050000000000000044,0.25
168542,1839,107,26.713988531380892,1.0,0.0,0.050000000000000044,0.25
168649,1840,107,37.36961651779711,1.0,0.0,0.050000000000000044,0.25
168757,1841,108,36.34542978974059,1.0,0.0,0.050000000000000044,0.25
168859,1842,102,38.88940308103338,1.0,0.0,0.050000000000000044,0.25
168978,1843,119,31.16177025437355,1.0,0.0,0.050000000000000044,0.25
169092,1844,114,23.06522275088355,1.0,0.0,0.050000000000000044,0.25
169190,1845,98,42.16472253203392,1.0,0.0,0.050000000000000044,0.25
169291,1846,101,34.93127512652427,1.0,0.0,0.050000000000000044,0.25
169384,1847,93,29.02076013525948,1.0,0.0,0.050000000000000044,0.25
169499,1848,115,39.114690591115505,1.0,0.0,0.050000000000000044,0.25
169602,1849,103,38.0474678738974,1.0,0.0,0.050000000000000044,0.25
169715,1850,113,31.553120654076338,1.0,0.0,0.050000000000000044,0.25
169845,1851,130,-17.689807690680027,0.0,0.0,0.050000000000000044,0.25
169947,1852,102,32.23444686131552,1.0,0.0,0.050000000000000044,0.25
170057,1853,110,35.75753329927102,1.0,0.0,0.050000000000000044,0.25
170168,1854,111,32.680067386478186,1.0,0.0,0.050000000000000044,0.25
170273,1855,105,37.757545347791165,1.0,0.0,0.050000000000000044,0.25
170371,1856,98,29.338336898043053,1.0,0.0,0.050000000000000044,0.25
170474,1857,103,37.07016186788678,1.0,0.0,0.050000000000000044,0.25
170581,1858,107,39.82630526322464,1.0,0.0,0.050000000000000044,0.25
170694,1859,113,39.68921120327286,1.0,0.0,0.050000000000000044,0.25
170802,1860,108,33.57745715044439,1.0,0.0,0.050000000000000044,0.25
170910,1861,108,37.5837013758719,1.0,0.0,0.050000000000000044,0.25
171006,1862,96,41.254224909003824,1.0,0.0,0.050000000000000044,0.25
171118,1863,112,34.03710379824042,1.0,0.0,0.050000000000000044,0.25
171216,1864,98,28.320540805812925,1.0,0.0,0.050000000000000044,0.25
171319,1865,103,37.0743491910398,1.0,0.0,0.050000000000000044,0.25
171431,1866,112,36.093261735048145,1.0,0.0,0.050000000000000044,0.25
171528,1867,97,29.782796549610794,1.0,0.0,0.050000000000000044,0.25
171635,1868,107,38.154564525932074,1.0,0.0,0.050000000000000044,0.25
171733,1869,98,30.92146845906973,1.0,0.0,0.050000000000000044,0.25
171843,1870,110,42.20335608161986,1.0,0.0,0.050000000000000044,0.25
171942,1871,99,25.52605013595894,1.0,0.0,0.050000000000000044,0.25
172052,1872,110,31.904726464301348,1.0,0.0,0.050000000000000044,0.25
172156,1873,104,31.39578229188919,1.0,0.0,0.050000000000000044,0.25
172264,1874,108,39.164585649967194,1.0,0.0,0.050000000000000044,0.25
172382,1875,118,42.98544448195025,1.0,0.0,0.050000000000000044,0.25
172496,1876,114,37.251993557438254,1.0,0.0,0.050000000000000044,0.25
172611,1877,115,31.274323157966137,1.0,0.0,0.050000000000000044,0.25
172712,1878,101,29.63520185649395,1.0,0.0,0.050000000000000044,0.25
172810,1879,98,33.19177108164877,1.0,0.0,0.050000000000000044,0.25
172907,1880,97,17.8942207172513,1.0,0.0,0.050000000000000044,0.25
173009,1881,102,31.349571891129017,1.0,0.0,0.050000000000000044,0.25
173113,1882,104,26.339030873030424,1.0,0.0,0.050000000000000044,0.25
173225,1883,112,36.62357615493238,1.0,0.0,0.050000000000000044,0.25
173323,1884,98,32.25019783480093,1.0,0.0,0.050000000000000044,0.25
173424,1885,101,30.27235748199746,1.0,0.0,0.050000000000000044,0.25
173529,1886,105,39.17594036785886,1.0,0.0,0.050000000000000044,0.25
173634,1887,105,32.20581566588953,1.0,0.0,0.050000000000000044,0.25
173743,1888,109,36.97661505732685,1.0,0.0,0.050000000000000044,0.25
173844,1889,101,31.105514073278755,1.0,0.0,0.050000000000000044,0.25
173952,1890,108,30.16653081588447,1.0,0.0,0.050000000000000044,0.25
174048,1891,96,27.00161438062787,1.0,0.0,0.050000000000000044,0.25
174156,1892,108,36.52380872890353,1.0,0.0,0.050000000000000044,0.25
174268,1893,112,35.98132512671873,1.0,0.0,0.050000000000000044,0.25
174371,1894,103,35.62209049379453,1.0,0.0,0.050000000000000044,0.25
174481,1895,110,31.336267039179802,1.0,0.0,0.050000000000000044,0.25
174586,1896,105,32.07830579811707,1.0,0.0,0.050000000000000044,0.25
174691,1897,105,42.099190938752145,1.0,0.0,0.050000000000000044,0.25
174799,1898,108,31.12119750585407,1.0,0.0,0.050000000000000044,0.25
174900,1899,101,33.288736302405596,1.0,0.0,0.050000000000000044,0.25
174996,1900,96,28.80121652269736,1.0,0.0,0.050000000000000044,0.25
175107,1901,111,32.08073214767501,1.0,0.0,0.050000000000000044,0.25
175206,1902,99,35.170089018996805,1.0,0.0,0.050000000000000044,0.25
175311,1903,105,31.30209020897746,1.0,0.0,0.050000000000000044,0.25
175415,1904,104,39.10954298079014,1.0,0.0,0.050000000000000044,0.25
175510,1905,95,36.33399084303528,1.0,0.0,0.050000000000000044,0.25
175620,1906,110,37.13822031393647,1.0,0.0,0.050000000000000044,0.25
175716,1907,96,35.26609979197383,1.0,0.0,0.050000000000000044,0.25
175826,1908,110,41.75357677787542,1.0,0.0,0.050000000000000044,0.25
175939,1909,113,30.60710845515132,1.0,0.0,0.050000000000000044,0.25
176050,1910,111,42.348908578045666,1.0,0.0,0.050000000000000044,0.25
176155,1911,105,31.062348268460482,1.0,0.0,0.050000000000000044,0.25
176250,1912,95,27.458861438557506,1.0,0.0,0.050000000000000044,0.25
176353,1913,103,37.064645513892174,1.0,0.0,0.050000000000000044,0.25
176468,1914,115,26.044218936935067,1.0,0.0,0.050000000000000044,0.25
176580,1915,112,42.474219024181366,1.0,0.0,0.050000000000000044,0.25
176679,1916,99,40.71475193230435,1.0,0.0,0.050000000000000044,0.25
176789,1917,110,35.16350209340453,1.0,0.0,0.050000000000000044,0.25
176893,1918,104,38.18935210397467,1.0,0.0,0.050000000000000044,0.25
176994,1919,101,28.564708578865975,1.0,0.0,0.050000000000000044,0.25
177095,1920,101,29.6954415589571,1.0,0.0,0.050000000000000044,0.25
177211,1921,116,37.02652189694345,1.0,0.0,0.050000000000000044,0.25
177321,1922,110,45.500533535610884,1.0,0.0,0.050000000000000044,0.25
177418,1923,97,31.9837156557478,1.0,0.0,0.050000000000000044,0.25
177530,1924,112,35.19475568039343,1.0,0.0,0.050000000000000044,0.25
177641,1925,111,34.39099575160071,1.0,0.0,0.050000000000000044,0.25
177742,1926,101,33.90594797022641,1.0,0.0,0.050000000000000044,0.25
177841,1927,99,39.81324672047049,1.0,0.0,0.050000000000000044,0.25
177943,1928,102,28.440460510086268,1.0,0.0,0.050000000000000044,0.25
178048,1929,105,34.66187385842204,1.0,0.0,0.050000000000000044,0.25
178149,1930,101,30.277223547920585,1.0,0.0,0.050000000000000044,0.25
178248,1931,99,33.17785021150485,1.0,0.0,0.050000000000000044,0.25
178358,1932,110,32.23822529986501,1.0,0.0,0.050000000000000044,0.25
178471,1933,113,37.33352540200576,1.0,0.0,0.050000000000000044,0.25
178574,1934,103,31.299656034912914,1.0,0.0,0.050000000000000044,0.25
178678,1935,104,34.54240575013682,1.0,0.0,0.050000000000000044,0.25
178780,1936,102,36.17640080489218,1.0,0.0,0.050000000000000044,0.25
178874,1937,94,26.199792799074203,1.0,0.0,0.050000000000000044,0.25
178974,1938,100,31.54620624706149,1.0,0.0,0.050000000000000044,0.25
179085,1939,111,32.30866636149585,1.0,0.0,0.050000000000000044,0.25
179197,1940,112,33.952304899692535,1.0,0.0,0.050000000000000044,0.25
179305,1941,108,39.39620762318373,1.0,0.0,0.050000000000000044,0.25
179400,1942,95,28.620587486308068,1.0,0.0,0.050000000000000044,0.25
179509,1943,109,40.57407545624301,1.0,0.0,0.050000000000000044,0.25
179639,1944,130,-9.917743831407279,0.0,0.0,0.050000000000000044,0.25
179742,1945,103,31.970754344016314,1.0,0.0,0.050000000000000044,0.25
179854,1946,112,31.587435144931078,1.0,0.0,0.050000000000000044,0.25
179951,1947,97,33.405636991374195,1.0,0.0,0.050000000000000044,0.25
180064,1948,113,43.754695165902376,1.0,0.0,0.050000000000000044,0.25
180162,1949,98,23.63882014527917,1.0,0.0,0.050000000000000044,0.25
180292,1950,130,-30.968618466053158,0.0,0.0,0.050000000000000044,0.25
180403,1951,111,36.5046202391386,1.0,0.0,0.050000000000000044,0.25
180499,1952,96,33.7015828685835,1.0,0.0,0.050000000000000044,0.25
180612,1953,113,30.22586697153747,1.0,0.0,0.050000000000000044,0.25
180726,1954,114,26.73931748373434,1.0,0.0,0.050000000000000044,0.25
180832,1955,106,35.43843024596572,1.0,0.0,0.050000000000000044,0.25
180950,1956,118,40.01711327582598,1.0,0.0,0.050000000000000044,0.25
181080,1957,130,-12.23549502901733,0.0,0.0,0.050000000000000044,0.25
181187,1958,107,29.43997937068343,1.0,0.0,0.050000000000000044,0.25
181284,1959,97,36.65611032769084,1.0,0.0,0.050000000000000044,0.25
181390,1960,106,37.1984505536966,1.0,0.0,0.050000000000000044,0.25
181504,1961,114,33.856606028042734,1.0,0.0,0.050000000000000044,0.25
181624,1962,120,28.309945974498987,1.0,0.0,0.050000000000000044,0.25
181732,1963,108,36.37169451639056,1.0,0.0,0.050000000000000044,0.25
181849,1964,117,44.27680720761418,1.0,0.0,0.050000000000000044,0.25
181956,1965,107,31.043822765350342,1.0,0.0,0.050000000000000044,0.25
182065,1966,109,32.214314203709364,1.0,0.0,0.050000000000000044,0.25
182168,1967,103,38.60948230046779,1.0,0.0,0.050000000000000044,0.25
182276,1968,108,36.43709567934275,1.0,0.0,0.050000000000000044,0.25
182384,1969,108,35.55749390879646,1.0,0.0,0.050000000000000044,0.25
182495,1970,111,34.671063787769526,1.0,0.0,0.050000000000000044,0.25
182600,1971,105,33.213842049241066,1.0,0.0,0.050000000000000044,0.25
182724,1972,124,39.37080021679867,1.0,0.0,0.050000000000000044,0.25
182818,1973,94,33.08888879418373,1.0,0.0,0.050000000000000044,0.25
182918,1974,100,36.00542323337868,1.0,0.0,0.050000000000000044,0.25
183019,1975,101,25.17015266790986,1.0,0.0,0.050000000000000044,0.25
183129,1976,110,32.24474895885214,1.0,0.0,0.050000000000000044,0.25
183227,1977,98,29.627674838528037,1.0,0.0,0.050000000000000044,0.25
183325,1978,98,30.990394424647093,1.0,0.0,0.050000000000000044,0.25
183424,1979,99,25.331863271072507,1.0,0.0,0.050000000000000044,0.25
183522,1980,98,33.97099182661623,1.0,0.0,0.050000000000000044,0.25
183621,1981,99,29.829666379839182,1.0,0.0,0.050000000000000044,0.25
183729,1982,108,35.59904632717371,1.0,0.0,0.050000000000000044,0.25
183826,1983,97,35.8317154282704,1.0,0.0,0.050000000000000044,0.25
183933,1984,107,41.79807295277715,1.0,0.0,0.050000000000000044,0.25
184044,1985,111,35.58527263626456,1.0,0.0,0.050000000000000044,0.25
184141,1986,97,24.09843082772568,1.0,0.0,0.050000000000000044,0.25
184248,1987,107,37.789204402826726,1.0,0.0,0.050000000000000044,0.25
184355,1988,107,23.307642199099064,1.0,0.0,0.050000000000000044,0.25
184461,1989,106,41.52193749882281,1.0,0.0,0.050000000000000044,0.25
184570,1990,109,41.05162514746189,1.0,0.0,0.050000000000000044,0.25
184678,1991,108,38.89095944259316,1.0,0.0,0.050000000000000044,0.25
184783,1992,105,37.146509354934096,1.0,0.0,0.050000000000000044,0.25
184889,1993,106,26.046257853507996,1.0,0.0,0.050000000000000044,0.25
184995,1994,106,26.43617377198825,1.0,0.0,0.050000000000000044,0.25
185098,1995,103,33.21135884895921,1.0,0.0,0.050000000000000044,0.25
185210,1996,112,39.68843583529815,1.0,0.0,0.050000000000000044,0.25
185310,1997,100,24.959339081775397,1.0,0.0,0.050000000000000044,0.25
185417,1998,107,38.82753775641322,1.0,0.0,0.050000000000000044,0.25
185526,1999,109,33.45560938119888,1.0,0.0,0.050000000000000044,0.25
185638,2000,112,33.04469405580312,1.0,0.0,0.050000000000000044,0.25
185747,2001,109,40.94746276317164,1.0,0.0,0.050000000000000044,0.25
185859,2002,112,19.87833522587971,1.0,0.0,0.050000000000000044,0.25
185957,2003,98,20.513115036766976,1.0,0.0,0.050000000000000044,0.25
186056,2004,99,36.397067601792514,1.0,0.0,0.050000000000000044,0.25
186165,2005,109,35.339351140893996,1.0,0.0,0.050000000000000044,0.25
186267,2006,102,36.8597417823039,1.0,0.0,0.050000000000000044,0.25
186367,2007,100,23.99613969773054,1.0,0.0,0.050000000000000044,0.25
186483,2008,116,35.920301392674446,1.0,0.0,0.050000000000000044,0.25
186589,2009,106,29.26175437308848,1.0,0.0,0.050000000000000044,0.25
186702,2010,113,37.57229734770954,1.0,0.0,0.050000000000000044,0.25
186815,2011,113,46.58276045881212,1.0,0.0,0.050000000000000044,0.25
186919,2012,104,37.50581873394549,1.0,0.0,0.050000000000000044,0.25
187017,2013,98,33.597035164013505,1.0,0.0,0.050000000000000044,0.25
187121,2014,104,29.33356713503599,1.0,0.0,0.050000000000000044,0.25
187231,2015,110,34.674827666487545,1.0,0.0,0.050000000000000044,0.25
187330,2016,99,23.615177415311337,1.0,0.0,0.050000000000000044,0.25
187431,2017,101,35.02591669427056,1.0,0.0,0.050000000000000044,0.25
187543,2018,112,34.55685637380884,1.0,0.0,0.050000000000000044,0.25
187657,2019,114,32.586344394389016,1.0,0.0,0.050000000000000044,0.25
187756,2020,99,36.58669224893674,1.0,0.0,0.050000000000000044,0.25
187852,2021,96,31.222131356596947,1.0,0.0,0.050000000000000044,0.25
187954,2022,102,28.748794009443372,1.0,0.0,0.050000000000000044,0.25
188064,2023,110,42.726763607002795,1.0,0.0,0.050000000000000044,0.25
188167,2024,103,32.15992945805192,1.0,0.0,0.050000000000000044,0.25
188270,2025,103,39.61165915988386,1.0,0.0,0.050000000000000044,0.25
188374,2026,104,20.042168393731117,1.0,0.0,0.050000000000000044,0.25
188470,2027,96,39.08455856330693,1.0,0.0,0.050000000000000044,0.25
188569,2028,99,34.741855073254555,1.0,0.0,0.050000000000000044,0.25
188667,2029,98,40.73552632937208,1.0,0.0,0.050000000000000044,0.25
188781,2030,114,35.279792870394886,1.0,0.0,0.050000000000000044,0.25
188893,2031,112,34.76939732208848,1.0,0.0,0.050000000000000044,0.25
189001,2032,108,33.82834804710001,1.0,0.0,0.050000000000000044,0.25
189108,2033,107,37.48662383807823,1.0,0.0,0.050000000000000044,0.25
189218,2034,110,42.20175810299406,1.0,0.0,0.050000000000000044,0.25
189324,2035,106,34.933063607662916,1.0,0.0,0.050000000000000044,0.25
189429,2036,105,37.65352598950267,1.0,0.0,0.050000000000000044,0.25
189540,2037,111,39.79933779640123,1.0,0.0,0.050000000000000044,0.25
189645,2038,105,31.344342881347984,1.0,0.0,0.050000000000000044,0.25
189758,2039,113,16.57179505005479,1.0,0.0,0.050000000000000044,0.25
189861,2040,103,40.867386762518436,1.0,0.0,0.050000000000000044,0.25
189965,2041,104,33.283103657886386,1.0,0.0,0.050000000000000044,0.25
190077,2042,112,42.99880222603679,1.0,0.0,0.050000000000000044,0.25
190179,2043,102,36.203641682863235,1.0,0.0,0.050000000000000044,0.25
190289,2044,110,39.47741963714361,1.0,0.0,0.050000000000000044,0.25
190399,2045,110,30.287281811237335,1.0,0.0,0.050000000000000044,0.25
190503,2046,104,35.536599543876946,1.0,0.0,0.050000000000000044,0.25
190613,2047,110,39.737992502748966,1.0,0.0,0.050000000000000044,0.25
190721,2048,108,36.73847320349887,1.0,0.0,0.050000000000000044,0.25
190831,2049,110,32.647523410152644,1.0,0.0,0.050000000000000044,0.25
190942,2050,111,45.38181698508561,1.0,0.0,0.050000000000000044,0.25
191055,2051,113,39.8726358525455,1.0,0.0,0.050000000000000044,0.25
191168,2052,113,43.601577285677195,1.0,0.0,0.050000000000000044,0.25
191269,2053,101,33.23271462554112,1.0,0.0,0.050000000000000044,0.25
191383,2054,114,31.264675356447697,1.0,0.0,0.050000000000000044,0.25
191481,2055,98,35.696227204054594,1.0,0.0,0.050000000000000044,0.25
191594,2056,113,30.791370768100023,1.0,0.0,0.050000000000000044,0.25
191697,2057,103,25.027471870183945,1.0,0.0,0.050000000000000044,0.25
191807,2058,110,39.715184431523085,1.0,0.0,0.050000000000000044,0.25
191916,2059,109,28.361146602313966,1.0,0.0,0.050000000000000044,0.25
192011,2060,95,33.96965364739299,1.0,0.0,0.050000000000000044,0.25
192121,2061,110,34.576032172422856,1.0,0.0,0.050000000000000044,0.25
192232,2062,111,42.63037085812539,1.0,0.0,0.050000000000000044,0.25
192333,2063,101,31.444005630444735,1.0,0.0,0.050000000000000044,0.25
192433,2064,100,35.038374710828066,1.0,0.0,0.050000000000000044,0.25
192545,2065,112,34.066302521154284,1.0,0.0,0.050000000000000044,0.25
192645,2066,100,40.06243405677378,1.0,0.0,0.050000000000000044,0.25
192759,2067,114,34.78233163803816,1.0,0.0,0.050000000000000044,0.25
192856,2068,97,27.10951892659068,1.0,0.0,0.050000000000000044,0.25
192963,2069,107,34.64828734335606,1.0,0.0,0.050000000000000044,0.25
193060,2070,97,39.95913344435394,1.0,0.0,0.050000000000000044,0.25
193175,2071,115,41.961460400372744,1.0,0.0,0.050000000000000044,0.25
193279,2072,104,32.9295558501035,1.0,0.0,0.050000000000000044,0.25
193384,2073,105,29.49507314711809,1.0,0.0,0.050000000000000044,0.25
193480,2074,96,42.35838886722922,1.0,0.0,0.050000000000000044,0.25
193581,2075,101,29.32887818198651,1.0,0.0,0.050000000000000044,0.25
193687,2076,106,37.54264672053978,1.0,0.0,0.050000000000000044,0.25
193801,2077,114,38.28087397618219,1.0,0.0,0.050000000000000044,0.25
193916,2078,115,31.366761160097667,1.0,0.0,0.050000000000000044,0.25
194023,2079,107,32.46016332227737,1.0,0.0,0.050000000000000044,0.25
194119,2080,96,28.96888579800725,1.0,0.0,0.050000000000000044,0.25
194221,2081,102,36.2676493707113,1.0,0.0,0.050000000000000044,0.25
194321,2082,100,28.40147916600108,1.0,0.0,0.050000000000000044,0.25
194418,2083,97,27.64290789561346,1.0,0.0,0.050000000000000044,0.25
194523,2084,105,21.727385718480946,1.0,0.0,0.050000000000000044,0.25
194623,2085,100,29.337901692837477,1.0,0.0,0.050000000000000044,0.25
194733,2086,110,32.02215585720114,1.0,0.0,0.050000000000000044,0.25
194847,2087,114,32.67271664738655,1.0,0.0,0.050000000000000044,0.25
194942,2088,95,27.563050542026758,1.0,0.0,0.050000000000000044,0.25
195054,2089,112,47.99823380727321,1.0,0.0,0.050000000000000044,0.25
195151,2090,97,38.333776308223605,1.0,0.0,0.050000000000000044,0.25
195248,2091,97,20.80039056017995,1.0,0.0,0.050000000000000044,0.25
195352,2092,104,36.01016607231577,1.0,0.0,0.050000000000000044,0.25
195458,2093,106,25.122203685343266,1.0,0.0,0.050000000000000044,0.25
195558,2094,100,43.998335894197226,1.0,0.0,0.050000000000000044,0.25
195655,2095,97,34.4310814589262,1.0,0.0,0.050000000000000044,0.25
195753,2096,98,18.695354680996388,1.0,0.0,0.050000000000000044,0.25
195868,2097,115,31.00579941459,1.0,0.0,0.050000000000000044,0.25
195977,2098,109,28.70751040056348,1.0,0.0,0.050000000000000044,0.25
196090,2099,113,32.38755294913426,1.0,0.0,0.050000000000000044,0.25
196194,2100,104,29.418600401841104,1.0,0.0,0.050000000000000044,0.25
196295,2101,101,38.64884973317385,1.0,0.0,0.050000000000000044,0.25
196399,2102,104,22.81121182255447,1.0,0.0,0.050000000000000044,0.25
196498,2103,99,38.92389397509396,1.0,0.0,0.050000000000000044,0.25
196602,2104,104,38.528354154899716,1.0,0.0,0.050000000000000044,0.25
196710,2105,108,39.17056667666475,1.0,0.0,0.050000000000000044,0.25
196805,2106,95,36.99423194490373,1.0,0.0,0.050000000000000044,0.25
196908,2107,103,39.50724979955703,1.0,0.0,0.050000000000000044,0.25
197019,2108,111,35.7587084248662,1.0,0.0,0.050000000000000044,0.25
197122,2109,103,18.85474381549284,1.0,0.0,0.050000000000000044,0.25
197236,2110,114,46.78201119462028,1.0,0.0,0.050000000000000044,0.25
197338,2111,102,28.991962857544422,1.0,0.0,0.050000000000000044,0.25
197438,2112,100,34.60812184819952,1.0,0.0,0.050000000000000044,0.25
197535,2113,97,29.142727503553033,1.0,0.0,0.050000000000000044,0.25
197630,2114,95,29.300051911734045,1.0,0.0,0.050000000000000044,0.25
197735,2115,105,30.807770013809204,1.0,0.0,0.050000000000000044,0.25
197842,2116,107,29.586343835573643,1.0,0.0,0.050000000000000044,0.25
197939,2117,97,37.012193128466606,1.0,0.0,0.050000000000000044,0.25
198041,2118,102,31.246036756783724,1.0,0.0,0.050000000000000044,0.25
198144,2119,103,26.712219320237637,1.0,0.0,0.050000000000000044,0.25
198247,2120,103,36.70774411410093,1.0,0.0,0.050000000000000044,0.25
198361,2121,114,37.04850688204169,1.0,0.0,0.050000000000000044,0.25
198468,2122,107,34.64073632331565,1.0,0.0,0.050000000000000044,0.25
198579,2123,111,31.49174844287336,1.0,0.0,0.050000000000000044,0.25
198692,2124,113,45.705102749634534,1.0,0.0,0.050000000000000044,0.25
198788,2125,96,23.122479282319546,1.0,0.0,0.050000000000000044,0.25
198901,2126,113,33.19869395485148,1.0,0.0,0.050000000000000044,0.25
199000,2127,99,34.11305284127593,1.0,0.0,0.050000000000000044,0.25
199109,2128,109,28.792647624388337,1.0,0.0,0.050000000000000044,0.25
199213,2129,104,34.34100867807865,1.0,0.0,0.050000000000000044,0.25
199322,2130,109,39.856459979433566,1.0,0.0,0.050000000000000044,0.25
199424,2131,102,25.406833165325224,1.0,0.0,0.050000000000000044,0.25
199526,2132,102,30.520693819969893,1.0,0.0,0.050000000000000044,0.25
199656,2133,130,-18.48781812004745,0.0,0.0,0.050000000000000044,0.25
199758,2134,102,30.016609009820968,1.0,0.0,0.050000000000000044,0.25
199855,2135,97,37.35057225404307,1.0,0.0,0.050000000000000044,0.25
199951,2136,96,27.58963369904086,1.0,0.0,0.050000000000000044,0.25
