global_step,episode,length,reward,success,collision,epsilon,temperature
69,1,69,-342.80913054943085,0.0,1.0,0.899609,0.999655
140,2,71,-318.6884664148092,0.0,1.0,0.8992066666666667,0.9993
270,3,130,-337.0243321210146,0.0,0.0,0.89847,0.99865
400,4,130,-351.8714122027159,0.0,0.0,0.8977333333333334,0.998
468,5,68,-301.049487888813,0.0,1.0,0.897348,0.99766
538,6,70,-323.9484937787056,0.0,1.0,0.8969513333333333,0.99731
613,7,75,-324.5021115243435,0.0,1.0,0.8965263333333333,0.996935
743,8,130,-351.0760191977024,0.0,0.0,0.8957896666666667,0.996285
824,9,81,-392.8192421644926,0.0,1.0,0.8953306666666667,0.99588
899,10,75,-340.60268698632717,0.0,1.0,0.8949056666666667,0.995505
967,11,68,-336.0103270858526,0.0,1.0,0.8945203333333334,0.995165
1038,12,71,-312.1487244069576,0.0,1.0,0.894118,0.99481
1098,13,60,-340.8553839623928,0.0,1.0,0.8937780000000001,0.99451
1187,14,89,-375.8989315852523,0.0,1.0,0.8932736666666667,0.994065
1262,15,75,-353.72676034271717,0.0,1.0,0.8928486666666667,0.99369
1335,16,73,-333.16472771018744,0.0,1.0,0.892435,0.993325
1403,17,68,-356.99910785257816,0.0,1.0,0.8920496666666667,0.992985
1473,18,70,-317.6979677081108,0.0,1.0,0.891653,0.992635
1549,19,76,-330.3421418964863,0.0,1.0,0.8912223333333333,0.992255
1611,20,62,-346.90774574130774,0.0,1.0,0.890871,0.991945
1678,21,67,-337.9179994761944,0.0,1.0,0.8904913333333333,0.99161
1808,22,130,-345.27011662721634,0.0,0.0,0.8897546666666667,0.99096
1871,23,63,-316.42727576196194,0.0,1.0,0.8893976666666666,0.990645
2001,24,130,-319.7254174053669,0.0,0.0,0.888661,0.989995
2065,25,64,-305.2114198356867,0.0,1.0,0.8882983333333334,0.989675
2134,26,69,-326.54661986231804,0.0,1.0,0.8879073333333334,0.98933
2264,27,130,-295.5976888984442,0.0,0.0,0.8871706666666667,0.98868
2322,28,58,-300.2090584039688,0.0,1.0,0.886842,0.98839
2387,29,65,-281.4129609465599,0.0,1.0,0.8864736666666667,0.988065
2464,30,77,-316.9881169050932,0.0,1.0,0.8860373333333333,0.98768
2538,31,74,-457.51949175074697,0.0,1.0,0.885618,0.98731
2598,32,60,-326.27910709381104,0.0,1.0,0.885278,0.98701
2660,33,62,-307.2864422351122,0.0,1.0,0.8849266666666666,0.9867
2790,34,130,-397.4517598748207,0.0,0.0,0.88419,0.98605
2858,35,68,-341.81102465093136,0.0,1.0,0.8838046666666667,0.98571
2932,36,74,-338.386082559824,0.0,1.0,0.8833853333333334,0.98534
2993,37,61,-286.74107041954994,0.0,1.0,0.8830396666666667,0.985035
3053,38,60,-314.91600896418095,0.0,1.0,0.8826996666666667,0.984735
3183,39,130,-329.99359679594636,0.0,0.0,0.881963,0.984085
3241,40,58,-287.42345756292343,0.0,1.0,0.8816343333333334,0.983795
3307,41,66,-344.80624705553055,0.0,1.0,0.8812603333333333,0.983465
3385,42,78,-350.83418860286474,0.0,1.0,0.8808183333333334,0.983075
3515,43,130,-348.76078636944294,0.0,0.0,0.8800816666666667,0.982425
3593,44,78,-359.87424428761005,0.0,1.0,0.8796396666666667,0.982035
3667,45,74,-333.75024730339646,0.0,1.0,0.8792203333333334,0.981665
3730,46,63,-334.0753801316023,0.0,1.0,0.8788633333333333,0.98135
3791,47,61,-314.48074217140675,0.0,1.0,0.8785176666666666,0.981045
3861,48,70,-359.90353122353554,0.0,1.0,0.878121,0.980695
3991,49,130,-332.5348751693964,0.0,0.0,0.8773843333333333,0.980045
4121,50,130,-344.50188387930393,0.0,0.0,0.8766476666666667,0.979395
4182,51,61,-302.32167763262987,0.0,1.0,0.876302,0.97909
4248,52,66,-351.15017583966255,0.0,1.0,0.875928,0.97876
4334,53,86,-348.2344830073416,0.0,1.0,0.8754406666666666,0.97833
4391,54,57,-310.6970257461071,0.0,1.0,0.8751176666666667,0.978045
4521,55,130,-328.0493369027972,0.0,0.0,0.8743810000000001,0.977395
4651,56,130,-306.33557468652725,0.0,0.0,0.8736443333333334,0.976745
4721,57,70,-293.5408126115799,0.0,1.0,0.8732476666666666,0.976395
4851,58,130,-332.7697273045778,0.0,0.0,0.872511,0.975745
4981,59,130,-252.88612109795213,0.0,0.0,0.8717743333333333,0.975095
5050,60,69,-316.50555647164583,0.0,1.0,0.8713833333333334,0.97475
5109,61,59,-304.2763230986893,0.0,1.0,0.8710490000000001,0.974455
5185,62,76,-311.5613154768944,0.0,1.0,0.8706183333333334,0.974075
5262,63,77,-281.106984898448,0.0,1.0,0.870182,0.9736899999999999
5329,64,67,-287.1186171323061,0.0,1.0,0.8698023333333333,0.973355
5404,65,75,-354.1079251989722,0.0,1.0,0.8693773333333333,0.97298
5469,66,65,-332.3099996931851,0.0,1.0,0.869009,0.972655
5533,67,64,-285.99014008045197,0.0,1.0,0.8686463333333334,0.972335
5613,68,80,-325.4101524204016,0.0,1.0,0.868193,0.971935
5673,69,60,-306.49628542363644,0.0,1.0,0.867853,0.971635
5741,70,68,-239.1852636784315,0.0,1.0,0.8674676666666667,0.971295
5814,71,73,-339.18064991384745,0.0,1.0,0.867054,0.97093
5874,72,60,-297.51145209372044,0.0,1.0,0.866714,0.97063
5942,73,68,-374.43852680176497,0.0,1.0,0.8663286666666667,0.97029
6006,74,64,-269.3119700998068,0.0,1.0,0.865966,0.96997
6078,75,72,-315.9455268830061,0.0,1.0,0.865558,0.96961
6149,76,71,-343.6343511044979,0.0,1.0,0.8651556666666667,0.969255
6209,77,60,-323.73608100414276,0.0,1.0,0.8648156666666666,0.968955
6271,78,62,-335.96049895882607,0.0,1.0,0.8644643333333334,0.968645
6332,79,61,-280.2734526246786,0.0,1.0,0.8641186666666667,0.96834
6387,80,55,-250.993775986135,0.0,1.0,0.863807,0.968065
6451,81,64,-318.37784346938133,0.0,1.0,0.8634443333333334,0.967745
6512,82,61,-263.3910606694408,0.0,1.0,0.8630986666666667,0.96744
6583,83,71,-285.14082220196724,0.0,1.0,0.8626963333333334,0.967085
6654,84,71,-317.93021862208843,0.0,1.0,0.862294,0.96673
6731,85,77,-296.00894536077976,0.0,1.0,0.8618576666666666,0.966345
6800,86,69,-338.9014296680689,0.0,1.0,0.8614666666666667,0.966
6930,87,130,-233.62758473679423,0.0,0.0,0.86073,0.96535
6995,88,65,-301.0730199441314,0.0,1.0,0.8603616666666667,0.965025
7071,89,76,-279.4653112143278,0.0,1.0,0.859931,0.964645
7150,90,79,-283.71023140102625,0.0,1.0,0.8594833333333334,0.96425
7222,91,72,-323.25715762376785,0.0,1.0,0.8590753333333334,0.96389
7282,92,60,-343.3357528746128,0.0,1.0,0.8587353333333334,0.96359
7354,93,72,-328.9259346574545,0.0,1.0,0.8583273333333333,0.96323
7418,94,64,-320.70045709609985,0.0,1.0,0.8579646666666667,0.96291
7491,95,73,-269.9950083941221,0.0,1.0,0.8575510000000001,0.962545
7553,96,62,-274.0934925377369,0.0,1.0,0.8571996666666667,0.962235
7613,97,60,-292.89130433648825,0.0,1.0,0.8568596666666667,0.961935
7706,98,93,-340.2755232453346,0.0,1.0,0.8563326666666667,0.96147
7788,99,82,-342.4094629883766,0.0,1.0,0.8558680000000001,0.96106
7918,100,130,-262.8831953406334,0.0,0.0,0.8551313333333334,0.96041
8048,101,130,-240.7156295888126,0.0,0.0,0.8543946666666666,0.95976
8115,102,67,-273.31580244004726,0.0,1.0,0.854015,0.959425
8245,103,130,-317.611435264349,0.0,0.0,0.8532783333333334,0.958775
8308,104,63,-292.23543205857277,0.0,1.0,0.8529213333333333,0.95846
8378,105,70,-298.9046555906534,0.0,1.0,0.8525246666666667,0.95811
8508,106,130,-339.6779981479049,0.0,0.0,0.851788,0.95746
8580,107,72,-284.57429344952106,0.0,1.0,0.85138,0.9571
8649,108,69,-309.6457077115774,0.0,1.0,0.850989,0.956755
8779,109,130,-345.5512948334217,0.0,0.0,0.8502523333333334,0.956105
8909,110,130,-340.332693092525,0.0,0.0,0.8495156666666667,0.9554549999999999
9039,111,130,-267.804605063051,0.0,0.0,0.8487790000000001,0.954805
9169,112,130,-267.0572825372219,0.0,0.0,0.8480423333333333,0.954155
9227,113,58,-265.1143377572298,0.0,1.0,0.8477136666666667,0.953865
9304,114,77,-302.69243117421865,0.0,1.0,0.8472773333333333,0.95348
9378,115,74,-355.0417116433382,0.0,1.0,0.846858,0.95311
9508,116,130,-246.97074356675148,0.0,0.0,0.8461213333333334,0.95246
9573,117,65,-334.22619476914406,0.0,1.0,0.845753,0.952135
9636,118,63,-315.77347576618195,0.0,1.0,0.845396,0.95182
9721,119,85,-339.1371984407306,0.0,1.0,0.8449143333333333,0.951395
9789,120,68,-291.6583155989647,0.0,1.0,0.844529,0.951055
9919,121,130,-247.76425752043724,0.0,0.0,0.8437923333333334,0.9504049999999999
9990,122,71,-324.7876576781273,0.0,1.0,0.84339,0.95005
10120,123,130,-255.4341860562563,0.0,0.0,0.8426533333333334,0.9494
10250,124,130,-237.80005741119385,0.0,0.0,0.8419166666666666,0.94875
10324,125,74,-322.7644447237253,0.0,1.0,0.8414973333333333,0.94838
10379,126,55,-262.14284022524953,0.0,1.0,0.8411856666666667,0.948105
10509,127,130,-270.62444649264216,1.0,0.0,0.840449,0.947455
10568,128,59,-288.2805587351322,0.0,1.0,0.8401146666666667,0.94716
10698,129,130,-367.2582461461425,0.0,0.0,0.8393780000000001,0.94651
10759,130,61,-287.7714554667473,0.0,1.0,0.8390323333333334,0.946205
10823,131,64,-341.3741346895695,0.0,1.0,0.8386696666666666,0.945885
10907,132,84,-331.0346330292523,0.0,1.0,0.8381936666666667,0.945465
10989,133,82,-348.86630189046264,0.0,1.0,0.8377290000000001,0.945055
11070,134,81,-332.2986317947507,0.0,1.0,0.83727,0.94465
11133,135,63,-305.2788933813572,0.0,1.0,0.836913,0.944335
11263,136,130,-240.34129080176353,0.0,0.0,0.8361763333333334,0.943685
11393,137,130,-264.9966158606112,0.0,0.0,0.8354396666666667,0.943035
11523,138,130,-287.6063279360533,0.0,0.0,0.834703,0.942385
11613,139,90,-348.41066500917077,0.0,1.0,0.834193,0.941935
11685,140,72,-305.56634156405926,0.0,1.0,0.833785,0.941575
11752,141,67,-290.8314484655857,0.0,1.0,0.8334053333333333,0.94124
11825,142,73,-337.2467509508133,0.0,1.0,0.8329916666666667,0.940875
11955,143,130,-344.76645934581757,0.0,0.0,0.8322550000000001,0.940225
12085,144,130,-296.42342499643564,0.0,0.0,0.8315183333333334,0.939575
12153,145,68,-354.7939851284027,0.0,1.0,0.831133,0.939235
12222,146,69,-322.6141605526209,0.0,1.0,0.830742,0.93889
12352,147,130,-229.8546340689063,0.0,0.0,0.8300053333333334,0.93824
12427,148,75,-270.5355163142085,0.0,1.0,0.8295803333333334,0.937865
12490,149,63,-277.50011263787746,0.0,1.0,0.8292233333333333,0.93755
12581,150,91,-350.7341409921646,0.0,1.0,0.8287076666666667,0.937095
12711,151,130,-296.88263446092606,0.0,0.0,0.827971,0.936445
12782,152,71,-295.25038616359234,0.0,1.0,0.8275686666666667,0.93609
12858,153,76,-314.9146747291088,0.0,1.0,0.827138,0.93571
12925,154,67,-294.46915289759636,0.0,1.0,0.8267583333333334,0.935375
12990,155,65,-282.80611396208405,0.0,1.0,0.8263900000000001,0.93505
13069,156,79,-327.70325754210353,0.0,1.0,0.8259423333333333,0.934655
13138,157,69,-284.41374641656876,0.0,1.0,0.8255513333333333,0.93431
13268,158,130,-245.09424635395408,0.0,0.0,0.8248146666666667,0.93366
13330,159,62,-288.1844654455781,0.0,1.0,0.8244633333333333,0.93335
13404,160,74,-277.49263459444046,0.0,1.0,0.824044,0.93298
13469,161,65,-290.55299811065197,0.0,1.0,0.8236756666666667,0.932655
13599,162,130,-240.4360781982541,0.0,0.0,0.822939,0.932005
13729,163,130,-281.60063476115465,0.0,0.0,0.8222023333333334,0.9313549999999999
13859,164,130,-276.0102882310748,0.0,0.0,0.8214656666666666,0.930705
13916,165,57,-300.37373791635036,0.0,1.0,0.8211426666666667,0.93042
13973,166,57,-264.84963904321194,0.0,1.0,0.8208196666666667,0.9301349999999999
14046,167,73,-321.5131703019142,0.0,1.0,0.820406,0.92977
14108,168,62,-265.7628073990345,0.0,1.0,0.8200546666666667,0.92946
14238,169,130,-227.6581075489521,0.0,0.0,0.819318,0.92881
14310,170,72,-316.69691399112344,0.0,1.0,0.81891,0.92845
14383,171,73,-290.27222200483084,0.0,1.0,0.8184963333333334,0.928085
14442,172,59,-318.275964602828,0.0,1.0,0.8181620000000001,0.92779
14505,173,63,-318.8075581341982,0.0,1.0,0.817805,0.927475
14561,174,56,-231.38798020780087,0.0,1.0,0.8174876666666667,0.927195
14633,175,72,-283.5965359658003,0.0,1.0,0.8170796666666666,0.926835
14709,176,76,-320.9209954440594,0.0,1.0,0.8166490000000001,0.926455
14771,177,62,-269.0998295843601,0.0,1.0,0.8162976666666667,0.926145
14854,178,83,-413.0800275541842,0.0,1.0,0.8158273333333333,0.9257299999999999
14928,179,74,-305.8652730062604,0.0,1.0,0.815408,0.92536
15006,180,78,-319.93717757612467,0.0,1.0,0.8149660000000001,0.92497
15136,181,130,-271.61426351219416,0.0,0.0,0.8142293333333334,0.92432
15195,182,59,-287.78031660988927,0.0,1.0,0.813895,0.924025
15265,183,70,-269.86407770216465,0.0,1.0,0.8134983333333333,0.923675
15337,184,72,-316.58606247603893,0.0,1.0,0.8130903333333334,0.923315
15467,185,130,-275.95316018909216,0.0,0.0,0.8123536666666666,0.922665
15547,186,80,-292.13756992667913,0.0,1.0,0.8119003333333333,0.922265
15677,187,130,-256.1940650008619,0.0,0.0,0.8111636666666667,0.921615
15807,188,130,-224.76585444062948,0.0,0.0,0.810427,0.920965
15889,189,82,-272.34949747473,0.0,1.0,0.8099623333333333,0.920555
15963,190,74,-280.30426877737045,0.0,1.0,0.809543,0.920185
16093,191,130,-236.81284306943417,0.0,0.0,0.8088063333333333,0.919535
16177,192,84,-262.9414339289069,0.0,1.0,0.8083303333333334,0.919115
16307,193,130,-343.9888791516423,0.0,0.0,0.8075936666666667,0.918465
16383,194,76,-310.8932975232601,0.0,1.0,0.8071630000000001,0.918085
16513,195,130,-302.13460033014417,0.0,0.0,0.8064263333333334,0.917435
16606,196,93,-336.27863170206547,0.0,1.0,0.8058993333333333,0.9169700000000001
16672,197,66,-361.31401163339615,0.0,1.0,0.8055253333333333,0.91664
16739,198,67,-297.0295291543007,0.0,1.0,0.8051456666666666,0.916305
16817,199,78,-341.03714779019356,0.0,1.0,0.8047036666666667,0.915915
16947,200,130,-304.10866229981184,0.0,0.0,0.803967,0.915265
17077,201,130,-258.76351994648576,0.0,0.0,0.8032303333333334,0.914615
17144,202,67,-302.4607514292002,0.0,1.0,0.8028506666666667,0.91428
17274,203,130,-331.26570718735456,0.0,0.0,0.802114,0.9136299999999999
17404,204,130,-285.56011314690113,0.0,0.0,0.8013773333333334,0.91298
17476,205,72,-321.6729361116886,0.0,1.0,0.8009693333333334,0.91262
17547,206,71,-301.2177246659994,0.0,1.0,0.800567,0.912265
17677,207,130,-226.40346390008926,0.0,0.0,0.7998303333333333,0.911615
17740,208,63,-347.9605835080147,0.0,1.0,0.7994733333333334,0.9113
17801,209,61,-271.35986752808094,0.0,1.0,0.7991276666666667,0.910995
17931,210,130,-274.86783415079117,0.0,0.0,0.7983910000000001,0.910345
18061,211,130,-320.57490253448486,0.0,0.0,0.7976543333333334,0.909695
18137,212,76,-360.647554397583,0.0,1.0,0.7972236666666667,0.909315
18267,213,130,-261.4672345519066,0.0,0.0,0.7964870000000001,0.9086650000000001
18346,214,79,-298.95884746313095,0.0,1.0,0.7960393333333333,0.90827
18418,215,72,-302.9621385335922,0.0,1.0,0.7956313333333334,0.90791
18548,216,130,-239.37598279118538,0.0,0.0,0.7948946666666667,0.90726
18678,217,130,-308.053739938885,0.0,0.0,0.794158,0.90661
18808,218,130,-242.54092923551798,0.0,0.0,0.7934213333333333,0.90596
18869,219,61,-280.6236098706722,0.0,1.0,0.7930756666666667,0.905655
18999,220,130,-260.71932646632195,0.0,0.0,0.792339,0.9050050000000001
19074,221,75,-264.68087524175644,0.0,1.0,0.791914,0.90463
19134,222,60,-269.05606856942177,0.0,1.0,0.791574,0.90433
19210,223,76,-295.60169315338135,0.0,1.0,0.7911433333333333,0.90395
19340,224,130,-359.22154811397195,0.0,0.0,0.7904066666666667,0.9033
19401,225,61,-262.1498802937567,0.0,1.0,0.790061,0.902995
19531,226,130,-336.68180963397026,0.0,0.0,0.7893243333333334,0.902345
19603,227,72,-288.9638042151928,0.0,1.0,0.7889163333333333,0.901985
19675,228,72,-293.44835709780455,0.0,1.0,0.7885083333333334,0.901625
19805,229,130,-254.2995029874146,0.0,0.0,0.7877716666666666,0.900975
19935,230,130,-276.46827103570104,0.0,0.0,0.787035,0.900325
20021,231,86,-338.7907566726208,0.0,1.0,0.7865476666666666,0.899895
20090,232,69,-302.5893337726593,0.0,1.0,0.7861566666666667,0.8995500000000001
20220,233,130,-279.3797125890851,0.0,0.0,0.78542,0.8989
20310,234,90,-373.83333294140175,0.0,1.0,0.78491,0.89845
20392,235,82,-285.5242693759501,0.0,1.0,0.7844453333333333,0.89804
20522,236,130,-259.5234389491379,0.0,0.0,0.7837086666666667,0.89739
20583,237,61,-299.3997053876519,0.0,1.0,0.783363,0.897085
20650,238,67,-285.5611273571849,0.0,1.0,0.7829833333333334,0.89675
20734,239,84,-307.0130366384983,0.0,1.0,0.7825073333333333,0.89633
20809,240,75,-361.2215741574764,0.0,1.0,0.7820823333333333,0.8959550000000001
20882,241,73,-330.52415554225445,0.0,1.0,0.7816686666666667,0.89559
20962,242,80,-305.0947200655937,0.0,1.0,0.7812153333333334,0.89519
21092,243,130,-299.9741951972246,0.0,0.0,0.7804786666666667,0.89454
21168,244,76,-295.7024041414261,0.0,1.0,0.7800480000000001,0.8941600000000001
21253,245,85,-354.6495465785265,0.0,1.0,0.7795663333333334,0.893735
21340,246,87,-277.2561258226633,0.0,1.0,0.7790733333333334,0.8933
21470,247,130,-314.43806117028,0.0,0.0,0.7783366666666667,0.8926499999999999
21587,248,117,-155.1841880083084,1.0,0.0,0.7776736666666667,0.892065
21650,249,63,-297.166496925056,0.0,1.0,0.7773166666666667,0.89175
21780,250,130,-255.5482433885336,0.0,0.0,0.77658,0.8911
21848,251,68,-296.2483183071017,0.0,1.0,0.7761946666666667,0.89076
21909,252,61,-279.2896833345294,0.0,1.0,0.775849,0.890455
22039,253,130,-189.2593181580305,0.0,0.0,0.7751123333333334,0.889805
22169,254,130,-266.8808291628957,0.0,0.0,0.7743756666666667,0.889155
22299,255,130,-370.9875882342458,0.0,0.0,0.7736390000000001,0.888505
22385,256,86,-264.91336067020893,0.0,1.0,0.7731516666666667,0.888075
22457,257,72,-330.14449337124825,0.0,1.0,0.7727436666666667,0.887715
22526,258,69,-280.46230174973607,0.0,1.0,0.7723526666666667,0.88737
22656,259,130,-208.18848122656345,0.0,0.0,0.7716160000000001,0.88672
22715,260,59,-314.1131715476513,0.0,1.0,0.7712816666666666,0.886425
22774,261,59,-278.26627223193645,0.0,1.0,0.7709473333333334,0.88613
22904,262,130,-282.80872644484043,0.0,0.0,0.7702106666666667,0.88548
23034,263,130,-302.657797139138,0.0,0.0,0.769474,0.88483
23102,264,68,-312.5540662109852,0.0,1.0,0.7690886666666668,0.88449
23186,265,84,-390.769465520978,0.0,1.0,0.7686126666666667,0.88407
23316,266,130,-313.13805351406336,0.0,0.0,0.767876,0.88342
23379,267,63,-282.4845710545778,0.0,1.0,0.7675190000000001,0.883105
23466,268,87,-369.9793101102114,0.0,1.0,0.767026,0.8826700000000001
23596,269,130,-314.70707416161895,0.0,0.0,0.7662893333333334,0.88202
23659,270,63,-289.2330940961838,0.0,1.0,0.7659323333333334,0.881705
23789,271,130,-230.56614914909005,0.0,0.0,0.7651956666666667,0.881055
23857,272,68,-279.12943763285875,0.0,1.0,0.7648103333333334,0.880715
23933,273,76,-310.3486241325736,0.0,1.0,0.7643796666666667,0.880335
24003,274,70,-267.03038032725453,0.0,1.0,0.7639830000000001,0.879985
24133,275,130,-255.49130932986736,0.0,0.0,0.7632463333333334,0.879335
24263,276,130,-322.7241934016347,0.0,0.0,0.7625096666666666,0.8786849999999999
24342,277,79,-330.631633490324,0.0,1.0,0.762062,0.87829
24472,278,130,-319.12513472139835,0.0,0.0,0.7613253333333334,0.87764
24602,279,130,-330.76813016086817,0.0,0.0,0.7605886666666667,0.8769899999999999
24732,280,130,-215.45523618534207,0.0,0.0,0.759852,0.87634
24862,281,130,-288.2858069688082,0.0,0.0,0.7591153333333334,0.87569
24937,282,75,-284.0599235370755,0.0,1.0,0.7586903333333334,0.8753150000000001
25025,283,88,-279.01692839711905,0.0,1.0,0.7581916666666667,0.8748750000000001
25105,284,80,-311.687248762697,0.0,1.0,0.7577383333333334,0.874475
25235,285,130,-269.5581302791834,0.0,0.0,0.7570016666666667,0.873825
25321,286,86,-332.7994893491268,0.0,1.0,0.7565143333333334,0.873395
25451,287,130,-293.3558485135436,0.0,0.0,0.7557776666666667,0.872745
25581,288,130,-269.8774117678404,0.0,0.0,0.7550410000000001,0.8720950000000001
25711,289,130,-231.19596358016133,0.0,0.0,0.7543043333333334,0.871445
25787,290,76,-284.11007130518556,0.0,1.0,0.7538736666666667,0.871065
25917,291,130,-293.6439416259527,0.0,0.0,0.7531370000000001,0.8704149999999999
25993,292,76,-340.8627600967884,0.0,1.0,0.7527063333333334,0.870035
26056,293,63,-305.4587083607912,0.0,1.0,0.7523493333333333,0.86972
26186,294,130,-253.01851316541433,0.0,0.0,0.7516126666666667,0.86907
26316,295,130,-231.08882239460945,0.0,0.0,0.750876,0.86842
26377,296,61,-278.64152969419956,0.0,1.0,0.7505303333333333,0.868115
26507,297,130,-257.7437243461609,0.0,0.0,0.7497936666666667,0.8674649999999999
26591,298,84,-330.0550008416176,0.0,1.0,0.7493176666666667,0.8670450000000001
26674,299,83,-311.92995730787516,0.0,1.0,0.7488473333333334,0.86663
26804,300,130,-215.83034285902977,0.0,0.0,0.7481106666666667,0.86598
26872,301,68,-277.6342904269695,0.0,1.0,0.7477253333333334,0.86564
27002,302,130,-250.66302124783397,0.0,0.0,0.7469886666666667,0.86499
27132,303,130,-251.6023683063686,0.0,0.0,0.746252,0.86434
27208,304,76,-333.7422664426267,0.0,1.0,0.7458213333333333,0.8639600000000001
27271,305,63,-257.204792201519,0.0,1.0,0.7454643333333334,0.863645
27345,306,74,-277.6170225068927,0.0,1.0,0.7450450000000001,0.863275
27412,307,67,-305.67208566889167,0.0,1.0,0.7446653333333333,0.86294
27542,308,130,-273.33712758123875,0.0,0.0,0.7439286666666667,0.86229
27606,309,64,-294.1400014460087,0.0,1.0,0.743566,0.86197
27691,310,85,-350.3772520124912,0.0,1.0,0.7430843333333333,0.861545
27821,311,130,-269.567333240062,0.0,0.0,0.7423476666666667,0.860895
27951,312,130,-294.683441311121,0.0,0.0,0.741611,0.8602449999999999
28081,313,130,-251.8671458736062,0.0,0.0,0.7408743333333334,0.859595
28211,314,130,-311.59152959659696,0.0,0.0,0.7401376666666667,0.858945
28278,315,67,-243.9749291986227,0.0,1.0,0.739758,0.85861
28337,316,59,-291.53784343600273,0.0,1.0,0.7394236666666667,0.8583149999999999
28401,317,64,-270.6320458203554,0.0,1.0,0.739061,0.8579950000000001
28476,318,75,-288.6598266288638,0.0,1.0,0.7386360000000001,0.85762
28548,319,72,-286.12265871465206,0.0,1.0,0.738228,0.85726
28616,320,68,-305.42367804050446,0.0,1.0,0.7378426666666666,0.85692
28729,321,113,-197.5846145451069,1.0,0.0,0.7372023333333333,0.856355
28835,322,106,-226.81817539781332,1.0,0.0,0.7366016666666667,0.8558250000000001
28908,323,73,-311.0222353823483,0.0,1.0,0.7361880000000001,0.85546
28994,324,86,-312.50939827412367,0.0,1.0,0.7357006666666667,0.85503
29052,325,58,-298.01414945721626,0.0,1.0,0.735372,0.85474
29169,326,117,-208.7725107781589,1.0,0.0,0.7347090000000001,0.854155
29299,327,130,-199.22316025942564,0.0,0.0,0.7339723333333333,0.853505
29423,328,124,-191.37620636075735,1.0,0.0,0.7332696666666667,0.852885
29496,329,73,-296.20824179053307,0.0,1.0,0.732856,0.85252
29626,330,130,-259.1517540849745,0.0,0.0,0.7321193333333333,0.85187
29756,331,130,-280.2914925739169,0.0,0.0,0.7313826666666667,0.85122
29886,332,130,-283.7127602547407,0.0,0.0,0.730646,0.85057
30016,333,130,-259.2201906815171,0.0,0.0,0.7299093333333334,0.84992
30093,334,77,-305.48983864858747,0.0,1.0,0.729473,0.849535
30155,335,62,-322.92623104155064,0.0,1.0,0.7291216666666667,0.849225
30223,336,68,-306.259582683444,0.0,1.0,0.7287363333333333,0.848885
30306,337,83,-356.21001812815666,0.0,1.0,0.7282660000000001,0.8484700000000001
30436,338,130,-216.1047957278788,0.0,0.0,0.7275293333333334,0.84782
30516,339,80,-330.7630391418934,0.0,1.0,0.7270760000000001,0.8474200000000001
30574,340,58,-275.42397613823414,0.0,1.0,0.7267473333333334,0.8471299999999999
30654,341,80,-257.3106143772602,0.0,1.0,0.726294,0.84673
30784,342,130,-259.2990337833762,0.0,0.0,0.7255573333333334,0.8460799999999999
30845,343,61,-287.0082458034158,0.0,1.0,0.7252116666666667,0.8457749999999999
30975,344,130,-279.91681077331305,0.0,0.0,0.724475,0.845125
31042,345,67,-288.02230709791183,0.0,1.0,0.7240953333333333,0.8447899999999999
31172,346,130,-384.5309955328703,0.0,0.0,0.7233586666666667,0.84414
31245,347,73,-350.2384507060051,0.0,1.0,0.722945,0.8437749999999999
31375,348,130,-223.03877739608288,0.0,0.0,0.7222083333333333,0.843125
31443,349,68,-294.47096275538206,0.0,1.0,0.721823,0.842785
31505,350,62,-250.5490419343114,0.0,1.0,0.7214716666666667,0.842475
31565,351,60,-258.46718963980675,0.0,1.0,0.7211316666666667,0.842175
31639,352,74,-296.417511343956,0.0,1.0,0.7207123333333334,0.841805
31719,353,80,-293.67817067028955,0.0,1.0,0.720259,0.841405
31849,354,130,-260.77740363776684,0.0,0.0,0.7195223333333334,0.840755
31979,355,130,-215.9534253552556,0.0,0.0,0.7187856666666667,0.840105
32066,356,87,-319.90657410025597,0.0,1.0,0.7182926666666667,0.83967
32196,357,130,-223.8110628053546,0.0,0.0,0.7175560000000001,0.83902
32326,358,130,-270.90967904031277,0.0,0.0,0.7168193333333334,0.8383700000000001
32456,359,130,-257.38415759056807,0.0,0.0,0.7160826666666666,0.83772
32586,360,130,-274.24937172979116,0.0,0.0,0.715346,0.83707
32716,361,130,-208.63479335606098,0.0,0.0,0.7146093333333333,0.8364199999999999
32786,362,70,-296.87994633615017,0.0,1.0,0.7142126666666667,0.83607
32916,363,130,-251.92058842629194,0.0,0.0,0.713476,0.83542
33005,364,89,-338.44275391846895,0.0,1.0,0.7129716666666667,0.834975
33135,365,130,-218.45389997959137,0.0,0.0,0.712235,0.834325
33265,366,130,-307.4629217982292,0.0,0.0,0.7114983333333333,0.8336749999999999
33350,367,85,-275.8703065663576,0.0,1.0,0.7110166666666666,0.83325
33480,368,130,-277.6074517481029,0.0,0.0,0.71028,0.8326
33610,369,130,-209.17871068045497,0.0,0.0,0.7095433333333334,0.83195
33687,370,77,-292.16039188206196,0.0,1.0,0.709107,0.831565
33755,371,68,-257.11227921396494,0.0,1.0,0.7087216666666667,0.831225
33818,372,63,-315.3862503916025,0.0,1.0,0.7083646666666668,0.83091
33888,373,70,-266.5202026478946,0.0,1.0,0.707968,0.83056
33966,374,78,-278.9955252856016,0.0,1.0,0.707526,0.83017
34096,375,130,-304.81959794461727,0.0,0.0,0.7067893333333334,0.82952
34159,376,63,-268.2463720738888,0.0,1.0,0.7064323333333333,0.829205
34289,377,130,-222.204365324229,0.0,0.0,0.7056956666666667,0.8285549999999999
34419,378,130,-176.99752466380596,0.0,0.0,0.704959,0.827905
34549,379,130,-229.00841633230448,0.0,0.0,0.7042223333333333,0.827255
34679,380,130,-246.72665599361062,0.0,0.0,0.7034856666666667,0.826605
34809,381,130,-212.22112277150154,0.0,0.0,0.7027490000000001,0.825955
34939,382,130,-245.57018857821822,0.0,0.0,0.7020123333333333,0.825305
35069,383,130,-191.785167273134,0.0,0.0,0.7012756666666667,0.824655
35144,384,75,-258.20264119282365,0.0,1.0,0.7008506666666667,0.82428
35274,385,130,-293.10965000092983,0.0,0.0,0.700114,0.82363
35345,386,71,-260.9657737016678,0.0,1.0,0.6997116666666667,0.823275
35475,387,130,-218.7702106796205,0.0,0.0,0.698975,0.8226249999999999
35544,388,69,-272.99329225718975,0.0,1.0,0.698584,0.82228
35632,389,88,-273.0664832442999,0.0,1.0,0.6980853333333333,0.82184
35762,390,130,-190.21209551393986,0.0,0.0,0.6973486666666667,0.82119
35840,391,78,-307.298327550292,0.0,1.0,0.6969066666666667,0.8208
35942,392,102,-180.76623506844044,1.0,0.0,0.6963286666666667,0.82029
36009,393,67,-288.8545042872429,0.0,1.0,0.695949,0.819955
36139,394,130,-232.0038186609745,0.0,0.0,0.6952123333333333,0.819305
36268,395,129,-190.26865543425083,1.0,0.0,0.6944813333333333,0.8186599999999999
36398,396,130,-286.4029600545764,0.0,0.0,0.6937446666666667,0.81801
36489,397,91,-291.4358678534627,0.0,1.0,0.693229,0.817555
36619,398,130,-262.2731327936053,0.0,0.0,0.6924923333333334,0.816905
36749,399,130,-210.68999895453453,0.0,0.0,0.6917556666666667,0.816255
36817,400,68,-254.67497140169144,0.0,1.0,0.6913703333333334,0.815915
36904,401,87,-309.95336574688554,0.0,1.0,0.6908773333333333,0.81548
36983,402,79,-285.8048031181097,0.0,1.0,0.6904296666666667,0.8150850000000001
37113,403,130,-280.61673955619335,0.0,0.0,0.689693,0.814435
37228,404,115,-211.87989630922675,1.0,0.0,0.6890413333333334,0.81386
37358,405,130,-190.804069891572,0.0,0.0,0.6883046666666667,0.81321
37422,406,64,-279.8398754000664,0.0,1.0,0.687942,0.81289
37552,407,130,-255.0886925831437,0.0,0.0,0.6872053333333333,0.8122400000000001
37655,408,103,-151.6594737097621,1.0,0.0,0.6866216666666667,0.811725
37785,409,130,-241.21287179924548,0.0,0.0,0.6858850000000001,0.811075
37911,410,126,-186.01264841109514,1.0,0.0,0.685171,0.810445
38041,411,130,-271.971025146544,0.0,0.0,0.6844343333333334,0.809795
38171,412,130,-245.42838373407722,0.0,0.0,0.6836976666666668,0.809145
38301,413,130,-307.4144385755062,0.0,0.0,0.682961,0.808495
38431,414,130,-198.52399865537882,0.0,0.0,0.6822243333333333,0.8078449999999999
38546,415,115,-181.43945084884763,1.0,0.0,0.6815726666666667,0.8072699999999999
38676,416,130,-304.20981515571475,0.0,0.0,0.680836,0.80662
38806,417,130,-204.73869575187564,0.0,0.0,0.6800993333333334,0.8059700000000001
38934,418,128,-193.09210114181042,1.0,0.0,0.679374,0.80533
39064,419,130,-268.7822534814477,0.0,0.0,0.6786373333333334,0.8046800000000001
39141,420,77,-298.19099712371826,0.0,1.0,0.678201,0.804295
39271,421,130,-270.0926309339702,0.0,0.0,0.6774643333333333,0.8036449999999999
39401,422,130,-203.4350067153573,0.0,0.0,0.6767276666666667,0.802995
39491,423,90,-318.02680794894695,0.0,1.0,0.6762176666666666,0.802545
39565,424,74,-304.10838352516294,0.0,1.0,0.6757983333333334,0.8021750000000001
39695,425,130,-267.2742264382541,0.0,0.0,0.6750616666666667,0.801525
39825,426,130,-284.409121286124,0.0,0.0,0.6743250000000001,0.800875
39955,427,130,-237.0992124043405,0.0,0.0,0.6735883333333333,0.800225
40018,428,63,-283.4492327235639,0.0,1.0,0.6732313333333333,0.79991
40148,429,130,-250.66829835623503,0.0,0.0,0.6724946666666667,0.79926
40278,430,130,-183.9098822399974,0.0,0.0,0.6717580000000001,0.79861
40380,431,102,-148.88161858916283,1.0,0.0,0.67118,0.7981
40441,432,61,-276.98676903545856,0.0,1.0,0.6708343333333333,0.797795
40504,433,63,-319.1164426654577,0.0,1.0,0.6704773333333334,0.79748
40634,434,130,-190.35703799501061,0.0,0.0,0.6697406666666668,0.79683
40695,435,61,-278.0147125348449,0.0,1.0,0.6693950000000001,0.796525
40825,436,130,-294.9389144666493,0.0,0.0,0.6686583333333334,0.795875
40955,437,130,-213.2222522906959,0.0,0.0,0.6679216666666667,0.795225
41085,438,130,-249.4006906412542,0.0,0.0,0.667185,0.794575
41215,439,130,-192.78696187585592,0.0,0.0,0.6664483333333333,0.793925
41345,440,130,-219.88080655783415,0.0,0.0,0.6657116666666667,0.793275
41475,441,130,-246.4295753315091,0.0,0.0,0.664975,0.7926249999999999
41541,442,66,-269.41572788357735,0.0,1.0,0.664601,0.792295
41656,443,115,-180.21839101612568,1.0,0.0,0.6639493333333334,0.79172
41722,444,66,-305.6584351621568,0.0,1.0,0.6635753333333334,0.79139
41852,445,130,-269.2048853673041,0.0,0.0,0.6628386666666667,0.79074
41922,446,70,-301.6466145515442,0.0,1.0,0.662442,0.7903899999999999
41987,447,65,-274.4432756304741,0.0,1.0,0.6620736666666667,0.790065
42060,448,73,-288.5088137462735,0.0,1.0,0.66166,0.7897000000000001
42190,449,130,-207.08534067124128,0.0,0.0,0.6609233333333333,0.78905
42320,450,130,-193.23889373987913,0.0,0.0,0.6601866666666667,0.7884
42450,451,130,-242.75210070982575,0.0,0.0,0.6594500000000001,0.78775
42580,452,130,-298.91452357918024,0.0,0.0,0.6587133333333334,0.7871
42655,453,75,-261.11767815053463,0.0,1.0,0.6582883333333334,0.786725
42782,454,127,-249.73967495560646,1.0,0.0,0.6575686666666667,0.78609
42912,455,130,-252.81970686465502,0.0,0.0,0.6568320000000001,0.78544
43042,456,130,-198.9208464026451,0.0,0.0,0.6560953333333334,0.78479
43163,457,121,-172.71514448523521,1.0,0.0,0.6554096666666667,0.7841849999999999
43293,458,130,-208.45916947722435,0.0,0.0,0.6546730000000001,0.783535
43423,459,130,-253.01442828774452,0.0,0.0,0.6539363333333333,0.782885
43482,460,59,-251.6955476552248,0.0,1.0,0.653602,0.78259
43567,461,85,-267.12468053400517,0.0,1.0,0.6531203333333333,0.782165
43697,462,130,-206.64923336356878,0.0,0.0,0.6523836666666667,0.781515
43766,463,69,-245.2451990917325,0.0,1.0,0.6519926666666667,0.78117
43896,464,130,-303.5682377964258,0.0,0.0,0.6512560000000001,0.78052
44000,465,104,-183.71784874796867,1.0,0.0,0.6506666666666667,0.78
44068,466,68,-241.83472034335136,0.0,1.0,0.6502813333333334,0.77966
44179,467,111,-167.7388549260795,1.0,0.0,0.6496523333333334,0.7791049999999999
44259,468,80,-277.8056815676391,0.0,1.0,0.6491990000000001,0.778705
44343,469,84,-290.6243934109807,0.0,1.0,0.648723,0.778285
44473,470,130,-234.519702591002,0.0,0.0,0.6479863333333333,0.777635
44544,471,71,-246.01751040667295,0.0,1.0,0.647584,0.77728
44658,472,114,-198.20436622202396,1.0,0.0,0.646938,0.77671
44720,473,62,-279.81452429294586,0.0,1.0,0.6465866666666666,0.7764
44850,474,130,-226.6898409202695,0.0,0.0,0.64585,0.7757499999999999
44980,475,130,-258.52552193403244,0.0,0.0,0.6451133333333334,0.7751
45054,476,74,-263.9761815480888,0.0,1.0,0.644694,0.7747299999999999
45184,477,130,-221.8450708910823,0.0,0.0,0.6439573333333334,0.77408
45314,478,130,-223.55540177971125,0.0,0.0,0.6432206666666667,0.7734300000000001
45440,479,126,-208.91157896071672,1.0,0.0,0.6425066666666667,0.7727999999999999
45523,480,83,-344.8143607825041,0.0,1.0,0.6420363333333334,0.772385
45599,481,76,-237.72720184922218,0.0,1.0,0.6416056666666667,0.772005
45678,482,79,-318.0738541483879,0.0,1.0,0.641158,0.77161
45808,483,130,-260.4686505049467,0.0,0.0,0.6404213333333334,0.7709600000000001
45938,484,130,-248.23966370895505,0.0,0.0,0.6396846666666667,0.77031
46068,485,130,-196.24334049969912,0.0,0.0,0.6389480000000001,0.76966
46198,486,130,-230.315929569304,0.0,0.0,0.6382113333333334,0.76901
46271,487,73,-241.56745230406523,0.0,1.0,0.6377976666666667,0.768645
46346,488,75,-274.00868083536625,0.0,1.0,0.6373726666666667,0.76827
46476,489,130,-221.32893620058894,0.0,0.0,0.636636,0.76762
46606,490,130,-178.3778165206313,0.0,0.0,0.6358993333333334,0.7669699999999999
46678,491,72,-312.3488931506872,0.0,1.0,0.6354913333333334,0.76661
46808,492,130,-206.32746425643563,1.0,0.0,0.6347546666666667,0.76596
46937,493,129,-233.15327854827046,1.0,0.0,0.6340236666666668,0.765315
47005,494,68,-256.42209892719984,0.0,1.0,0.6336383333333333,0.764975
47070,495,65,-261.8686693161726,0.0,1.0,0.63327,0.76465
47200,496,130,-201.68809055536985,0.0,0.0,0.6325333333333334,0.764
47330,497,130,-169.5946479216218,0.0,0.0,0.6317966666666667,0.76335
47404,498,74,-350.24535270035267,0.0,1.0,0.6313773333333333,0.76298
47464,499,60,-251.57379093021154,0.0,1.0,0.6310373333333333,0.76268
47569,500,105,-101.51470852643251,1.0,0.0,0.6304423333333333,0.762155
47699,501,130,-199.20321322977543,0.0,0.0,0.6297056666666667,0.761505
47784,502,85,-314.27469377219677,0.0,1.0,0.629224,0.76108
47912,503,128,-222.96298018842936,1.0,0.0,0.6284986666666668,0.76044
48042,504,130,-223.10179750993848,0.0,0.0,0.627762,0.75979
48172,505,130,-168.9326975159347,0.0,0.0,0.6270253333333333,0.7591399999999999
48232,506,60,-275.9420782029629,0.0,1.0,0.6266853333333333,0.75884
48306,507,74,-266.00570841133595,0.0,1.0,0.626266,0.75847
48436,508,130,-248.4818800650537,0.0,0.0,0.6255293333333334,0.7578199999999999
48558,509,122,-195.6185288578272,1.0,0.0,0.624838,0.7572099999999999
48685,510,127,-214.81054813042283,1.0,0.0,0.6241183333333333,0.756575
48815,511,130,-215.5466466061771,0.0,0.0,0.6233816666666667,0.755925
48895,512,80,-230.57391043379903,0.0,1.0,0.6229283333333333,0.755525
49025,513,130,-192.18470944836736,0.0,0.0,0.6221916666666667,0.754875
49155,514,130,-200.75379357114434,0.0,0.0,0.6214550000000001,0.754225
49285,515,130,-257.6267135590315,0.0,0.0,0.6207183333333334,0.753575
49356,516,71,-281.36455868557096,0.0,1.0,0.6203160000000001,0.75322
49486,517,130,-193.8705659918487,0.0,0.0,0.6195793333333334,0.75257
49616,518,130,-227.56647712364793,0.0,0.0,0.6188426666666667,0.75192
49746,519,130,-184.4966225773096,0.0,0.0,0.618106,0.75127
49874,520,128,-160.6644570082426,1.0,0.0,0.6173806666666668,0.75063
50004,521,130,-182.7723710797727,0.0,0.0,0.616644,0.74998
50075,522,71,-271.3781734071672,0.0,1.0,0.6162416666666667,0.749625
50205,523,130,-201.4140929095447,0.0,0.0,0.615505,0.748975
50335,524,130,-227.47468569502234,0.0,0.0,0.6147683333333334,0.748325
50417,525,82,-339.20076690614223,0.0,1.0,0.6143036666666667,0.747915
50547,526,130,-190.94245106354356,0.0,0.0,0.613567,0.7472650000000001
50674,527,127,-165.47678961232305,1.0,0.0,0.6128473333333333,0.74663
50804,528,130,-196.30109548568726,0.0,0.0,0.6121106666666667,0.74598
50926,529,122,-129.50599928200245,1.0,0.0,0.6114193333333333,0.74537
50997,530,71,-299.7765354476869,0.0,1.0,0.611017,0.745015
51127,531,130,-230.98391368985176,0.0,0.0,0.6102803333333333,0.7443649999999999
51196,532,69,-272.3541746288538,0.0,1.0,0.6098893333333334,0.74402
51326,533,130,-212.36888309195638,0.0,0.0,0.6091526666666667,0.74337
51409,534,83,-364.9516817331314,0.0,1.0,0.6086823333333333,0.742955
51510,535,101,-128.9053634405136,1.0,0.0,0.60811,0.74245
51592,536,82,-292.4066537953913,0.0,1.0,0.6076453333333334,0.74204
51722,537,130,-215.57246696949005,0.0,0.0,0.6069086666666667,0.74139
51836,538,114,-183.57904559001327,1.0,0.0,0.6062626666666666,0.74082
51966,539,130,-202.80220656841993,0.0,0.0,0.605526,0.74017
52025,540,59,-316.1354200690985,0.0,1.0,0.6051916666666667,0.7398750000000001
52134,541,109,-144.88383388146758,1.0,0.0,0.6045740000000001,0.73933
52193,542,59,-248.21511291712523,0.0,1.0,0.6042396666666667,0.739035
52312,543,119,-165.77540363185108,1.0,0.0,0.6035653333333334,0.73844
52375,544,63,-316.50815004110336,0.0,1.0,0.6032083333333333,0.7381249999999999
52505,545,130,-213.7825701534748,0.0,0.0,0.6024716666666667,0.737475
52635,546,130,-201.32783775404096,0.0,0.0,0.601735,0.7368250000000001
52720,547,85,-294.30554995313287,0.0,1.0,0.6012533333333334,0.7363999999999999
52841,548,121,-146.48063658177853,1.0,0.0,0.6005676666666667,0.735795
52968,549,127,-116.09074516966939,1.0,0.0,0.599848,0.73516
53055,550,87,-363.96993801370263,0.0,1.0,0.5993550000000001,0.734725
53134,551,79,-276.8207092285156,0.0,1.0,0.5989073333333333,0.7343299999999999
53198,552,64,-267.681349799037,0.0,1.0,0.5985446666666667,0.73401
53328,553,130,-204.86790100485086,0.0,0.0,0.597808,0.73336
53458,554,130,-180.07594226673245,0.0,0.0,0.5970713333333333,0.73271
53529,555,71,-250.13313964009285,0.0,1.0,0.596669,0.732355
53659,556,130,-289.1878107008524,0.0,0.0,0.5959323333333333,0.731705
53756,557,97,-70.84620717540383,1.0,0.0,0.5953826666666667,0.73122
53877,558,121,-171.45258278399706,1.0,0.0,0.594697,0.730615
53997,559,120,-166.13983237743378,1.0,0.0,0.594017,0.730015
54127,560,130,-206.77323730383068,0.0,0.0,0.5932803333333334,0.729365
54242,561,115,-210.21936620771885,1.0,0.0,0.5926286666666667,0.72879
54350,562,108,-257.20208156108856,1.0,0.0,0.5920166666666666,0.7282500000000001
54480,563,130,-226.0547008998692,0.0,0.0,0.59128,0.7276
54595,564,115,-131.07366547361016,1.0,0.0,0.5906283333333333,0.727025
54701,565,106,-140.70882524177432,1.0,0.0,0.5900276666666666,0.726495
54831,566,130,-179.4036607183516,0.0,0.0,0.589291,0.7258450000000001
54961,567,130,-240.7042858749628,0.0,0.0,0.5885543333333334,0.725195
55068,568,107,-130.79035691916943,1.0,0.0,0.587948,0.72466
55198,569,130,-151.7014083713293,0.0,0.0,0.5872113333333333,0.72401
55328,570,130,-216.48620581254363,0.0,0.0,0.5864746666666667,0.72336
55458,571,130,-184.87435656040907,0.0,0.0,0.5857380000000001,0.72271
55519,572,61,-234.06391598284245,0.0,1.0,0.5853923333333333,0.722405
55649,573,130,-160.86320074647665,0.0,0.0,0.5846556666666667,0.7217549999999999
55773,574,124,-187.9146826788783,1.0,0.0,0.583953,0.7211350000000001
55903,575,130,-222.87398843094707,0.0,0.0,0.5832163333333333,0.720485
56033,576,130,-221.54577265679836,0.0,0.0,0.5824796666666667,0.719835
56163,577,130,-189.09253598749638,0.0,0.0,0.5817430000000001,0.719185
56293,578,130,-232.422891035676,0.0,0.0,0.5810063333333333,0.718535
56414,579,121,-150.99960800632834,1.0,0.0,0.5803206666666667,0.71793
56483,580,69,-259.11770605295897,0.0,1.0,0.5799296666666667,0.7175849999999999
56612,581,129,-242.89780181646347,1.0,0.0,0.5791986666666666,0.71694
56742,582,130,-185.5056903846562,0.0,0.0,0.578462,0.71629
56826,583,84,-266.8181571364403,0.0,1.0,0.577986,0.71587
56924,584,98,-114.39292772114277,1.0,0.0,0.5774306666666666,0.71538
57040,585,116,-210.52603447437286,1.0,0.0,0.5767733333333334,0.7148
57114,586,74,-267.9133262373507,0.0,1.0,0.576354,0.71443
57244,587,130,-208.1786163561046,0.0,0.0,0.5756173333333334,0.71378
57360,588,116,-107.18001921474934,1.0,0.0,0.57496,0.7132000000000001
57465,589,105,-171.67831209674478,1.0,0.0,0.574365,0.712675
57590,590,125,-225.06498932093382,1.0,0.0,0.5736566666666667,0.71205
57720,591,130,-186.340003028512,0.0,0.0,0.5729200000000001,0.7114
57850,592,130,-242.21953381970525,0.0,0.0,0.5721833333333334,0.71075
57980,593,130,-222.70500349625945,0.0,0.0,0.5714466666666667,0.7101
58045,594,65,-260.8456283546984,0.0,1.0,0.5710783333333334,0.709775
58162,595,117,-123.49512055516243,1.0,0.0,0.5704153333333333,0.70919
58292,596,130,-231.43087951093912,0.0,0.0,0.5696786666666667,0.70854
58398,597,106,-99.16279960796237,1.0,0.0,0.569078,0.70801
58499,598,101,-90.7637127712369,1.0,0.0,0.5685056666666667,0.707505
58629,599,130,-197.28808248788118,0.0,0.0,0.567769,0.706855
58736,600,107,-120.65103824064136,1.0,0.0,0.5671626666666667,0.7063200000000001
58860,601,124,-125.23954620212317,1.0,0.0,0.56646,0.7057
58976,602,116,-169.1747034713626,1.0,0.0,0.5658026666666667,0.70512
59049,603,73,-226.6552999317646,0.0,1.0,0.565389,0.704755
59179,604,130,-238.10817640274763,0.0,0.0,0.5646523333333333,0.704105
59309,605,130,-226.3124221265316,0.0,0.0,0.5639156666666667,0.7034549999999999
59439,606,130,-206.04821107164025,0.0,0.0,0.5631790000000001,0.702805
59569,607,130,-226.70365564897656,0.0,0.0,0.5624423333333334,0.702155
59699,608,130,-167.99347967281938,1.0,0.0,0.5617056666666667,0.701505
59823,609,124,-160.5948530882597,1.0,0.0,0.561003,0.700885
59953,610,130,-169.7113754041493,0.0,0.0,0.5602663333333333,0.7002349999999999
60042,611,89,-308.8490068167448,0.0,1.0,0.5597620000000001,0.6997899999999999
60172,612,130,-186.90344285219908,0.0,0.0,0.5590253333333334,0.69914
60302,613,130,-277.75128512084484,0.0,0.0,0.5582886666666667,0.69849
60432,614,130,-270.87714901939034,0.0,0.0,0.557552,0.69784
60552,615,120,-88.58137989416718,1.0,0.0,0.556872,0.6972400000000001
60659,616,107,-150.72351379692554,1.0,0.0,0.5562656666666668,0.696705
60789,617,130,-168.95006852969527,0.0,0.0,0.555529,0.696055
60909,618,120,-195.35667957365513,1.0,0.0,0.554849,0.695455
61024,619,115,-148.8945069797337,1.0,0.0,0.5541973333333334,0.6948799999999999
61090,620,66,-279.39006750658154,0.0,1.0,0.5538233333333333,0.69455
61160,621,70,-284.47511252760887,0.0,1.0,0.5534266666666667,0.6941999999999999
61290,622,130,-165.6771765574813,0.0,0.0,0.55269,0.69355
61420,623,130,-184.4578865841031,0.0,0.0,0.5519533333333334,0.6929000000000001
61550,624,130,-206.25280860066414,0.0,0.0,0.5512166666666667,0.69225
61680,625,130,-172.54589814692736,0.0,0.0,0.5504800000000001,0.6916
61810,626,130,-208.66341253370047,0.0,0.0,0.5497433333333334,0.69095
61917,627,107,-203.8970597051084,1.0,0.0,0.549137,0.690415
62043,628,126,-135.7589972950518,1.0,0.0,0.5484230000000001,0.689785
62173,629,130,-184.56510455161333,0.0,0.0,0.5476863333333334,0.689135
62303,630,130,-222.41818387806416,0.0,0.0,0.5469496666666667,0.688485
62431,631,128,-158.5100472383201,1.0,0.0,0.5462243333333334,0.687845
62561,632,130,-200.08361238986254,0.0,0.0,0.5454876666666667,0.687195
62655,633,94,-55.41816069185734,1.0,0.0,0.5449550000000001,0.686725
62785,634,130,-224.14365179091692,0.0,0.0,0.5442183333333334,0.686075
62865,635,80,-268.6930890381336,0.0,1.0,0.543765,0.685675
62995,636,130,-158.69998601078987,0.0,0.0,0.5430283333333334,0.685025
63125,637,130,-164.75550912693143,0.0,0.0,0.5422916666666666,0.684375
63186,638,61,-274.44100500643253,0.0,1.0,0.541946,0.68407
63316,639,130,-235.49550206959248,0.0,0.0,0.5412093333333334,0.6834199999999999
63446,640,130,-207.56550396233797,0.0,0.0,0.5404726666666667,0.68277
63562,641,116,-120.03446216881275,1.0,0.0,0.5398153333333333,0.6821900000000001
63635,642,73,-255.1851021796465,0.0,1.0,0.5394016666666667,0.681825
63722,643,87,-48.25902012363076,1.0,0.0,0.5389086666666667,0.6813899999999999
63830,644,108,-141.2701593823731,1.0,0.0,0.5382966666666666,0.68085
63960,645,130,-194.7252711057663,0.0,0.0,0.53756,0.6802
64062,646,102,-91.99727177619934,1.0,0.0,0.5369820000000001,0.67969
64192,647,130,-236.1791221573949,0.0,0.0,0.5362453333333335,0.6790400000000001
64265,648,73,-286.51205438748,0.0,1.0,0.5358316666666667,0.678675
64395,649,130,-162.8137874007225,0.0,0.0,0.5350950000000001,0.678025
64525,650,130,-200.32268108427525,0.0,0.0,0.5343583333333334,0.6773750000000001
64632,651,107,-100.63484454154968,1.0,0.0,0.533752,0.67684
64690,652,58,-212.57888102531433,0.0,1.0,0.5334233333333334,0.67655
64747,653,57,-289.60496712476015,0.0,1.0,0.5331003333333333,0.676265
64877,654,130,-151.29526801779866,0.0,0.0,0.5323636666666667,0.675615
65007,655,130,-209.15367237478495,0.0,0.0,0.5316270000000001,0.674965
65107,656,100,-84.29702434688807,1.0,0.0,0.5310603333333334,0.674465
65224,657,117,-133.0482901930809,1.0,0.0,0.5303973333333334,0.67388
65354,658,130,-219.24687676131725,0.0,0.0,0.5296606666666668,0.67323
65430,659,76,-270.9119051396847,0.0,1.0,0.5292300000000001,0.67285
65501,660,71,-260.43335408717394,0.0,1.0,0.5288276666666667,0.672495
65631,661,130,-172.10146499425173,0.0,0.0,0.5280910000000001,0.671845
65761,662,130,-176.8350421525538,0.0,0.0,0.5273543333333334,0.671195
65891,663,130,-228.01626696065068,0.0,0.0,0.5266176666666667,0.670545
66008,664,117,-90.92296056821942,1.0,0.0,0.5259546666666667,0.66996
66104,665,96,-78.7666794359684,1.0,0.0,0.5254106666666667,0.6694800000000001
66234,666,130,-164.14567286893725,0.0,0.0,0.5246740000000001,0.66883
66347,667,113,-101.75046339258552,1.0,0.0,0.5240336666666667,0.668265
66477,668,130,-223.03091510012746,0.0,0.0,0.523297,0.667615
66568,669,91,-99.9139307923615,1.0,0.0,0.5227813333333333,0.66716
66642,670,74,-299.00331930071115,0.0,1.0,0.522362,0.66679
66733,671,91,-49.71125790476799,1.0,0.0,0.5218463333333334,0.666335
66795,672,62,-188.92715181410313,0.0,1.0,0.521495,0.6660250000000001
66914,673,119,-109.53849793970585,1.0,0.0,0.5208206666666667,0.66543
66989,674,75,-228.19399198889732,0.0,1.0,0.5203956666666667,0.665055
67119,675,130,-184.62225730717182,0.0,0.0,0.5196590000000001,0.6644049999999999
67242,676,123,-142.27489035576582,1.0,0.0,0.518962,0.66379
67351,677,109,-104.5113921687007,1.0,0.0,0.5183443333333333,0.663245
67424,678,73,-248.98804886639118,0.0,1.0,0.5179306666666668,0.6628799999999999
67539,679,115,-160.05272913724184,1.0,0.0,0.517279,0.662305
67632,680,93,-62.87973542511463,1.0,0.0,0.5167520000000001,0.66184
67739,681,107,-175.50871009379625,1.0,0.0,0.5161456666666666,0.661305
67869,682,130,-179.06973571702838,0.0,0.0,0.515409,0.660655
67999,683,130,-209.08570697903633,0.0,0.0,0.5146723333333334,0.660005
68129,684,130,-232.6793726310134,0.0,0.0,0.5139356666666667,0.659355
68259,685,130,-154.03317902982235,0.0,0.0,0.513199,0.658705
68329,686,70,-256.78444220125675,0.0,1.0,0.5128023333333334,0.658355
68459,687,130,-267.8856367841363,0.0,0.0,0.5120656666666668,0.657705
68589,688,130,-211.08949472755194,0.0,0.0,0.511329,0.657055
68716,689,127,-185.2281702682376,1.0,0.0,0.5106093333333334,0.65642
68846,690,130,-214.07710928469896,0.0,0.0,0.5098726666666666,0.65577
68970,691,124,-150.79934041947126,1.0,0.0,0.5091700000000001,0.65515
69100,692,130,-154.9249124750495,0.0,0.0,0.5084333333333333,0.6545
69209,693,109,-126.51279874145985,1.0,0.0,0.5078156666666667,0.6539550000000001
69339,694,130,-265.0330793336034,0.0,0.0,0.5070790000000001,0.653305
69469,695,130,-214.44570174068213,0.0,0.0,0.5063423333333333,0.652655
69594,696,125,-144.97382934810594,1.0,0.0,0.505634,0.65203
69693,697,99,-61.93254414573312,1.0,0.0,0.5050730000000001,0.651535
69792,698,99,-50.79895405471325,1.0,0.0,0.5045120000000001,0.65104
69922,699,130,-172.195006608963,0.0,0.0,0.5037753333333334,0.65039
69998,700,76,-261.99940843880177,0.0,1.0,0.5033446666666668,0.65001
70111,701,113,-152.5526186041534,1.0,0.0,0.5027043333333334,0.649445
70227,702,116,-115.68532001972198,1.0,0.0,0.502047,0.648865
70357,703,130,-176.5902195200324,0.0,0.0,0.5013103333333333,0.648215
70454,704,97,-98.95918706804514,1.0,0.0,0.5007606666666666,0.6477299999999999
70578,705,124,-162.0501908324659,1.0,0.0,0.5000580000000001,0.6471100000000001
70708,706,130,-256.40717466920614,0.0,0.0,0.49932133333333334,0.64646
70794,707,86,-53.792621564120054,1.0,0.0,0.49883400000000006,0.64603
70924,708,130,-194.24691043049097,0.0,0.0,0.49809733333333334,0.6453800000000001
71052,709,128,-114.23916403204203,1.0,0.0,0.49737200000000004,0.64474
71165,710,113,-113.06690709665418,1.0,0.0,0.49673166666666674,0.6441749999999999
71295,711,130,-158.4451616331935,0.0,0.0,0.495995,0.643525
71421,712,126,-96.23931964486837,1.0,0.0,0.495281,0.642895
71527,713,106,-107.89070742949843,1.0,0.0,0.4946803333333334,0.6423650000000001
71625,714,98,-129.93018873408437,1.0,0.0,0.49412500000000004,0.641875
71731,715,106,-122.11332727596164,1.0,0.0,0.49352433333333334,0.641345
71839,716,108,-95.81664994359016,1.0,0.0,0.49291233333333334,0.6408050000000001
71969,717,130,-220.26644784212112,0.0,0.0,0.4921756666666667,0.640155
72094,718,125,-108.77445914968848,1.0,0.0,0.49146733333333337,0.63953
72213,719,119,-80.8750592470169,1.0,0.0,0.49079300000000003,0.638935
72342,720,129,-125.76377037167549,1.0,0.0,0.49006200000000005,0.63829
72472,721,130,-192.06738348305225,0.0,0.0,0.4893253333333334,0.63764
72602,722,130,-172.28703934326768,0.0,0.0,0.48858866666666667,0.63699
72721,723,119,-83.85325024276972,1.0,0.0,0.4879143333333334,0.636395
72851,724,130,-204.14024171233177,0.0,0.0,0.4871776666666667,0.635745
72981,725,130,-190.3031779937446,0.0,0.0,0.48644100000000007,0.635095
73047,726,66,-271.19306457042694,0.0,1.0,0.486067,0.634765
73177,727,130,-207.33833412453532,0.0,0.0,0.48533033333333336,0.634115
73307,728,130,-218.11103983223438,0.0,0.0,0.4845936666666667,0.633465
73410,729,103,-81.49381530284882,1.0,0.0,0.48401000000000005,0.63295
73540,730,130,-222.64400393888354,0.0,0.0,0.48327333333333333,0.6323
73602,731,62,-210.57296274602413,0.0,1.0,0.482922,0.63199
73732,732,130,-166.51436626166105,0.0,0.0,0.48218533333333335,0.63134
73851,733,119,-126.87584031373262,1.0,0.0,0.481511,0.630745
73918,734,67,-191.00204394757748,0.0,1.0,0.48113133333333336,0.63041
74029,735,111,-167.20077361539006,1.0,0.0,0.48050233333333336,0.629855
74132,736,103,-73.48450296744704,1.0,0.0,0.4799186666666667,0.62934
74262,737,130,-165.27208377048373,0.0,0.0,0.479182,0.62869
74331,738,69,-263.2694412916899,0.0,1.0,0.478791,0.628345
74460,739,129,-120.2281278707087,1.0,0.0,0.47806000000000004,0.6276999999999999
74570,740,110,-132.69987179338932,1.0,0.0,0.47743666666666673,0.62715
74700,741,130,-159.89322516322136,0.0,0.0,0.4767,0.6265000000000001
74830,742,130,-148.86594751477242,0.0,0.0,0.47596333333333335,0.62585
74960,743,130,-189.59575220942497,0.0,0.0,0.47522666666666674,0.6252
75070,744,110,-108.15423519909382,1.0,0.0,0.47460333333333343,0.62465
75200,745,130,-231.36904561892152,0.0,0.0,0.4738666666666667,0.624
75310,746,110,-128.25327022746205,1.0,0.0,0.47324333333333335,0.6234500000000001
75440,747,130,-185.36080558225513,0.0,0.0,0.4725066666666667,0.6228
75558,748,118,-89.22959664463997,1.0,0.0,0.4718380000000001,0.62221
75672,749,114,-108.32203507423401,1.0,0.0,0.471192,0.62164
75769,750,97,-71.95404776185751,1.0,0.0,0.47064233333333344,0.621155
75899,751,130,-161.3428281210363,0.0,0.0,0.4699056666666667,0.6205050000000001
76024,752,125,-157.5282502118498,1.0,0.0,0.4691973333333334,0.61988
76154,753,130,-180.5192465633154,0.0,0.0,0.4684606666666667,0.61923
76222,754,68,-211.09673622995615,0.0,1.0,0.4680753333333334,0.61889
76322,755,100,-135.42734491825104,1.0,0.0,0.4675086666666667,0.61839
76440,756,118,-74.01713460311294,1.0,0.0,0.46684,0.6177999999999999
76570,757,130,-205.93991801515222,0.0,0.0,0.4661033333333334,0.6171500000000001
76687,758,117,-160.10017983615398,1.0,0.0,0.4654403333333334,0.616565
76806,759,119,-68.79723739996552,1.0,0.0,0.464766,0.6159699999999999
76930,760,124,-108.32941488176584,1.0,0.0,0.4640633333333333,0.61535
77019,761,89,-36.91516964137554,1.0,0.0,0.463559,0.614905
77149,762,130,-132.7514983303845,0.0,0.0,0.46282233333333334,0.614255
77245,763,96,-37.04749830812216,1.0,0.0,0.46227833333333335,0.613775
77375,764,130,-151.86123990267515,0.0,0.0,0.4615416666666667,0.6131249999999999
77438,765,63,-245.95965366065502,0.0,1.0,0.4611846666666667,0.61281
77568,766,130,-166.5365476384759,0.0,0.0,0.460448,0.61216
77698,767,130,-159.91248611360788,0.0,0.0,0.45971133333333336,0.61151
77824,768,126,-89.0589693710208,1.0,0.0,0.45899733333333337,0.61088
77927,769,103,-69.92015723884106,1.0,0.0,0.45841366666666666,0.6103649999999999
78057,770,130,-210.16826837137341,0.0,0.0,0.45767700000000006,0.609715
78187,771,130,-180.47051989287138,0.0,0.0,0.4569403333333334,0.609065
78317,772,130,-183.8780090250075,0.0,0.0,0.45620366666666673,0.608415
78436,773,119,-119.91409324482083,1.0,0.0,0.4555293333333334,0.60782
78566,774,130,-155.27480330318213,0.0,0.0,0.45479266666666673,0.60717
78675,775,109,-106.37447506189346,1.0,0.0,0.45417500000000005,0.606625
78771,776,96,-119.08744978904724,1.0,0.0,0.453631,0.6061449999999999
78901,777,130,-172.1952741779387,0.0,0.0,0.4528943333333334,0.605495
79028,778,127,-210.03756706416607,1.0,0.0,0.4521746666666667,0.6048600000000001
79155,779,127,-68.6081477329135,1.0,0.0,0.4514550000000001,0.604225
79282,780,127,-123.2263978458941,1.0,0.0,0.4507353333333333,0.60359
79412,781,130,-148.58528666198254,0.0,0.0,0.4499986666666667,0.60294
79542,782,130,-217.25075284391642,0.0,0.0,0.44926200000000005,0.60229
79645,783,103,-117.22262026742101,1.0,0.0,0.44867833333333335,0.601775
79775,784,130,-159.3307641823776,0.0,0.0,0.4479416666666667,0.6011249999999999
79885,785,110,-51.17793649435043,1.0,0.0,0.4473183333333334,0.6005750000000001
79993,786,108,-76.80399609357119,1.0,0.0,0.44670633333333337,0.600035
80113,787,120,-125.38326897472143,1.0,0.0,0.44602633333333336,0.5994349999999999
80226,788,113,-110.64585840702057,1.0,0.0,0.44538600000000006,0.59887
80336,789,110,-80.26255174726248,1.0,0.0,0.4447626666666667,0.59832
80455,790,119,-70.32052932679653,1.0,0.0,0.44408833333333336,0.5977250000000001
80544,791,89,-25.752997294068336,1.0,0.0,0.44358400000000003,0.59728
80643,792,99,-85.16592893004417,1.0,0.0,0.44302300000000006,0.596785
80748,793,105,-95.16460095345974,1.0,0.0,0.44242800000000004,0.59626
80864,794,116,-140.9646989814937,1.0,0.0,0.4417706666666667,0.59568
80994,795,130,-184.45612231642008,0.0,0.0,0.44103400000000004,0.59503
81108,796,114,-79.54500445723534,1.0,0.0,0.44038800000000006,0.59446
81219,797,111,-112.58769173175097,1.0,0.0,0.439759,0.5939049999999999
81326,798,107,-173.57964082434773,1.0,0.0,0.43915266666666675,0.5933700000000001
81440,799,114,-50.02973549067974,1.0,0.0,0.43850666666666666,0.5928
81538,800,98,-75.88251677155495,1.0,0.0,0.43795133333333336,0.59231
81661,801,123,-122.52218546718359,1.0,0.0,0.43725433333333336,0.591695
81774,802,113,-59.94516567885876,1.0,0.0,0.43661400000000006,0.59113
81904,803,130,-207.20333901792765,0.0,0.0,0.4358773333333334,0.59048
81985,804,81,-204.784029468894,0.0,1.0,0.4354183333333334,0.590075
82060,805,75,-217.59943142533302,0.0,1.0,0.43499333333333334,0.5897
82190,806,130,-135.4912073686719,0.0,0.0,0.4342566666666667,0.58905
82315,807,125,-155.6560012847185,1.0,0.0,0.4335483333333334,0.588425
82417,808,102,-74.58783999830484,1.0,0.0,0.4329703333333334,0.587915
82491,809,74,-215.43748082220554,0.0,1.0,0.4325510000000001,0.587545
82578,810,87,-22.68564385920763,1.0,0.0,0.43205800000000005,0.58711
82694,811,116,-113.73620939254761,1.0,0.0,0.4314006666666667,0.58653
82824,812,130,-106.08410294353962,0.0,0.0,0.43066400000000005,0.58588
82938,813,114,-86.43231463432312,1.0,0.0,0.43001800000000007,0.58531
83052,814,114,-61.06988652050495,1.0,0.0,0.4293720000000001,0.58474
83167,815,115,-110.42476017028093,1.0,0.0,0.42872033333333337,0.584165
83297,816,130,-219.12368474528193,0.0,0.0,0.4279836666666667,0.583515
83355,817,58,-230.73893828690052,0.0,1.0,0.42765500000000006,0.583225
83466,818,111,-92.8586494922638,1.0,0.0,0.427026,0.58267
83559,819,93,-239.1821047961712,0.0,1.0,0.426499,0.582205
83664,820,105,-98.47193063795567,1.0,0.0,0.425904,0.58168
83764,821,100,-113.45700627565384,1.0,0.0,0.4253373333333334,0.58118
83877,822,113,-123.75387641042471,1.0,0.0,0.42469700000000005,0.580615
83989,823,112,-98.62111262232065,1.0,0.0,0.4240623333333334,0.580055
84089,824,100,-67.7754048705101,1.0,0.0,0.42349566666666666,0.5795549999999999
84196,825,107,-62.571202859282494,1.0,0.0,0.4228893333333334,0.5790200000000001
84319,826,123,-106.76307434588671,1.0,0.0,0.4221923333333334,0.5784050000000001
84433,827,114,-102.45880031958222,1.0,0.0,0.4215463333333334,0.577835
84542,828,109,-66.39254848659039,1.0,0.0,0.42092866666666673,0.5772900000000001
84655,829,113,-116.5257919318974,1.0,0.0,0.4202883333333334,0.5767249999999999
84774,830,119,-97.62270744144917,1.0,0.0,0.41961400000000004,0.57613
84855,831,81,-292.9880693592131,0.0,1.0,0.41915500000000006,0.575725
84985,832,130,-127.15681381523609,0.0,0.0,0.4184183333333334,0.575075
85078,833,93,-105.98152887821198,1.0,0.0,0.4178913333333334,0.5746100000000001
85195,834,117,-88.96710066124797,1.0,0.0,0.4172283333333334,0.574025
85254,835,59,-177.27301232516766,0.0,1.0,0.41689400000000004,0.5737300000000001
85362,836,108,-36.490056201815605,1.0,0.0,0.416282,0.57319
85481,837,119,-97.01682431995869,1.0,0.0,0.4156076666666667,0.572595
85583,838,102,-66.95615813881159,1.0,0.0,0.4150296666666667,0.572085
85705,839,122,-75.3898886218667,1.0,0.0,0.41433833333333336,0.571475
85811,840,106,-61.7541356831789,1.0,0.0,0.4137376666666667,0.570945
85929,841,118,-77.66557687520981,1.0,0.0,0.413069,0.570355
86059,842,130,-147.7832999713719,0.0,0.0,0.4123323333333333,0.5697049999999999
86161,843,102,-124.85464277863503,1.0,0.0,0.4117543333333334,0.569195
86250,844,89,-8.191788353025913,1.0,0.0,0.41125000000000006,0.5687500000000001
86338,845,88,-30.37781223654747,1.0,0.0,0.41075133333333336,0.56831
86453,846,115,-37.95600262284279,1.0,0.0,0.41009966666666664,0.567735
86577,847,124,-116.9385787025094,1.0,0.0,0.409397,0.567115
86653,848,76,-233.04273664951324,0.0,1.0,0.4089663333333334,0.566735
86757,849,104,-79.08588444441557,1.0,0.0,0.40837700000000005,0.566215
86887,850,130,-185.5743182003498,0.0,0.0,0.4076403333333333,0.565565
86948,851,61,-221.7414853349328,0.0,1.0,0.4072946666666667,0.56526
87052,852,104,-68.25299449265003,1.0,0.0,0.40670533333333336,0.56474
87174,853,122,-179.68363474309444,1.0,0.0,0.40601400000000004,0.56413
87274,854,100,-103.17842542380095,1.0,0.0,0.4054473333333333,0.56363
87381,855,107,-89.28395994007587,1.0,0.0,0.40484100000000006,0.563095
87491,856,110,-64.29749684780836,1.0,0.0,0.4042176666666667,0.5625450000000001
87605,857,114,-116.32968502119184,1.0,0.0,0.4035716666666667,0.561975
87730,858,125,-105.83969183266163,1.0,0.0,0.4028633333333334,0.56135
87836,859,106,-31.62210175395012,1.0,0.0,0.40226266666666677,0.5608200000000001
87912,860,76,-245.4755897000432,0.0,1.0,0.401832,0.5604399999999999
88018,861,106,-87.04503592476249,1.0,0.0,0.4012313333333334,0.55991
88130,862,112,-91.70612074807286,1.0,0.0,0.4005966666666667,0.55935
88217,863,87,-8.295360036194324,1.0,0.0,0.4001036666666667,0.5589149999999999
88333,864,116,-61.46568428725004,1.0,0.0,0.39944633333333335,0.558335
88444,865,111,-86.47998610883951,1.0,0.0,0.39881733333333336,0.55778
88542,866,98,-100.99179665744305,1.0,0.0,0.398262,0.55729
88670,867,128,-115.43445762246847,1.0,0.0,0.39753666666666676,0.5566500000000001
88771,868,101,-45.994409032166004,1.0,0.0,0.39696433333333336,0.556145
88880,869,109,-43.6302909553051,1.0,0.0,0.39634666666666674,0.5556
89000,870,120,-63.442014150321484,1.0,0.0,0.3956666666666666,0.5549999999999999
89110,871,110,-122.96725229918957,1.0,0.0,0.3950433333333334,0.55445
89225,872,115,-78.43890833854675,1.0,0.0,0.3943916666666667,0.553875
89355,873,130,-171.24648094922304,0.0,0.0,0.393655,0.553225
89467,874,112,-49.133785367012024,1.0,0.0,0.3930203333333333,0.552665
89578,875,111,-57.85873190313578,1.0,0.0,0.3923913333333334,0.55211
89708,876,130,-181.39120890945196,0.0,0.0,0.3916546666666667,0.5514600000000001
89816,877,108,-41.62713860347867,1.0,0.0,0.39104266666666665,0.55092
89920,878,104,-113.54716109484434,1.0,0.0,0.3904533333333333,0.5504
90022,879,102,-108.00597993284464,1.0,0.0,0.38987533333333335,0.54989
90124,880,102,-26.44905736297369,1.0,0.0,0.3892973333333334,0.54938
90239,881,115,-77.17121654003859,1.0,0.0,0.38864566666666667,0.548805
90350,882,111,-54.96235749125481,1.0,0.0,0.3880166666666667,0.5482499999999999
90463,883,113,-60.93623420223594,1.0,0.0,0.3873763333333333,0.547685
90570,884,107,-141.25414925813675,1.0,0.0,0.38677000000000006,0.54715
90683,885,113,-24.46420195698738,1.0,0.0,0.3861296666666667,0.546585
90782,886,99,-60.4816739782691,1.0,0.0,0.38556866666666667,0.54609
90877,887,95,-38.39534383267164,1.0,0.0,0.38503033333333336,0.545615
90990,888,113,-53.47286485508084,1.0,0.0,0.38439,0.54505
91120,889,130,-137.10680339485407,1.0,0.0,0.3836533333333333,0.5444
91248,890,128,-89.07745852321386,1.0,0.0,0.38292800000000005,0.54376
91348,891,100,-55.942951411008835,1.0,0.0,0.38236133333333333,0.54326
91463,892,115,-68.31838117539883,1.0,0.0,0.3817096666666667,0.542685
91593,893,130,-191.67331245914102,0.0,0.0,0.380973,0.5420349999999999
91717,894,124,-49.13300721347332,1.0,0.0,0.3802703333333334,0.541415
91817,895,100,-55.11179586171056,1.0,0.0,0.3797036666666668,0.540915
91925,896,108,-46.8539004586637,1.0,0.0,0.3790916666666667,0.540375
92034,897,109,-97.47312044352293,1.0,0.0,0.3784740000000001,0.53983
92127,898,93,-28.96557092666626,1.0,0.0,0.37794700000000003,0.5393650000000001
92247,899,120,-100.1262544542551,1.0,0.0,0.377267,0.538765
92349,900,102,-71.17405477166176,1.0,0.0,0.37668900000000005,0.538255
92458,901,109,-68.212900839746,1.0,0.0,0.3760713333333334,0.53771
92557,902,99,-46.22080695256591,1.0,0.0,0.3755103333333334,0.537215
92668,903,111,-97.11368627473712,1.0,0.0,0.3748813333333333,0.5366599999999999
92768,904,100,-44.48200264573097,1.0,0.0,0.3743146666666667,0.53616
92897,905,129,-104.7904828414321,1.0,0.0,0.37358366666666665,0.535515
93003,906,106,-74.03262753784657,1.0,0.0,0.37298300000000006,0.534985
93126,907,123,-66.63485086709261,1.0,0.0,0.3722860000000001,0.53437
93242,908,116,-66.48254617722705,1.0,0.0,0.3716286666666667,0.53379
93362,909,120,-66.86359049379826,1.0,0.0,0.3709486666666667,0.5331899999999999
93476,910,114,-41.40241390094161,1.0,0.0,0.37030266666666667,0.53262
93587,911,111,-41.05724875628948,1.0,0.0,0.3696736666666667,0.532065
93699,912,112,-76.62651661038399,1.0,0.0,0.369039,0.531505
93829,913,130,-171.81532403826714,0.0,0.0,0.3683023333333334,0.530855
93946,914,117,-54.30633144825697,1.0,0.0,0.3676393333333333,0.53027
94067,915,121,-99.78787194937468,1.0,0.0,0.36695366666666673,0.529665
94188,916,121,-46.92066217213869,1.0,0.0,0.36626800000000004,0.52906
94296,917,108,-53.36013261973858,1.0,0.0,0.3656560000000001,0.52852
94411,918,115,-108.13645381852984,1.0,0.0,0.3650043333333334,0.527945
94521,919,110,-113.42040575668216,1.0,0.0,0.36438099999999995,0.527395
94635,920,114,-90.36794404685497,1.0,0.0,0.36373500000000003,0.526825
94744,921,109,-20.837527364492416,1.0,0.0,0.3631173333333334,0.52628
94863,922,119,-94.61977141769603,1.0,0.0,0.36244300000000007,0.525685
94993,923,130,-155.22368616610765,0.0,0.0,0.36170633333333335,0.525035
95096,924,103,-83.87401393800974,1.0,0.0,0.3611226666666667,0.52452
95214,925,118,-83.54742170125246,1.0,0.0,0.36045400000000005,0.52393
95321,926,107,-86.88205796480179,1.0,0.0,0.3598476666666667,0.523395
95439,927,118,-73.0878620184958,1.0,0.0,0.359179,0.522805
95567,928,128,-122.02223896235228,1.0,0.0,0.35845366666666667,0.522165
95697,929,130,-138.48587445169687,0.0,0.0,0.35771700000000006,0.521515
95803,930,106,-73.19115747511387,1.0,0.0,0.35711633333333337,0.520985
95927,931,124,-95.01523294346407,1.0,0.0,0.35641366666666663,0.520365
96041,932,114,-73.61521185934544,1.0,0.0,0.3557676666666667,0.519795
96144,933,103,-38.19103094935417,1.0,0.0,0.35518400000000006,0.51928
96235,934,91,-3.850720524787903,1.0,0.0,0.35466833333333336,0.5188250000000001
96335,935,100,-67.13640405982733,1.0,0.0,0.35410166666666676,0.518325
96434,936,99,-36.70895669981837,1.0,0.0,0.3535406666666667,0.51783
96559,937,125,-127.13972306624055,1.0,0.0,0.3528323333333334,0.517205
96659,938,100,-90.10761761665344,1.0,0.0,0.3522656666666667,0.516705
96781,939,122,-43.27538505196571,1.0,0.0,0.3515743333333333,0.516095
96858,940,77,-205.65750521421432,0.0,1.0,0.35113800000000006,0.51571
96969,941,111,-96.25716446340084,1.0,0.0,0.35050899999999996,0.515155
97072,942,103,-29.48496788740158,1.0,0.0,0.3499253333333334,0.51464
97177,943,105,-56.80532018141821,1.0,0.0,0.3493303333333334,0.514115
97306,944,129,-85.92883975058794,1.0,0.0,0.34859933333333337,0.51347
97419,945,113,-56.93489674851298,1.0,0.0,0.347959,0.5129049999999999
97532,946,113,-85.43436059355736,1.0,0.0,0.3473186666666668,0.51234
97648,947,116,-52.99025006592274,1.0,0.0,0.3466613333333334,0.51176
97759,948,111,-17.845889151096344,1.0,0.0,0.3460323333333334,0.511205
97861,949,102,-73.4076744876802,1.0,0.0,0.3454543333333333,0.510695
97971,950,110,-58.04638782888651,1.0,0.0,0.344831,0.510145
98084,951,113,-26.16467672586441,1.0,0.0,0.34419066666666676,0.50958
98214,952,130,-174.0097632035613,0.0,0.0,0.34345400000000004,0.50893
98324,953,110,-58.88024400174618,1.0,0.0,0.3428306666666666,0.5083799999999999
98436,954,112,-35.59851232171059,1.0,0.0,0.34219599999999994,0.5078199999999999
98562,955,126,-98.65384553000331,1.0,0.0,0.34148200000000006,0.50719
98689,956,127,-82.96856915205717,1.0,0.0,0.3407623333333334,0.506555
98766,957,77,-155.92066874029115,0.0,1.0,0.340326,0.50617
98882,958,116,-81.32128575490788,1.0,0.0,0.33966866666666673,0.50559
98982,959,100,-69.20461218059063,1.0,0.0,0.339102,0.50509
99068,960,86,-11.917620435357094,1.0,0.0,0.33861466666666673,0.50466
99176,961,108,-70.81037171930075,1.0,0.0,0.3380026666666668,0.50412
99306,962,130,-179.8323463872075,0.0,0.0,0.33726600000000007,0.5034700000000001
99417,963,111,-48.50640367716551,1.0,0.0,0.33663699999999996,0.502915
99523,964,106,-33.05980793386698,1.0,0.0,0.3360363333333334,0.502385
99629,965,106,-32.22675784677267,1.0,0.0,0.3354356666666667,0.501855
99740,966,111,-97.72301694750786,1.0,0.0,0.3348066666666667,0.5013
99851,967,111,-77.12030804902315,1.0,0.0,0.3341776666666667,0.500745
99948,968,97,-27.329777620732784,1.0,0.0,0.33362800000000004,0.5002599999999999
100032,969,84,-7.513021253049374,1.0,0.0,0.333152,0.49983999999999995
100146,970,114,-91.50189661607146,1.0,0.0,0.3325060000000001,0.49927
100260,971,114,-37.04173296689987,1.0,0.0,0.33186000000000004,0.49870000000000003
100371,972,111,-115.32324692606926,1.0,0.0,0.33123100000000005,0.49814500000000006
100488,973,117,-62.82807136699557,1.0,0.0,0.3305680000000001,0.49756
100598,974,110,-36.68528512120247,1.0,0.0,0.32994466666666666,0.49700999999999995
100695,975,97,-36.54880943521857,1.0,0.0,0.329395,0.496525
100782,976,87,-191.90007134526968,0.0,1.0,0.328902,0.4960899999999999
100885,977,103,-53.114359483122826,1.0,0.0,0.3283183333333334,0.495575
100968,978,83,9.123637929558754,1.0,0.0,0.32784800000000003,0.49515999999999993
101058,979,90,4.995490193367004,1.0,0.0,0.327338,0.49471
101161,980,103,-67.09801495820284,1.0,0.0,0.32675433333333337,0.49419499999999994
101245,981,84,18.586981885135174,1.0,0.0,0.32627833333333334,0.49377499999999996
101342,982,97,-78.59716385602951,1.0,0.0,0.3257286666666668,0.49329
101428,983,86,-19.760387148708105,1.0,0.0,0.3252413333333334,0.49285999999999996
101519,984,91,-38.83784407749772,1.0,0.0,0.3247256666666667,0.492405
101642,985,123,-127.00706771761179,1.0,0.0,0.32402866666666674,0.49179000000000006
101746,986,104,-34.27770256251097,1.0,0.0,0.3234393333333334,0.4912700000000001
101857,987,111,-8.669758021831512,1.0,0.0,0.3228103333333333,0.490715
101974,988,117,-78.02275177836418,1.0,0.0,0.32214733333333334,0.49012999999999995
102044,989,70,-216.57404509186745,0.0,1.0,0.32175066666666674,0.48978
102152,990,108,-10.955305565148592,1.0,0.0,0.3211386666666667,0.48924
102269,991,117,-58.79061682522297,1.0,0.0,0.3204756666666667,0.48865499999999995
102399,992,130,-91.5889168381691,0.0,0.0,0.319739,0.488005
102505,993,106,-69.03659625351429,1.0,0.0,0.3191383333333334,0.487475
102606,994,101,-48.11804162710905,1.0,0.0,0.318566,0.48697
102725,995,119,-74.33140631392598,1.0,0.0,0.3178916666666667,0.486375
102816,996,91,-7.275545239448547,1.0,0.0,0.317376,0.4859199999999999
102941,997,125,-38.90518955886364,1.0,0.0,0.3166676666666668,0.48529500000000003
103042,998,101,-60.60488563030958,1.0,0.0,0.3160953333333333,0.48478999999999994
103139,999,97,-21.921829506754875,1.0,0.0,0.3155456666666667,0.484305
103240,1000,101,-45.83510369481519,1.0,0.0,0.3149733333333333,0.4838
103323,1001,83,7.773636978119612,1.0,0.0,0.3145030000000001,0.48338499999999995
103432,1002,109,-63.6088791154325,1.0,0.0,0.31388533333333335,0.48284000000000005
103539,1003,107,-48.20055225491524,1.0,0.0,0.3132790000000001,0.482305
103651,1004,112,-74.61998130381107,1.0,0.0,0.3126443333333334,0.481745
103761,1005,110,-35.12547928467393,1.0,0.0,0.312021,0.48119500000000004
103881,1006,120,-49.49976462870836,1.0,0.0,0.311341,0.480595
104000,1007,119,-31.600560039281845,1.0,0.0,0.31066666666666665,0.48
104096,1008,96,-50.374377496540546,1.0,0.0,0.31012266666666666,0.47951999999999995
104209,1009,113,-47.62642050534487,1.0,0.0,0.3094823333333333,0.478955
104316,1010,107,-52.26675405725837,1.0,0.0,0.30887600000000004,0.47842000000000007
104394,1011,78,-161.56731097400188,0.0,1.0,0.308434,0.47802999999999995
104497,1012,103,-24.630501471459866,1.0,0.0,0.30785033333333345,0.477515
104615,1013,118,-64.63495383411646,1.0,0.0,0.3071816666666667,0.47692500000000004
104726,1014,111,-9.964526295661926,1.0,0.0,0.3065526666666667,0.47636999999999996
104839,1015,113,-18.887576192617416,1.0,0.0,0.30591233333333334,0.47580500000000003
104951,1016,112,-23.593646198511124,1.0,0.0,0.30527766666666667,0.4752449999999999
105055,1017,104,-35.3774099946022,1.0,0.0,0.30468833333333334,0.47472499999999995
105146,1018,91,2.270414225757122,1.0,0.0,0.30417266666666665,0.47426999999999997
105262,1019,116,-35.0518768876791,1.0,0.0,0.30351533333333336,0.47369000000000006
105347,1020,85,-7.7996800765395164,1.0,0.0,0.30303366666666665,0.47326500000000005
105451,1021,104,-19.791660457849503,1.0,0.0,0.3024443333333333,0.47274499999999997
105578,1022,127,-53.30957846343517,1.0,0.0,0.30172466666666675,0.47211000000000003
105697,1023,119,-35.77582836896181,1.0,0.0,0.3010503333333334,0.471515
105813,1024,116,-85.91448866948485,1.0,0.0,0.300393,0.470935
105916,1025,103,-46.69505051895976,1.0,0.0,0.29980933333333337,0.47042000000000006
106018,1026,102,-31.509077109396458,1.0,0.0,0.2992313333333334,0.46991000000000005
106130,1027,112,-62.126799397170544,1.0,0.0,0.29859666666666673,0.46934999999999993
106214,1028,84,11.186982497572899,1.0,0.0,0.2981206666666667,0.46892999999999996
106319,1029,105,-43.59023452969268,1.0,0.0,0.2975256666666667,0.46840499999999996
106426,1030,107,-7.961570769548416,1.0,0.0,0.2969193333333334,0.46787
106532,1031,106,-70.60540710389614,1.0,0.0,0.29631866666666673,0.46734
106621,1032,89,3.667950563132763,1.0,0.0,0.2958143333333333,0.46689499999999995
106725,1033,104,-22.855795726180077,1.0,0.0,0.29522500000000007,0.466375
106846,1034,121,-49.047425251454115,1.0,0.0,0.2945393333333334,0.46577
106947,1035,101,-64.19395686686039,1.0,0.0,0.2939670000000001,0.46526500000000004
107057,1036,110,-48.203922882676125,1.0,0.0,0.29334366666666667,0.464715
107163,1037,106,-35.35353137552738,1.0,0.0,0.292743,0.46418499999999996
107263,1038,100,-34.58236761391163,1.0,0.0,0.29217633333333337,0.463685
107375,1039,112,-67.27885980904102,1.0,0.0,0.2915416666666667,0.463125
107470,1040,95,-4.339660562574863,1.0,0.0,0.2910033333333334,0.46265
107566,1041,96,-20.163762278854847,1.0,0.0,0.2904593333333334,0.46216999999999997
107661,1042,95,-11.5623479783535,1.0,0.0,0.289921,0.46169499999999997
107766,1043,105,-63.079186365008354,1.0,0.0,0.2893260000000001,0.4611700000000001
107860,1044,94,6.313554134219885,1.0,0.0,0.28879333333333335,0.4607
107959,1045,99,-51.108941316604614,1.0,0.0,0.2882323333333334,0.460205
108079,1046,120,-37.25409737974405,1.0,0.0,0.2875523333333334,0.45960500000000004
108153,1047,74,-166.49618545919657,0.0,1.0,0.2871330000000001,0.45923500000000006
108268,1048,115,-12.930779069662094,1.0,0.0,0.28648133333333337,0.45865999999999996
108398,1049,130,-145.90101298317313,0.0,0.0,0.28574466666666665,0.45801000000000003
108517,1050,119,-31.032380253076553,1.0,0.0,0.2850703333333333,0.457415
108622,1051,105,-71.53963344544172,1.0,0.0,0.2844753333333333,0.45689
108715,1052,93,-46.96266392292455,1.0,0.0,0.28394833333333336,0.45642499999999997
108842,1053,127,-43.83060788363218,1.0,0.0,0.2832286666666667,0.45579000000000003
108946,1054,104,-17.489005900919437,1.0,0.0,0.28263933333333335,0.45527000000000006
109047,1055,101,-25.65030575543642,1.0,0.0,0.28206700000000007,0.4547650000000001
109152,1056,105,-41.749102026224136,1.0,0.0,0.28147200000000006,0.45424
109252,1057,100,-72.49619201943278,1.0,0.0,0.28090533333333334,0.45374000000000003
109364,1058,112,-69.74963460117579,1.0,0.0,0.28027066666666667,0.4531799999999999
109473,1059,109,-30.658954862505198,1.0,0.0,0.27965300000000004,0.452635
109585,1060,112,-24.990996800363064,1.0,0.0,0.27901833333333337,0.452075
109692,1061,107,-23.67375525087118,1.0,0.0,0.278412,0.45153999999999994
109807,1062,115,-36.51968531310558,1.0,0.0,0.2777603333333334,0.45096500000000006
109906,1063,99,0.6002704799175262,1.0,0.0,0.27719933333333346,0.45047000000000004
110008,1064,102,-36.437376379966736,1.0,0.0,0.2766213333333334,0.44996
110112,1065,104,-30.831309840083122,1.0,0.0,0.27603200000000006,0.44944000000000006
110199,1066,87,7.277005344629288,1.0,0.0,0.2755390000000001,0.449005
110310,1067,111,0.9473116546869278,1.0,0.0,0.27491,0.44845
110407,1068,97,-51.52512411773205,1.0,0.0,0.27436033333333343,0.44796500000000006
110515,1069,108,-37.15998801589012,1.0,0.0,0.27374833333333337,0.44742499999999996
110625,1070,110,-51.45865040272474,1.0,0.0,0.27312499999999995,0.4468749999999999
110737,1071,112,-53.86912850663066,1.0,0.0,0.2724903333333333,0.446315
110867,1072,130,-57.43416305631399,0.0,0.0,0.2717536666666668,0.445665
110957,1073,90,5.0170255452394485,1.0,0.0,0.27124366666666666,0.445215
111070,1074,113,-37.84547260776162,1.0,0.0,0.2706033333333333,0.44465
111178,1075,108,-44.68037708103657,1.0,0.0,0.26999133333333336,0.44411
111299,1076,121,-43.318018179386854,1.0,0.0,0.2693056666666668,0.44350500000000004
111418,1077,119,-59.83323757350445,1.0,0.0,0.26863133333333333,0.4429099999999999
111503,1078,85,9.726626142859459,1.0,0.0,0.26814966666666673,0.442485
111606,1079,103,-21.293359771370888,1.0,0.0,0.26756599999999997,0.44197
111725,1080,119,-45.665308840572834,1.0,0.0,0.26689166666666664,0.44137499999999996
111837,1081,112,-23.369205933064222,1.0,0.0,0.26625699999999997,0.44081499999999996
111939,1082,102,-42.71869169920683,1.0,0.0,0.265679,0.44030499999999995
112036,1083,97,-57.38385371118784,1.0,0.0,0.26512933333333333,0.43982
112142,1084,106,-29.439370632637292,1.0,0.0,0.26452866666666663,0.43928999999999996
112250,1085,108,-61.92605314403772,1.0,0.0,0.2639166666666667,0.43875
112380,1086,130,-75.55441684648395,0.0,0.0,0.2631800000000001,0.43810000000000004
112490,1087,110,-15.08087958022952,1.0,0.0,0.26255666666666666,0.43755
112595,1088,105,-38.28416407853365,1.0,0.0,0.26196166666666665,0.437025
112701,1089,106,-58.8414527666755,1.0,0.0,0.26136100000000007,0.43649499999999997
112808,1090,107,-38.71708054840565,1.0,0.0,0.2607546666666667,0.43596
112916,1091,108,-43.622704576700926,1.0,0.0,0.26014266666666674,0.43542000000000003
113012,1092,96,-37.91589932143688,1.0,0.0,0.25959866666666664,0.43494
113126,1093,114,-56.399951457977295,1.0,0.0,0.2589526666666667,0.4343699999999999
113235,1094,109,-39.34807898104191,1.0,0.0,0.258335,0.433825
113346,1095,111,-36.05081710219383,1.0,0.0,0.2577060000000001,0.43327000000000004
113455,1096,109,-35.15417591109872,1.0,0.0,0.25708833333333336,0.432725
113551,1097,96,-18.155681811273098,1.0,0.0,0.2565443333333334,0.432245
113612,1098,61,-152.2179442718625,0.0,1.0,0.2561986666666667,0.43194
113715,1099,103,-25.91394504159689,1.0,0.0,0.25561500000000004,0.43142499999999995
113821,1100,106,-8.29253400862217,1.0,0.0,0.25501433333333345,0.43089500000000003
113919,1101,98,-10.242930978536606,1.0,0.0,0.254459,0.4304049999999999
114049,1102,130,-134.82284310134128,0.0,0.0,0.2537223333333334,0.429755
114157,1103,108,-27.393636628985405,1.0,0.0,0.25311033333333344,0.429215
114261,1104,104,-10.245945788919926,1.0,0.0,0.2525210000000001,0.42869500000000005
114380,1105,119,-68.08948811516166,1.0,0.0,0.2518466666666668,0.42810000000000004
114464,1106,84,14.436978980898857,1.0,0.0,0.25137066666666674,0.42768000000000006
114587,1107,123,-21.935586109757423,1.0,0.0,0.2506736666666667,0.42706500000000003
114684,1108,97,-6.051252111792564,1.0,0.0,0.250124,0.42657999999999996
114787,1109,103,-23.19317601621151,1.0,0.0,0.24954033333333336,0.426065
114908,1110,121,-13.256329633295536,1.0,0.0,0.24885466666666667,0.42545999999999995
115017,1111,109,-32.68694297224283,1.0,0.0,0.24823700000000004,0.42491499999999993
115093,1112,76,-193.16627759113908,0.0,1.0,0.24780633333333335,0.424535
115212,1113,119,-27.48904448002577,1.0,0.0,0.24713200000000002,0.42394
115321,1114,109,-29.141719199717045,1.0,0.0,0.2465143333333334,0.42339499999999997
115438,1115,117,-7.174767285585403,1.0,0.0,0.24585133333333342,0.42281
115523,1116,85,0.5003228858113289,1.0,0.0,0.2453696666666667,0.422385
115634,1117,111,-54.034805066883564,1.0,0.0,0.24474066666666672,0.42183000000000004
115743,1118,109,-19.976711213588715,1.0,0.0,0.2441230000000001,0.421285
115852,1119,109,-32.21446527168155,1.0,0.0,0.24350533333333346,0.42074
115955,1120,103,-22.286759302020073,1.0,0.0,0.2429216666666667,0.42022499999999996
116085,1121,130,-61.26402002945542,0.0,0.0,0.24218499999999998,0.41957500000000003
116184,1122,99,-17.957217827439308,1.0,0.0,0.24162400000000006,0.41908
116295,1123,111,-20.180784702301025,1.0,0.0,0.24099500000000007,0.41852500000000004
116413,1124,118,-55.89802596019581,1.0,0.0,0.2403263333333333,0.41793499999999995
116524,1125,111,-7.533572308719158,1.0,0.0,0.23969733333333343,0.41738
116630,1126,106,-32.19455095380545,1.0,0.0,0.23909666666666674,0.41685000000000005
116749,1127,119,-18.009315349161625,1.0,0.0,0.2384223333333333,0.41625499999999993
116850,1128,101,-24.11599926277995,1.0,0.0,0.23785,0.41574999999999995
116949,1129,99,-28.453750915825367,1.0,0.0,0.23728899999999997,0.41525499999999993
117057,1130,108,-64.93021846562624,1.0,0.0,0.23667700000000003,0.41471500000000006
117167,1131,110,5.523996740579605,1.0,0.0,0.23605366666666672,0.414165
117251,1132,84,36.63697834312916,1.0,0.0,0.23557766666666669,0.41374500000000003
117355,1133,104,-1.0868543982505798,1.0,0.0,0.23498833333333335,0.41322499999999995
117473,1134,118,-37.191700376570225,1.0,0.0,0.2343196666666667,0.412635
117596,1135,123,-41.290251694619656,1.0,0.0,0.23362266666666676,0.41202000000000005
117706,1136,110,-42.361383482813835,1.0,0.0,0.23299933333333334,0.41147
117815,1137,109,-0.10264498740434647,1.0,0.0,0.2323816666666667,0.410925
117929,1138,114,-18.955831184983253,1.0,0.0,0.23173566666666678,0.410355
118051,1139,122,-37.4582780264318,1.0,0.0,0.2310443333333334,0.409745
118156,1140,105,-9.527393609285355,1.0,0.0,0.2304493333333334,0.40922000000000003
118276,1141,120,-57.94732940942049,1.0,0.0,0.22976933333333338,0.40862
118386,1142,110,0.4298008233308792,1.0,0.0,0.22914599999999996,0.40806999999999993
118503,1143,117,-40.01011397317052,1.0,0.0,0.2284830000000001,0.4074850000000001
118613,1144,110,-12.322715416550636,1.0,0.0,0.22785966666666668,0.40693500000000005
118718,1145,105,-41.45588432997465,1.0,0.0,0.22726466666666667,0.40640999999999994
118826,1146,108,-10.461793102324009,1.0,0.0,0.22665266666666672,0.40587000000000006
118935,1147,109,-43.106042344123125,1.0,0.0,0.22603499999999999,0.40532499999999994
119041,1148,106,18.407342053949833,1.0,0.0,0.2254343333333334,0.404795
119144,1149,103,15.037847511470318,1.0,0.0,0.22485066666666675,0.40428
119248,1150,104,-42.40377879887819,1.0,0.0,0.22426133333333342,0.40376
119348,1151,100,-28.42918200045824,1.0,0.0,0.2236946666666667,0.40325999999999995
119440,1152,92,15.577471137046814,1.0,0.0,0.22317333333333333,0.40280000000000005
119538,1153,98,-9.246606383472681,1.0,0.0,0.2226180000000001,0.40231000000000006
119645,1154,107,-2.554603759199381,1.0,0.0,0.22201166666666672,0.401775
119714,1155,69,-172.86824063630775,0.0,1.0,0.2216206666666667,0.40142999999999995
119823,1156,109,-6.618729565292597,1.0,0.0,0.22100300000000006,0.40088500000000005
119894,1157,71,-148.5782280084677,0.0,1.0,0.22060066666666678,0.40053000000000005
119993,1158,99,-58.20538166165352,1.0,0.0,0.22003966666666674,0.40003500000000003
120097,1159,104,-9.377939090132713,1.0,0.0,0.2194503333333334,0.39951500000000006
120210,1160,113,-19.92708384990692,1.0,0.0,0.21881000000000006,0.39895
120309,1161,99,2.3304229006171227,1.0,0.0,0.21824900000000003,0.398455
120405,1162,96,-13.827144004404545,1.0,0.0,0.21770500000000004,0.39797499999999997
120503,1163,98,26.786314871162176,1.0,0.0,0.21714966666666669,0.397485
120611,1164,108,-26.118755470961332,1.0,0.0,0.21653766666666674,0.396945
120712,1165,101,-17.10175383090973,1.0,0.0,0.21596533333333334,0.3964399999999999
120842,1166,130,-116.18990407139063,0.0,0.0,0.21522866666666673,0.3957900000000001
120945,1167,103,-32.70771925896406,1.0,0.0,0.21464499999999997,0.39527500000000004
121058,1168,113,15.763015300035477,1.0,0.0,0.21400466666666673,0.39471
121171,1169,113,-16.99296970665455,1.0,0.0,0.21336433333333338,0.39414499999999997
121255,1170,84,15.936982691287994,1.0,0.0,0.21288833333333335,0.393725
121360,1171,105,-12.284601893275976,1.0,0.0,0.21229333333333333,0.3932
121454,1172,94,-9.943801417946815,1.0,0.0,0.2117606666666667,0.39273
121559,1173,105,1.1903791427612305,1.0,0.0,0.2111656666666667,0.392205
121667,1174,108,-18.91204934194684,1.0,0.0,0.21055366666666664,0.39166499999999993
121765,1175,98,-0.8422330096364021,1.0,0.0,0.2099983333333334,0.39117500000000005
121848,1176,83,16.57363773137331,1.0,0.0,0.20952800000000005,0.39076
121933,1177,85,18.100322246551514,1.0,0.0,0.20904633333333345,0.390335
122043,1178,110,-0.7470438368618488,1.0,0.0,0.20842300000000002,0.38978500000000005
122167,1179,124,-26.52906835824251,1.0,0.0,0.2077203333333334,0.389165
122273,1180,106,-24.754089668393135,1.0,0.0,0.2071196666666667,0.38863500000000006
122390,1181,117,-6.141983784735203,1.0,0.0,0.20645666666666673,0.38805
122501,1182,111,-16.78004328906536,1.0,0.0,0.20582766666666663,0.3874949999999999
122614,1183,113,-12.371131211519241,1.0,0.0,0.2051873333333334,0.38693
122723,1184,109,-1.5725754611194134,1.0,0.0,0.20456966666666676,0.386385
122820,1185,97,1.4528806321322918,1.0,0.0,0.2040200000000001,0.3859
122922,1186,102,-4.181845150887966,1.0,0.0,0.203442,0.38539
123031,1187,109,-9.49253187328577,1.0,0.0,0.20282433333333338,0.384845
123133,1188,102,-35.81610706448555,1.0,0.0,0.20224633333333342,0.384335
123220,1189,87,28.276051737368107,1.0,0.0,0.20175333333333334,0.3839
123305,1190,85,29.15032298862934,1.0,0.0,0.20127166666666674,0.383475
123401,1191,96,4.53708953410387,1.0,0.0,0.20072766666666664,0.382995
123513,1192,112,15.102270871400833,1.0,0.0,0.20009299999999997,0.38243499999999997
123620,1193,107,1.0488912984728813,1.0,0.0,0.1994866666666667,0.3818999999999999
123718,1194,98,-8.351443469524384,1.0,0.0,0.19893133333333335,0.38141
123813,1195,95,-13.798989064991474,1.0,0.0,0.19839300000000004,0.380935
123907,1196,94,1.5979249477386475,1.0,0.0,0.1978603333333333,0.38046499999999994
124016,1197,109,-18.093257047235966,1.0,0.0,0.19724266666666668,0.37992000000000004
124130,1198,114,12.838802747428417,1.0,0.0,0.19659666666666675,0.37934999999999997
124228,1199,98,-32.32072603702545,1.0,0.0,0.1960413333333334,0.37886
124334,1200,106,-20.659342512488365,1.0,0.0,0.1954406666666667,0.37832999999999994
124431,1201,97,-1.5941467694938183,1.0,0.0,0.19489100000000004,0.377845
124534,1202,103,-4.333851508796215,1.0,0.0,0.1943073333333334,0.37732999999999994
124643,1203,109,14.121607601642609,1.0,0.0,0.19368966666666676,0.37678500000000004
124735,1204,92,-1.345216065645218,1.0,0.0,0.1931683333333334,0.376325
124840,1205,105,2.25926211476326,1.0,0.0,0.19257333333333337,0.3757999999999999
124947,1206,107,-8.3800298422575,1.0,0.0,0.191967,0.37526499999999996
125044,1207,97,-20.675063714385033,1.0,0.0,0.19141733333333344,0.37478
125165,1208,121,-4.273654870688915,1.0,0.0,0.19073166666666663,0.3741749999999999
125268,1209,103,-4.1840981394052505,1.0,0.0,0.1901480000000001,0.37366
125369,1210,101,2.7443474754691124,1.0,0.0,0.1895756666666667,0.3731549999999999
125470,1211,101,-23.205460961908102,1.0,0.0,0.1890033333333333,0.3726499999999999
125584,1212,114,3.434144139289856,1.0,0.0,0.18835733333333338,0.37207999999999997
125693,1213,109,-0.8625611737370491,1.0,0.0,0.18773966666666675,0.37153499999999995
125785,1214,92,12.563807114958763,1.0,0.0,0.18721833333333338,0.37107500000000004
125888,1215,103,-31.701494500041008,1.0,0.0,0.18663466666666673,0.37056
125981,1216,93,-18.6027170419693,1.0,0.0,0.18610766666666667,0.37009499999999995
126085,1217,104,-23.754322715103626,1.0,0.0,0.18551833333333334,0.369575
126201,1218,116,-6.68024905025959,1.0,0.0,0.18486100000000005,0.36899499999999996
126314,1219,113,-16.639707669615746,1.0,0.0,0.1842206666666667,0.36843000000000004
126423,1220,109,-4.897497471421957,1.0,0.0,0.18360300000000007,0.367885
126528,1221,105,27.984962195158005,1.0,0.0,0.18300799999999995,0.3673599999999999
126638,1222,110,2.458175912499428,1.0,0.0,0.18238466666666675,0.3668100000000001
126723,1223,85,30.80032306909561,1.0,0.0,0.18190300000000004,0.36638499999999996
126814,1224,91,16.064340136945248,1.0,0.0,0.18138733333333334,0.36593
126920,1225,106,-8.951944913715124,1.0,0.0,0.18078666666666676,0.36540000000000006
127004,1226,84,23.386978834867477,1.0,0.0,0.18031066666666673,0.3649800000000001
127108,1227,104,-25.49210510775447,1.0,0.0,0.1797213333333334,0.36446
127221,1228,113,10.297998547554016,1.0,0.0,0.17908100000000005,0.36389499999999997
127312,1229,91,20.248750999569893,1.0,0.0,0.17856533333333335,0.36344
127412,1230,100,-10.155344564467669,1.0,0.0,0.17799866666666664,0.36294000000000004
127496,1231,84,36.63698199391365,1.0,0.0,0.17752266666666672,0.36251999999999995
127601,1232,105,19.694105736911297,1.0,0.0,0.1769276666666667,0.36199500000000007
127685,1233,84,22.386982306838036,1.0,0.0,0.17645166666666678,0.361575
127791,1234,106,17.915838826447725,1.0,0.0,0.17585099999999998,0.36104499999999995
127905,1235,114,-8.759701326489449,1.0,0.0,0.17520500000000006,0.360475
128001,1236,96,7.913980111479759,1.0,0.0,0.17466100000000007,0.35999500000000006
128105,1237,104,10.737068593502045,1.0,0.0,0.17407166666666674,0.359475
128213,1238,108,-2.61534234136343,1.0,0.0,0.17345966666666668,0.358935
128316,1239,103,25.56437361985445,1.0,0.0,0.17287600000000003,0.35841999999999996
128435,1240,119,-40.149635668843985,1.0,0.0,0.1722016666666667,0.35782500000000006
128518,1241,83,32.623637944459915,1.0,0.0,0.17173133333333335,0.35741
128626,1242,108,-16.45931325107813,1.0,0.0,0.1711193333333334,0.35687
128725,1243,99,-6.620304346084595,1.0,0.0,0.17055833333333337,0.356375
128828,1244,103,3.2876633815467358,1.0,0.0,0.16997466666666672,0.35585999999999995
128928,1245,100,29.13190483301878,1.0,0.0,0.16940800000000011,0.35536
129040,1246,112,-26.2404792457819,1.0,0.0,0.16877333333333344,0.3548
129139,1247,99,-6.457183446735144,1.0,0.0,0.1682123333333334,0.3543050000000001
129255,1248,116,-41.2904118783772,1.0,0.0,0.167555,0.35372499999999996
129339,1249,84,27.236978635191917,1.0,0.0,0.16707899999999998,0.353305
129422,1250,83,24.456970930099487,1.0,0.0,0.16660866666666674,0.35289000000000004
129533,1251,111,10.55886586010456,1.0,0.0,0.16597966666666675,0.35233500000000006
129631,1252,98,-6.260856062173843,1.0,0.0,0.1654243333333334,0.35184499999999996
129754,1253,123,-12.322674922645092,1.0,0.0,0.16472733333333334,0.35122999999999993
129864,1254,110,22.640714623034,1.0,0.0,0.16410400000000003,0.35068
129971,1255,107,-16.699056923389435,1.0,0.0,0.16349766666666676,0.35014500000000004
130079,1256,108,10.705167815089226,1.0,0.0,0.1628856666666667,0.34960499999999994
130174,1257,95,24.040317974984646,1.0,0.0,0.1623473333333334,0.34913000000000005
130277,1258,103,-17.739247292280197,1.0,0.0,0.16176366666666664,0.348615
130375,1259,98,-11.904932003468275,1.0,0.0,0.1612083333333334,0.348125
130470,1260,95,19.200172312557697,1.0,0.0,0.16066999999999998,0.34765
130578,1261,108,30.110321763902903,1.0,0.0,0.16005800000000003,0.34711000000000003
130682,1262,104,8.303666844964027,1.0,0.0,0.1594686666666667,0.34659000000000006
130777,1263,95,9.247171491384506,1.0,0.0,0.1589303333333334,0.34611499999999995
130899,1264,122,14.257040239870548,1.0,0.0,0.15823900000000002,0.34550499999999995
131013,1265,114,0.03451612591743469,1.0,0.0,0.1575930000000001,0.344935
131117,1266,104,13.082441814243793,1.0,0.0,0.15700366666666676,0.344415
131227,1267,110,-0.5266531817615032,1.0,0.0,0.15638033333333334,0.343865
131315,1268,88,18.777650773525238,1.0,0.0,0.1558816666666667,0.3434250000000001
131418,1269,103,23.425285518169403,1.0,0.0,0.15529800000000005,0.34291000000000005
131521,1270,103,13.054758116602898,1.0,0.0,0.1547143333333334,0.342395
131626,1271,105,38.76769592612982,1.0,0.0,0.15411933333333339,0.34187
131731,1272,105,9.312779851257801,1.0,0.0,0.15352433333333337,0.341345
131835,1273,104,29.747059516608715,1.0,0.0,0.15293500000000004,0.34082499999999993
131947,1274,112,7.87310815602541,1.0,0.0,0.15230033333333337,0.34026500000000004
132030,1275,83,22.92363792657852,1.0,0.0,0.15183000000000002,0.33985
132131,1276,101,15.719696298241615,1.0,0.0,0.15125766666666673,0.339345
132233,1277,102,6.02098224312067,1.0,0.0,0.15067966666666677,0.338835
132343,1278,110,10.510188110172749,1.0,0.0,0.15005633333333335,0.33828499999999995
132456,1279,113,21.240317590534687,1.0,0.0,0.149416,0.33772
132541,1280,85,27.64285157620907,1.0,0.0,0.1489343333333334,0.337295
132646,1281,105,2.8152665942907333,1.0,0.0,0.14833933333333338,0.33677
132753,1282,107,-1.1288113743066788,1.0,0.0,0.147733,0.33623499999999995
132853,1283,100,23.403753213584423,1.0,0.0,0.1471663333333334,0.335735
132954,1284,101,7.963936194777489,1.0,0.0,0.146594,0.3352299999999999
133053,1285,99,21.69381307065487,1.0,0.0,0.14603299999999997,0.334735
133162,1286,109,29.105836786329746,1.0,0.0,0.14541533333333334,0.33419
133265,1287,103,4.786794736981392,1.0,0.0,0.1448316666666667,0.33367500000000005
133379,1288,114,0.04641365259885788,1.0,0.0,0.14418566666666677,0.333105
133489,1289,110,15.529502093791962,1.0,0.0,0.14356233333333335,0.33255500000000005
133589,1290,100,27.939039081335068,1.0,0.0,0.14299566666666674,0.332055
133711,1291,122,6.199702192097902,1.0,0.0,0.14230433333333337,0.331445
133817,1292,106,26.841732814908028,1.0,0.0,0.14170366666666667,0.33091500000000007
133922,1293,105,24.479484163224697,1.0,0.0,0.14110866666666666,0.33038999999999996
134029,1294,107,18.987408597022295,1.0,0.0,0.1405023333333334,0.329855
134132,1295,103,4.301387317478657,1.0,0.0,0.13991866666666675,0.32933999999999997
134245,1296,113,-2.8098020926117897,1.0,0.0,0.1392783333333334,0.32877500000000004
134364,1297,119,-6.132056623697281,1.0,0.0,0.13860400000000006,0.32818
134457,1298,93,15.389476872980595,1.0,0.0,0.13807700000000012,0.327715
134557,1299,100,21.547827765345573,1.0,0.0,0.1375103333333334,0.32721500000000003
134671,1300,114,3.9686005264520645,1.0,0.0,0.13686433333333337,0.3266450000000001
134757,1301,86,31.36366307735443,1.0,0.0,0.13637700000000008,0.32621500000000003
134849,1302,92,8.048330172896385,1.0,0.0,0.1358556666666667,0.325755
134935,1303,86,38.18890406191349,1.0,0.0,0.13536833333333342,0.3253250000000001
135033,1304,98,13.269538443535566,1.0,0.0,0.13481300000000007,0.324835
135139,1305,106,36.7052797973156,1.0,0.0,0.13421233333333338,0.32430500000000007
135247,1306,108,13.269966837018728,1.0,0.0,0.13360033333333332,0.32376499999999997
135341,1307,94,10.59992952272296,1.0,0.0,0.1330676666666667,0.323295
135444,1308,103,42.089152947068214,1.0,0.0,0.13248400000000005,0.32278000000000007
135560,1309,116,-15.441159684211016,1.0,0.0,0.13182666666666665,0.32219999999999993
135662,1310,102,33.09820483624935,1.0,0.0,0.1312486666666668,0.32169000000000003
135772,1311,110,22.522708006203175,1.0,0.0,0.13062533333333337,0.32114
135873,1312,101,27.48393229395151,1.0,0.0,0.13005300000000009,0.320635
136003,1313,130,-29.378107886761427,0.0,0.0,0.12931633333333337,0.31998499999999996
136103,1314,100,7.196735098958015,1.0,0.0,0.12874966666666665,0.319485
136186,1315,83,35.423637971282005,1.0,0.0,0.1282793333333334,0.31906999999999996
136289,1316,103,13.690458625555038,1.0,0.0,0.12769566666666665,0.3185549999999999
136400,1317,111,31.0992184355855,1.0,0.0,0.12706666666666666,0.31800000000000006
136501,1318,101,12.28383032232523,1.0,0.0,0.12649433333333338,0.3174950000000001
136601,1319,100,24.63088209182024,1.0,0.0,0.12592766666666666,0.316995
136705,1320,104,-3.804700568318367,1.0,0.0,0.12533833333333333,0.31647500000000006
136788,1321,83,38.67363767325878,1.0,0.0,0.12486800000000009,0.31606
136899,1322,111,28.723983712494373,1.0,0.0,0.12423899999999999,0.3155049999999999
137012,1323,113,30.245421715080738,1.0,0.0,0.12359866666666675,0.31494
137104,1324,92,35.08868118003011,1.0,0.0,0.12307733333333337,0.31448
137211,1325,107,36.73364232480526,1.0,0.0,0.122471,0.31394500000000003
137325,1326,114,19.87064314261079,1.0,0.0,0.12182500000000007,0.31337499999999996
137417,1327,92,28.188077993690968,1.0,0.0,0.1213036666666667,0.31291500000000005
137518,1328,101,42.663718617521226,1.0,0.0,0.12073133333333341,0.3124100000000001
137631,1329,113,38.18227241933346,1.0,0.0,0.12009100000000006,0.31184499999999993
137733,1330,102,6.843488797545433,1.0,0.0,0.11951299999999998,0.3113349999999999
137837,1331,104,34.420632258057594,1.0,0.0,0.11892366666666665,0.31081499999999995
137952,1332,115,10.293882835656404,1.0,0.0,0.11827200000000004,0.31023999999999996
138060,1333,108,16.97498144209385,1.0,0.0,0.1176600000000001,0.3097
138145,1334,85,35.90032309293747,1.0,0.0,0.11717833333333338,0.30927499999999997
138254,1335,109,23.65676849707961,1.0,0.0,0.11656066666666665,0.30872999999999995
138362,1336,108,17.208356373012066,1.0,0.0,0.1159486666666667,0.30818999999999996
138468,1337,106,-6.300606727600098,1.0,0.0,0.115348,0.30765999999999993
138572,1338,104,29.20648442208767,1.0,0.0,0.11475866666666668,0.30713999999999997
138682,1339,110,10.272153705358505,1.0,0.0,0.11413533333333337,0.30659000000000003
138787,1340,105,29.439223751425743,1.0,0.0,0.11354033333333335,0.30606500000000003
138896,1341,109,38.71611933410168,1.0,0.0,0.11292266666666673,0.30552
138997,1342,101,46.77463160082698,1.0,0.0,0.11235033333333344,0.30501500000000004
139081,1343,84,46.48697856068611,1.0,0.0,0.11187433333333341,0.30459500000000006
139183,1344,102,20.448533318936825,1.0,0.0,0.11129633333333344,0.30408500000000005
139283,1345,100,45.71513730287552,1.0,0.0,0.11072966666666673,0.303585
139399,1346,116,41.39622796326876,1.0,0.0,0.11007233333333344,0.30300499999999997
139503,1347,104,27.878238394856453,1.0,0.0,0.10948300000000011,0.302485
139601,1348,98,12.264523349236697,1.0,0.0,0.10892766666666664,0.301995
139713,1349,112,36.92923714965582,1.0,0.0,0.10829299999999997,0.301435
139831,1350,118,39.06476144492626,1.0,0.0,0.10762433333333343,0.30084500000000003
139926,1351,95,7.938198149204254,1.0,0.0,0.10708600000000001,0.30037
140021,1352,95,19.950916029512882,1.0,0.0,0.10654766666666671,0.299895
140134,1353,113,42.652928568422794,1.0,0.0,0.10590733333333335,0.29933
140236,1354,102,26.092049561440945,1.0,0.0,0.10532933333333339,0.29882
140347,1355,111,34.939856588840485,1.0,0.0,0.1047003333333334,0.298265
140461,1356,114,24.414633311331272,1.0,0.0,0.10405433333333336,0.29769499999999993
140568,1357,107,11.358043543994427,1.0,0.0,0.1034480000000001,0.2971600000000001
140663,1358,95,44.43207178264856,1.0,0.0,0.10290966666666668,0.296685
140764,1359,101,37.0285422205925,1.0,0.0,0.10233733333333339,0.29618
140876,1360,112,39.82469854876399,1.0,0.0,0.10170266666666672,0.29562
140962,1361,86,49.46366387605667,1.0,0.0,0.10121533333333343,0.29519000000000006
141045,1362,83,53.373637571930885,1.0,0.0,0.10074499999999997,0.294775
141157,1363,112,26.712709367275238,1.0,0.0,0.1001103333333333,0.294215
141255,1364,98,34.520039267838,1.0,0.0,0.09955500000000006,0.293725
141353,1365,98,33.11389201879501,1.0,0.0,0.09899966666666671,0.2932349999999999
141461,1366,108,28.936121307313442,1.0,0.0,0.09838766666666676,0.29269500000000004
141559,1367,98,34.49362192302942,1.0,0.0,0.0978323333333333,0.29220499999999994
141671,1368,112,20.78271473199129,1.0,0.0,0.09719766666666663,0.29164499999999993
141780,1369,109,27.816495440900326,1.0,0.0,0.09658,0.2910999999999999
141894,1370,114,13.063835561275482,1.0,0.0,0.09593400000000007,0.29052999999999995
141996,1371,102,44.37537485733628,1.0,0.0,0.095356,0.29001999999999994
142082,1372,86,37.713663935661316,1.0,0.0,0.09486866666666671,0.28959
142177,1373,95,35.90010505542159,1.0,0.0,0.0943303333333334,0.289115
142268,1374,91,38.18080810829997,1.0,0.0,0.09381466666666671,0.2886599999999999
142365,1375,97,39.59250724315643,1.0,0.0,0.09326500000000004,0.28817499999999996
142475,1376,110,38.07574104517698,1.0,0.0,0.09264166666666673,0.287625
142574,1377,99,47.63400065898895,1.0,0.0,0.0920806666666667,0.28713
142670,1378,96,5.179576821625233,1.0,0.0,0.09153666666666671,0.28664999999999996
142788,1379,118,25.69468254595995,1.0,0.0,0.09086800000000006,0.28606
142871,1380,83,48.5236377120018,1.0,0.0,0.09039766666666671,0.28564500000000004
142983,1381,112,26.87311977148056,1.0,0.0,0.08976300000000004,0.28508500000000003
143085,1382,102,30.61983973858878,1.0,0.0,0.08918500000000007,0.284575
143184,1383,99,41.169068314135075,1.0,0.0,0.08862400000000004,0.28408
143296,1384,112,41.56803783029318,1.0,0.0,0.08798933333333336,0.28352
143408,1385,112,29.52052193880081,1.0,0.0,0.08735466666666669,0.28296
143503,1386,95,50.82842271029949,1.0,0.0,0.08681633333333338,0.282485
143610,1387,107,40.17906980961561,1.0,0.0,0.08621000000000001,0.2819499999999999
143719,1388,109,7.293781593441963,1.0,0.0,0.08559233333333338,0.281405
143819,1389,100,48.056614339351654,1.0,0.0,0.08502566666666667,0.28090499999999996
143928,1390,109,30.75897265225649,1.0,0.0,0.08440800000000004,0.28035999999999994
144028,1391,100,45.66493736207485,1.0,0.0,0.08384133333333343,0.27986
144122,1392,94,9.64030472934246,1.0,0.0,0.0833086666666667,0.27939
144231,1393,109,35.84756966680288,1.0,0.0,0.08269100000000007,0.278845
144315,1394,84,51.18697878718376,1.0,0.0,0.08221500000000004,0.27842500000000003
144415,1395,100,39.617859952151775,1.0,0.0,0.08164833333333343,0.277925
144521,1396,106,48.539953999221325,1.0,0.0,0.08104766666666674,0.27739500000000006
144622,1397,101,41.27401779592037,1.0,0.0,0.08047533333333334,0.27688999999999997
144731,1398,109,33.380471277982,1.0,0.0,0.07985766666666672,0.27634499999999995
144835,1399,104,52.97216046182439,1.0,0.0,0.07926833333333339,0.275825
144931,1400,96,50.831139121204615,1.0,0.0,0.0787243333333334,0.27534499999999995
145032,1401,101,48.734587386250496,1.0,0.0,0.07815200000000011,0.27484
145131,1402,99,28.122966170310974,1.0,0.0,0.07759100000000008,0.27434500000000006
145226,1403,95,42.05193268507719,1.0,0.0,0.07705266666666666,0.27387000000000006
145309,1404,83,57.9236376285553,1.0,0.0,0.07658233333333342,0.273455
145417,1405,108,32.818193688988686,1.0,0.0,0.07597033333333336,0.272915
145521,1406,104,36.317244835197926,1.0,0.0,0.07538100000000003,0.27239499999999994
145606,1407,85,44.450322926044464,1.0,0.0,0.07489933333333332,0.27196999999999993
145692,1408,86,49.46366411447525,1.0,0.0,0.07441200000000003,0.27154
145799,1409,107,17.787274107336998,1.0,0.0,0.07380566666666666,0.27100499999999994
145882,1410,83,41.023637503385544,1.0,0.0,0.07333533333333342,0.27059
145965,1411,83,60.27363762259483,1.0,0.0,0.07286500000000007,0.27017500000000005
146065,1412,100,55.30918278545141,1.0,0.0,0.07229833333333335,0.269675
146174,1413,109,48.37187000364065,1.0,0.0,0.07168066666666673,0.26913
146268,1414,94,41.05094789713621,1.0,0.0,0.0711480000000001,0.26866
146377,1415,109,44.42237116023898,1.0,0.0,0.07053033333333336,0.268115
146474,1416,97,25.26456779241562,1.0,0.0,0.06998066666666669,0.26763000000000003
146584,1417,110,48.738261602818966,1.0,0.0,0.06935733333333338,0.26708
146679,1418,95,54.509336434304714,1.0,0.0,0.06881900000000007,0.266605
146781,1419,102,33.97127601876855,1.0,0.0,0.06824100000000011,0.26609499999999997
146874,1420,93,38.521560966968536,1.0,0.0,0.06771400000000005,0.26563000000000003
146958,1421,84,42.636978566646576,1.0,0.0,0.06723800000000002,0.26520999999999995
147062,1422,104,49.75205836072564,1.0,0.0,0.06664866666666669,0.26469
147157,1423,95,35.224945455789566,1.0,0.0,0.06611033333333338,0.2642150000000001
147254,1424,97,54.22965092211962,1.0,0.0,0.06556066666666671,0.26373
147356,1425,102,51.14048159867525,1.0,0.0,0.06498266666666674,0.26322
147454,1426,98,50.40507419407368,1.0,0.0,0.06442733333333328,0.2627299999999999
147562,1427,108,37.92772442474961,1.0,0.0,0.06381533333333334,0.26219000000000003
147661,1428,99,47.2767713740468,1.0,0.0,0.06325433333333341,0.261695
147744,1429,83,55.57363760471344,1.0,0.0,0.06278400000000006,0.26128000000000007
147841,1430,97,42.28598337620497,1.0,0.0,0.06223433333333339,0.260795
147938,1431,97,14.655755668878555,1.0,0.0,0.06168466666666672,0.26031000000000004
148023,1432,85,42.10032299160957,1.0,0.0,0.06120300000000001,0.2598849999999999
148134,1433,111,6.604128398001194,1.0,0.0,0.06057400000000002,0.25933000000000006
148240,1434,106,46.25986063480377,1.0,0.0,0.059973333333333434,0.25880000000000003
148339,1435,99,41.28227539360523,1.0,0.0,0.0594123333333334,0.258305
148436,1436,97,48.32410077005625,1.0,0.0,0.05886266666666673,0.25782000000000005
148535,1437,99,43.2891706302762,1.0,0.0,0.058301666666666696,0.257325
148648,1438,113,48.29872261732817,1.0,0.0,0.05766133333333334,0.25676
148759,1439,111,51.297178357839584,1.0,0.0,0.05703233333333335,0.256205
148870,1440,111,36.812379725277424,1.0,0.0,0.05640333333333336,0.25564999999999993
148966,1441,96,45.94196482375264,1.0,0.0,0.05585933333333337,0.25517
149064,1442,98,46.96614645421505,1.0,0.0,0.05530400000000002,0.25468
149158,1443,94,31.460334554314613,1.0,0.0,0.054771333333333394,0.25421000000000005
149258,1444,100,35.57901494204998,1.0,0.0,0.05420466666666668,0.25371
149353,1445,95,23.30045073479414,1.0,0.0,0.05366633333333337,0.253235
149458,1446,105,35.81451430916786,1.0,0.0,0.05307133333333336,0.25271
149567,1447,109,54.51243671029806,1.0,0.0,0.05245366666666673,0.252165
149652,1448,85,51.05032268166542,1.0,0.0,0.05197200000000002,0.25173999999999996
149767,1449,115,32.90571469813585,1.0,0.0,0.0513203333333333,0.25116499999999997
149867,1450,100,63.64795095473528,1.0,0.0,0.0507536666666667,0.250665
149980,1451,113,49.10629469156265,1.0,0.0,0.05011333333333334,0.2501
