global_step,episode,length,reward,success,collision,epsilon,temperature
70,1,70,-457.66873233020306,0.0,1.0,0.19980166666666668,0.999125
128,2,58,-384.71781516075134,0.0,1.0,0.19963733333333333,0.9984
258,3,130,-423.87217359244823,0.0,0.0,0.199269,0.996775
319,4,61,-450.51429468393326,0.0,1.0,0.19909616666666669,0.9960125
389,5,70,-429.9381715655327,0.0,1.0,0.19889783333333336,0.9951375
456,6,67,-414.88784289360046,0.0,1.0,0.19870800000000002,0.9943
524,7,68,-383.5947431921959,0.0,1.0,0.19851533333333335,0.99345
654,8,130,-397.5456591695547,0.0,0.0,0.19814700000000002,0.991825
716,9,62,-389.8347846865654,0.0,1.0,0.19797133333333333,0.99105
791,10,75,-453.6540348827839,0.0,1.0,0.19775883333333336,0.9901125
847,11,56,-340.5622113645077,0.0,1.0,0.1976001666666667,0.9894125
925,12,78,-440.240731805563,0.0,1.0,0.1973791666666667,0.9884375
984,13,59,-421.8715944290161,0.0,1.0,0.197212,0.9877
1055,14,71,-439.0941416621208,0.0,1.0,0.19701083333333336,0.9868125
1112,15,57,-342.79970437288284,0.0,1.0,0.19684933333333335,0.9861
1185,16,73,-482.0262025743723,0.0,1.0,0.1966425,0.9851875
1243,17,58,-362.7544797360897,0.0,1.0,0.19647816666666668,0.9844625
1373,18,130,-438.43263660371304,0.0,0.0,0.19610983333333334,0.9828375
1438,19,65,-354.21833945810795,0.0,1.0,0.19592566666666666,0.982025
1506,20,68,-375.1302399635315,0.0,1.0,0.19573300000000002,0.981175
1580,21,74,-426.0876048654318,0.0,1.0,0.19552333333333335,0.98025
1646,22,66,-371.4426639601588,0.0,1.0,0.19533633333333333,0.979425
1776,23,130,-506.34165669977665,0.0,0.0,0.194968,0.9778
1837,24,61,-386.64646857976913,0.0,1.0,0.19479516666666669,0.9770375
1911,25,74,-383.67258401215076,0.0,1.0,0.19458550000000002,0.9761125
1984,26,73,-394.4724060446024,0.0,1.0,0.19437866666666667,0.9752
2067,27,83,-22.726362336426973,1.0,0.0,0.19414350000000002,0.9741625
2136,28,69,-193.18136163055897,0.0,1.0,0.193948,0.9733
2244,29,108,-47.824457799084485,1.0,0.0,0.193642,0.97195
2356,30,112,-54.694392957229866,1.0,0.0,0.19332466666666667,0.97055
2426,31,70,-259.7897017598152,0.0,1.0,0.19312633333333334,0.969675
2537,32,111,1.131372593343258,1.0,0.0,0.19281183333333335,0.9682875
2637,33,100,-25.364094834774733,1.0,0.0,0.19252850000000002,0.9670375
2748,34,111,-38.813294760882854,1.0,0.0,0.19221400000000002,0.96565
2806,35,58,-260.8503857553005,0.0,1.0,0.19204966666666667,0.964925
2920,36,114,-64.48728670924902,1.0,0.0,0.19172666666666668,0.9635
3020,37,100,-80.02261724323034,1.0,0.0,0.19144333333333335,0.96225
3089,38,69,-244.5281188338995,0.0,1.0,0.19124783333333334,0.9613875
3175,39,86,30.01366390287876,1.0,0.0,0.19100416666666667,0.9603125
3282,40,107,-108.22792546823621,1.0,0.0,0.190701,0.958975
3389,41,107,-17.11994792614132,1.0,0.0,0.19039783333333335,0.9576375
3506,42,117,-39.26280418038368,1.0,0.0,0.19006633333333334,0.956175
3620,43,114,-42.15782776847482,1.0,0.0,0.18974333333333335,0.95475
3681,44,61,-211.00212667882442,0.0,1.0,0.1895705,0.9539875
3792,45,111,-16.44385189237073,1.0,0.0,0.189256,0.9526
3861,46,69,-259.96988393366337,0.0,1.0,0.18906050000000002,0.9517375
3961,47,100,-26.887147061526775,1.0,0.0,0.18877716666666666,0.9504875
4068,48,107,-16.531802877783775,1.0,0.0,0.188474,0.94915
4182,49,114,-35.926444470882416,1.0,0.0,0.188151,0.947725
4299,50,117,-43.130410451907665,1.0,0.0,0.1878195,0.9462625
4399,51,100,2.0714940801262856,1.0,0.0,0.18753616666666667,0.9450125
4503,52,104,-30.902144584804773,1.0,0.0,0.1872415,0.9437125
4614,53,111,1.9569814763963223,1.0,0.0,0.186927,0.942325
4726,54,112,-37.80980835109949,1.0,0.0,0.18660966666666667,0.940925
4844,55,118,-22.787189096212387,1.0,0.0,0.18627533333333335,0.93945
4948,56,104,-16.14923584461212,1.0,0.0,0.18598066666666668,0.93815
5054,57,106,-31.584087073802948,1.0,0.0,0.18568033333333334,0.936825
5130,58,76,-263.3883910924196,0.0,1.0,0.18546500000000002,0.935875
5219,59,89,10.323980644345284,1.0,0.0,0.18521283333333335,0.9347624999999999
5325,60,106,-122.90383468940854,1.0,0.0,0.1849125,0.9334375
5430,61,105,-40.01568911224604,1.0,0.0,0.184615,0.932125
5537,62,107,-49.17618624866009,1.0,0.0,0.18431183333333334,0.9307875
5643,63,106,-37.73539051786065,1.0,0.0,0.18401150000000002,0.9294625
5712,64,69,-215.8523974865675,0.0,1.0,0.183816,0.9286
5824,65,112,-23.312278363853693,1.0,0.0,0.18349866666666667,0.9272
5882,66,58,-260.83331191539764,0.0,1.0,0.18333433333333335,0.9264749999999999
5947,67,65,-248.65605127811432,0.0,1.0,0.18315016666666667,0.9256625
6012,68,65,-247.76077049970627,0.0,1.0,0.18296600000000002,0.92485
6114,69,102,-71.96718127280474,1.0,0.0,0.182677,0.923575
6218,70,104,-91.08111232146621,1.0,0.0,0.18238233333333334,0.922275
6280,71,62,-264.24243395446683,0.0,1.0,0.18220666666666668,0.9215
6377,72,97,-30.37203462794423,1.0,0.0,0.18193183333333335,0.9202875
6440,73,63,-241.91121469438076,0.0,1.0,0.18175333333333335,0.9195
6556,74,116,-77.27114080637693,1.0,0.0,0.18142466666666668,0.91805
6622,75,66,-237.3311744965613,0.0,1.0,0.18123766666666669,0.917225
6736,76,114,-46.03337609767914,1.0,0.0,0.18091466666666667,0.9158
6850,77,114,-57.12499736994505,1.0,0.0,0.18059166666666668,0.9143749999999999
6952,78,102,-35.7143241725862,1.0,0.0,0.18030266666666667,0.9131
7057,79,105,4.326553255319595,1.0,0.0,0.1800051666666667,0.9117875
7137,80,80,-261.1283650100231,0.0,1.0,0.1797785,0.9107875
7246,81,109,-53.05520315095782,1.0,0.0,0.17946966666666667,0.909425
7303,82,57,-251.75755921006203,0.0,1.0,0.17930816666666669,0.9087125
7412,83,109,-43.13126268237829,1.0,0.0,0.17899933333333334,0.90735
7477,84,65,-263.0024076998234,0.0,1.0,0.1788151666666667,0.9065375
7587,85,110,-22.907358277589083,1.0,0.0,0.1785035,0.9051625
7695,86,108,-37.863516587764025,1.0,0.0,0.1781975,0.9038125
7784,87,89,29.877764835953712,1.0,0.0,0.17794533333333334,0.9027000000000001
7893,88,109,-13.954126313328743,1.0,0.0,0.1776365,0.9013375
7998,89,105,-94.87249198555946,1.0,0.0,0.17733900000000002,0.900025
8062,90,64,-216.14757034182549,0.0,1.0,0.17715766666666669,0.8992249999999999
8171,91,109,-50.83664198219776,1.0,0.0,0.17684883333333334,0.8978625
8277,92,106,-41.934732247143984,1.0,0.0,0.1765485,0.8965375
8386,93,109,-28.97492862911895,1.0,0.0,0.17623966666666668,0.895175
8492,94,106,-6.401042133569717,1.0,0.0,0.17593933333333334,0.89385
8560,95,68,-241.26051744818687,0.0,1.0,0.17574666666666666,0.893
8674,96,114,-14.265665344893932,1.0,0.0,0.17542366666666667,0.891575
8732,97,58,-295.09445345401764,0.0,1.0,0.17525933333333335,0.89085
8846,98,114,-56.4098673351109,1.0,0.0,0.17493633333333333,0.889425
8907,99,61,-288.6572000980377,0.0,1.0,0.17476350000000002,0.8886625
8991,100,84,20.086978629231453,1.0,0.0,0.1745255,0.8876125
9077,101,86,3.2999865412712097,1.0,0.0,0.17428183333333336,0.8865375
9177,102,100,-47.78346308320761,1.0,0.0,0.1739985,0.8852875
9289,103,112,-20.413365811109543,1.0,0.0,0.17368116666666666,0.8838875
9398,104,109,-7.906661190092564,1.0,0.0,0.17337233333333335,0.882525
9477,105,79,-173.72812341153622,0.0,1.0,0.1731485,0.8815375
9544,106,67,-253.02286899089813,0.0,1.0,0.17295866666666668,0.8807
9653,107,109,-70.05137680843472,1.0,0.0,0.17264983333333334,0.8793375
9761,108,108,-79.44044951349497,1.0,0.0,0.17234383333333333,0.8779875
9819,109,58,-221.87638641148806,0.0,1.0,0.1721795,0.8772625000000001
9933,110,114,-4.8446523025631905,1.0,0.0,0.17185650000000002,0.8758375
10037,111,104,-53.41042099893093,1.0,0.0,0.17156183333333333,0.8745375
10104,112,67,-248.46314093470573,0.0,1.0,0.17137200000000002,0.8737
10221,113,117,-21.08954219520092,1.0,0.0,0.1710405,0.8722375
10330,114,109,-39.903914358466864,1.0,0.0,0.17073166666666667,0.8708750000000001
10435,115,105,-91.36213663220406,1.0,0.0,0.17043416666666666,0.8695625
10526,116,91,5.180367782711983,1.0,0.0,0.17017633333333335,0.868425
10589,117,63,-243.37914700433612,0.0,1.0,0.16999783333333335,0.8676375000000001
10689,118,100,7.940567456185818,1.0,0.0,0.16971450000000002,0.8663875
10760,119,71,-256.1539389491081,0.0,1.0,0.16951333333333335,0.8654999999999999
10884,120,124,-12.148885689675808,1.0,0.0,0.169162,0.86395
10998,121,114,-39.89093213900924,1.0,0.0,0.16883900000000002,0.862525
11068,122,70,-232.15225170226768,0.0,1.0,0.16864066666666666,0.86165
11151,123,83,34.373638197779655,1.0,0.0,0.1684055,0.8606125
11235,124,84,14.386982068419456,1.0,0.0,0.16816750000000003,0.8595625
11340,125,105,-8.333771549165249,1.0,0.0,0.16787000000000002,0.85825
11445,126,105,-58.255940046627074,1.0,0.0,0.1675725,0.8569375
11547,127,102,-14.738467803690583,1.0,0.0,0.1672835,0.8556625
11659,128,112,3.8976786993443966,1.0,0.0,0.16696616666666667,0.8542625
11757,129,98,-68.35487985983491,1.0,0.0,0.16668850000000002,0.8530375
11827,130,70,-261.38458955287933,0.0,1.0,0.16649016666666666,0.8521624999999999
11889,131,62,-271.0211109519005,0.0,1.0,0.1663145,0.8513875
11955,132,66,-268.00286138802767,0.0,1.0,0.1661275,0.8505625
12071,133,116,-20.08336117863655,1.0,0.0,0.16579883333333334,0.8491124999999999
12185,134,114,-57.99858733266592,1.0,0.0,0.16547583333333335,0.8476874999999999
12298,135,113,-38.77350493893027,1.0,0.0,0.16515566666666667,0.846275
12387,136,89,28.453686475753784,1.0,0.0,0.1649035,0.8451625
12498,137,111,-91.94127018749714,1.0,0.0,0.164589,0.8437749999999999
12583,138,85,23.937627464532852,1.0,0.0,0.16434816666666668,0.8427125
12700,139,117,-49.02634584950283,1.0,0.0,0.16401666666666667,0.84125
12817,140,117,-54.220422201324254,1.0,0.0,0.16368516666666666,0.8397875
12927,141,110,-33.53579764440656,1.0,0.0,0.1633735,0.8384125
13046,142,119,-134.13210264220834,1.0,0.0,0.16303633333333334,0.836925
13149,143,103,-31.221578099299222,1.0,0.0,0.16274450000000001,0.8356375
13259,144,110,-12.05753818899393,1.0,0.0,0.16243283333333333,0.8342625
13369,145,110,-82.78230319544673,1.0,0.0,0.16212116666666668,0.8328875
13479,146,110,-33.74506977200508,1.0,0.0,0.1618095,0.8315125
13570,147,91,-1.4662358611822128,1.0,0.0,0.16155166666666668,0.830375
13679,148,109,-90.58634462207556,1.0,0.0,0.16124283333333334,0.8290124999999999
13736,149,57,-237.6192840486765,0.0,1.0,0.16108133333333335,0.8283
13849,150,113,-129.16332105593756,1.0,0.0,0.16076116666666668,0.8268875
13965,151,116,-86.73745635198429,1.0,0.0,0.1604325,0.8254375
14065,152,100,-13.49505565315485,1.0,0.0,0.16014916666666668,0.8241875000000001
14184,153,119,-14.308406829833984,1.0,0.0,0.159812,0.8227
14293,154,109,-82.31663865223527,1.0,0.0,0.15950316666666667,0.8213375
14404,155,111,-14.609795480966568,1.0,0.0,0.15918866666666667,0.81995
14515,156,111,-28.795585177838802,1.0,0.0,0.15887416666666668,0.8185625
14625,157,110,-64.2155555379577,1.0,0.0,0.1585625,0.8171875
14709,158,84,19.286978274583817,1.0,0.0,0.1583245,0.8161375
14811,159,102,-15.164204799104482,1.0,0.0,0.1580355,0.8148625
14893,160,82,-230.39130732789636,0.0,1.0,0.15780316666666666,0.8138375
15004,161,111,-48.35432009398937,1.0,0.0,0.15748866666666667,0.81245
15093,162,89,0.25368526577949524,1.0,0.0,0.1572365,0.8113375
15197,163,104,-71.99285091459751,1.0,0.0,0.15694183333333334,0.8100375
15269,164,72,-245.76224046200514,0.0,1.0,0.15673783333333335,0.8091375000000001
15375,165,106,-34.59523727744818,1.0,0.0,0.1564375,0.8078125
15489,166,114,-53.020584754645824,1.0,0.0,0.15611450000000002,0.8063875
15598,167,109,-216.8280903249979,1.0,0.0,0.15580566666666668,0.805025
15666,168,68,-270.5546346306801,0.0,1.0,0.155613,0.804175
15758,169,92,15.443709149956703,1.0,0.0,0.15535233333333334,0.803025
15866,170,108,-30.692952420562506,1.0,0.0,0.15504633333333334,0.8016749999999999
15926,171,60,-215.28007376939058,0.0,1.0,0.15487633333333334,0.800925
15992,172,66,-237.946278385818,0.0,1.0,0.15468933333333335,0.8001
16099,173,107,-10.504362296313047,1.0,0.0,0.15438616666666669,0.7987625
16150,174,51,-242.4874767512083,0.0,1.0,0.15424166666666667,0.798125
16257,175,107,-46.59251510351896,1.0,0.0,0.1539385,0.7967875
16364,176,107,-53.67642441391945,1.0,0.0,0.15363533333333335,0.79545
16467,177,103,-70.3738950388506,1.0,0.0,0.1533435,0.7941625
16573,178,106,-15.805129498243332,1.0,0.0,0.15304316666666667,0.7928375
16689,179,116,-26.104361787438393,1.0,0.0,0.1527145,0.7913875
16769,180,80,-265.1026781578548,0.0,1.0,0.15248783333333335,0.7903875
16882,181,113,-97.0337202292576,1.0,0.0,0.15216766666666667,0.788975
17005,182,123,-88.35577345639467,1.0,0.0,0.15181916666666667,0.7874375
17110,183,105,-76.16585858911276,1.0,0.0,0.15152166666666667,0.786125
17209,184,99,2.283759266138077,1.0,0.0,0.15124116666666668,0.7848875
17268,185,59,-249.37174752354622,0.0,1.0,0.151074,0.78415
17372,186,104,-162.4036603346467,1.0,0.0,0.15077933333333335,0.78285
17432,187,60,-248.0301482975483,0.0,1.0,0.15060933333333335,0.7821
17515,188,83,31.17363205552101,1.0,0.0,0.15037416666666667,0.7810625
17629,189,114,-78.33752388134599,1.0,0.0,0.15005116666666668,0.7796375
17692,190,63,-239.77699449658394,0.0,1.0,0.14987266666666668,0.77885
17761,191,69,-285.71965009719133,0.0,1.0,0.14967716666666667,0.7779875
17868,192,107,-35.97023709118366,1.0,0.0,0.149374,0.7766500000000001
17976,193,108,-22.9790590852499,1.0,0.0,0.149068,0.7753
18089,194,113,-65.23562665656209,1.0,0.0,0.14874783333333336,0.7738875000000001
18161,195,72,-232.48664498329163,0.0,1.0,0.14854383333333332,0.7729874999999999
18276,196,115,-78.01034892350435,1.0,0.0,0.14821800000000002,0.77155
18387,197,111,-59.37455874681473,1.0,0.0,0.14790350000000002,0.7701625
18469,198,82,-184.03037191927433,0.0,1.0,0.1476711666666667,0.7691375
18582,199,113,-26.509766150265932,1.0,0.0,0.147351,0.767725
18695,200,113,-58.02498760819435,1.0,0.0,0.14703083333333333,0.7663125
18807,201,112,-76.79567001760006,1.0,0.0,0.1467135,0.7649125
18917,202,110,-15.9757374599576,1.0,0.0,0.14640183333333334,0.7635375
19027,203,110,-77.01306735724211,1.0,0.0,0.1460901666666667,0.7621625000000001
19110,204,83,-3.1763622909784317,1.0,0.0,0.145855,0.761125
19220,205,110,-40.99235117435455,1.0,0.0,0.14554333333333333,0.7597499999999999
19328,206,108,-40.520809173583984,1.0,0.0,0.14523733333333333,0.7584
19417,207,89,11.156049877405167,1.0,0.0,0.14498516666666666,0.7572875
19524,208,107,-85.86994307488203,1.0,0.0,0.144682,0.75595
19595,209,71,-268.4284306168556,0.0,1.0,0.14448083333333334,0.7550625
19708,210,113,-30.35876237973571,1.0,0.0,0.14416066666666666,0.7536499999999999
19821,211,113,-41.64743582904339,1.0,0.0,0.1438405,0.7522375
19935,212,114,-12.906323060393333,1.0,0.0,0.14351750000000002,0.7508125
20023,213,88,17.19034293293953,1.0,0.0,0.14326816666666667,0.7497125
20088,214,65,-293.51061686873436,0.0,1.0,0.14308400000000002,0.7489
20203,215,115,-32.147317852824926,1.0,0.0,0.14275816666666669,0.7474625
20289,216,86,6.913663603365421,1.0,0.0,0.14251450000000002,0.7463875
20398,217,109,-41.561193469911814,1.0,0.0,0.14220566666666667,0.745025
20484,218,86,42.9569188952446,1.0,0.0,0.141962,0.74395
20542,219,58,-285.1565447151661,0.0,1.0,0.14179766666666668,0.743225
20612,220,70,-232.32647893062676,0.0,1.0,0.14159933333333333,0.74235
20717,221,105,-50.057279967237264,1.0,0.0,0.14130183333333335,0.7410375
20828,222,111,-63.45896042138338,1.0,0.0,0.14098733333333335,0.7396499999999999
20941,223,113,-39.64509865641594,1.0,0.0,0.14066716666666668,0.7382375
21038,224,97,-67.69148799963295,1.0,0.0,0.14039233333333334,0.737025
21147,225,109,-34.67415500432253,1.0,0.0,0.1400835,0.7356625
21257,226,110,-22.406358145177364,1.0,0.0,0.13977183333333335,0.7342875
21356,227,99,-52.9110819734633,1.0,0.0,0.13949133333333336,0.73305
21466,228,110,-40.38301067054272,1.0,0.0,0.13917966666666667,0.731675
21573,229,107,-2.2750084400177,1.0,0.0,0.1388765,0.7303375000000001
21685,230,112,18.266200199723244,1.0,0.0,0.13855916666666668,0.7289375
21798,231,113,-12.581571273505688,1.0,0.0,0.138239,0.727525
21907,232,109,-39.12882120907307,1.0,0.0,0.1379301666666667,0.7261625
21974,233,67,-230.76278461143374,0.0,1.0,0.13774033333333335,0.725325
22081,234,107,-22.796027198433876,1.0,0.0,0.13743716666666667,0.7239875
22155,235,74,-239.89735114574432,0.0,1.0,0.1372275,0.7230624999999999
22269,236,114,-51.316675558686256,1.0,0.0,0.1369045,0.7216375
22334,237,65,-279.3417687565088,0.0,1.0,0.13672033333333333,0.720825
22440,238,106,-36.23770768940449,1.0,0.0,0.13642,0.7195
22555,239,115,-99.2293243012391,1.0,0.0,0.13609416666666668,0.7180625
22667,240,112,-30.84444360435009,1.0,0.0,0.13577683333333335,0.7166625
22783,241,116,-145.847970623523,1.0,0.0,0.13544816666666668,0.7152125
22895,242,112,-41.89571171998978,1.0,0.0,0.13513083333333334,0.7138125
22994,243,99,-13.780126735568047,1.0,0.0,0.13485033333333335,0.712575
23073,244,79,-231.79890163242817,0.0,1.0,0.1346265,0.7115875
23179,245,106,-13.324560150504112,1.0,0.0,0.1343261666666667,0.7102625
23248,246,69,-207.84353271871805,0.0,1.0,0.13413066666666668,0.7094
23364,247,116,1.0384625643491745,1.0,0.0,0.133802,0.70795
23471,248,107,-28.714299514889717,1.0,0.0,0.13349883333333334,0.7066125
23586,249,115,-73.07410298287868,1.0,0.0,0.13317299999999999,0.705175
23686,250,100,-32.17502682702616,1.0,0.0,0.13288966666666668,0.703925
23794,251,108,-112.25679073482752,1.0,0.0,0.13258366666666666,0.702575
23855,252,61,-250.94580548256636,0.0,1.0,0.13241083333333334,0.7018125
23938,253,83,39.27363760769367,1.0,0.0,0.13217566666666666,0.7007749999999999
24051,254,113,-13.914947472512722,1.0,0.0,0.13185550000000001,0.6993625
24157,255,106,23.498517960309982,1.0,0.0,0.13155516666666667,0.6980375
24269,256,112,-22.957274947315454,1.0,0.0,0.13123783333333333,0.6966375
24333,257,64,-262.0890334993601,0.0,1.0,0.13105650000000002,0.6958375
24394,258,61,-247.54127870500088,0.0,1.0,0.13088366666666668,0.695075
24477,259,83,29.02363743633032,1.0,0.0,0.1306485,0.6940375000000001
24587,260,110,-85.51181933330372,1.0,0.0,0.13033683333333335,0.6926625
24644,261,57,-208.6743969884701,0.0,1.0,0.13017533333333334,0.6919500000000001
24754,262,110,-0.48706086026504636,1.0,0.0,0.12986366666666666,0.6905749999999999
24865,263,111,-37.087363593280315,1.0,0.0,0.12954916666666666,0.6891875000000001
24975,264,110,-114.71272327750921,1.0,0.0,0.1292375,0.6878124999999999
25088,265,113,-2.2960391491651535,1.0,0.0,0.12891733333333333,0.6864
25197,266,109,-39.83287536725402,1.0,0.0,0.12860850000000001,0.6850375
25315,267,118,-19.30668966472149,1.0,0.0,0.1282741666666667,0.6835625000000001
25427,268,112,-22.050545647740364,1.0,0.0,0.12795683333333335,0.6821625
25539,269,112,-21.80506983399391,1.0,0.0,0.12763950000000002,0.6807625
25643,270,104,-80.69516821205616,1.0,0.0,0.12734483333333335,0.6794625
25728,271,85,32.55032289028168,1.0,0.0,0.127104,0.6784
25788,272,60,-285.3495839238167,0.0,1.0,0.126934,0.67765
25898,273,110,-60.74239517748356,1.0,0.0,0.12662233333333334,0.676275
26009,274,111,-12.338079437613487,1.0,0.0,0.12630783333333334,0.6748875
26123,275,114,-57.87668279930949,1.0,0.0,0.12598483333333332,0.6734625
26234,276,111,-28.126378305256367,1.0,0.0,0.12567033333333333,0.672075
26346,277,112,-37.69481238024309,1.0,0.0,0.125353,0.670675
26405,278,59,-251.55498434603214,0.0,1.0,0.12518583333333333,0.6699375000000001
26505,279,100,-8.416391775012016,1.0,0.0,0.12490250000000001,0.6686875
26594,280,89,23.290991067886353,1.0,0.0,0.12465033333333335,0.667575
26701,281,107,-4.632854200899601,1.0,0.0,0.12434716666666668,0.6662375
26761,282,60,-234.79635086655617,0.0,1.0,0.12417716666666667,0.6654875
26874,283,113,-17.512641921639442,1.0,0.0,0.12385700000000001,0.664075
26982,284,108,-67.67369496822357,1.0,0.0,0.12355100000000001,0.662725
27089,285,107,-74.75999316573143,1.0,0.0,0.12324783333333333,0.6613875
27197,286,108,-30.44465195061639,1.0,0.0,0.12294183333333335,0.6600375
27309,287,112,-40.47970125079155,1.0,0.0,0.12262450000000001,0.6586375
27415,288,106,-50.13060046732426,1.0,0.0,0.12232416666666666,0.6573125
27497,289,82,-304.03458546102047,0.0,1.0,0.12209183333333334,0.6562875
27567,290,70,-295.9149993881583,0.0,1.0,0.1218935,0.6554125
27682,291,115,-139.49831164255738,1.0,0.0,0.12156766666666667,0.653975
27752,292,70,-229.5272423364222,0.0,1.0,0.12136933333333333,0.6531
27853,293,101,-43.64333377033472,1.0,0.0,0.12108316666666667,0.6518375000000001
27960,294,107,-30.258097670972347,1.0,0.0,0.12078,0.6505
28066,295,106,-45.243572358042,1.0,0.0,0.12047966666666668,0.6491750000000001
28174,296,108,-5.73900717869401,1.0,0.0,0.12017366666666666,0.647825
28289,297,115,-48.62630753219128,1.0,0.0,0.11984783333333335,0.6463875
28356,298,67,-278.5408557802439,0.0,1.0,0.119658,0.64555
28463,299,107,-35.79727206751704,1.0,0.0,0.11935483333333334,0.6442125000000001
28549,300,86,36.71366389840841,1.0,0.0,0.11911116666666667,0.6431375
28661,301,112,-41.869771495461464,1.0,0.0,0.11879383333333333,0.6417375
28771,302,110,2.2336379140615463,1.0,0.0,0.11848216666666668,0.6403625
28839,303,68,-293.88887517154217,0.0,1.0,0.1182895,0.6395124999999999
28952,304,113,5.037124343216419,1.0,0.0,0.11796933333333334,0.6381
29063,305,111,-18.369202934205532,1.0,0.0,0.11765483333333333,0.6367125
29162,306,99,-14.601309567689896,1.0,0.0,0.11737433333333334,0.635475
29277,307,115,-70.64788611978292,1.0,0.0,0.1170485,0.6340375
29377,308,100,8.068467527627945,1.0,0.0,0.11676516666666667,0.6327875000000001
29490,309,113,-2.9421227872371674,1.0,0.0,0.116445,0.631375
29563,310,73,-292.75041288137436,0.0,1.0,0.11623816666666667,0.6304624999999999
29649,311,86,13.513663537800312,1.0,0.0,0.11599450000000001,0.6293875
29764,312,115,-79.35586025565863,1.0,0.0,0.11566866666666667,0.62795
29837,313,73,-157.4623253941536,0.0,1.0,0.11546183333333333,0.6270374999999999
29950,314,113,14.251980260014534,1.0,0.0,0.11514166666666667,0.625625
30051,315,101,-8.83608267083764,1.0,0.0,0.1148555,0.6243624999999999
30156,316,105,-52.70155683159828,1.0,0.0,0.114558,0.62305
30258,317,102,-56.72922994242981,1.0,0.0,0.11426900000000001,0.621775
30370,318,112,2.002538077533245,1.0,0.0,0.11395166666666667,0.620375
30444,319,74,-252.93376249074936,0.0,1.0,0.11374200000000001,0.6194500000000001
30544,320,100,-128.0417222455144,1.0,0.0,0.11345866666666667,0.6182
30613,321,69,-267.35710947215557,0.0,1.0,0.11326316666666668,0.6173375
30722,322,109,9.309982009232044,1.0,0.0,0.11295433333333334,0.6159749999999999
30832,323,110,-20.67798511683941,1.0,0.0,0.11264266666666667,0.6146
30945,324,113,-25.59460949152708,1.0,0.0,0.11232249999999999,0.6131875
31050,325,105,-90.09225506335497,1.0,0.0,0.11202500000000001,0.6118750000000001
31163,326,113,6.5179319605231285,1.0,0.0,0.11170483333333334,0.6104625
31279,327,116,5.349561858456582,1.0,0.0,0.11137616666666668,0.6090125
31392,328,113,-12.422855742275715,1.0,0.0,0.111056,0.6076
31450,329,58,-233.78530131280422,0.0,1.0,0.11089166666666667,0.606875
31560,330,110,-61.9233262129128,1.0,0.0,0.11058,0.6054999999999999
31660,331,100,-60.30902732582763,1.0,0.0,0.11029666666666668,0.6042500000000001
31773,332,113,-59.2137095220387,1.0,0.0,0.1099765,0.6028375
31889,333,116,-44.28666705265641,1.0,0.0,0.10964783333333335,0.6013875
31999,334,110,-12.99383407831192,1.0,0.0,0.10933616666666668,0.6000125000000001
32105,335,106,0.48161961138248444,1.0,0.0,0.10903583333333333,0.5986875
32209,336,104,-9.683053307235241,1.0,0.0,0.10874116666666667,0.5973875
32289,337,80,-197.6569973938167,0.0,1.0,0.1085145,0.5963875
32372,338,83,37.9736375361681,1.0,0.0,0.10827933333333334,0.59535
32489,339,117,-23.179206930100918,1.0,0.0,0.10794783333333334,0.5938875
32601,340,112,3.6478588432073593,1.0,0.0,0.1076305,0.5924875000000001
32719,341,118,31.226958706974983,1.0,0.0,0.10729616666666666,0.5910124999999999
32825,342,106,-5.531319000292569,1.0,0.0,0.10699583333333333,0.5896874999999999
32929,343,104,9.94812498241663,1.0,0.0,0.10670116666666668,0.5883875000000001
33025,344,96,15.942024379968643,1.0,0.0,0.10642916666666667,0.5871875
33088,345,63,-285.0761017277837,0.0,1.0,0.10625066666666667,0.5864
33201,346,113,-49.370557845104486,1.0,0.0,0.1059305,0.5849875
33309,347,108,16.247500251978636,1.0,0.0,0.1056245,0.5836375
33419,348,110,-15.613539941608906,1.0,0.0,0.10531283333333333,0.5822624999999999
33527,349,108,-8.223358486313373,1.0,0.0,0.10500683333333334,0.5809125
33579,350,52,-192.3739544004202,0.0,1.0,0.10485950000000001,0.5802625
33679,351,100,7.5823515094816685,1.0,0.0,0.10457616666666666,0.5790124999999999
33780,352,101,-44.48609787598252,1.0,0.0,0.10429000000000001,0.57775
33832,353,52,-273.59259963035583,0.0,1.0,0.10414266666666668,0.5771000000000001
33943,354,111,2.364119734149426,1.0,0.0,0.10382816666666668,0.5757125000000001
34054,355,111,-17.668635707348585,1.0,0.0,0.10351366666666667,0.574325
34162,356,108,0.23234785301610827,1.0,0.0,0.10320766666666667,0.572975
34248,357,86,32.063663989305496,1.0,0.0,0.10296400000000001,0.5719000000000001
34355,358,107,-14.808341898489743,1.0,0.0,0.10266083333333334,0.5705625
34473,359,118,-67.97526973485947,1.0,0.0,0.1023265,0.5690875
34585,360,112,-26.13095708563924,1.0,0.0,0.10200916666666666,0.5676875
34649,361,64,-268.7611657232046,0.0,1.0,0.10182783333333334,0.5668875
34762,362,113,-28.927020862698555,1.0,0.0,0.10150766666666666,0.565475
34846,363,84,29.336979061365128,1.0,0.0,0.10126966666666667,0.564425
34953,364,107,-1.0674668848514557,1.0,0.0,0.1009665,0.5630875
35036,365,83,30.406970843672752,1.0,0.0,0.10073133333333334,0.56205
35149,366,113,-6.123715236783028,1.0,0.0,0.10041116666666668,0.5606375
35220,367,71,-249.52632918581367,0.0,1.0,0.10021000000000001,0.55975
35328,368,108,-32.825032867491245,1.0,0.0,0.099904,0.5584
35411,369,83,57.573637545108795,1.0,0.0,0.09966883333333335,0.5573625
35522,370,111,-38.240686379373074,1.0,0.0,0.09935433333333334,0.555975
35635,371,113,-2.7900536358356476,1.0,0.0,0.09903416666666667,0.5545625000000001
35742,372,107,4.0799582079052925,1.0,0.0,0.098731,0.553225
35864,373,122,-10.651607510633767,1.0,0.0,0.09838533333333334,0.5517
35975,374,111,-76.61534033343196,1.0,0.0,0.09807083333333333,0.5503125
36033,375,58,-243.48707722872496,0.0,1.0,0.0979065,0.5495875
36092,376,59,-236.31257396936417,0.0,1.0,0.09773933333333333,0.54885
36170,377,78,-181.32189972698689,0.0,1.0,0.09751833333333333,0.547875
36272,378,102,11.881694614887238,1.0,0.0,0.09722933333333333,0.5466
36339,379,67,-197.79629695788026,0.0,1.0,0.0970395,0.5457624999999999
36424,380,85,53.200323194265366,1.0,0.0,0.09679866666666667,0.5447
36535,381,111,7.809974767267704,1.0,0.0,0.09648416666666668,0.5433125
36638,382,103,-4.981621213257313,1.0,0.0,0.09619233333333334,0.542025
36737,383,99,13.02369013428688,1.0,0.0,0.09591183333333335,0.5407875
36848,384,111,-4.056805331259966,1.0,0.0,0.09559733333333334,0.5394
36962,385,114,21.77958930656314,1.0,0.0,0.09527433333333334,0.537975
37070,386,108,-18.47377637028694,1.0,0.0,0.09496833333333334,0.536625
37153,387,83,46.87363749742508,1.0,0.0,0.09473316666666667,0.5355875
37221,388,68,-281.0848912745714,0.0,1.0,0.09454050000000001,0.5347375000000001
37292,389,71,-208.85314786806703,0.0,1.0,0.09433933333333333,0.5338499999999999
37375,390,83,49.37363754212856,1.0,0.0,0.09410416666666667,0.5328125
37437,391,62,-266.71681919693947,0.0,1.0,0.0939285,0.5320374999999999
37549,392,112,5.292088888119906,1.0,0.0,0.09361116666666666,0.5306375
37654,393,105,2.9868242256343365,1.0,0.0,0.09331366666666666,0.5293249999999999
37767,394,113,-7.229137238115072,1.0,0.0,0.0929935,0.5279125
37865,395,98,-4.472392585128546,1.0,0.0,0.09271583333333333,0.5266875
37968,396,103,1.2759720273315907,1.0,0.0,0.09242399999999999,0.5254
38081,397,113,-1.8072837814688683,1.0,0.0,0.09210383333333333,0.5239874999999999
38189,398,108,-28.594942033290863,1.0,0.0,0.09179783333333334,0.5226375000000001
38272,399,83,52.57363748550415,1.0,0.0,0.09156266666666667,0.5216
38378,400,106,-19.465631790459156,1.0,0.0,0.09126233333333333,0.5202749999999999
38485,401,107,18.94627158343792,1.0,0.0,0.09095916666666667,0.5189375
38593,402,108,2.047920424491167,1.0,0.0,0.09065316666666667,0.5175875
38700,403,107,-0.9753402695059776,1.0,0.0,0.09035,0.51625
38822,404,122,-58.8264769022353,1.0,0.0,0.09000433333333334,0.514725
38905,405,83,52.57363745570183,1.0,0.0,0.08976916666666668,0.5136875000000001
39004,406,99,-0.7261981726624072,1.0,0.0,0.08948866666666666,0.51245
39115,407,111,-93.25049435114488,1.0,0.0,0.08917416666666667,0.5110625
39211,408,96,32.326875291764736,1.0,0.0,0.08890216666666667,0.5098625
39271,409,60,-211.14840715751052,0.0,1.0,0.08873216666666668,0.5091125000000001
39383,410,112,-6.901726424694061,1.0,0.0,0.08841483333333335,0.5077125
39482,411,99,-14.401245199143887,1.0,0.0,0.08813433333333333,0.506475
39600,412,118,-39.94470989378169,1.0,0.0,0.0878,0.505
39668,413,68,-219.92238695174456,0.0,1.0,0.08760733333333333,0.50415
39771,414,103,-51.41420637164265,1.0,0.0,0.08731549999999999,0.5028625
39841,415,70,-230.2134379297495,0.0,1.0,0.08711716666666666,0.5019875
39949,416,108,-1.876456193625927,1.0,0.0,0.08681116666666668,0.5006375000000001
40035,417,86,44.45619256794453,1.0,0.0,0.0865675,0.4995625
40146,418,111,-3.7345219142735004,1.0,0.0,0.086253,0.49817500000000003
40252,419,106,19.29443922638893,1.0,0.0,0.08595266666666668,0.49685
40366,420,114,3.022889919579029,1.0,0.0,0.08562966666666667,0.495425
40472,421,106,-0.848481222987175,1.0,0.0,0.08532933333333334,0.4941
40556,422,84,42.536981761455536,1.0,0.0,0.08509133333333332,0.49305
40622,423,66,-246.80464312434196,0.0,1.0,0.08490433333333333,0.4922249999999999
40735,424,113,-18.229890134185553,1.0,0.0,0.08458416666666668,0.4908125000000001
40847,425,112,41.927693869918585,1.0,0.0,0.08426683333333335,0.48941250000000003
40960,426,113,28.534960739314556,1.0,0.0,0.08394666666666667,0.488
41064,427,104,-51.50495524331927,1.0,0.0,0.083652,0.4867
41166,428,102,-1.8713720440864563,1.0,0.0,0.08336299999999999,0.485425
41274,429,108,11.450864705722779,1.0,0.0,0.083057,0.48407500000000003
41387,430,113,-1.6505177658982575,1.0,0.0,0.08273683333333334,0.4826625
41487,431,100,20.195581674575806,1.0,0.0,0.0824535,0.4814125
41600,432,113,-20.927719488739967,1.0,0.0,0.08213333333333334,0.48
41700,433,100,-13.504603806883097,1.0,0.0,0.08185,0.47875
41783,434,83,49.72363790869713,1.0,0.0,0.08161483333333333,0.4777125
41893,435,110,51.3153238594532,1.0,0.0,0.08130316666666666,0.47633749999999997
41996,436,103,-119.55414724722505,1.0,0.0,0.08101133333333334,0.47505
42107,437,111,3.5946254208683968,1.0,0.0,0.08069683333333334,0.4736625
42221,438,114,-11.854363650083542,1.0,0.0,0.08037383333333334,0.4722375
42326,439,105,-14.785197101533413,1.0,0.0,0.08007633333333333,0.47092500000000004
42432,440,106,18.898181941360235,1.0,0.0,0.079776,0.4696
42540,441,108,53.31588067114353,1.0,0.0,0.07947000000000001,0.46825000000000006
42644,442,104,-14.786395363509655,1.0,0.0,0.07917533333333333,0.46695
42753,443,109,25.552560552954674,1.0,0.0,0.0788665,0.46558750000000004
42849,444,96,12.185943729709834,1.0,0.0,0.07859450000000001,0.46438750000000006
42961,445,112,0.5108764134347439,1.0,0.0,0.07827716666666668,0.4629875
43073,446,112,26.099137224256992,1.0,0.0,0.07795983333333334,0.46158750000000004
43174,447,101,-22.384685028810054,1.0,0.0,0.07767366666666667,0.460325
43280,448,106,-13.457606680691242,1.0,0.0,0.07737333333333332,0.45899999999999996
43363,449,83,35.423637360334396,1.0,0.0,0.07713816666666667,0.45796250000000005
43446,450,83,37.57363736629486,1.0,0.0,0.07690300000000001,0.456925
43569,451,123,-25.058612555265427,1.0,0.0,0.07655450000000001,0.45538750000000006
43677,452,108,30.871547512710094,1.0,0.0,0.07624850000000001,0.4540375
43740,453,63,-257.8077223300934,0.0,1.0,0.07607,0.45325000000000004
43848,454,108,13.061249665915966,1.0,0.0,0.075764,0.45189999999999997
43950,455,102,-62.5626913048327,1.0,0.0,0.075475,0.45062499999999994
44058,456,108,-35.22664061933756,1.0,0.0,0.07516900000000001,0.4492750000000001
44125,457,67,-266.3631194382906,0.0,1.0,0.07497916666666665,0.44843749999999993
44208,458,83,49.373637452721596,1.0,0.0,0.074744,0.4474
44318,459,110,-9.545675833709538,1.0,0.0,0.07443233333333332,0.446025
44429,460,111,-16.38372076675296,1.0,0.0,0.07411783333333333,0.4446375
44541,461,112,34.544543996453285,1.0,0.0,0.07380050000000002,0.44323750000000006
44624,462,83,42.5736376196146,1.0,0.0,0.07356533333333334,0.4421999999999999
44731,463,107,26.291994899511337,1.0,0.0,0.07326216666666666,0.44086249999999993
44847,464,116,-43.70429126545787,1.0,0.0,0.07293350000000001,0.4394125
44953,465,106,2.201636631041765,1.0,0.0,0.07263316666666667,0.43808749999999996
45069,466,116,-33.899819403886795,1.0,0.0,0.0723045,0.4366375
45177,467,108,-28.87890699133277,1.0,0.0,0.07199849999999999,0.43528750000000005
45283,468,106,-16.967756286263466,1.0,0.0,0.07169816666666667,0.43396250000000003
45388,469,105,-12.546700358390808,1.0,0.0,0.07140066666666667,0.43265
45500,470,112,-0.9049690626561642,1.0,0.0,0.07108333333333333,0.43125
45608,471,108,4.768246918916702,1.0,0.0,0.07077733333333333,0.42989999999999995
45704,472,96,-15.779088761657476,1.0,0.0,0.07050533333333334,0.42869999999999997
45805,473,101,28.781855180859566,1.0,0.0,0.07021916666666667,0.4274375
45911,474,106,-7.2439043638296425,1.0,0.0,0.06991883333333335,0.4261125
45973,475,62,-202.06358098983765,0.0,1.0,0.06974316666666666,0.42533750000000003
46036,476,63,-227.95072275400162,0.0,1.0,0.06956466666666666,0.42455
46108,477,72,-202.94832544401288,0.0,1.0,0.06936066666666668,0.4236500000000001
46193,478,85,58.90032312273979,1.0,0.0,0.06911983333333332,0.4225875
46303,479,110,-25.406014025211334,1.0,0.0,0.06880816666666667,0.4212125
46415,480,112,0.41718290746212006,1.0,0.0,0.06849083333333333,0.41981250000000003
46472,481,57,-213.2619645856321,0.0,1.0,0.06832933333333335,0.41910000000000003
46587,482,115,2.4203868694603443,1.0,0.0,0.0680035,0.41766250000000005
46661,483,74,-216.12279157340527,0.0,1.0,0.06779383333333333,0.4167375
46722,484,61,-242.48345543444157,0.0,1.0,0.06762100000000001,0.415975
46781,485,59,-226.6390678398311,0.0,1.0,0.06745383333333335,0.41523750000000004
46879,486,98,25.26427835226059,1.0,0.0,0.06717616666666668,0.4140125
46981,487,102,32.110964346677065,1.0,0.0,0.06688716666666666,0.4127375
47051,488,70,-206.21845999360085,0.0,1.0,0.06668883333333334,0.4118625
47165,489,114,-15.014675579965115,1.0,0.0,0.06636583333333332,0.4104375
47248,490,83,48.97363767027855,1.0,0.0,0.06613066666666667,0.4094
47365,491,117,-18.234889522660524,1.0,0.0,0.06579916666666666,0.40793750000000006
47467,492,102,-24.71335109323263,1.0,0.0,0.06551016666666667,0.4066624999999999
47568,493,101,-31.384446680545807,1.0,0.0,0.065224,0.4054
47677,494,109,34.20267775282264,1.0,0.0,0.06491516666666666,0.40403750000000005
47787,495,110,20.534352339804173,1.0,0.0,0.06460350000000001,0.40266250000000003
47872,496,85,50.35032171010971,1.0,0.0,0.06436266666666668,0.40160000000000007
47955,497,83,28.273637771606445,1.0,0.0,0.0641275,0.40056249999999993
48063,498,108,-22.64664578437805,1.0,0.0,0.0638215,0.39921249999999997
48168,499,105,10.24948401376605,1.0,0.0,0.063524,0.39790000000000003
48271,500,103,37.524797305464745,1.0,0.0,0.06323216666666667,0.39661250000000003
48373,501,102,42.84662887454033,1.0,0.0,0.06294316666666666,0.3953375
48485,502,112,13.446638599038124,1.0,0.0,0.06262583333333333,0.39393749999999994
48600,503,115,30.895341724157333,1.0,0.0,0.062299999999999994,0.39249999999999996
48660,504,60,-270.46700905263424,0.0,1.0,0.06212999999999999,0.39174999999999993
48764,505,104,23.54187285900116,1.0,0.0,0.061835333333333325,0.39044999999999996
48873,506,109,-78.58688876032829,1.0,0.0,0.06152650000000001,0.38908750000000003
48983,507,110,-11.36334915459156,1.0,0.0,0.06121483333333333,0.3877125
49085,508,102,-63.62046103179455,1.0,0.0,0.06092583333333332,0.3864375
49188,509,103,22.132092155516148,1.0,0.0,0.06063399999999999,0.38515
49288,510,100,-14.579277582466602,1.0,0.0,0.060350666666666664,0.3839
49397,511,109,47.59477178752422,1.0,0.0,0.06004183333333332,0.3825375
49505,512,108,-3.48734275624156,1.0,0.0,0.05973583333333335,0.3811875
49588,513,83,61.123637676239014,1.0,0.0,0.059500666666666674,0.38015
49698,514,110,1.128067746758461,1.0,0.0,0.05918899999999999,0.378775
49812,515,114,9.802731566131115,1.0,0.0,0.058866,0.37734999999999996
49919,516,107,44.00827542319894,1.0,0.0,0.05856283333333334,0.3760125000000001
50032,517,113,9.058729358017445,1.0,0.0,0.058242666666666665,0.37460000000000004
50134,518,102,-2.258736029267311,1.0,0.0,0.05795366666666665,0.373325
50246,519,112,38.78281939774752,1.0,0.0,0.05763633333333332,0.37192499999999995
50316,520,70,-252.8967012092471,0.0,1.0,0.05743799999999999,0.37105
50400,521,84,55.73697832226753,1.0,0.0,0.0572,0.37
50506,522,106,-1.794947948306799,1.0,0.0,0.05689966666666668,0.368675
50589,523,83,66.82363772392273,1.0,0.0,0.056664500000000007,0.36763750000000006
50663,524,74,-225.17030585557222,0.0,1.0,0.056454833333333315,0.3667125
50775,525,112,20.13417522981763,1.0,0.0,0.05613750000000001,0.36531250000000004
50882,526,107,10.581866577267647,1.0,0.0,0.05583433333333335,0.36397500000000005
50983,527,101,10.716364465188235,1.0,0.0,0.055548166666666676,0.3627125
51093,528,110,-53.005656749010086,1.0,0.0,0.055236499999999994,0.3613375
51190,529,97,5.0253260880708694,1.0,0.0,0.054961666666666686,0.36012500000000003
51303,530,113,-26.30445796251297,1.0,0.0,0.05464150000000001,0.3587125
51405,531,102,-9.98463434772566,1.0,0.0,0.0543525,0.35743749999999996
51511,532,106,-4.408349012024701,1.0,0.0,0.05405216666666665,0.35611249999999994
51627,533,116,-3.565352614969015,1.0,0.0,0.05372349999999998,0.3546625
51732,534,105,-13.920449973549694,1.0,0.0,0.053426,0.35335000000000005
51841,535,109,42.02952492237091,1.0,0.0,0.05311716666666666,0.3519875
51901,536,60,-194.3201317563653,0.0,1.0,0.052947166666666656,0.3512375
52009,537,108,18.704736106097698,1.0,0.0,0.052641166666666656,0.3498875
52067,538,58,-213.45055120065808,0.0,1.0,0.052476833333333334,0.34916250000000004
52180,539,113,22.865011300891638,1.0,0.0,0.05215666666666666,0.34775
52285,540,105,-29.99558711098507,1.0,0.0,0.05185916666666668,0.34643750000000006
52344,541,59,-236.04572004824877,0.0,1.0,0.051692000000000016,0.3457
52449,542,105,7.510925233364105,1.0,0.0,0.05139450000000001,0.34438750000000007
52562,543,113,43.5407594665885,1.0,0.0,0.05107433333333333,0.34297500000000003
52661,544,99,-6.273670051712543,1.0,0.0,0.050793833333333316,0.3417375
52729,545,68,-258.8086731135845,0.0,1.0,0.05060116666666667,0.3408875
52841,546,112,-21.43398705171421,1.0,0.0,0.05028383333333333,0.33948749999999994
52948,547,107,36.17108343169093,1.0,0.0,0.04998066666666667,0.33815000000000006
53009,548,61,-240.5034394003451,0.0,1.0,0.04980783333333333,0.33738750000000006
53094,549,85,54.46822090446949,1.0,0.0,0.049567,0.336325
53207,550,113,38.21786658745259,1.0,0.0,0.04924683333333332,0.33491249999999995
53311,551,104,-3.2036827546544373,1.0,0.0,0.048952166666666685,0.3336125000000001
53409,552,98,-28.404832810163498,1.0,0.0,0.04867450000000001,0.33238750000000006
53509,553,100,29.99669026583433,1.0,0.0,0.04839116666666665,0.3311375
53592,554,83,63.97363767027855,1.0,0.0,0.048156000000000004,0.33010000000000006
53698,555,106,35.77273827418685,1.0,0.0,0.04785566666666666,0.32877500000000004
53808,556,110,18.511822677683085,1.0,0.0,0.047544,0.3273999999999999
53891,557,83,63.97363764047623,1.0,0.0,0.04730883333333333,0.3263625
53996,558,105,30.71994065353647,1.0,0.0,0.04701133333333332,0.32504999999999995
54060,559,64,-200.9030961021781,0.0,1.0,0.04682999999999998,0.3242499999999999
54115,560,55,-269.0811946094036,0.0,1.0,0.046674166666666655,0.3235625
54231,561,116,-44.40273589640856,1.0,0.0,0.046345499999999984,0.3221125
54299,562,68,-282.09680081903934,0.0,1.0,0.04615283333333334,0.3212625
54369,563,70,-210.90101163135841,0.0,1.0,0.04595450000000001,0.32038750000000005
54432,564,63,-240.48863522335887,0.0,1.0,0.04577600000000001,0.3196
54536,565,104,22.752195470035076,1.0,0.0,0.04548133333333332,0.3183
54622,566,86,62.06366381049156,1.0,0.0,0.045237666666666676,0.317225
54735,567,113,-14.338137250393629,1.0,0.0,0.0449175,0.31581250000000005
54839,568,104,31.809207941871136,1.0,0.0,0.044622833333333334,0.3145125
54951,569,112,-40.35330613842234,1.0,0.0,0.0443055,0.3131124999999999
55062,570,111,21.404453605413437,1.0,0.0,0.043991,0.31172500000000003
55119,571,57,-196.7283503562212,0.0,1.0,0.04382949999999999,0.3110125
55220,572,101,24.10197387635708,1.0,0.0,0.04354333333333332,0.30974999999999997
55326,573,106,-14.085079073905945,1.0,0.0,0.043243000000000004,0.30842499999999995
55434,574,108,44.61927781999111,1.0,0.0,0.042937,0.307075
55546,575,112,33.57985182479024,1.0,0.0,0.04261966666666667,0.30567500000000003
55655,576,109,32.99324096739292,1.0,0.0,0.042310833333333325,0.3043125
55752,577,97,40.807829812169075,1.0,0.0,0.04203599999999999,0.3030999999999999
55863,578,111,28.50924413651228,1.0,0.0,0.041721499999999995,0.30171249999999994
55966,579,103,31.078833609819412,1.0,0.0,0.04142966666666667,0.30042500000000005
56023,580,57,-272.3869317173958,0.0,1.0,0.04126816666666666,0.29971250000000005
56082,581,59,-208.36691814661026,0.0,1.0,0.041101,0.298975
56198,582,116,-23.812659569084644,1.0,0.0,0.04077233333333333,0.29752500000000004
56271,583,73,-235.494238615036,0.0,1.0,0.040565500000000004,0.29661250000000006
56368,584,97,22.885080102831125,1.0,0.0,0.04029066666666667,0.2954
56471,585,103,19.715442601125687,1.0,0.0,0.03999883333333332,0.2941125
56580,586,109,4.2918268740177155,1.0,0.0,0.03969,0.29275000000000007
56687,587,107,-117.28538601100445,1.0,0.0,0.03938683333333334,0.2914125000000001
56770,588,83,55.42363753914833,1.0,0.0,0.03915166666666667,0.29037499999999994
56873,589,103,13.787801939994097,1.0,0.0,0.03885983333333334,0.28908750000000005
56935,590,62,-234.621275305748,0.0,1.0,0.038684166666666686,0.28831249999999997
57018,591,83,61.12363740801811,1.0,0.0,0.03844899999999998,0.28727499999999995
57128,592,110,20.638531111180782,1.0,0.0,0.03813733333333333,0.28589999999999993
57239,593,111,-4.9824864864349365,1.0,0.0,0.03782283333333333,0.28451250000000006
57301,594,62,-247.94297474622726,0.0,1.0,0.037647166666666676,0.2837375
57411,595,110,32.00220427662134,1.0,0.0,0.037335499999999994,0.28236250000000007
57512,596,101,63.176095872186124,1.0,0.0,0.03704933333333332,0.2811
57599,597,87,50.9770045876503,1.0,0.0,0.03680283333333334,0.2800125
57682,598,83,55.4236376285553,1.0,0.0,0.036567666666666665,0.278975
57792,599,110,26.354884766042233,1.0,0.0,0.03625600000000001,0.27760000000000007
57890,600,98,37.02998347906396,1.0,0.0,0.035978333333333334,0.27637500000000004
57993,601,103,43.61680503934622,1.0,0.0,0.03568649999999998,0.27508749999999993
58057,602,64,-216.37364250421524,0.0,1.0,0.03550516666666667,0.2742875
58163,603,106,17.054849587380886,1.0,0.0,0.035204833333333324,0.2729625
58273,604,110,44.931805431842804,1.0,0.0,0.03489316666666667,0.2715875000000001
58376,605,103,10.400469902902842,1.0,0.0,0.034601333333333345,0.2703
58459,606,83,66.82363763451576,1.0,0.0,0.03436616666666667,0.26926249999999996
58542,607,83,48.97363752126694,1.0,0.0,0.034130999999999995,0.26822499999999994
58650,608,108,39.03125973045826,1.0,0.0,0.033824999999999994,0.266875
58717,609,67,-208.79563514888287,0.0,1.0,0.03363516666666666,0.2660374999999999
58822,610,105,57.607554748654366,1.0,0.0,0.033337666666666654,0.264725
58879,611,57,-197.0693165808916,0.0,1.0,0.03317616666666667,0.2640125
58986,612,107,27.19744562357664,1.0,0.0,0.03287300000000001,0.262675
59083,613,97,24.95301026524976,1.0,0.0,0.03259816666666665,0.26146249999999993
59194,614,111,28.12944574188441,1.0,0.0,0.032283666666666655,0.26007499999999995
59277,615,83,63.97363746166229,1.0,0.0,0.03204850000000001,0.25903750000000003
59375,616,98,31.360828138887882,1.0,0.0,0.03177083333333333,0.2578125
59458,617,83,61.123637557029724,1.0,0.0,0.031535666666666656,0.256775
59517,618,59,-218.263155028224,0.0,1.0,0.031368499999999994,0.25603750000000003
59623,619,106,29.196750952891307,1.0,0.0,0.031068166666666674,0.2547125
59685,620,62,-213.5904079824686,0.0,1.0,0.03089249999999999,0.2539374999999999
59796,621,111,-45.07629664987326,1.0,0.0,0.030577999999999994,0.25254999999999994
59906,622,110,-34.10757766617462,1.0,0.0,0.03026633333333334,0.25117500000000004
60003,623,97,-28.86505952477455,1.0,0.0,0.03,0.25
60109,624,106,63.032740481197834,1.0,0.0,0.03,0.25
60178,625,69,-224.3723619133234,0.0,1.0,0.03,0.25
60287,626,109,34.76304953545332,1.0,0.0,0.03,0.25
60394,627,107,-39.32191390404478,1.0,0.0,0.03,0.25
60500,628,106,49.87801481038332,1.0,0.0,0.03,0.25
60611,629,111,23.66432064305991,1.0,0.0,0.03,0.25
60723,630,112,18.405816432088614,1.0,0.0,0.03,0.25
60836,631,113,-72.13184376806021,1.0,0.0,0.03,0.25
60912,632,76,-247.40006959438324,0.0,1.0,0.03,0.25
60998,633,86,55.50729086995125,1.0,0.0,0.03,0.25
61103,634,105,29.027303843759,1.0,0.0,0.03,0.25
61211,635,108,-16.52127757295966,1.0,0.0,0.03,0.25
61294,636,83,58.273637533187866,1.0,0.0,0.03,0.25
61377,637,83,55.423637479543686,1.0,0.0,0.03,0.25
61485,638,108,-30.644882479682565,1.0,0.0,0.03,0.25
61542,639,57,-216.39730022847652,0.0,1.0,0.03,0.25
61648,640,106,20.014207165688276,1.0,0.0,0.03,0.25
61731,641,83,61.123637557029724,1.0,0.0,0.03,0.25
61803,642,72,-242.74476554989815,0.0,1.0,0.03,0.25
61887,643,84,61.43698212504387,1.0,0.0,0.03,0.25
62001,644,114,38.66833921521902,1.0,0.0,0.03,0.25
62112,645,111,53.58349895477295,1.0,0.0,0.03,0.25
62219,646,107,-2.9580816850066185,1.0,0.0,0.03,0.25
62326,647,107,49.95053106173873,1.0,0.0,0.03,0.25
62434,648,108,23.471673421561718,1.0,0.0,0.03,0.25
62538,649,104,27.611372977495193,1.0,0.0,0.03,0.25
62648,650,110,54.25001200288534,1.0,0.0,0.03,0.25
62731,651,83,61.12363749742508,1.0,0.0,0.03,0.25
62803,652,72,-236.79174168407917,0.0,1.0,0.03,0.25
62901,653,98,-20.33111385256052,1.0,0.0,0.03,0.25
62984,654,83,63.97363746166229,1.0,0.0,0.03,0.25
63096,655,112,28.552299896255136,1.0,0.0,0.03,0.25
63200,656,104,2.2388946674764156,1.0,0.0,0.03,0.25
63308,657,108,42.520048059523106,1.0,0.0,0.03,0.25
63411,658,103,-47.016760476864874,1.0,0.0,0.03,0.25
63520,659,109,23.06856010109186,1.0,0.0,0.03,0.25
63622,660,102,49.187702499330044,1.0,0.0,0.03,0.25
63734,661,112,37.516971837729216,1.0,0.0,0.03,0.25
63819,662,85,56.050322979688644,1.0,0.0,0.03,0.25
63933,663,114,-16.902441877871752,1.0,0.0,0.03,0.25
64036,664,103,7.882952518761158,1.0,0.0,0.03,0.25
64139,665,103,-81.31633069785312,1.0,0.0,0.03,0.25
64222,666,83,52.223637610673904,1.0,0.0,0.03,0.25
64327,667,105,14.652887713164091,1.0,0.0,0.03,0.25
64435,668,108,22.62907339259982,1.0,0.0,0.03,0.25
64518,669,83,66.82363760471344,1.0,0.0,0.03,0.25
64616,670,98,24.42867744527757,1.0,0.0,0.03,0.25
64700,671,84,64.28698214888573,1.0,0.0,0.03,0.25
64806,672,106,-114.89997566863894,1.0,0.0,0.03,0.25
64877,673,71,-241.89492452517152,0.0,1.0,0.03,0.25
64948,674,71,-247.6656922698021,0.0,1.0,0.03,0.25
65060,675,112,6.447826154530048,1.0,0.0,0.03,0.25
65166,676,106,36.56694196118042,1.0,0.0,0.03,0.25
65229,677,63,-247.74877086281776,0.0,1.0,0.03,0.25
65336,678,107,25.70305720716715,1.0,0.0,0.03,0.25
65442,679,106,38.48645922867581,1.0,0.0,0.03,0.25
65527,680,85,58.90032282471657,1.0,0.0,0.03,0.25
65596,681,69,-260.2130130082369,0.0,1.0,0.03,0.25
65708,682,112,-118.3340203538537,1.0,0.0,0.03,0.25
65772,683,64,-231.46896243095398,0.0,1.0,0.03,0.25
65840,684,68,-255.49602355062962,0.0,1.0,0.03,0.25
65905,685,65,-207.06505580246449,0.0,1.0,0.03,0.25
65970,686,65,-212.7166350185871,0.0,1.0,0.03,0.25
66079,687,109,-90.56313579902053,1.0,0.0,0.03,0.25
66179,688,100,-22.518744733184576,1.0,0.0,0.03,0.25
66290,689,111,32.43412197008729,1.0,0.0,0.03,0.25
66404,690,114,-19.412288529332727,1.0,0.0,0.03,0.25
66511,691,107,46.44352173432708,1.0,0.0,0.03,0.25
66622,692,111,27.4552428945899,1.0,0.0,0.03,0.25
66692,693,70,-248.23895855247974,0.0,1.0,0.03,0.25
66797,694,105,19.18699164222926,1.0,0.0,0.03,0.25
66908,695,111,17.123587895184755,1.0,0.0,0.03,0.25
67015,696,107,50.072295904159546,1.0,0.0,0.03,0.25
67117,697,102,-5.409467473626137,1.0,0.0,0.03,0.25
67200,698,83,61.12363749742508,1.0,0.0,0.03,0.25
67304,699,104,10.752823539078236,1.0,0.0,0.03,0.25
67413,700,109,37.52018057135865,1.0,0.0,0.03,0.25
67508,701,95,35.262790977954865,1.0,0.0,0.03,0.25
67571,702,63,-233.20876145362854,0.0,1.0,0.03,0.25
67683,703,112,36.146913431584835,1.0,0.0,0.03,0.25
67781,704,98,1.5937911598011851,1.0,0.0,0.03,0.25
67891,705,110,53.5682962089777,1.0,0.0,0.03,0.25
68000,706,109,30.224164999555796,1.0,0.0,0.03,0.25
68083,707,83,61.1236375272274,1.0,0.0,0.03,0.25
68185,708,102,46.08520121872425,1.0,0.0,0.03,0.25
68296,709,111,55.3867314606905,1.0,0.0,0.03,0.25
68403,710,107,-2.5288681872189045,1.0,0.0,0.03,0.25
68504,711,101,16.15179504454136,1.0,0.0,0.03,0.25
68611,712,107,16.131129793822765,1.0,0.0,0.03,0.25
68720,713,109,56.73726500943303,1.0,0.0,0.03,0.25
68829,714,109,40.06320488033816,1.0,0.0,0.03,0.25
68930,715,101,42.48629727214575,1.0,0.0,0.03,0.25
69037,716,107,23.619302105158567,1.0,0.0,0.03,0.25
69100,717,63,-227.59422073885798,0.0,1.0,0.03,0.25
69208,718,108,21.85560730844736,1.0,0.0,0.03,0.25
69324,719,116,-13.093141783494502,1.0,0.0,0.03,0.25
69433,720,109,28.16156379133463,1.0,0.0,0.03,0.25
69547,721,114,9.347149640321732,1.0,0.0,0.03,0.25
69650,722,103,72.3346284776926,1.0,0.0,0.03,0.25
69758,723,108,-50.81508059101179,1.0,0.0,0.03,0.25
69864,724,106,31.845082439482212,1.0,0.0,0.03,0.25
69962,725,98,30.9959252551198,1.0,0.0,0.03,0.25
70075,726,113,34.46409608796239,1.0,0.0,0.03,0.25
70189,727,114,-10.28639453696087,1.0,0.0,0.03,0.25
70307,728,118,34.51720444858074,1.0,0.0,0.03,0.25
70419,729,112,-1.226809874176979,1.0,0.0,0.03,0.25
70480,730,61,-236.48906586319208,0.0,1.0,0.03,0.25
70590,731,110,38.36069586779922,1.0,0.0,0.03,0.25
70696,732,106,43.28069729730487,1.0,0.0,0.03,0.25
70807,733,111,35.51876275241375,1.0,0.0,0.03,0.25
70907,734,100,56.601070538163185,1.0,0.0,0.03,0.25
71008,735,101,25.604298677295446,1.0,0.0,0.03,0.25
71107,736,99,38.63457157090306,1.0,0.0,0.03,0.25
71169,737,62,-254.09383203834295,0.0,1.0,0.03,0.25
71274,738,105,1.584430083166808,1.0,0.0,0.03,0.25
71351,739,77,-205.10566179081798,0.0,1.0,0.03,0.25
71457,740,106,25.753867004066706,1.0,0.0,0.03,0.25
71569,741,112,-61.453519992530346,1.0,0.0,0.03,0.25
71676,742,107,43.760319985449314,1.0,0.0,0.03,0.25
71779,743,103,39.69836188480258,1.0,0.0,0.03,0.25
71891,744,112,17.260204806923866,1.0,0.0,0.03,0.25
71992,745,101,6.411794524639845,1.0,0.0,0.03,0.25
72099,746,107,27.372809872031212,1.0,0.0,0.03,0.25
72182,747,83,61.12363749742508,1.0,0.0,0.03,0.25
72292,748,110,11.180410422384739,1.0,0.0,0.03,0.25
72357,749,65,-237.80052682757378,0.0,1.0,0.03,0.25
72440,750,83,56.82363764941692,1.0,0.0,0.03,0.25
72543,751,103,28.23412812128663,1.0,0.0,0.03,0.25
72643,752,100,21.480871230363846,1.0,0.0,0.03,0.25
72710,753,67,-190.8357013342902,0.0,1.0,0.03,0.25
72787,754,77,-213.34859910607338,0.0,1.0,0.03,0.25
72890,755,103,42.770857989788055,1.0,0.0,0.03,0.25
72973,756,83,58.273637533187866,1.0,0.0,0.03,0.25
73046,757,73,-219.87791194021702,0.0,1.0,0.03,0.25
73158,758,112,10.570328254252672,1.0,0.0,0.03,0.25
73259,759,101,59.22900990396738,1.0,0.0,0.03,0.25
73368,760,109,-56.85196726769209,1.0,0.0,0.03,0.25
73451,761,83,53.973637506365776,1.0,0.0,0.03,0.25
73556,762,105,31.4154150551185,1.0,0.0,0.03,0.25
73639,763,83,63.97363746166229,1.0,0.0,0.03,0.25
73745,764,106,45.61609140783548,1.0,0.0,0.03,0.25
73845,765,100,39.02231262624264,1.0,0.0,0.03,0.25
73954,766,109,66.17007125169039,1.0,0.0,0.03,0.25
74024,767,70,-281.27835411578417,0.0,1.0,0.03,0.25
74134,768,110,36.48084032442421,1.0,0.0,0.03,0.25
74242,769,108,11.606390286237001,1.0,0.0,0.03,0.25
74352,770,110,9.687827110290527,1.0,0.0,0.03,0.25
74425,771,73,-228.81212673522532,0.0,1.0,0.03,0.25
74526,772,101,37.95587519183755,1.0,0.0,0.03,0.25
74640,773,114,-92.9037930779159,1.0,0.0,0.03,0.25
74744,774,104,-1.0037411162338685,1.0,0.0,0.03,0.25
74827,775,83,69.6736376285553,1.0,0.0,0.03,0.25
74899,776,72,-248.63159039989114,0.0,1.0,0.03,0.25
75007,777,108,20.70100611075759,1.0,0.0,0.03,0.25
75126,778,119,-114.00792017579079,1.0,0.0,0.03,0.25
75209,779,83,69.6736376285553,1.0,0.0,0.03,0.25
75315,780,106,34.77540194988251,1.0,0.0,0.03,0.25
75420,781,105,10.03988354280591,1.0,0.0,0.03,0.25
75529,782,109,-173.13163049519062,1.0,0.0,0.03,0.25
75626,783,97,-35.61181259108707,1.0,0.0,0.03,0.25
75695,784,69,-261.0654888600111,0.0,1.0,0.03,0.25
75800,785,105,35.5682171061635,1.0,0.0,0.03,0.25
75904,786,104,-81.0983388130553,1.0,0.0,0.03,0.25
75966,787,62,-223.0392547994852,0.0,1.0,0.03,0.25
76069,788,103,36.25672861561179,1.0,0.0,0.03,0.25
76181,789,112,-12.102899194229394,1.0,0.0,0.03,0.25
76287,790,106,43.67327829450369,1.0,0.0,0.03,0.25
76370,791,83,63.97363778948784,1.0,0.0,0.03,0.25
76453,792,83,66.82363760471344,1.0,0.0,0.03,0.25
76563,793,110,-11.033547274768353,1.0,0.0,0.03,0.25
76672,794,109,47.83275055885315,1.0,0.0,0.03,0.25
76780,795,108,64.24352695047855,1.0,0.0,0.03,0.25
76888,796,108,48.22431033104658,1.0,0.0,0.03,0.25
77000,797,112,-3.6877739424817264,1.0,0.0,0.03,0.25
77059,798,59,-250.01292342692614,0.0,1.0,0.03,0.25
77172,799,113,29.733570642769337,1.0,0.0,0.03,0.25
77266,800,94,49.39213568717241,1.0,0.0,0.03,0.25
77371,801,105,-2.4327243976294994,1.0,0.0,0.03,0.25
77454,802,83,66.82363760471344,1.0,0.0,0.03,0.25
77565,803,111,-74.34835195634514,1.0,0.0,0.03,0.25
77673,804,108,42.858768329024315,1.0,0.0,0.03,0.25
77773,805,100,38.231810845434666,1.0,0.0,0.03,0.25
77884,806,111,28.843212116509676,1.0,0.0,0.03,0.25
77984,807,100,30.62637112289667,1.0,0.0,0.03,0.25
78088,808,104,40.54192752717063,1.0,0.0,0.03,0.25
78190,809,102,24.762680787593126,1.0,0.0,0.03,0.25
78274,810,84,64.2869785130024,1.0,0.0,0.03,0.25
78383,811,109,60.059540182352066,1.0,0.0,0.03,0.25
78492,812,109,-0.6364914625883102,1.0,0.0,0.03,0.25
78593,813,101,50.67135317251086,1.0,0.0,0.03,0.25
78699,814,106,44.58193224621937,1.0,0.0,0.03,0.25
78805,815,106,60.74722058326006,1.0,0.0,0.03,0.25
78917,816,112,26.455027922987938,1.0,0.0,0.03,0.25
78973,817,56,-189.64209310756996,0.0,1.0,0.03,0.25
79086,818,113,28.245285970624536,1.0,0.0,0.03,0.25
79197,819,111,53.25590598306735,1.0,0.0,0.03,0.25
79308,820,111,32.93117655813694,1.0,0.0,0.03,0.25
79406,821,98,37.24260617792606,1.0,0.0,0.03,0.25
79501,822,95,23.650554629974067,1.0,0.0,0.03,0.25
79612,823,111,65.14675942063332,1.0,0.0,0.03,0.25
79714,824,102,49.314534317702055,1.0,0.0,0.03,0.25
79817,825,103,-45.22093901783228,1.0,0.0,0.03,0.25
79928,826,111,12.422798994928598,1.0,0.0,0.03,0.25
80032,827,104,-87.54329116642475,1.0,0.0,0.03,0.25
80140,828,108,-0.1812570602633059,1.0,0.0,0.03,0.25
80254,829,114,9.20704086869955,1.0,0.0,0.03,0.25
80363,830,109,35.855453241150826,1.0,0.0,0.03,0.25
80472,831,109,-40.7563940435648,1.0,0.0,0.03,0.25
80585,832,113,9.693092674016953,1.0,0.0,0.03,0.25
80671,833,86,53.51366391777992,1.0,0.0,0.03,0.25
80740,834,69,-268.859955355525,0.0,1.0,0.03,0.25
80811,835,71,-207.56801091879606,0.0,1.0,0.03,0.25
80872,836,61,-194.02252857759595,0.0,1.0,0.03,0.25
80975,837,103,40.61408606916666,1.0,0.0,0.03,0.25
81038,838,63,-257.5036441683769,0.0,1.0,0.03,0.25
81145,839,107,31.513059824705124,1.0,0.0,0.03,0.25
81248,840,103,21.87047888338566,1.0,0.0,0.03,0.25
81346,841,98,43.078702595084906,1.0,0.0,0.03,0.25
81454,842,108,54.65836639329791,1.0,0.0,0.03,0.25
81567,843,113,56.113472897559404,1.0,0.0,0.03,0.25
81650,844,83,53.97363744676113,1.0,0.0,0.03,0.25
81733,845,83,66.82363772392273,1.0,0.0,0.03,0.25
81839,846,106,24.855050194542855,1.0,0.0,0.03,0.25
81948,847,109,-55.86346129607409,1.0,0.0,0.03,0.25
82009,848,61,-215.3913017809391,0.0,1.0,0.03,0.25
82115,849,106,42.67663776129484,1.0,0.0,0.03,0.25
82193,850,78,-218.75141288340092,0.0,1.0,0.03,0.25
82263,851,70,-238.49987733736634,0.0,1.0,0.03,0.25
82357,852,94,53.263067714869976,1.0,0.0,0.03,0.25
82429,853,72,-231.3441011160612,0.0,1.0,0.03,0.25
82537,854,108,-73.9227698855102,1.0,0.0,0.03,0.25
82652,855,115,49.88704850524664,1.0,0.0,0.03,0.25
82756,856,104,51.381637156009674,1.0,0.0,0.03,0.25
82865,857,109,36.35937233641744,1.0,0.0,0.03,0.25
82975,858,110,22.100207183510065,1.0,0.0,0.03,0.25
83078,859,103,45.67723173648119,1.0,0.0,0.03,0.25
83184,860,106,37.65841483650729,1.0,0.0,0.03,0.25
83239,861,55,-231.57825808227062,0.0,1.0,0.03,0.25
83346,862,107,28.481841415166855,1.0,0.0,0.03,0.25
83429,863,83,61.12363746762276,1.0,0.0,0.03,0.25
83530,864,101,27.251307267695665,1.0,0.0,0.03,0.25
83642,865,112,2.373292494099587,1.0,0.0,0.03,0.25
83704,866,62,-246.25080981850624,0.0,1.0,0.03,0.25
83812,867,108,13.736860953271389,1.0,0.0,0.03,0.25
83896,868,84,58.586978644132614,1.0,0.0,0.03,0.25
84003,869,107,18.85263030230999,1.0,0.0,0.03,0.25
84113,870,110,22.132469534873962,1.0,0.0,0.03,0.25
84225,871,112,8.363183597102761,1.0,0.0,0.03,0.25
84331,872,106,16.24922691566826,1.0,0.0,0.03,0.25
84442,873,111,-5.626333765685558,1.0,0.0,0.03,0.25
84526,874,84,61.43697866797447,1.0,0.0,0.03,0.25
84633,875,107,-106.51009331084788,1.0,0.0,0.03,0.25
84740,876,107,41.906436659395695,1.0,0.0,0.03,0.25
84853,877,113,22.43097911030054,1.0,0.0,0.03,0.25
84958,878,105,13.384424902498722,1.0,0.0,0.03,0.25
85026,879,68,-108.01845804601908,0.0,1.0,0.03,0.25
85130,880,104,14.474915721453726,1.0,0.0,0.03,0.25
85240,881,110,21.984403990209103,1.0,0.0,0.03,0.25
85353,882,113,10.76865679770708,1.0,0.0,0.03,0.25
85412,883,59,-193.54487600224093,0.0,1.0,0.03,0.25
85516,884,104,23.338126484304667,1.0,0.0,0.03,0.25
85624,885,108,47.73046027123928,1.0,0.0,0.03,0.25
85678,886,54,-202.55496983602643,0.0,1.0,0.03,0.25
85778,887,100,35.461567867547274,1.0,0.0,0.03,0.25
85888,888,110,58.36743834614754,1.0,0.0,0.03,0.25
86002,889,114,39.445232443511486,1.0,0.0,0.03,0.25
86114,890,112,48.231048583984375,1.0,0.0,0.03,0.25
86217,891,103,36.86982041597366,1.0,0.0,0.03,0.25
86276,892,59,-180.7804767563939,0.0,1.0,0.03,0.25
86381,893,105,38.759049102663994,1.0,0.0,0.03,0.25
86490,894,109,34.75133565068245,1.0,0.0,0.03,0.25
86603,895,113,-14.536119673401117,1.0,0.0,0.03,0.25
86714,896,111,-81.11611846834421,1.0,0.0,0.03,0.25
86826,897,112,47.385972942691296,1.0,0.0,0.03,0.25
86927,898,101,24.580326311290264,1.0,0.0,0.03,0.25
87041,899,114,27.986119132488966,1.0,0.0,0.03,0.25
87139,900,98,36.581837594509125,1.0,0.0,0.03,0.25
87239,901,100,-1.527867540717125,1.0,0.0,0.03,0.25
87297,902,58,-208.01109153032303,0.0,1.0,0.03,0.25
87406,903,109,27.274118590634316,1.0,0.0,0.03,0.25
87464,904,58,-243.41287273168564,0.0,1.0,0.03,0.25
87566,905,102,52.904611475765705,1.0,0.0,0.03,0.25
87671,906,105,-23.113608352839947,1.0,0.0,0.03,0.25
87755,907,84,64.2869785130024,1.0,0.0,0.03,0.25
87864,908,109,44.38725613709539,1.0,0.0,0.03,0.25
87964,909,100,28.22820270061493,1.0,0.0,0.03,0.25
88074,910,110,36.35303238034248,1.0,0.0,0.03,0.25
88180,911,106,40.70396725460887,1.0,0.0,0.03,0.25
88292,912,112,38.665033761411905,1.0,0.0,0.03,0.25
88403,913,111,26.925031140446663,1.0,0.0,0.03,0.25
88509,914,106,-134.12681084871292,1.0,0.0,0.03,0.25
88615,915,106,49.39165411144495,1.0,0.0,0.03,0.25
88730,916,115,30.427721615880728,1.0,0.0,0.03,0.25
88843,917,113,35.32426229119301,1.0,0.0,0.03,0.25
88913,918,70,-238.34564676135778,0.0,1.0,0.03,0.25
89014,919,101,-12.625716730952263,1.0,0.0,0.03,0.25
89120,920,106,14.313297316432,1.0,0.0,0.03,0.25
89226,921,106,3.2672084607183933,1.0,0.0,0.03,0.25
89322,922,96,17.163420982658863,1.0,0.0,0.03,0.25
89424,923,102,54.75639560073614,1.0,0.0,0.03,0.25
89531,924,107,35.3692444562912,1.0,0.0,0.03,0.25
89642,925,111,33.13065353780985,1.0,0.0,0.03,0.25
89754,926,112,49.610146038234234,1.0,0.0,0.03,0.25
89870,927,116,58.37369529157877,1.0,0.0,0.03,0.25
89981,928,111,65.45467244833708,1.0,0.0,0.03,0.25
90084,929,103,9.713911682367325,1.0,0.0,0.03,0.25
90189,930,105,31.75146166468039,1.0,0.0,0.03,0.25
90301,931,112,7.4913454204797745,1.0,0.0,0.03,0.25
90408,932,107,-0.5567309483885765,1.0,0.0,0.03,0.25
90519,933,111,7.421368441078812,1.0,0.0,0.03,0.25
90602,934,83,61.12363764643669,1.0,0.0,0.03,0.25
90702,935,100,-26.411207012832165,1.0,0.0,0.03,0.25
90815,936,113,63.41759415343404,1.0,0.0,0.03,0.25
90929,937,114,-7.0100828893482685,1.0,0.0,0.03,0.25
91038,938,109,23.57278349995613,1.0,0.0,0.03,0.25
91121,939,83,49.72363764047623,1.0,0.0,0.03,0.25
91226,940,105,52.91764035820961,1.0,0.0,0.03,0.25
91331,941,105,46.51438032090664,1.0,0.0,0.03,0.25
91432,942,101,51.78873663349077,1.0,0.0,0.03,0.25
91498,943,66,-195.06938617723063,0.0,1.0,0.03,0.25
91599,944,101,42.49812399595976,1.0,0.0,0.03,0.25
91703,945,104,55.18233438581228,1.0,0.0,0.03,0.25
91810,946,107,55.09135350957513,1.0,0.0,0.03,0.25
91912,947,102,55.86286608502269,1.0,0.0,0.03,0.25
92021,948,109,62.2842615917325,1.0,0.0,0.03,0.25
92127,949,106,40.29034926742315,1.0,0.0,0.03,0.25
92235,950,108,42.058589580934495,1.0,0.0,0.03,0.25
92347,951,112,21.686699204146862,1.0,0.0,0.03,0.25
92452,952,105,52.757268354296684,1.0,0.0,0.03,0.25
92556,953,104,31.825039491057396,1.0,0.0,0.03,0.25
92613,954,57,-199.47482953965664,0.0,1.0,0.03,0.25
92717,955,104,38.749050818383694,1.0,0.0,0.03,0.25
92777,956,60,-219.93724516779184,0.0,1.0,0.03,0.25
92879,957,102,37.10042039304972,1.0,0.0,0.03,0.25
92982,958,103,41.77175353420898,1.0,0.0,0.03,0.25
93083,959,101,11.263866517227143,1.0,0.0,0.03,0.25
93166,960,83,66.8236375451088,1.0,0.0,0.03,0.25
93271,961,105,20.532478268723935,1.0,0.0,0.03,0.25
93382,962,111,54.10559143126011,1.0,0.0,0.03,0.25
93485,963,103,22.75692904740572,1.0,0.0,0.03,0.25
93587,964,102,-96.30924116075039,1.0,0.0,0.03,0.25
93701,965,114,19.291024714242667,1.0,0.0,0.03,0.25
93810,966,109,22.327074896078557,1.0,0.0,0.03,0.25
93911,967,101,41.13199006021023,1.0,0.0,0.03,0.25
94020,968,109,55.19487799704075,1.0,0.0,0.03,0.25
94104,969,84,58.586978644132614,1.0,0.0,0.03,0.25
94200,970,96,41.34897640347481,1.0,0.0,0.03,0.25
94315,971,115,9.330264005810022,1.0,0.0,0.03,0.25
94426,972,111,30.24673920776695,1.0,0.0,0.03,0.25
94534,973,108,39.118381809443235,1.0,0.0,0.03,0.25
94642,974,108,17.69552068412304,1.0,0.0,0.03,0.25
94741,975,99,-65.53365432517603,1.0,0.0,0.03,0.25
94847,976,106,52.813701171427965,1.0,0.0,0.03,0.25
94957,977,110,41.222598131746054,1.0,0.0,0.03,0.25
95040,978,83,69.6736376285553,1.0,0.0,0.03,0.25
95123,979,83,58.27363741397858,1.0,0.0,0.03,0.25
95185,980,62,-236.6626560240984,0.0,1.0,0.03,0.25
95268,981,83,66.8236375451088,1.0,0.0,0.03,0.25
95381,982,113,40.807713720947504,1.0,0.0,0.03,0.25
95464,983,83,63.97363758087158,1.0,0.0,0.03,0.25
95547,984,83,55.4236376285553,1.0,0.0,0.03,0.25
95605,985,58,-276.67014995217323,0.0,1.0,0.03,0.25
95669,986,64,-171.62423389405012,0.0,1.0,0.03,0.25
95778,987,109,43.01515439897776,1.0,0.0,0.03,0.25
95887,988,109,-20.93101427842339,1.0,0.0,0.03,0.25
95993,989,106,34.67920769751072,1.0,0.0,0.03,0.25
96095,990,102,38.27387756481767,1.0,0.0,0.03,0.25
96205,991,110,59.97672403231263,1.0,0.0,0.03,0.25
96317,992,112,42.35487698018551,1.0,0.0,0.03,0.25
96420,993,103,36.51234631240368,1.0,0.0,0.03,0.25
96515,994,95,39.22169504314661,1.0,0.0,0.03,0.25
96626,995,111,61.01636474207044,1.0,0.0,0.03,0.25
96713,996,87,52.36430983245373,1.0,0.0,0.03,0.25
96826,997,113,38.4292294960469,1.0,0.0,0.03,0.25
96932,998,106,52.81204044446349,1.0,0.0,0.03,0.25
97031,999,99,46.67187429172918,1.0,0.0,0.03,0.25
97136,1000,105,-79.40816643834114,1.0,0.0,0.03,0.25
97219,1001,83,66.82363757491112,1.0,0.0,0.03,0.25
97330,1002,111,22.39363918825984,1.0,0.0,0.03,0.25
97431,1003,101,22.477480735629797,1.0,0.0,0.03,0.25
97544,1004,113,46.18621116131544,1.0,0.0,0.03,0.25
97648,1005,104,45.72711895033717,1.0,0.0,0.03,0.25
97759,1006,111,46.90280740708113,1.0,0.0,0.03,0.25
97827,1007,68,-193.4145468622446,0.0,1.0,0.03,0.25
97937,1008,110,-11.28275652229786,1.0,0.0,0.03,0.25
98045,1009,108,51.797209836542606,1.0,0.0,0.03,0.25
98111,1010,66,-318.6188786625862,0.0,1.0,0.03,0.25
98217,1011,106,32.44928701967001,1.0,0.0,0.03,0.25
98322,1012,105,53.74618210224435,1.0,0.0,0.03,0.25
98430,1013,108,-9.35606974363327,1.0,0.0,0.03,0.25
98505,1014,75,-246.11457189172506,0.0,1.0,0.03,0.25
98615,1015,110,45.7931472659111,1.0,0.0,0.03,0.25
98720,1016,105,46.23713894560933,1.0,0.0,0.03,0.25
98822,1017,102,11.381479433737695,1.0,0.0,0.03,0.25
98905,1018,83,60.773637756705284,1.0,0.0,0.03,0.25
99014,1019,109,51.425161100924015,1.0,0.0,0.03,0.25
99097,1020,83,63.97363758087158,1.0,0.0,0.03,0.25
99207,1021,110,-0.7098238062753808,1.0,0.0,0.03,0.25
99321,1022,114,16.230329364538193,1.0,0.0,0.03,0.25
99428,1023,107,21.75342610105872,1.0,0.0,0.03,0.25
99539,1024,111,16.125257559120655,1.0,0.0,0.03,0.25
99647,1025,108,12.02992957085371,1.0,0.0,0.03,0.25
99761,1026,114,-27.3508767131716,1.0,0.0,0.03,0.25
99873,1027,112,-2.9671915587969124,1.0,0.0,0.03,0.25
99956,1028,83,63.97363758087158,1.0,0.0,0.03,0.25
100059,1029,103,55.793519765138626,1.0,0.0,0.03,0.25
100169,1030,110,37.545865289866924,1.0,0.0,0.03,0.25
100272,1031,103,-28.379587382543832,1.0,0.0,0.03,0.25
100355,1032,83,66.8236375451088,1.0,0.0,0.03,0.25
100464,1033,109,36.283390786498785,1.0,0.0,0.03,0.25
100520,1034,56,-187.68721252679825,0.0,1.0,0.03,0.25
100619,1035,99,15.31508420035243,1.0,0.0,0.03,0.25
100689,1036,70,-231.49838083982468,0.0,1.0,0.03,0.25
100748,1037,59,-240.28844466805458,0.0,1.0,0.03,0.25
100848,1038,100,8.204217117279768,1.0,0.0,0.03,0.25
100956,1039,108,35.297848518937826,1.0,0.0,0.03,0.25
101065,1040,109,47.106973602902144,1.0,0.0,0.03,0.25
101169,1041,104,39.88055010885,1.0,0.0,0.03,0.25
101271,1042,102,-57.08992088260129,1.0,0.0,0.03,0.25
101381,1043,110,24.00163434771821,1.0,0.0,0.03,0.25
101488,1044,107,54.19796581566334,1.0,0.0,0.03,0.25
101588,1045,100,34.299524921923876,1.0,0.0,0.03,0.25
101698,1046,110,60.58809959888458,1.0,0.0,0.03,0.25
101801,1047,103,26.614888593554497,1.0,0.0,0.03,0.25
101915,1048,114,-2.665011190343648,1.0,0.0,0.03,0.25
102013,1049,98,33.50050949677825,1.0,0.0,0.03,0.25
102121,1050,108,43.69763479009271,1.0,0.0,0.03,0.25
102235,1051,114,37.37283831089735,1.0,0.0,0.03,0.25
102338,1052,103,21.13506729900837,1.0,0.0,0.03,0.25
102449,1053,111,35.053011387586594,1.0,0.0,0.03,0.25
102562,1054,113,70.92770086973906,1.0,0.0,0.03,0.25
102675,1055,113,43.78567859530449,1.0,0.0,0.03,0.25
102783,1056,108,17.367284294217825,1.0,0.0,0.03,0.25
102839,1057,56,-237.467347741127,0.0,1.0,0.03,0.25
102946,1058,107,61.63263892382383,1.0,0.0,0.03,0.25
103021,1059,75,-221.7511536628008,0.0,1.0,0.03,0.25
103128,1060,107,18.012816928327084,1.0,0.0,0.03,0.25
103234,1061,106,-15.755343089345843,1.0,0.0,0.03,0.25
103348,1062,114,-162.45880304276943,1.0,0.0,0.03,0.25
103432,1063,84,61.436978459358215,1.0,0.0,0.03,0.25
103494,1064,62,-228.24591428786516,0.0,1.0,0.03,0.25
103577,1065,83,61.12363773584366,1.0,0.0,0.03,0.25
103660,1066,83,58.273637384176254,1.0,0.0,0.03,0.25
103724,1067,64,-173.7500475347042,0.0,1.0,0.03,0.25
103821,1068,97,-75.26324174227193,1.0,0.0,0.03,0.25
103885,1069,64,-238.37751457095146,0.0,1.0,0.03,0.25
103992,1070,107,18.437117099761963,1.0,0.0,0.03,0.25
104105,1071,113,34.59205822274089,1.0,0.0,0.03,0.25
104174,1072,69,-239.186100628227,0.0,1.0,0.03,0.25
104257,1073,83,66.8236375451088,1.0,0.0,0.03,0.25
104363,1074,106,31.817265989724547,1.0,0.0,0.03,0.25
104433,1075,70,-217.38975755870342,0.0,1.0,0.03,0.25
104545,1076,112,-71.26317160576582,1.0,0.0,0.03,0.25
104656,1077,111,-21.046248879283667,1.0,0.0,0.03,0.25
104739,1078,83,63.97363746166229,1.0,0.0,0.03,0.25
104848,1079,109,53.64082305878401,1.0,0.0,0.03,0.25
104954,1080,106,47.8987094424665,1.0,0.0,0.03,0.25
105065,1081,111,56.715875107795,1.0,0.0,0.03,0.25
105172,1082,107,49.32618544995785,1.0,0.0,0.03,0.25
105268,1083,96,42.49154256656766,1.0,0.0,0.03,0.25
105377,1084,109,49.57356028910726,1.0,0.0,0.03,0.25
105481,1085,104,57.11976896971464,1.0,0.0,0.03,0.25
105589,1086,108,53.39029952138662,1.0,0.0,0.03,0.25
105698,1087,109,49.90387390553951,1.0,0.0,0.03,0.25
105770,1088,72,-195.53882302716374,0.0,1.0,0.03,0.25
105877,1089,107,48.3666272489354,1.0,0.0,0.03,0.25
105986,1090,109,53.64959388226271,1.0,0.0,0.03,0.25
106047,1091,61,-224.6281777471304,0.0,1.0,0.03,0.25
106143,1092,96,45.63093777373433,1.0,0.0,0.03,0.25
106215,1093,72,-256.99441726505756,0.0,1.0,0.03,0.25
106317,1094,102,44.33301854506135,1.0,0.0,0.03,0.25
106429,1095,112,-5.640503004193306,1.0,0.0,0.03,0.25
106538,1096,109,49.19812410324812,1.0,0.0,0.03,0.25
106594,1097,56,-232.1267786999233,0.0,1.0,0.03,0.25
106691,1098,97,50.97981132939458,1.0,0.0,0.03,0.25
106794,1099,103,-31.684084520675242,1.0,0.0,0.03,0.25
106900,1100,106,42.7220768770203,1.0,0.0,0.03,0.25
107005,1101,105,11.696388382464647,1.0,0.0,0.03,0.25
107116,1102,111,14.496639396995306,1.0,0.0,0.03,0.25
107227,1103,111,24.933468233328313,1.0,0.0,0.03,0.25
107334,1104,107,-13.929245602805167,1.0,0.0,0.03,0.25
107438,1105,104,-108.27872212603688,1.0,0.0,0.03,0.25
107521,1106,83,59.673637464642525,1.0,0.0,0.03,0.25
107629,1107,108,44.18258745968342,1.0,0.0,0.03,0.25
107741,1108,112,34.84171915799379,1.0,0.0,0.03,0.25
107852,1109,111,37.418973691761494,1.0,0.0,0.03,0.25
107963,1110,111,34.63120009750128,1.0,0.0,0.03,0.25
108066,1111,103,60.382135324180126,1.0,0.0,0.03,0.25
108126,1112,60,-217.17674107849598,0.0,1.0,0.03,0.25
108209,1113,83,-120.58892307057977,0.0,1.0,0.03,0.25
108314,1114,105,3.9501313269138336,1.0,0.0,0.03,0.25
108425,1115,111,-12.589874484576285,1.0,0.0,0.03,0.25
108512,1116,87,65.22700494527817,1.0,0.0,0.03,0.25
108616,1117,104,44.90681927651167,1.0,0.0,0.03,0.25
108728,1118,112,47.95503135351464,1.0,0.0,0.03,0.25
108838,1119,110,35.652217717375606,1.0,0.0,0.03,0.25
108896,1120,58,-192.52968218922615,0.0,1.0,0.03,0.25
109004,1121,108,0.5464264154434204,1.0,0.0,0.03,0.25
109103,1122,99,31.206355805974454,1.0,0.0,0.03,0.25
109212,1123,109,25.110255259554833,1.0,0.0,0.03,0.25
109270,1124,58,-201.00908479094505,0.0,1.0,0.03,0.25
109387,1125,117,23.905269354581833,1.0,0.0,0.03,0.25
109444,1126,57,-259.4552841037512,0.0,1.0,0.03,0.25
109505,1127,61,-206.93834252282977,0.0,1.0,0.03,0.25
109619,1128,114,-2.962987959384918,1.0,0.0,0.03,0.25
109718,1129,99,18.616756603121758,1.0,0.0,0.03,0.25
109826,1130,108,11.651224553585052,1.0,0.0,0.03,0.25
109934,1131,108,42.52899079024792,1.0,0.0,0.03,0.25
110017,1132,83,55.42363756895065,1.0,0.0,0.03,0.25
110121,1133,104,40.813849717378616,1.0,0.0,0.03,0.25
110228,1134,107,50.46926186233759,1.0,0.0,0.03,0.25
110335,1135,107,35.39261621190235,1.0,0.0,0.03,0.25
110449,1136,114,31.986858035921614,1.0,0.0,0.03,0.25
110558,1137,109,54.57781398296356,1.0,0.0,0.03,0.25
110669,1138,111,34.96345217805356,1.0,0.0,0.03,0.25
110782,1139,113,31.397094439715147,1.0,0.0,0.03,0.25
110898,1140,116,21.66714759916067,1.0,0.0,0.03,0.25
111002,1141,104,-52.0580594856001,1.0,0.0,0.03,0.25
111109,1142,107,58.09642670303583,1.0,0.0,0.03,0.25
111220,1143,111,70.79308436065912,1.0,0.0,0.03,0.25
111293,1144,73,-253.97735822200775,0.0,1.0,0.03,0.25
111358,1145,65,-216.68724617362022,0.0,1.0,0.03,0.25
111461,1146,103,65.70868258178234,1.0,0.0,0.03,0.25
111561,1147,100,50.2454514503479,1.0,0.0,0.03,0.25
111668,1148,107,-26.460944425314665,1.0,0.0,0.03,0.25
111780,1149,112,62.8272473141551,1.0,0.0,0.03,0.25
111877,1150,97,-2.7642645351588726,1.0,0.0,0.03,0.25
111978,1151,101,37.59289314970374,1.0,0.0,0.03,0.25
112061,1152,83,61.12363749742508,1.0,0.0,0.03,0.25
112119,1153,58,-234.9958880841732,0.0,1.0,0.03,0.25
112220,1154,101,27.21213236404583,1.0,0.0,0.03,0.25
112326,1155,106,33.58383121341467,1.0,0.0,0.03,0.25
112390,1156,64,-174.87280539423227,0.0,1.0,0.03,0.25
112494,1157,104,23.51137087494135,1.0,0.0,0.03,0.25
112600,1158,106,24.723729856312275,1.0,0.0,0.03,0.25
112702,1159,102,27.799282863736153,1.0,0.0,0.03,0.25
112811,1160,109,57.219899505376816,1.0,0.0,0.03,0.25
112923,1161,112,49.557232155959355,1.0,0.0,0.03,0.25
113025,1162,102,-11.813245926052332,1.0,0.0,0.03,0.25
113086,1163,61,-234.8808964341879,0.0,1.0,0.03,0.25
113195,1164,109,48.63198924809694,1.0,0.0,0.03,0.25
113304,1165,109,-44.49068163335323,1.0,0.0,0.03,0.25
113410,1166,106,39.571803875267506,1.0,0.0,0.03,0.25
113516,1167,106,25.501771852374077,1.0,0.0,0.03,0.25
113628,1168,112,37.723117895424366,1.0,0.0,0.03,0.25
113736,1169,108,-3.530904818791896,1.0,0.0,0.03,0.25
113819,1170,83,58.27363741397858,1.0,0.0,0.03,0.25
113931,1171,112,32.085042636375874,1.0,0.0,0.03,0.25
113997,1172,66,-242.92015299201012,0.0,1.0,0.03,0.25
114102,1173,105,-10.306500185281038,1.0,0.0,0.03,0.25
114210,1174,108,38.65480251610279,1.0,0.0,0.03,0.25
114314,1175,104,43.1273432332091,1.0,0.0,0.03,0.25
114397,1176,83,63.97363764047623,1.0,0.0,0.03,0.25
114480,1177,83,69.6736376285553,1.0,0.0,0.03,0.25
114592,1178,112,24.4765408039093,1.0,0.0,0.03,0.25
114705,1179,113,-105.13315614685416,1.0,0.0,0.03,0.25
114809,1180,104,9.924172766506672,1.0,0.0,0.03,0.25
114916,1181,107,44.79623321071267,1.0,0.0,0.03,0.25
115029,1182,113,-86.91614327207208,1.0,0.0,0.03,0.25
115141,1183,112,32.79409293830395,1.0,0.0,0.03,0.25
115206,1184,65,-240.4170813448727,0.0,1.0,0.03,0.25
115263,1185,57,-192.4948548823595,0.0,1.0,0.03,0.25
115374,1186,111,35.932978577911854,1.0,0.0,0.03,0.25
115482,1187,108,-5.769462546333671,1.0,0.0,0.03,0.25
115593,1188,111,36.25656700134277,1.0,0.0,0.03,0.25
115676,1189,83,63.973637759685516,1.0,0.0,0.03,0.25
115759,1190,83,61.12363749742508,1.0,0.0,0.03,0.25
115864,1191,105,13.5030827075243,1.0,0.0,0.03,0.25
115968,1192,104,44.88364564627409,1.0,0.0,0.03,0.25
116072,1193,104,-27.684119444340467,1.0,0.0,0.03,0.25
116172,1194,100,47.68584816157818,1.0,0.0,0.03,0.25
116271,1195,99,-20.696641959249973,1.0,0.0,0.03,0.25
116354,1196,83,55.07363744080067,1.0,0.0,0.03,0.25
116466,1197,112,65.14943169429898,1.0,0.0,0.03,0.25
116575,1198,109,38.39344288408756,1.0,0.0,0.03,0.25
116679,1199,104,32.09195000305772,1.0,0.0,0.03,0.25
116773,1200,94,46.44482873706147,1.0,0.0,0.03,0.25
116873,1201,100,48.93015630543232,1.0,0.0,0.03,0.25
116984,1202,111,18.570735869463533,1.0,0.0,0.03,0.25
117088,1203,104,19.81914022564888,1.0,0.0,0.03,0.25
117171,1204,83,66.82363763451576,1.0,0.0,0.03,0.25
117274,1205,103,30.9768063724041,1.0,0.0,0.03,0.25
117337,1206,63,-221.34288150072098,0.0,1.0,0.03,0.25
117450,1207,113,46.901731207966805,1.0,0.0,0.03,0.25
117563,1208,113,-19.92455590609461,1.0,0.0,0.03,0.25
117673,1209,110,4.061297156848013,1.0,0.0,0.03,0.25
117779,1210,106,17.843312001787126,1.0,0.0,0.03,0.25
117880,1211,101,-107.97316616773605,1.0,0.0,0.03,0.25
117987,1212,107,30.44745732471347,1.0,0.0,0.03,0.25
118098,1213,111,59.96332484483719,1.0,0.0,0.03,0.25
118181,1214,83,63.97363764047623,1.0,0.0,0.03,0.25
118287,1215,106,49.304114669561386,1.0,0.0,0.03,0.25
118385,1216,98,21.966814450919628,1.0,0.0,0.03,0.25
118488,1217,103,22.542512368410826,1.0,0.0,0.03,0.25
118600,1218,112,45.175702676177025,1.0,0.0,0.03,0.25
118673,1219,73,-294.55269008874893,0.0,1.0,0.03,0.25
118785,1220,112,-24.54497466608882,1.0,0.0,0.03,0.25
118898,1221,113,33.38538557291031,1.0,0.0,0.03,0.25
119007,1222,109,60.205989219248295,1.0,0.0,0.03,0.25
119090,1223,83,66.8236375451088,1.0,0.0,0.03,0.25
119195,1224,105,34.109038796275854,1.0,0.0,0.03,0.25
119301,1225,106,31.260409601032734,1.0,0.0,0.03,0.25
119384,1226,83,63.97363752126694,1.0,0.0,0.03,0.25
119497,1227,113,-3.4966806694865227,1.0,0.0,0.03,0.25
119558,1228,61,-189.99976336956024,0.0,1.0,0.03,0.25
119641,1229,83,55.42363756895065,1.0,0.0,0.03,0.25
119747,1230,106,35.14823794364929,1.0,0.0,0.03,0.25
119830,1231,83,61.123637706041336,1.0,0.0,0.03,0.25
119940,1232,110,24.35603077709675,1.0,0.0,0.03,0.25
120023,1233,83,61.12363761663437,1.0,0.0,0.03,0.25
120132,1234,109,38.93355870574305,1.0,0.0,0.03,0.25
120241,1235,109,33.78908205777407,1.0,0.0,0.03,0.25
120349,1236,108,39.61525088176131,1.0,0.0,0.03,0.25
120453,1237,104,33.28231835320548,1.0,0.0,0.03,0.25
120559,1238,106,53.072010323405266,1.0,0.0,0.03,0.25
120667,1239,108,33.666694696992636,1.0,0.0,0.03,0.25
120780,1240,113,25.227992489933968,1.0,0.0,0.03,0.25
120863,1241,83,61.1236375272274,1.0,0.0,0.03,0.25
120973,1242,110,9.23654517158866,1.0,0.0,0.03,0.25
121076,1243,103,21.186594411730766,1.0,0.0,0.03,0.25
121179,1244,103,48.22176770120859,1.0,0.0,0.03,0.25
121286,1245,107,53.28094105049968,1.0,0.0,0.03,0.25
121398,1246,112,38.32989226235077,1.0,0.0,0.03,0.25
121509,1247,111,51.49181937798858,1.0,0.0,0.03,0.25
121613,1248,104,19.683612402528524,1.0,0.0,0.03,0.25
121696,1249,83,58.27363774180412,1.0,0.0,0.03,0.25
121779,1250,83,63.973637759685516,1.0,0.0,0.03,0.25
121889,1251,110,36.631780098658055,1.0,0.0,0.03,0.25
121989,1252,100,25.06021287292242,1.0,0.0,0.03,0.25
122103,1253,114,4.350193813443184,1.0,0.0,0.03,0.25
122172,1254,69,-239.36855879426003,0.0,1.0,0.03,0.25
122278,1255,106,38.28198762983084,1.0,0.0,0.03,0.25
122395,1256,117,10.509192509576678,1.0,0.0,0.03,0.25
122462,1257,67,-232.47965421900153,0.0,1.0,0.03,0.25
122564,1258,102,44.06331041827798,1.0,0.0,0.03,0.25
122669,1259,105,67.99452055245638,1.0,0.0,0.03,0.25
122773,1260,104,27.78934695199132,1.0,0.0,0.03,0.25
122880,1261,107,-3.575234852731228,1.0,0.0,0.03,0.25
122980,1262,100,58.51599536836147,1.0,0.0,0.03,0.25
123033,1263,53,-215.34438171982765,0.0,1.0,0.03,0.25
123104,1264,71,-221.3670880496502,0.0,1.0,0.03,0.25
123211,1265,107,44.279816599562764,1.0,0.0,0.03,0.25
123312,1266,101,44.002659276127815,1.0,0.0,0.03,0.25
123422,1267,110,17.775139037519693,1.0,0.0,0.03,0.25
123505,1268,83,53.973637804389,1.0,0.0,0.03,0.25
123614,1269,109,22.50558304414153,1.0,0.0,0.03,0.25
123717,1270,103,45.60915660113096,1.0,0.0,0.03,0.25
123786,1271,69,-194.22482446581125,0.0,1.0,0.03,0.25
123893,1272,107,-10.127436081878841,1.0,0.0,0.03,0.25
124005,1273,112,41.331476870924234,1.0,0.0,0.03,0.25
124075,1274,70,-219.86435931921005,0.0,1.0,0.03,0.25
124161,1275,86,59.21366384625435,1.0,0.0,0.03,0.25
124272,1276,111,-3.578439671546221,1.0,0.0,0.03,0.25
124377,1277,105,6.0848878542892635,1.0,0.0,0.03,0.25
124487,1278,110,43.1897968351841,1.0,0.0,0.03,0.25
124588,1279,101,15.566260777413845,1.0,0.0,0.03,0.25
124671,1280,83,58.273637533187866,1.0,0.0,0.03,0.25
124775,1281,104,37.75979562103748,1.0,0.0,0.03,0.25
124836,1282,61,-218.1630218923092,0.0,1.0,0.03,0.25
124948,1283,112,-0.28138380497694016,1.0,0.0,0.03,0.25
125045,1284,97,39.984245939645916,1.0,0.0,0.03,0.25
125146,1285,101,-1.6644344558008015,1.0,0.0,0.03,0.25
125220,1286,74,-157.5415166132152,0.0,1.0,0.03,0.25
125328,1287,108,52.913904532790184,1.0,0.0,0.03,0.25
125397,1288,69,-296.63549818843603,0.0,1.0,0.03,0.25
125458,1289,61,-197.450819760561,0.0,1.0,0.03,0.25
125566,1290,108,18.438066758215427,1.0,0.0,0.03,0.25
125680,1291,114,16.8835038356483,1.0,0.0,0.03,0.25
125781,1292,101,48.13930074125528,1.0,0.0,0.03,0.25
125889,1293,108,3.048862025141716,1.0,0.0,0.03,0.25
126002,1294,113,27.359441758599132,1.0,0.0,0.03,0.25
126067,1295,65,-233.13390182703733,0.0,1.0,0.03,0.25
126177,1296,110,61.2609471604228,1.0,0.0,0.03,0.25
126289,1297,112,-30.81232318887487,1.0,0.0,0.03,0.25
126393,1298,104,49.19373831525445,1.0,0.0,0.03,0.25
126453,1299,60,-259.72504991292953,0.0,1.0,0.03,0.25
126563,1300,110,51.92438843427226,1.0,0.0,0.03,0.25
126646,1301,83,66.82363766431808,1.0,0.0,0.03,0.25
126744,1302,98,14.533922549337149,1.0,0.0,0.03,0.25
126829,1303,85,67.45032304525375,1.0,0.0,0.03,0.25
126891,1304,62,-249.14680294692516,0.0,1.0,0.03,0.25
127002,1305,111,38.4543844088912,1.0,0.0,0.03,0.25
127109,1306,107,44.0680141672492,1.0,0.0,0.03,0.25
127214,1307,105,53.454911053646356,1.0,0.0,0.03,0.25
127320,1308,106,24.923115279059857,1.0,0.0,0.03,0.25
127430,1309,110,-26.416515473276377,1.0,0.0,0.03,0.25
127537,1310,107,46.70758876204491,1.0,0.0,0.03,0.25
127648,1311,111,58.084727976005524,1.0,0.0,0.03,0.25
127757,1312,109,21.37513268692419,1.0,0.0,0.03,0.25
127867,1313,110,-68.50227666273713,1.0,0.0,0.03,0.25
127963,1314,96,39.05517844017595,1.0,0.0,0.03,0.25
128047,1315,84,54.98698225617409,1.0,0.0,0.03,0.25
128114,1316,67,-236.3623274564743,0.0,1.0,0.03,0.25
128223,1317,109,60.91598701477051,1.0,0.0,0.03,0.25
128324,1318,101,33.96212528645992,1.0,0.0,0.03,0.25
128431,1319,107,42.750752246938646,1.0,0.0,0.03,0.25
128538,1320,107,-73.85250661149621,1.0,0.0,0.03,0.25
128621,1321,83,66.82363766431808,1.0,0.0,0.03,0.25
128730,1322,109,5.569667123258114,1.0,0.0,0.03,0.25
128839,1323,109,54.83992624282837,1.0,0.0,0.03,0.25
128942,1324,103,31.454766184091568,1.0,0.0,0.03,0.25
129050,1325,108,-16.260946802794933,1.0,0.0,0.03,0.25
129160,1326,110,27.780988536775112,1.0,0.0,0.03,0.25
129217,1327,57,-180.72406609356403,0.0,1.0,0.03,0.25
129327,1328,110,58.83468557149172,1.0,0.0,0.03,0.25
129385,1329,58,-190.18379889428616,0.0,1.0,0.03,0.25
129499,1330,114,27.136235028505325,1.0,0.0,0.03,0.25
129613,1331,114,-22.919829216320068,1.0,0.0,0.03,0.25
129727,1332,114,21.72250783070922,1.0,0.0,0.03,0.25
129838,1333,111,19.175156727433205,1.0,0.0,0.03,0.25
129921,1334,83,58.27363774180412,1.0,0.0,0.03,0.25
130026,1335,105,-29.908428732771426,1.0,0.0,0.03,0.25
130129,1336,103,60.018863163888454,1.0,0.0,0.03,0.25
130190,1337,61,-258.07846879959106,0.0,1.0,0.03,0.25
130289,1338,99,29.367838784586638,1.0,0.0,0.03,0.25
130352,1339,63,-232.20683090388775,0.0,1.0,0.03,0.25
130466,1340,114,11.462334248702973,1.0,0.0,0.03,0.25
130578,1341,112,24.548417575657368,1.0,0.0,0.03,0.25
130684,1342,106,25.041515942662954,1.0,0.0,0.03,0.25
130767,1343,83,55.42363744974136,1.0,0.0,0.03,0.25
130872,1344,105,-1.055972800590098,1.0,0.0,0.03,0.25
130985,1345,113,37.31388158258051,1.0,0.0,0.03,0.25
131097,1346,112,51.02145554870367,1.0,0.0,0.03,0.25
131204,1347,107,34.158110284712166,1.0,0.0,0.03,0.25
131314,1348,110,41.46910408139229,1.0,0.0,0.03,0.25
131379,1349,65,-229.62960062921047,0.0,1.0,0.03,0.25
131482,1350,103,-25.96419272199273,1.0,0.0,0.03,0.25
131585,1351,103,49.34674923866987,1.0,0.0,0.03,0.25
131649,1352,64,-225.92131081223488,0.0,1.0,0.03,0.25
131761,1353,112,59.98225986212492,1.0,0.0,0.03,0.25
131863,1354,102,-26.115901263430715,1.0,0.0,0.03,0.25
131971,1355,108,51.34975800663233,1.0,0.0,0.03,0.25
132080,1356,109,51.760138031095266,1.0,0.0,0.03,0.25
132144,1357,64,-204.34792146086693,0.0,1.0,0.03,0.25
132246,1358,102,7.367766235023737,1.0,0.0,0.03,0.25
132312,1359,66,-264.3244980275631,0.0,1.0,0.03,0.25
132422,1360,110,48.56611631065607,1.0,0.0,0.03,0.25
132505,1361,83,66.8236375451088,1.0,0.0,0.03,0.25
132588,1362,83,58.273637771606445,1.0,0.0,0.03,0.25
132699,1363,111,51.74573139101267,1.0,0.0,0.03,0.25
132809,1364,110,40.36593485251069,1.0,0.0,0.03,0.25
132919,1365,110,42.63038621842861,1.0,0.0,0.03,0.25
133027,1366,108,56.59444908425212,1.0,0.0,0.03,0.25
133124,1367,97,37.951375145465136,1.0,0.0,0.03,0.25
133233,1368,109,-39.23911967873573,1.0,0.0,0.03,0.25
133338,1369,105,55.82010871171951,1.0,0.0,0.03,0.25
133440,1370,102,19.011344827711582,1.0,0.0,0.03,0.25
133545,1371,105,-7.918335770256817,1.0,0.0,0.03,0.25
133628,1372,83,49.72363778948784,1.0,0.0,0.03,0.25
133691,1373,63,-231.6551588922739,0.0,1.0,0.03,0.25
133748,1374,57,-229.71058721840382,0.0,1.0,0.03,0.25
133853,1375,105,-2.2666983902454376,1.0,0.0,0.03,0.25
133962,1376,109,27.021317122969776,1.0,0.0,0.03,0.25
134075,1377,113,40.757264866959304,1.0,0.0,0.03,0.25
134173,1378,98,3.5267347767949104,1.0,0.0,0.03,0.25
134286,1379,113,-34.90297158528119,1.0,0.0,0.03,0.25
134372,1380,86,56.36366420984268,1.0,0.0,0.03,0.25
134441,1381,69,-272.5105480849743,0.0,1.0,0.03,0.25
134541,1382,100,12.66127810627222,1.0,0.0,0.03,0.25
134649,1383,108,45.73594870744273,1.0,0.0,0.03,0.25
134756,1384,107,44.479411862790585,1.0,0.0,0.03,0.25
134866,1385,110,35.34428296983242,1.0,0.0,0.03,0.25
134936,1386,70,-190.32078160718083,0.0,1.0,0.03,0.25
135045,1387,109,29.41078221797943,1.0,0.0,0.03,0.25
135152,1388,107,42.37924886494875,1.0,0.0,0.03,0.25
135257,1389,105,41.13651271443814,1.0,0.0,0.03,0.25
135327,1390,70,-244.2451320141554,0.0,1.0,0.03,0.25
135440,1391,113,19.366759903728962,1.0,0.0,0.03,0.25
135542,1392,102,37.86619447916746,1.0,0.0,0.03,0.25
135608,1393,66,-227.94575802981853,0.0,1.0,0.03,0.25
135693,1394,85,52.450323075056076,1.0,0.0,0.03,0.25
135761,1395,68,-182.95071706920862,0.0,1.0,0.03,0.25
135871,1396,110,35.13572792708874,1.0,0.0,0.03,0.25
135973,1397,102,-20.695142375770956,1.0,0.0,0.03,0.25
136085,1398,112,46.08435496687889,1.0,0.0,0.03,0.25
136186,1399,101,5.53969419002533,1.0,0.0,0.03,0.25
136242,1400,56,-247.05869647860527,0.0,1.0,0.03,0.25
136340,1401,98,63.184905253350735,1.0,0.0,0.03,0.25
136440,1402,100,59.19036363810301,1.0,0.0,0.03,0.25
136546,1403,106,29.23342403024435,1.0,0.0,0.03,0.25
136629,1404,83,51.82363769412041,1.0,0.0,0.03,0.25
136740,1405,111,10.836841240525246,1.0,0.0,0.03,0.25
136847,1406,107,10.301843103021383,1.0,0.0,0.03,0.25
136935,1407,88,51.290344536304474,1.0,0.0,0.03,0.25
137018,1408,83,61.1236375272274,1.0,0.0,0.03,0.25
137129,1409,111,36.12742227315903,1.0,0.0,0.03,0.25
137212,1410,83,63.97363746166229,1.0,0.0,0.03,0.25
137295,1411,83,61.12363758683205,1.0,0.0,0.03,0.25
137401,1412,106,24.025372944306582,1.0,0.0,0.03,0.25
137471,1413,70,-223.51464649522677,0.0,1.0,0.03,0.25
137576,1414,105,5.152554754167795,1.0,0.0,0.03,0.25
137682,1415,106,27.2869687192142,1.0,0.0,0.03,0.25
137786,1416,104,-30.90746758550813,1.0,0.0,0.03,0.25
137856,1417,70,-242.07094897329807,0.0,1.0,0.03,0.25
137951,1418,95,-36.292348846793175,1.0,0.0,0.03,0.25
138050,1419,99,60.59191583842039,1.0,0.0,0.03,0.25
138144,1420,94,56.06163164926693,1.0,0.0,0.03,0.25
138228,1421,84,58.58698210120201,1.0,0.0,0.03,0.25
138341,1422,113,-104.07579359784722,1.0,0.0,0.03,0.25
138447,1423,106,50.95029032183811,1.0,0.0,0.03,0.25
138554,1424,107,51.23416479257867,1.0,0.0,0.03,0.25
138656,1425,102,-81.98264880105853,1.0,0.0,0.03,0.25
138763,1426,107,33.01578027711366,1.0,0.0,0.03,0.25
138871,1427,108,60.801987208426,1.0,0.0,0.03,0.25
138967,1428,96,52.457715786993504,1.0,0.0,0.03,0.25
139050,1429,83,63.973637759685516,1.0,0.0,0.03,0.25
139148,1430,98,60.423680521547794,1.0,0.0,0.03,0.25
139259,1431,111,35.87862414121628,1.0,0.0,0.03,0.25
139342,1432,83,49.72363784909248,1.0,0.0,0.03,0.25
139448,1433,106,-55.590891007333994,1.0,0.0,0.03,0.25
139550,1434,102,40.048497170209885,1.0,0.0,0.03,0.25
139662,1435,112,45.94615251943469,1.0,0.0,0.03,0.25
139762,1436,100,45.330275908112526,1.0,0.0,0.03,0.25
139818,1437,56,-237.9020367860794,0.0,1.0,0.03,0.25
139928,1438,110,0.33444903790950775,1.0,0.0,0.03,0.25
140040,1439,112,38.42339118570089,1.0,0.0,0.03,0.25
140153,1440,113,16.58449910581112,1.0,0.0,0.03,0.25
140214,1441,61,-218.00996701419353,0.0,1.0,0.03,0.25
140328,1442,114,17.975475217681378,1.0,0.0,0.03,0.25
140442,1443,114,-19.085420610383153,1.0,0.0,0.03,0.25
140539,1444,97,57.133648961782455,1.0,0.0,0.03,0.25
140646,1445,107,10.951247215270996,1.0,0.0,0.03,0.25
140754,1446,108,8.919314242433757,1.0,0.0,0.03,0.25
140865,1447,111,52.889631040394306,1.0,0.0,0.03,0.25
140948,1448,83,48.97363767027855,1.0,0.0,0.03,0.25
141059,1449,111,-154.4802856631577,1.0,0.0,0.03,0.25
141130,1450,71,-198.59171460568905,0.0,1.0,0.03,0.25
141241,1451,111,15.197076790034771,1.0,0.0,0.03,0.25
141339,1452,98,28.304795868694782,1.0,0.0,0.03,0.25
141437,1453,98,26.055649298243225,1.0,0.0,0.03,0.25
141547,1454,110,57.35151658579707,1.0,0.0,0.03,0.25
141652,1455,105,46.64479994773865,1.0,0.0,0.03,0.25
141717,1456,65,-227.77888645231724,0.0,1.0,0.03,0.25
141828,1457,111,-2.0137719213962555,1.0,0.0,0.03,0.25
141940,1458,112,63.95940874516964,1.0,0.0,0.03,0.25
142043,1459,103,42.73618092387915,1.0,0.0,0.03,0.25
142159,1460,116,-16.939561679959297,1.0,0.0,0.03,0.25
142263,1461,104,-27.44339670939371,1.0,0.0,0.03,0.25
142377,1462,114,33.68980697542429,1.0,0.0,0.03,0.25
142449,1463,72,-270.0949222519994,0.0,1.0,0.03,0.25
142558,1464,109,19.461552180349827,1.0,0.0,0.03,0.25
142641,1465,83,60.37363758683205,1.0,0.0,0.03,0.25
142754,1466,113,-1.2236000639386475,1.0,0.0,0.03,0.25
142812,1467,58,-218.07390443282202,0.0,1.0,0.03,0.25
142875,1468,63,-217.96032325923443,0.0,1.0,0.03,0.25
142978,1469,103,3.9590915516018867,1.0,0.0,0.03,0.25
143081,1470,103,49.298721984028816,1.0,0.0,0.03,0.25
143177,1471,96,28.339498680084944,1.0,0.0,0.03,0.25
143260,1472,83,46.873637706041336,1.0,0.0,0.03,0.25
143356,1473,96,18.943559758365154,1.0,0.0,0.03,0.25
143439,1474,83,61.12363776564598,1.0,0.0,0.03,0.25
143538,1475,99,30.294348131414154,1.0,0.0,0.03,0.25
143646,1476,108,61.57943094521761,1.0,0.0,0.03,0.25
143758,1477,112,51.38328046261449,1.0,0.0,0.03,0.25
143829,1478,71,-230.33490453660488,0.0,1.0,0.03,0.25
143942,1479,113,47.07631368935108,1.0,0.0,0.03,0.25
144025,1480,83,61.12363758683205,1.0,0.0,0.03,0.25
144133,1481,108,46.143541692756116,1.0,0.0,0.03,0.25
144246,1482,113,60.78465871885419,1.0,0.0,0.03,0.25
144357,1483,111,-1.3555497941561043,1.0,0.0,0.03,0.25
144462,1484,105,40.6222607716918,1.0,0.0,0.03,0.25
144525,1485,63,-200.79495468735695,0.0,1.0,0.03,0.25
144633,1486,108,60.48493146151304,1.0,0.0,0.03,0.25
144690,1487,57,-222.49281622469425,0.0,1.0,0.03,0.25
144799,1488,109,34.46437121927738,1.0,0.0,0.03,0.25
144911,1489,112,47.9258669167757,1.0,0.0,0.03,0.25
144979,1490,68,-195.0214568823576,0.0,1.0,0.03,0.25
145089,1491,110,55.96527788694948,1.0,0.0,0.03,0.25
145190,1492,101,16.75051750987768,1.0,0.0,0.03,0.25
145273,1493,83,58.27363780140877,1.0,0.0,0.03,0.25
145375,1494,102,35.054986014496535,1.0,0.0,0.03,0.25
145484,1495,109,55.2469897903502,1.0,0.0,0.03,0.25
145556,1496,72,-246.24548090994358,0.0,1.0,0.03,0.25
145657,1497,101,46.08304785564542,1.0,0.0,0.03,0.25
145758,1498,101,11.4426913484931,1.0,0.0,0.03,0.25
145831,1499,73,-243.3838768005371,0.0,1.0,0.03,0.25
145914,1500,83,63.973637759685516,1.0,0.0,0.03,0.25
145997,1501,83,61.12363749742508,1.0,0.0,0.03,0.25
146053,1502,56,-189.76008035242558,0.0,1.0,0.03,0.25
146163,1503,110,32.18072662502527,1.0,0.0,0.03,0.25
146263,1504,100,8.137535951565951,1.0,0.0,0.03,0.25
146375,1505,112,11.025879688560963,1.0,0.0,0.03,0.25
146485,1506,110,-8.305247783660889,1.0,0.0,0.03,0.25
146568,1507,83,55.42363739013672,1.0,0.0,0.03,0.25
146639,1508,71,-213.7296610325575,0.0,1.0,0.03,0.25
146753,1509,114,61.53193937242031,1.0,0.0,0.03,0.25
146851,1510,98,63.79948367923498,1.0,0.0,0.03,0.25
146934,1511,83,61.1236375272274,1.0,0.0,0.03,0.25
147017,1512,83,63.97363746166229,1.0,0.0,0.03,0.25
147115,1513,98,35.75218202872202,1.0,0.0,0.03,0.25
147213,1514,98,61.128916420042515,1.0,0.0,0.03,0.25
147279,1515,66,-181.41707452386618,0.0,1.0,0.03,0.25
147384,1516,105,52.73050259752199,1.0,0.0,0.03,0.25
147488,1517,104,26.322068117558956,1.0,0.0,0.03,0.25
147590,1518,102,-128.07937902212143,1.0,0.0,0.03,0.25
147701,1519,111,38.58341448009014,1.0,0.0,0.03,0.25
147801,1520,100,-32.2509519867599,1.0,0.0,0.03,0.25
147884,1521,83,61.12363761663437,1.0,0.0,0.03,0.25
147989,1522,105,-40.734629549551755,1.0,0.0,0.03,0.25
148100,1523,111,42.147956758737564,1.0,0.0,0.03,0.25
148206,1524,106,-43.26165471971035,1.0,0.0,0.03,0.25
148302,1525,96,29.347637504339218,1.0,0.0,0.03,0.25
148409,1526,107,47.80530612170696,1.0,0.0,0.03,0.25
148489,1527,80,-154.78477054834366,0.0,1.0,0.03,0.25
148600,1528,111,45.41907578706741,1.0,0.0,0.03,0.25
148704,1529,104,32.92287599295378,1.0,0.0,0.03,0.25
148774,1530,70,-236.45709183067083,0.0,1.0,0.03,0.25
148880,1531,106,33.82099453685805,1.0,0.0,0.03,0.25
148991,1532,111,28.560893677175045,1.0,0.0,0.03,0.25
149100,1533,109,39.89123383164406,1.0,0.0,0.03,0.25
149204,1534,104,63.96801820397377,1.0,0.0,0.03,0.25
149308,1535,104,41.73973831534386,1.0,0.0,0.03,0.25
149391,1536,83,55.4236376285553,1.0,0.0,0.03,0.25
149490,1537,99,24.96982103958726,1.0,0.0,0.03,0.25
149601,1538,111,45.38532105367631,1.0,0.0,0.03,0.25
149709,1539,108,63.57004398852587,1.0,0.0,0.03,0.25
149821,1540,112,45.70940364897251,1.0,0.0,0.03,0.25
149928,1541,107,3.4657843257300556,1.0,0.0,0.03,0.25
150029,1542,101,-7.038828999269754,1.0,0.0,0.03,0.25
150134,1543,105,-11.825577776879072,1.0,0.0,0.03,0.25
150241,1544,107,45.80488468706608,1.0,0.0,0.03,0.25
150350,1545,109,-21.031914301682264,1.0,0.0,0.03,0.25
150461,1546,111,31.400076419115067,1.0,0.0,0.03,0.25
150555,1547,94,58.321004174649715,1.0,0.0,0.03,0.25
150662,1548,107,24.621498245745897,1.0,0.0,0.03,0.25
150745,1549,83,66.8236375451088,1.0,0.0,0.03,0.25
150861,1550,116,4.54310492426157,1.0,0.0,0.03,0.25
150944,1551,83,61.12363749742508,1.0,0.0,0.03,0.25
151044,1552,100,34.36174778267741,1.0,0.0,0.03,0.25
151156,1553,112,20.98259397596121,1.0,0.0,0.03,0.25
151260,1554,104,20.468070447444916,1.0,0.0,0.03,0.25
151357,1555,97,49.323111958801746,1.0,0.0,0.03,0.25
151469,1556,112,8.229963142424822,1.0,0.0,0.03,0.25
151582,1557,113,33.292411625385284,1.0,0.0,0.03,0.25
151686,1558,104,-19.307655405253172,1.0,0.0,0.03,0.25
151794,1559,108,37.79389099031687,1.0,0.0,0.03,0.25
151902,1560,108,51.16599858133122,1.0,0.0,0.03,0.25
152014,1561,112,64.96672239154577,1.0,0.0,0.03,0.25
152123,1562,109,44.98553429543972,1.0,0.0,0.03,0.25
152235,1563,112,-92.51490247249603,1.0,0.0,0.03,0.25
152339,1564,104,38.28692736430094,1.0,0.0,0.03,0.25
152449,1565,110,40.92873113467067,1.0,0.0,0.03,0.25
152545,1566,96,40.26148169487715,1.0,0.0,0.03,0.25
152628,1567,83,56.82363750040531,1.0,0.0,0.03,0.25
152735,1568,107,-58.04425292368978,1.0,0.0,0.03,0.25
152844,1569,109,-2.8777488227933645,1.0,0.0,0.03,0.25
152958,1570,114,37.95992600917816,1.0,0.0,0.03,0.25
153065,1571,107,-81.95377012342215,1.0,0.0,0.03,0.25
153168,1572,103,30.857287392020226,1.0,0.0,0.03,0.25
153278,1573,110,31.03382120653987,1.0,0.0,0.03,0.25
153381,1574,103,-28.64985584979877,1.0,0.0,0.03,0.25
153487,1575,106,34.93845944106579,1.0,0.0,0.03,0.25
153594,1576,107,-47.79654176905751,1.0,0.0,0.03,0.25
153677,1577,83,69.6736376285553,1.0,0.0,0.03,0.25
153780,1578,103,18.936493038665503,1.0,0.0,0.03,0.25
153883,1579,103,27.287227042019367,1.0,0.0,0.03,0.25
153958,1580,75,-272.20349246263504,0.0,1.0,0.03,0.25
154071,1581,113,69.96226354688406,1.0,0.0,0.03,0.25
154172,1582,101,27.497707940638065,1.0,0.0,0.03,0.25
154275,1583,103,42.48442879319191,1.0,0.0,0.03,0.25
154388,1584,113,37.62600314617157,1.0,0.0,0.03,0.25
154471,1585,83,61.12363749742508,1.0,0.0,0.03,0.25
154554,1586,83,55.423637717962265,1.0,0.0,0.03,0.25
154658,1587,104,40.94053280726075,1.0,0.0,0.03,0.25
154764,1588,106,59.967124454677105,1.0,0.0,0.03,0.25
154865,1589,101,33.49982278374955,1.0,0.0,0.03,0.25
154966,1590,101,-89.64830784127116,1.0,0.0,0.03,0.25
155073,1591,107,0.6695869490504265,1.0,0.0,0.03,0.25
155185,1592,112,-57.403101593256,1.0,0.0,0.03,0.25
155287,1593,102,50.0630754865706,1.0,0.0,0.03,0.25
155402,1594,115,2.9710387624800205,1.0,0.0,0.03,0.25
155507,1595,105,38.94221057742834,1.0,0.0,0.03,0.25
155590,1596,83,55.42363750934601,1.0,0.0,0.03,0.25
155696,1597,106,37.110730819404125,1.0,0.0,0.03,0.25
155793,1598,97,28.18578827753663,1.0,0.0,0.03,0.25
155895,1599,102,48.49383120937273,1.0,0.0,0.03,0.25
155968,1600,73,-232.70038095116615,0.0,1.0,0.03,0.25
156080,1601,112,43.48556391149759,1.0,0.0,0.03,0.25
156187,1602,107,52.003103867173195,1.0,0.0,0.03,0.25
156270,1603,83,69.6736376285553,1.0,0.0,0.03,0.25
156356,1604,86,56.363663762807846,1.0,0.0,0.03,0.25
156465,1605,109,58.059491865336895,1.0,0.0,0.03,0.25
156574,1606,109,48.42654262855649,1.0,0.0,0.03,0.25
156658,1607,84,64.2869785130024,1.0,0.0,0.03,0.25
156757,1608,99,30.768514662981033,1.0,0.0,0.03,0.25
156852,1609,95,24.94585271179676,1.0,0.0,0.03,0.25
156951,1610,99,48.69469416886568,1.0,0.0,0.03,0.25
157061,1611,110,50.06509058177471,1.0,0.0,0.03,0.25
157171,1612,110,9.481496568769217,1.0,0.0,0.03,0.25
157277,1613,106,-6.917747747618705,1.0,0.0,0.03,0.25
157380,1614,103,36.087636476848274,1.0,0.0,0.03,0.25
157490,1615,110,33.543665029108524,1.0,0.0,0.03,0.25
157602,1616,112,39.098469368647784,1.0,0.0,0.03,0.25
157708,1617,106,24.79088646173477,1.0,0.0,0.03,0.25
157819,1618,111,45.08324331743643,1.0,0.0,0.03,0.25
157893,1619,74,-195.09664848446846,0.0,1.0,0.03,0.25
158003,1620,110,12.200984991621226,1.0,0.0,0.03,0.25
158102,1621,99,25.987426310777664,1.0,0.0,0.03,0.25
158185,1622,83,63.97363758087158,1.0,0.0,0.03,0.25
158303,1623,118,-29.334561627358198,1.0,0.0,0.03,0.25
158407,1624,104,51.62862245365977,1.0,0.0,0.03,0.25
158490,1625,83,58.273637503385544,1.0,0.0,0.03,0.25
158595,1626,105,46.80302757769823,1.0,0.0,0.03,0.25
158706,1627,111,29.705621659290045,1.0,0.0,0.03,0.25
158789,1628,83,63.97363764047623,1.0,0.0,0.03,0.25
158854,1629,65,-282.1919122636318,0.0,1.0,0.03,0.25
158963,1630,109,33.86850171163678,1.0,0.0,0.03,0.25
159042,1631,79,-230.12614753842354,0.0,1.0,0.03,0.25
159150,1632,108,14.152575194835663,1.0,0.0,0.03,0.25
159220,1633,70,-226.85741187632084,0.0,1.0,0.03,0.25
159320,1634,100,58.13367416663095,1.0,0.0,0.03,0.25
159417,1635,97,25.053354553412646,1.0,0.0,0.03,0.25
159500,1636,83,61.12363749742508,1.0,0.0,0.03,0.25
159611,1637,111,51.507638193666935,1.0,0.0,0.03,0.25
159718,1638,107,20.794324710499495,1.0,0.0,0.03,0.25
159802,1639,84,55.73697829246521,1.0,0.0,0.03,0.25
159861,1640,59,-217.27019347250462,0.0,1.0,0.03,0.25
159960,1641,99,-14.446858546696603,1.0,0.0,0.03,0.25
160024,1642,64,-224.97299122810364,0.0,1.0,0.03,0.25
160131,1643,107,63.17184377461672,1.0,0.0,0.03,0.25
160234,1644,103,18.957352614961565,1.0,0.0,0.03,0.25
160299,1645,65,-238.7222554758191,0.0,1.0,0.03,0.25
160404,1646,105,41.77739153802395,1.0,0.0,0.03,0.25
160509,1647,105,52.81137277185917,1.0,0.0,0.03,0.25
160592,1648,83,52.57363760471344,1.0,0.0,0.03,0.25
160696,1649,104,0.716421932913363,1.0,0.0,0.03,0.25
160805,1650,109,4.696478471159935,1.0,0.0,0.03,0.25
160906,1651,101,36.2432852871716,1.0,0.0,0.03,0.25
161012,1652,106,57.91802218556404,1.0,0.0,0.03,0.25
161120,1653,108,35.66665104404092,1.0,0.0,0.03,0.25
161203,1654,83,61.12363758683205,1.0,0.0,0.03,0.25
161316,1655,113,25.68658236414194,1.0,0.0,0.03,0.25
161373,1656,57,-235.20527967065573,0.0,1.0,0.03,0.25
161482,1657,109,10.348979852627963,1.0,0.0,0.03,0.25
161581,1658,99,49.00904695643112,1.0,0.0,0.03,0.25
161696,1659,115,29.778574294876307,1.0,0.0,0.03,0.25
161806,1660,110,47.14653932861984,1.0,0.0,0.03,0.25
161916,1661,110,38.616948276758194,1.0,0.0,0.03,0.25
162023,1662,107,59.656856044661254,1.0,0.0,0.03,0.25
162126,1663,103,56.205175295472145,1.0,0.0,0.03,0.25
162233,1664,107,5.107120351865888,1.0,0.0,0.03,0.25
162294,1665,61,-232.10164612531662,0.0,1.0,0.03,0.25
162378,1666,84,64.28697863221169,1.0,0.0,0.03,0.25
162435,1667,57,-201.18564207851887,0.0,1.0,0.03,0.25
162550,1668,115,0.9881981313228607,1.0,0.0,0.03,0.25
162660,1669,110,44.242177717387676,1.0,0.0,0.03,0.25
162765,1670,105,63.00636773556471,1.0,0.0,0.03,0.25
162871,1671,106,-23.28078492032364,1.0,0.0,0.03,0.25
162977,1672,106,41.31146375089884,1.0,0.0,0.03,0.25
163074,1673,97,49.71658519655466,1.0,0.0,0.03,0.25
163157,1674,83,61.123637825250626,1.0,0.0,0.03,0.25
163266,1675,109,19.441063057631254,1.0,0.0,0.03,0.25
163364,1676,98,23.325702909380198,1.0,0.0,0.03,0.25
163478,1677,114,-17.63565069483593,1.0,0.0,0.03,0.25
163549,1678,71,-248.10590161383152,0.0,1.0,0.03,0.25
163662,1679,113,-80.21937360614538,1.0,0.0,0.03,0.25
163748,1680,86,50.66366362571716,1.0,0.0,0.03,0.25
163849,1681,101,-6.376530859619379,1.0,0.0,0.03,0.25
163954,1682,105,34.35651122033596,1.0,0.0,0.03,0.25
164037,1683,83,63.97363758087158,1.0,0.0,0.03,0.25
164101,1684,64,-225.83798173069954,0.0,1.0,0.03,0.25
164158,1685,57,-202.03018106520176,0.0,1.0,0.03,0.25
164270,1686,112,17.206100784242153,1.0,0.0,0.03,0.25
164379,1687,109,26.439399637281895,1.0,0.0,0.03,0.25
164485,1688,106,30.02617460070178,1.0,0.0,0.03,0.25
164590,1689,105,26.632702626287937,1.0,0.0,0.03,0.25
164662,1690,72,-224.33831054344773,0.0,1.0,0.03,0.25
164765,1691,103,12.707268468569964,1.0,0.0,0.03,0.25
164870,1692,105,52.61708567291498,1.0,0.0,0.03,0.25
164967,1693,97,29.994395300745964,1.0,0.0,0.03,0.25
165077,1694,110,57.94389242306352,1.0,0.0,0.03,0.25
165176,1695,99,39.85053116083145,1.0,0.0,0.03,0.25
165248,1696,72,-247.77887444198132,0.0,1.0,0.03,0.25
165350,1697,102,17.219025269150734,1.0,0.0,0.03,0.25
165459,1698,109,21.826487123966217,1.0,0.0,0.03,0.25
165576,1699,117,34.1383023369126,1.0,0.0,0.03,0.25
165689,1700,113,63.09467378631234,1.0,0.0,0.03,0.25
165759,1701,70,-190.56485024094582,0.0,1.0,0.03,0.25
165870,1702,111,53.857859222684056,1.0,0.0,0.03,0.25
165953,1703,83,69.6736376285553,1.0,0.0,0.03,0.25
166027,1704,74,-201.1714924275875,0.0,1.0,0.03,0.25
166136,1705,109,61.279865719377995,1.0,0.0,0.03,0.25
166219,1706,83,66.82363772392273,1.0,0.0,0.03,0.25
166329,1707,110,-37.66755202435888,1.0,0.0,0.03,0.25
166435,1708,106,61.74593760073185,1.0,0.0,0.03,0.25
166535,1709,100,22.281433455180377,1.0,0.0,0.03,0.25
166647,1710,112,51.8469979390502,1.0,0.0,0.03,0.25
166749,1711,102,24.384048592299223,1.0,0.0,0.03,0.25
166856,1712,107,19.64780371915549,1.0,0.0,0.03,0.25
166960,1713,104,23.16626690933481,1.0,0.0,0.03,0.25
167021,1714,61,-230.32785221934319,0.0,1.0,0.03,0.25
167126,1715,105,-113.45264797657728,1.0,0.0,0.03,0.25
167200,1716,74,-278.9024926126003,0.0,1.0,0.03,0.25
167307,1717,107,17.924914680421352,1.0,0.0,0.03,0.25
167415,1718,108,23.4138158634305,1.0,0.0,0.03,0.25
167525,1719,110,39.95714211091399,1.0,0.0,0.03,0.25
167623,1720,98,15.869003962288843,1.0,0.0,0.03,0.25
167707,1721,84,51.08697837591171,1.0,0.0,0.03,0.25
167818,1722,111,25.132155751809478,1.0,0.0,0.03,0.25
167926,1723,108,-21.179371628910303,1.0,0.0,0.03,0.25
168035,1724,109,-0.863956400193274,1.0,0.0,0.03,0.25
168136,1725,101,10.747208408545703,1.0,0.0,0.03,0.25
168240,1726,104,50.72102640522644,1.0,0.0,0.03,0.25
168294,1727,54,-224.51800836622715,0.0,1.0,0.03,0.25
168400,1728,106,42.841100476682186,1.0,0.0,0.03,0.25
168504,1729,104,49.4471363350749,1.0,0.0,0.03,0.25
168607,1730,103,-32.390556175261736,1.0,0.0,0.03,0.25
168690,1731,83,55.4236376285553,1.0,0.0,0.03,0.25
168773,1732,83,58.273637652397156,1.0,0.0,0.03,0.25
168888,1733,115,-44.263101391494274,1.0,0.0,0.03,0.25
168987,1734,99,-83.52668096125126,1.0,0.0,0.03,0.25
169070,1735,83,69.6736376285553,1.0,0.0,0.03,0.25
169177,1736,107,-0.3233153373003006,1.0,0.0,0.03,0.25
169276,1737,99,53.893952660262585,1.0,0.0,0.03,0.25
169333,1738,57,-233.96261128783226,0.0,1.0,0.03,0.25
169435,1739,102,40.45211413130164,1.0,0.0,0.03,0.25
169540,1740,105,10.84987024962902,1.0,0.0,0.03,0.25
169651,1741,111,5.168251823168248,1.0,0.0,0.03,0.25
169734,1742,83,58.27363747358322,1.0,0.0,0.03,0.25
169838,1743,104,60.55706802755594,1.0,0.0,0.03,0.25
169950,1744,112,12.481409752741456,1.0,0.0,0.03,0.25
170058,1745,108,18.5562529633753,1.0,0.0,0.03,0.25
170170,1746,112,6.204250283539295,1.0,0.0,0.03,0.25
170275,1747,105,51.92297685472295,1.0,0.0,0.03,0.25
170384,1748,109,21.01285942643881,1.0,0.0,0.03,0.25
170496,1749,112,9.002121053636074,1.0,0.0,0.03,0.25
170579,1750,83,66.82363766431808,1.0,0.0,0.03,0.25
170682,1751,103,-8.972184307873249,1.0,0.0,0.03,0.25
170794,1752,112,49.727886103093624,1.0,0.0,0.03,0.25
170907,1753,113,56.06903712451458,1.0,0.0,0.03,0.25
170969,1754,62,-260.0002310760319,0.0,1.0,0.03,0.25
171082,1755,113,9.218545892792463,1.0,0.0,0.03,0.25
171189,1756,107,44.4813167154789,1.0,0.0,0.03,0.25
171292,1757,103,19.730196005664766,1.0,0.0,0.03,0.25
171397,1758,105,-22.928622655570507,1.0,0.0,0.03,0.25
171497,1759,100,62.65428069233894,1.0,0.0,0.03,0.25
171609,1760,112,37.374567318707705,1.0,0.0,0.03,0.25
171717,1761,108,53.009117528796196,1.0,0.0,0.03,0.25
171832,1762,115,2.9914623009972274,1.0,0.0,0.03,0.25
171903,1763,71,-239.26105797290802,0.0,1.0,0.03,0.25
172009,1764,106,46.914578863557836,1.0,0.0,0.03,0.25
172120,1765,111,55.57998701184988,1.0,0.0,0.03,0.25
172230,1766,110,46.38713724166155,1.0,0.0,0.03,0.25
172330,1767,100,24.756148792803288,1.0,0.0,0.03,0.25
172437,1768,107,38.01007370650768,1.0,0.0,0.03,0.25
172548,1769,111,40.7871705442667,1.0,0.0,0.03,0.25
172657,1770,109,36.63410031050444,1.0,0.0,0.03,0.25
172771,1771,114,28.72124494612217,1.0,0.0,0.03,0.25
172883,1772,112,29.758624374866486,1.0,0.0,0.03,0.25
172988,1773,105,53.986405982635915,1.0,0.0,0.03,0.25
173091,1774,103,-81.74707693280652,1.0,0.0,0.03,0.25
173188,1775,97,42.96777391433716,1.0,0.0,0.03,0.25
173290,1776,102,55.37469632178545,1.0,0.0,0.03,0.25
173387,1777,97,26.731824695598334,1.0,0.0,0.03,0.25
173491,1778,104,41.58703316003084,1.0,0.0,0.03,0.25
173589,1779,98,52.26508378237486,1.0,0.0,0.03,0.25
173699,1780,110,-16.279959556180984,1.0,0.0,0.03,0.25
173758,1781,59,-153.61964974552393,0.0,1.0,0.03,0.25
173865,1782,107,24.708887457381934,1.0,0.0,0.03,0.25
173922,1783,57,-193.3786940765567,0.0,1.0,0.03,0.25
174031,1784,109,17.08710965514183,1.0,0.0,0.03,0.25
174139,1785,108,32.09563463926315,1.0,0.0,0.03,0.25
174203,1786,64,-226.4626187426038,0.0,1.0,0.03,0.25
174310,1787,107,31.28275264799595,1.0,0.0,0.03,0.25
174422,1788,112,59.10447523742914,1.0,0.0,0.03,0.25
174496,1789,74,-234.9809839129448,0.0,1.0,0.03,0.25
174603,1790,107,58.216567762196064,1.0,0.0,0.03,0.25
174709,1791,106,28.451848700642586,1.0,0.0,0.03,0.25
174816,1792,107,50.68722923845053,1.0,0.0,0.03,0.25
174899,1793,83,66.82363772392273,1.0,0.0,0.03,0.25
175010,1794,111,-4.445904156193137,1.0,0.0,0.03,0.25
175111,1795,101,26.230719409883022,1.0,0.0,0.03,0.25
175209,1796,98,30.807135220617056,1.0,0.0,0.03,0.25
175320,1797,111,38.37321297451854,1.0,0.0,0.03,0.25
175430,1798,110,18.595217287540436,1.0,0.0,0.03,0.25
175543,1799,113,1.887465961277485,1.0,0.0,0.03,0.25
175611,1800,68,-247.71012542024255,0.0,1.0,0.03,0.25
175698,1801,87,56.66430950164795,1.0,0.0,0.03,0.25
175800,1802,102,40.50816307216883,1.0,0.0,0.03,0.25
175902,1803,102,39.28181632934138,1.0,0.0,0.03,0.25
176006,1804,104,55.46625078469515,1.0,0.0,0.03,0.25
176113,1805,107,41.95280050858855,1.0,0.0,0.03,0.25
176225,1806,112,45.65687792096287,1.0,0.0,0.03,0.25
176328,1807,103,37.68826773017645,1.0,0.0,0.03,0.25
176438,1808,110,42.94830609858036,1.0,0.0,0.03,0.25
176546,1809,108,30.78141938894987,1.0,0.0,0.03,0.25
176657,1810,111,52.93698088079691,1.0,0.0,0.03,0.25
176764,1811,107,23.873623326420784,1.0,0.0,0.03,0.25
176847,1812,83,58.273637533187866,1.0,0.0,0.03,0.25
176943,1813,96,61.338158927857876,1.0,0.0,0.03,0.25
177047,1814,104,17.40131001872942,1.0,0.0,0.03,0.25
177113,1815,66,-242.23073334991932,0.0,1.0,0.03,0.25
177226,1816,113,65.41733279079199,1.0,0.0,0.03,0.25
177335,1817,109,25.838814932852983,1.0,0.0,0.03,0.25
177445,1818,110,37.69848066940904,1.0,0.0,0.03,0.25
177554,1819,109,60.147068463265896,1.0,0.0,0.03,0.25
177669,1820,115,32.03544607013464,1.0,0.0,0.03,0.25
177780,1821,111,64.69253154844046,1.0,0.0,0.03,0.25
177863,1822,83,55.423637360334396,1.0,0.0,0.03,0.25
177971,1823,108,41.806278469986864,1.0,0.0,0.03,0.25
178080,1824,109,8.64964561141096,1.0,0.0,0.03,0.25
178194,1825,114,36.67807599157095,1.0,0.0,0.03,0.25
178294,1826,100,28.940378196537495,1.0,0.0,0.03,0.25
178377,1827,83,61.12363761663437,1.0,0.0,0.03,0.25
178487,1828,110,59.082046225667,1.0,0.0,0.03,0.25
178590,1829,103,-25.039903201162815,1.0,0.0,0.03,0.25
178698,1830,108,26.519282139837742,1.0,0.0,0.03,0.25
178805,1831,107,29.200204208493233,1.0,0.0,0.03,0.25
178913,1832,108,45.228488978464156,1.0,0.0,0.03,0.25
179015,1833,102,35.634980526781874,1.0,0.0,0.03,0.25
179128,1834,113,64.02501666545868,1.0,0.0,0.03,0.25
179234,1835,106,51.01266001164913,1.0,0.0,0.03,0.25
179341,1836,107,-22.751470212591812,1.0,0.0,0.03,0.25
179449,1837,108,-0.5738953878171742,1.0,0.0,0.03,0.25
179557,1838,108,48.51267286017537,1.0,0.0,0.03,0.25
179668,1839,111,-28.547586389351636,1.0,0.0,0.03,0.25
179780,1840,112,-29.388165201991796,1.0,0.0,0.03,0.25
179890,1841,110,-27.867393776308745,1.0,0.0,0.03,0.25
179973,1842,83,55.42363750934601,1.0,0.0,0.03,0.25
180081,1843,108,-140.97108351066709,1.0,0.0,0.03,0.25
180143,1844,62,-271.86152471601963,0.0,1.0,0.03,0.25
180249,1845,106,-26.86322969570756,1.0,0.0,0.03,0.25
180316,1846,67,-187.00051990896463,0.0,1.0,0.03,0.25
180419,1847,103,20.251923717558384,1.0,0.0,0.03,0.25
180527,1848,108,28.016293067485094,1.0,0.0,0.03,0.25
180610,1849,83,63.97363758087158,1.0,0.0,0.03,0.25
180723,1850,113,34.121961668133736,1.0,0.0,0.03,0.25
180834,1851,111,1.4139677356142784,1.0,0.0,0.03,0.25
180943,1852,109,46.189265832304955,1.0,0.0,0.03,0.25
181050,1853,107,77.19381999969482,1.0,0.0,0.03,0.25
181157,1854,107,-87.36761233583093,1.0,0.0,0.03,0.25
181266,1855,109,40.99214032292366,1.0,0.0,0.03,0.25
181370,1856,104,65.20396045595407,1.0,0.0,0.03,0.25
181442,1857,72,-280.1037452965975,0.0,1.0,0.03,0.25
181553,1858,111,35.853696167469025,1.0,0.0,0.03,0.25
181668,1859,115,45.26799984276295,1.0,0.0,0.03,0.25
181728,1860,60,-252.8289072215557,0.0,1.0,0.03,0.25
181828,1861,100,48.34707906469703,1.0,0.0,0.03,0.25
181930,1862,102,27.59391187786241,1.0,0.0,0.03,0.25
182034,1863,104,21.759154017549008,1.0,0.0,0.03,0.25
182143,1864,109,-90.55364698916674,1.0,0.0,0.03,0.25
182256,1865,113,16.212704576551914,1.0,0.0,0.03,0.25
182357,1866,101,47.12839076668024,1.0,0.0,0.03,0.25
182463,1867,106,33.987564742565155,1.0,0.0,0.03,0.25
182568,1868,105,19.677718579769135,1.0,0.0,0.03,0.25
182668,1869,100,-1.6666536927223206,1.0,0.0,0.03,0.25
182768,1870,100,54.90385890007019,1.0,0.0,0.03,0.25
182851,1871,83,66.8236375451088,1.0,0.0,0.03,0.25
182919,1872,68,-247.38209729269147,0.0,1.0,0.03,0.25
183022,1873,103,22.400330477859825,1.0,0.0,0.03,0.25
183086,1874,64,-256.76620426774025,0.0,1.0,0.03,0.25
183199,1875,113,65.84232874587178,1.0,0.0,0.03,0.25
183296,1876,97,19.174208641052246,1.0,0.0,0.03,0.25
183410,1877,114,41.62726127356291,1.0,0.0,0.03,0.25
183515,1878,105,59.29467645287514,1.0,0.0,0.03,0.25
183624,1879,109,66.09221554547548,1.0,0.0,0.03,0.25
183707,1880,83,63.97363746166229,1.0,0.0,0.03,0.25
183774,1881,67,-238.7041829302907,0.0,1.0,0.03,0.25
183887,1882,113,8.83312164992094,1.0,0.0,0.03,0.25
183995,1883,108,37.550234727561474,1.0,0.0,0.03,0.25
184097,1884,102,47.63379294006154,1.0,0.0,0.03,0.25
184180,1885,83,53.97363741695881,1.0,0.0,0.03,0.25
184290,1886,110,30.04177263751626,1.0,0.0,0.03,0.25
184373,1887,83,61.12363749742508,1.0,0.0,0.03,0.25
184472,1888,99,52.42018453031778,1.0,0.0,0.03,0.25
184574,1889,102,29.634553156327456,1.0,0.0,0.03,0.25
184690,1890,116,-139.1074087806046,1.0,0.0,0.03,0.25
184797,1891,107,39.31005747243762,1.0,0.0,0.03,0.25
184880,1892,83,61.12363764643669,1.0,0.0,0.03,0.25
184990,1893,110,49.9911239631474,1.0,0.0,0.03,0.25
185096,1894,106,55.19094803929329,1.0,0.0,0.03,0.25
185209,1895,113,59.317804135382175,1.0,0.0,0.03,0.25
185317,1896,108,6.804024696350098,1.0,0.0,0.03,0.25
185427,1897,110,54.78502071276307,1.0,0.0,0.03,0.25
185530,1898,103,7.513142812997103,1.0,0.0,0.03,0.25
185635,1899,105,63.283900655806065,1.0,0.0,0.03,0.25
185736,1900,101,62.317622900009155,1.0,0.0,0.03,0.25
185845,1901,109,0.307522289454937,1.0,0.0,0.03,0.25
185946,1902,101,28.589390389621258,1.0,0.0,0.03,0.25
186029,1903,83,61.12363773584366,1.0,0.0,0.03,0.25
186141,1904,112,47.13828594982624,1.0,0.0,0.03,0.25
186256,1905,115,22.960113724693656,1.0,0.0,0.03,0.25
186365,1906,109,45.34227294428274,1.0,0.0,0.03,0.25
186462,1907,97,34.20375518873334,1.0,0.0,0.03,0.25
186564,1908,102,27.58347601443529,1.0,0.0,0.03,0.25
186676,1909,112,-1.4286547228693962,1.0,0.0,0.03,0.25
186778,1910,102,25.894316658377647,1.0,0.0,0.03,0.25
186880,1911,102,-65.3839369607158,1.0,0.0,0.03,0.25
186988,1912,108,26.40600976999849,1.0,0.0,0.03,0.25
187086,1913,98,31.00595761463046,1.0,0.0,0.03,0.25
187159,1914,73,-209.89747209846973,0.0,1.0,0.03,0.25
187272,1915,113,29.045250982046127,1.0,0.0,0.03,0.25
187384,1916,112,27.454580585937947,1.0,0.0,0.03,0.25
187467,1917,83,61.12363746762276,1.0,0.0,0.03,0.25
187571,1918,104,32.07636951841414,1.0,0.0,0.03,0.25
187684,1919,113,59.4344906383194,1.0,0.0,0.03,0.25
187791,1920,107,31.072380166500807,1.0,0.0,0.03,0.25
187899,1921,108,40.647539518773556,1.0,0.0,0.03,0.25
187982,1922,83,66.8236375451088,1.0,0.0,0.03,0.25
188086,1923,104,-33.49640932306647,1.0,0.0,0.03,0.25
188185,1924,99,47.87978096678853,1.0,0.0,0.03,0.25
188291,1925,106,17.59139480860904,1.0,0.0,0.03,0.25
188394,1926,103,53.518180951010436,1.0,0.0,0.03,0.25
188502,1927,108,20.55693722795695,1.0,0.0,0.03,0.25
188610,1928,108,38.25527323409915,1.0,0.0,0.03,0.25
188717,1929,107,-154.95412746444345,1.0,0.0,0.03,0.25
188823,1930,106,42.966278716921806,1.0,0.0,0.03,0.25
188930,1931,107,35.11339286342263,1.0,0.0,0.03,0.25
189013,1932,83,61.12363764643669,1.0,0.0,0.03,0.25
189117,1933,104,-21.30920194881037,1.0,0.0,0.03,0.25
189227,1934,110,67.05557572096586,1.0,0.0,0.03,0.25
189335,1935,108,50.075094785541296,1.0,0.0,0.03,0.25
189438,1936,103,35.686973999254405,1.0,0.0,0.03,0.25
189542,1937,104,3.291976276319474,1.0,0.0,0.03,0.25
189610,1938,68,-240.31151555478573,0.0,1.0,0.03,0.25
189718,1939,108,45.36561797512695,1.0,0.0,0.03,0.25
189820,1940,102,45.32358594238758,1.0,0.0,0.03,0.25
189875,1941,55,-200.66839233785868,0.0,1.0,0.03,0.25
189977,1942,102,50.70008961064741,1.0,0.0,0.03,0.25
190075,1943,98,45.61160748079419,1.0,0.0,0.03,0.25
190185,1944,110,54.36343531310558,1.0,0.0,0.03,0.25
190265,1945,80,-194.62210534140468,0.0,1.0,0.03,0.25
190335,1946,70,-244.8592140674591,0.0,1.0,0.03,0.25
190435,1947,100,16.65547265857458,1.0,0.0,0.03,0.25
190488,1948,53,-179.8595820516348,0.0,1.0,0.03,0.25
190599,1949,111,47.95619796495885,1.0,0.0,0.03,0.25
190708,1950,109,47.3954067453742,1.0,0.0,0.03,0.25
190791,1951,83,58.27363756299019,1.0,0.0,0.03,0.25
190859,1952,68,-234.91327226161957,0.0,1.0,0.03,0.25
190942,1953,83,61.12363746762276,1.0,0.0,0.03,0.25
191042,1954,100,19.65596815943718,1.0,0.0,0.03,0.25
191147,1955,105,49.82104732841253,1.0,0.0,0.03,0.25
191244,1956,97,55.38614181056619,1.0,0.0,0.03,0.25
191354,1957,110,22.244942288845778,1.0,0.0,0.03,0.25
191421,1958,67,-229.62837451696396,0.0,1.0,0.03,0.25
191477,1959,56,-243.1077928096056,0.0,1.0,0.03,0.25
191587,1960,110,56.76626071333885,1.0,0.0,0.03,0.25
191664,1961,77,-227.51199339330196,0.0,1.0,0.03,0.25
191731,1962,67,-266.90676636993885,0.0,1.0,0.03,0.25
191825,1963,94,48.18865367770195,1.0,0.0,0.03,0.25
191930,1964,105,49.88851507753134,1.0,0.0,0.03,0.25
192042,1965,112,44.8506138920784,1.0,0.0,0.03,0.25
192143,1966,101,32.6394135276787,1.0,0.0,0.03,0.25
192255,1967,112,14.82296398235485,1.0,0.0,0.03,0.25
192317,1968,62,-205.79046515002847,0.0,1.0,0.03,0.25
192425,1969,108,20.508730210363865,1.0,0.0,0.03,0.25
192538,1970,113,22.00020407140255,1.0,0.0,0.03,0.25
192636,1971,98,54.0444481857121,1.0,0.0,0.03,0.25
192744,1972,108,51.41657177731395,1.0,0.0,0.03,0.25
192848,1973,104,55.875256568193436,1.0,0.0,0.03,0.25
192954,1974,106,56.4490108191967,1.0,0.0,0.03,0.25
193056,1975,102,19.13376012444496,1.0,0.0,0.03,0.25
193166,1976,110,17.48686657100916,1.0,0.0,0.03,0.25
193282,1977,116,48.15395493386313,1.0,0.0,0.03,0.25
193391,1978,109,53.86940421164036,1.0,0.0,0.03,0.25
193467,1979,76,-257.10388136282563,0.0,1.0,0.03,0.25
193566,1980,99,37.00331372767687,1.0,0.0,0.03,0.25
193665,1981,99,58.25601825863123,1.0,0.0,0.03,0.25
193773,1982,108,-3.8289204873144627,1.0,0.0,0.03,0.25
193884,1983,111,-10.80682180216536,1.0,0.0,0.03,0.25
193995,1984,111,37.53505864739418,1.0,0.0,0.03,0.25
194103,1985,108,33.40672692656517,1.0,0.0,0.03,0.25
194216,1986,113,17.89416594291106,1.0,0.0,0.03,0.25
194282,1987,66,-256.278989598155,0.0,1.0,0.03,0.25
194396,1988,114,-76.46532149612904,1.0,0.0,0.03,0.25
194502,1989,106,21.061730951070786,1.0,0.0,0.03,0.25
194609,1990,107,35.91861781850457,1.0,0.0,0.03,0.25
194716,1991,107,5.462252024561167,1.0,0.0,0.03,0.25
194825,1992,109,24.849275916814804,1.0,0.0,0.03,0.25
194923,1993,98,-92.62531417235732,1.0,0.0,0.03,0.25
195035,1994,112,21.184906639158726,1.0,0.0,0.03,0.25
195098,1995,63,-254.9478888809681,0.0,1.0,0.03,0.25
195207,1996,109,10.593617800623178,1.0,0.0,0.03,0.25
195290,1997,83,55.4236376285553,1.0,0.0,0.03,0.25
195338,1998,48,-132.8500901311636,0.0,1.0,0.03,0.25
195452,1999,114,15.379344552755356,1.0,0.0,0.03,0.25
195555,2000,103,24.274523018859327,1.0,0.0,0.03,0.25
195638,2001,83,58.27363756299019,1.0,0.0,0.03,0.25
195751,2002,113,29.260967071633786,1.0,0.0,0.03,0.25
195856,2003,105,29.095563511829823,1.0,0.0,0.03,0.25
195964,2004,108,45.87684325128794,1.0,0.0,0.03,0.25
196074,2005,110,14.046680733561516,1.0,0.0,0.03,0.25
196173,2006,99,24.54064530087635,1.0,0.0,0.03,0.25
196256,2007,83,58.27363759279251,1.0,0.0,0.03,0.25
196339,2008,83,52.573637545108795,1.0,0.0,0.03,0.25
196409,2009,70,-236.5188543498516,0.0,1.0,0.03,0.25
196512,2010,103,19.944114456884563,1.0,0.0,0.03,0.25
196621,2011,109,28.023667998611927,1.0,0.0,0.03,0.25
196732,2012,111,22.127603691071272,1.0,0.0,0.03,0.25
196842,2013,110,28.992608100175858,1.0,0.0,0.03,0.25
196957,2014,115,26.65271185338497,1.0,0.0,0.03,0.25
197065,2015,108,37.83118234947324,1.0,0.0,0.03,0.25
197173,2016,108,51.59942287579179,1.0,0.0,0.03,0.25
197275,2017,102,55.415187649428844,1.0,0.0,0.03,0.25
197386,2018,111,64.86742556840181,1.0,0.0,0.03,0.25
197498,2019,112,49.371344841085374,1.0,0.0,0.03,0.25
197611,2020,113,57.13219751790166,1.0,0.0,0.03,0.25
197719,2021,108,31.67839115858078,1.0,0.0,0.03,0.25
197832,2022,113,53.18832027167082,1.0,0.0,0.03,0.25
197941,2023,109,39.48165851458907,1.0,0.0,0.03,0.25
198044,2024,103,6.203344315290451,1.0,0.0,0.03,0.25
198157,2025,113,27.388069458305836,1.0,0.0,0.03,0.25
198228,2026,71,-246.50391539558768,0.0,1.0,0.03,0.25
198335,2027,107,28.145273655653,1.0,0.0,0.03,0.25
198438,2028,103,35.30387350497767,1.0,0.0,0.03,0.25
198546,2029,108,4.2755596078932285,1.0,0.0,0.03,0.25
198653,2030,107,-92.92120342329144,1.0,0.0,0.03,0.25
198765,2031,112,10.16179708391428,1.0,0.0,0.03,0.25
198865,2032,100,36.28414573520422,1.0,0.0,0.03,0.25
198975,2033,110,20.290789756923914,1.0,0.0,0.03,0.25
199080,2034,105,13.412081733345985,1.0,0.0,0.03,0.25
199188,2035,108,18.852636337280273,1.0,0.0,0.03,0.25
199301,2036,113,38.9268838390708,1.0,0.0,0.03,0.25
199411,2037,110,-5.368971176445484,1.0,0.0,0.03,0.25
199510,2038,99,46.33679527044296,1.0,0.0,0.03,0.25
199569,2039,59,-228.4536186158657,0.0,1.0,0.03,0.25
199654,2040,85,64.60032308101654,1.0,0.0,0.03,0.25
199762,2041,108,15.67178750783205,1.0,0.0,0.03,0.25
199862,2042,100,56.318339176476,1.0,0.0,0.03,0.25
199972,2043,110,45.011281944811344,1.0,0.0,0.03,0.25
200032,2044,60,-200.89706461131573,0.0,1.0,0.03,0.25
200089,2045,57,-254.48880346119404,0.0,1.0,0.03,0.25
200196,2046,107,47.46231069415808,1.0,0.0,0.03,0.25
200295,2047,99,50.03192687779665,1.0,0.0,0.03,0.25
200403,2048,108,50.673622988164425,1.0,0.0,0.03,0.25
200512,2049,109,43.04447753727436,1.0,0.0,0.03,0.25
200582,2050,70,-218.37764742970467,0.0,1.0,0.03,0.25
200689,2051,107,38.537695333361626,1.0,0.0,0.03,0.25
200800,2052,111,47.79423739016056,1.0,0.0,0.03,0.25
200909,2053,109,19.456393882632256,1.0,0.0,0.03,0.25
201018,2054,109,55.81362893432379,1.0,0.0,0.03,0.25
201127,2055,109,47.97135474905372,1.0,0.0,0.03,0.25
201236,2056,109,37.214494455140084,1.0,0.0,0.03,0.25
201336,2057,100,42.34660755097866,1.0,0.0,0.03,0.25
201445,2058,109,52.5030198469758,1.0,0.0,0.03,0.25
201556,2059,111,29.43107294291258,1.0,0.0,0.03,0.25
201639,2060,83,63.97363746166229,1.0,0.0,0.03,0.25
201741,2061,102,49.669727586209774,1.0,0.0,0.03,0.25
201855,2062,114,43.12915024906397,1.0,0.0,0.03,0.25
201965,2063,110,37.184907799586654,1.0,0.0,0.03,0.25
202076,2064,111,-37.39101913943887,1.0,0.0,0.03,0.25
202172,2065,96,26.2250956594944,1.0,0.0,0.03,0.25
202284,2066,112,-4.379876364022493,1.0,0.0,0.03,0.25
202398,2067,114,44.749228455126286,1.0,0.0,0.03,0.25
202484,2068,86,59.21366402506828,1.0,0.0,0.03,0.25
202595,2069,111,12.297583848237991,1.0,0.0,0.03,0.25
202694,2070,99,15.614183958154172,1.0,0.0,0.03,0.25
202795,2071,101,26.195141609292477,1.0,0.0,0.03,0.25
202908,2072,113,37.953041192144156,1.0,0.0,0.03,0.25
203012,2073,104,22.721475318074226,1.0,0.0,0.03,0.25
203108,2074,96,55.20329389348626,1.0,0.0,0.03,0.25
203218,2075,110,50.61873226240277,1.0,0.0,0.03,0.25
203329,2076,111,5.965663134586066,1.0,0.0,0.03,0.25
203429,2077,100,64.25458983331919,1.0,0.0,0.03,0.25
203539,2078,110,27.18425241857767,1.0,0.0,0.03,0.25
203641,2079,102,49.5476900190115,1.0,0.0,0.03,0.25
203743,2080,102,50.13965207338333,1.0,0.0,0.03,0.25
203846,2081,103,45.9241099874489,1.0,0.0,0.03,0.25
203948,2082,102,9.80567141622305,1.0,0.0,0.03,0.25
204058,2083,110,11.388624861836433,1.0,0.0,0.03,0.25
204167,2084,109,36.93367934972048,1.0,0.0,0.03,0.25
204270,2085,103,27.8774234354496,1.0,0.0,0.03,0.25
204355,2086,85,58.900322914123535,1.0,0.0,0.03,0.25
204468,2087,113,31.840207080822438,1.0,0.0,0.03,0.25
204569,2088,101,12.919872980099171,1.0,0.0,0.03,0.25
204639,2089,70,-205.51846637576818,0.0,1.0,0.03,0.25
204742,2090,103,37.5410627797246,1.0,0.0,0.03,0.25
204804,2091,62,-231.37604615464807,0.0,1.0,0.03,0.25
204881,2092,77,-225.44445272535086,0.0,1.0,0.03,0.25
204979,2093,98,34.34860797226429,1.0,0.0,0.03,0.25
205062,2094,83,63.623637452721596,1.0,0.0,0.03,0.25
205124,2095,62,-235.25108397006989,0.0,1.0,0.03,0.25
205221,2096,97,-13.666474596131593,1.0,0.0,0.03,0.25
205333,2097,112,21.063422344159335,1.0,0.0,0.03,0.25
205394,2098,61,-246.7590552419424,0.0,1.0,0.03,0.25
205503,2099,109,31.265324301552027,1.0,0.0,0.03,0.25
205607,2100,104,26.33042336255312,1.0,0.0,0.03,0.25
205718,2101,111,27.011175583131262,1.0,0.0,0.03,0.25
205826,2102,108,54.33879762142897,1.0,0.0,0.03,0.25
205938,2103,112,57.720604319125414,1.0,0.0,0.03,0.25
206048,2104,110,53.142990455031395,1.0,0.0,0.03,0.25
206131,2105,83,61.12363758683205,1.0,0.0,0.03,0.25
206217,2106,86,-247.89498227089643,0.0,1.0,0.03,0.25
206330,2107,113,9.876555245369673,1.0,0.0,0.03,0.25
206429,2108,99,30.662287476472557,1.0,0.0,0.03,0.25
206540,2109,111,56.44933354109526,1.0,0.0,0.03,0.25
206634,2110,94,29.636128529906273,1.0,0.0,0.03,0.25
206695,2111,61,-227.9195534735918,0.0,1.0,0.03,0.25
206798,2112,103,57.77582116751,1.0,0.0,0.03,0.25
206876,2113,78,-238.11885430663824,0.0,1.0,0.03,0.25
206932,2114,56,-209.58110845834017,0.0,1.0,0.03,0.25
207034,2115,102,47.84081088332459,1.0,0.0,0.03,0.25
207117,2116,83,52.2236375361681,1.0,0.0,0.03,0.25
207227,2117,110,41.489658169448376,1.0,0.0,0.03,0.25
207288,2118,61,-220.2621946632862,0.0,1.0,0.03,0.25
207396,2119,108,55.93700377270579,1.0,0.0,0.03,0.25
207499,2120,103,40.18718933314085,1.0,0.0,0.03,0.25
207609,2121,110,-46.380517832934856,1.0,0.0,0.03,0.25
207714,2122,105,-6.421457078307867,1.0,0.0,0.03,0.25
207798,2123,84,55.38697864115238,1.0,0.0,0.03,0.25
207870,2124,72,-206.1499262712896,0.0,1.0,0.03,0.25
207970,2125,100,23.04511870071292,1.0,0.0,0.03,0.25
208078,2126,108,24.038813017308712,1.0,0.0,0.03,0.25
208187,2127,109,7.727970526088029,1.0,0.0,0.03,0.25
208296,2128,109,-35.23741763830185,1.0,0.0,0.03,0.25
208397,2129,101,-4.144213397055864,1.0,0.0,0.03,0.25
208498,2130,101,45.25775879621506,1.0,0.0,0.03,0.25
208611,2131,113,52.33624325692654,1.0,0.0,0.03,0.25
208715,2132,104,9.986288379877806,1.0,0.0,0.03,0.25
208818,2133,103,42.04114532470703,1.0,0.0,0.03,0.25
208882,2134,64,-227.3182998150587,0.0,1.0,0.03,0.25
208996,2135,114,16.72651244699955,1.0,0.0,0.03,0.25
209101,2136,105,39.67263118457049,1.0,0.0,0.03,0.25
209159,2137,58,-213.49542342871428,0.0,1.0,0.03,0.25
209275,2138,116,23.338156558573246,1.0,0.0,0.03,0.25
209388,2139,113,41.204065437894315,1.0,0.0,0.03,0.25
209493,2140,105,43.16627189842984,1.0,0.0,0.03,0.25
209591,2141,98,12.028255840297788,1.0,0.0,0.03,0.25
209688,2142,97,-78.45702480198815,1.0,0.0,0.03,0.25
209795,2143,107,9.339882094413042,1.0,0.0,0.03,0.25
209907,2144,112,40.347801013849676,1.0,0.0,0.03,0.25
210013,2145,106,-4.851763889193535,1.0,0.0,0.03,0.25
210122,2146,109,52.20547400414944,1.0,0.0,0.03,0.25
210235,2147,113,13.986204445362091,1.0,0.0,0.03,0.25
210344,2148,109,56.70260366005823,1.0,0.0,0.03,0.25
210445,2149,101,45.8037589895539,1.0,0.0,0.03,0.25
210550,2150,105,-76.20124740945175,1.0,0.0,0.03,0.25
210659,2151,109,26.187783494591713,1.0,0.0,0.03,0.25
210761,2152,102,24.041207931935787,1.0,0.0,0.03,0.25
210844,2153,83,61.12363761663437,1.0,0.0,0.03,0.25
210953,2154,109,30.65328187076375,1.0,0.0,0.03,0.25
211054,2155,101,3.6692987829446793,1.0,0.0,0.03,0.25
211119,2156,65,-233.80636277794838,0.0,1.0,0.03,0.25
211220,2157,101,-17.682959393103374,1.0,0.0,0.03,0.25
211320,2158,100,22.291607216000557,1.0,0.0,0.03,0.25
211430,2159,110,9.393993224482983,1.0,0.0,0.03,0.25
211539,2160,109,-9.773253500461578,1.0,0.0,0.03,0.25
211649,2161,110,16.905308220535517,1.0,0.0,0.03,0.25
211756,2162,107,27.271181977848755,1.0,0.0,0.03,0.25
211858,2163,102,58.35457370057702,1.0,0.0,0.03,0.25
211965,2164,107,37.63957454264164,1.0,0.0,0.03,0.25
212065,2165,100,50.391082882881165,1.0,0.0,0.03,0.25
212172,2166,107,-28.09245201572776,1.0,0.0,0.03,0.25
212274,2167,102,61.02216026559472,1.0,0.0,0.03,0.25
212346,2168,72,-264.63722255825996,0.0,1.0,0.03,0.25
212456,2169,110,49.83111374825239,1.0,0.0,0.03,0.25
212512,2170,56,-218.08746522665024,0.0,1.0,0.03,0.25
212615,2171,103,14.036137454211712,1.0,0.0,0.03,0.25
212723,2172,108,40.698147259652615,1.0,0.0,0.03,0.25
212825,2173,102,61.81370873004198,1.0,0.0,0.03,0.25
212929,2174,104,-20.26703100508894,1.0,0.0,0.03,0.25
213039,2175,110,-4.683624115306884,1.0,0.0,0.03,0.25
213113,2176,74,-177.75981693761423,0.0,1.0,0.03,0.25
213217,2177,104,39.45627323444933,1.0,0.0,0.03,0.25
213319,2178,102,68.36671128123999,1.0,0.0,0.03,0.25
213421,2179,102,35.451548639684916,1.0,0.0,0.03,0.25
213533,2180,112,56.4162781983614,1.0,0.0,0.03,0.25
213595,2181,62,-203.77304042503238,0.0,1.0,0.03,0.25
213696,2182,101,34.37521719932556,1.0,0.0,0.03,0.25
213797,2183,101,50.0168656334281,1.0,0.0,0.03,0.25
213863,2184,66,-280.11131320893764,0.0,1.0,0.03,0.25
213974,2185,111,57.65877741808072,1.0,0.0,0.03,0.25
214084,2186,110,-6.370144885033369,1.0,0.0,0.03,0.25
214194,2187,110,52.338824175298214,1.0,0.0,0.03,0.25
214297,2188,103,42.09730992093682,1.0,0.0,0.03,0.25
214397,2189,100,38.19365918636322,1.0,0.0,0.03,0.25
214502,2190,105,-10.030583990737796,1.0,0.0,0.03,0.25
214613,2191,111,56.77225532382727,1.0,0.0,0.03,0.25
214714,2192,101,53.6154128909111,1.0,0.0,0.03,0.25
214820,2193,106,26.286765509750694,1.0,0.0,0.03,0.25
214926,2194,106,5.607100188732147,1.0,0.0,0.03,0.25
215037,2195,111,29.707834266126156,1.0,0.0,0.03,0.25
215150,2196,113,19.171546429395676,1.0,0.0,0.03,0.25
215256,2197,106,-46.53505553677678,1.0,0.0,0.03,0.25
215364,2198,108,34.875774659216404,1.0,0.0,0.03,0.25
215476,2199,112,49.32333969697356,1.0,0.0,0.03,0.25
215582,2200,106,10.125764730386436,1.0,0.0,0.03,0.25
215681,2201,99,25.16314058750868,1.0,0.0,0.03,0.25
215790,2202,109,30.830190822016448,1.0,0.0,0.03,0.25
215873,2203,83,63.623637452721596,1.0,0.0,0.03,0.25
215986,2204,113,-20.043902527540922,1.0,0.0,0.03,0.25
216048,2205,62,-233.68490117788315,0.0,1.0,0.03,0.25
216131,2206,83,49.72363767027855,1.0,0.0,0.03,0.25
216244,2207,113,2.276213962584734,1.0,0.0,0.03,0.25
216351,2208,107,17.069065373390913,1.0,0.0,0.03,0.25
216460,2209,109,51.70048164576292,1.0,0.0,0.03,0.25
216565,2210,105,55.427530865650624,1.0,0.0,0.03,0.25
216672,2211,107,55.33793542534113,1.0,0.0,0.03,0.25
216776,2212,104,31.876152470707893,1.0,0.0,0.03,0.25
216880,2213,104,55.69938254356384,1.0,0.0,0.03,0.25
216988,2214,108,-6.5640523582696915,1.0,0.0,0.03,0.25
217096,2215,108,39.34503938257694,1.0,0.0,0.03,0.25
217208,2216,112,5.914070292841643,1.0,0.0,0.03,0.25
217318,2217,110,-37.49087803438306,1.0,0.0,0.03,0.25
217417,2218,99,39.21046297997236,1.0,0.0,0.03,0.25
217530,2219,113,35.14130135625601,1.0,0.0,0.03,0.25
217641,2220,111,4.165409505367279,1.0,0.0,0.03,0.25
217725,2221,84,64.2869785130024,1.0,0.0,0.03,0.25
217825,2222,100,53.3366390503943,1.0,0.0,0.03,0.25
217921,2223,96,58.025003019254655,1.0,0.0,0.03,0.25
218027,2224,106,-5.064669821411371,1.0,0.0,0.03,0.25
218125,2225,98,28.6238865070045,1.0,0.0,0.03,0.25
218230,2226,105,37.8752518966794,1.0,0.0,0.03,0.25
218295,2227,65,-242.6723781079054,0.0,1.0,0.03,0.25
218401,2228,106,28.207695424556732,1.0,0.0,0.03,0.25
218484,2229,83,63.97363758087158,1.0,0.0,0.03,0.25
218599,2230,115,-6.810764687135816,1.0,0.0,0.03,0.25
218709,2231,110,17.952294409275055,1.0,0.0,0.03,0.25
218767,2232,58,-205.41607535630465,0.0,1.0,0.03,0.25
218878,2233,111,48.3074319884181,1.0,0.0,0.03,0.25
218961,2234,83,58.27363774180412,1.0,0.0,0.03,0.25
219065,2235,104,32.431614585220814,1.0,0.0,0.03,0.25
219167,2236,102,55.482018671929836,1.0,0.0,0.03,0.25
219273,2237,106,55.59028910472989,1.0,0.0,0.03,0.25
219384,2238,111,45.891439005732536,1.0,0.0,0.03,0.25
219486,2239,102,33.48004433512688,1.0,0.0,0.03,0.25
219594,2240,108,0.0078011974692344666,1.0,0.0,0.03,0.25
219695,2241,101,53.19410692155361,1.0,0.0,0.03,0.25
219793,2242,98,57.26460389047861,1.0,0.0,0.03,0.25
219903,2243,110,21.11866421625018,1.0,0.0,0.03,0.25
219986,2244,83,54.023637533187866,1.0,0.0,0.03,0.25
220093,2245,107,51.53391067683697,1.0,0.0,0.03,0.25
220207,2246,114,4.417457125644432,1.0,0.0,0.03,0.25
220310,2247,103,51.65670473827049,1.0,0.0,0.03,0.25
220412,2248,102,55.905642814934254,1.0,0.0,0.03,0.25
220509,2249,97,-18.735590595752,1.0,0.0,0.03,0.25
220567,2250,58,-258.45793683826923,0.0,1.0,0.03,0.25
220678,2251,111,0.9786751819774508,1.0,0.0,0.03,0.25
220735,2252,57,-248.85823133215308,0.0,1.0,0.03,0.25
220843,2253,108,14.168256379663944,1.0,0.0,0.03,0.25
220950,2254,107,14.496855173259974,1.0,0.0,0.03,0.25
221060,2255,110,28.892769692949514,1.0,0.0,0.03,0.25
221169,2256,109,39.79186828061938,1.0,0.0,0.03,0.25
221276,2257,107,23.778133630752563,1.0,0.0,0.03,0.25
221386,2258,110,-30.362987574655563,1.0,0.0,0.03,0.25
221492,2259,106,48.73876153677702,1.0,0.0,0.03,0.25
221550,2260,58,-248.47609420120716,0.0,1.0,0.03,0.25
221633,2261,83,60.77363774180412,1.0,0.0,0.03,0.25
221743,2262,110,55.87965781241655,1.0,0.0,0.03,0.25
221851,2263,108,-119.25399707630277,1.0,0.0,0.03,0.25
221934,2264,83,69.6736376285553,1.0,0.0,0.03,0.25
222045,2265,111,17.725698750000447,1.0,0.0,0.03,0.25
222149,2266,104,18.058460600674152,1.0,0.0,0.03,0.25
222252,2267,103,65.79892771691084,1.0,0.0,0.03,0.25
222314,2268,62,-201.89408155158162,0.0,1.0,0.03,0.25
222413,2269,99,20.757027733605355,1.0,0.0,0.03,0.25
222525,2270,112,-59.13280003517866,1.0,0.0,0.03,0.25
222635,2271,110,16.624978877604008,1.0,0.0,0.03,0.25
222744,2272,109,36.225461672991514,1.0,0.0,0.03,0.25
222851,2273,107,34.01150220585987,1.0,0.0,0.03,0.25
222953,2274,102,36.09593944903463,1.0,0.0,0.03,0.25
223054,2275,101,63.25970973819494,1.0,0.0,0.03,0.25
223159,2276,105,63.52093255147338,1.0,0.0,0.03,0.25
223259,2277,100,50.97862599045038,1.0,0.0,0.03,0.25
223360,2278,101,-58.142247553914785,1.0,0.0,0.03,0.25
223460,2279,100,-46.65571420639753,1.0,0.0,0.03,0.25
223574,2280,114,46.771981969475746,1.0,0.0,0.03,0.25
223685,2281,111,50.47440268844366,1.0,0.0,0.03,0.25
223754,2282,69,-237.22933773696423,0.0,1.0,0.03,0.25
223864,2283,110,50.118405721616,1.0,0.0,0.03,0.25
223971,2284,107,45.16182927042246,1.0,0.0,0.03,0.25
224032,2285,61,-202.54433758556843,0.0,1.0,0.03,0.25
224142,2286,110,27.991959303617477,1.0,0.0,0.03,0.25
224243,2287,101,15.415822323411703,1.0,0.0,0.03,0.25
224353,2288,110,32.26211041538045,1.0,0.0,0.03,0.25
224436,2289,83,60.77363745868206,1.0,0.0,0.03,0.25
224502,2290,66,-255.91343231499195,0.0,1.0,0.03,0.25
224611,2291,109,44.50607470422983,1.0,0.0,0.03,0.25
224723,2292,112,34.67875572293997,1.0,0.0,0.03,0.25
224831,2293,108,-0.25019297421386,1.0,0.0,0.03,0.25
224914,2294,83,63.62363763153553,1.0,0.0,0.03,0.25
225026,2295,112,43.59785966435447,1.0,0.0,0.03,0.25
225141,2296,115,34.65014399215579,1.0,0.0,0.03,0.25
225224,2297,83,58.27363768219948,1.0,0.0,0.03,0.25
225282,2298,58,-212.01326206326485,0.0,1.0,0.03,0.25
225388,2299,106,50.782158724963665,1.0,0.0,0.03,0.25
225499,2300,111,40.76592279225588,1.0,0.0,0.03,0.25
225598,2301,99,60.33418848738074,1.0,0.0,0.03,0.25
225649,2302,51,-175.08321323990822,0.0,1.0,0.03,0.25
225757,2303,108,51.192894235253334,1.0,0.0,0.03,0.25
225826,2304,69,-277.12950352206826,0.0,1.0,0.03,0.25
225933,2305,107,19.910878005903214,1.0,0.0,0.03,0.25
226037,2306,104,33.47671367973089,1.0,0.0,0.03,0.25
226148,2307,111,39.07818102091551,1.0,0.0,0.03,0.25
226255,2308,107,-13.697484858334064,1.0,0.0,0.03,0.25
226363,2309,108,66.73710193485022,1.0,0.0,0.03,0.25
226464,2310,101,10.900392400100827,1.0,0.0,0.03,0.25
226575,2311,111,47.543435886502266,1.0,0.0,0.03,0.25
226626,2312,51,-259.57748161256313,0.0,1.0,0.03,0.25
226722,2313,96,57.87053300766274,1.0,0.0,0.03,0.25
226805,2314,83,69.6736376285553,1.0,0.0,0.03,0.25
226916,2315,111,-92.73226718278602,1.0,0.0,0.03,0.25
227013,2316,97,-42.73304056748748,1.0,0.0,0.03,0.25
227125,2317,112,25.32894278690219,1.0,0.0,0.03,0.25
227234,2318,109,48.4273319914937,1.0,0.0,0.03,0.25
227305,2319,71,-184.19850814016536,0.0,1.0,0.03,0.25
227416,2320,111,55.523711666464806,1.0,0.0,0.03,0.25
227529,2321,113,37.438550502061844,1.0,0.0,0.03,0.25
227596,2322,67,-262.2060116380453,0.0,1.0,0.03,0.25
227700,2323,104,9.91019208682701,1.0,0.0,0.03,0.25
227798,2324,98,39.864624343812466,1.0,0.0,0.03,0.25
227903,2325,105,-63.04010406509042,1.0,0.0,0.03,0.25
227961,2326,58,-196.12972405552864,0.0,1.0,0.03,0.25
228073,2327,112,51.23358389735222,1.0,0.0,0.03,0.25
228181,2328,108,43.33487340062857,1.0,0.0,0.03,0.25
228254,2329,73,-212.0441705584526,0.0,1.0,0.03,0.25
228322,2330,68,-222.3653104454279,0.0,1.0,0.03,0.25
228422,2331,100,20.03451830148697,1.0,0.0,0.03,0.25
228488,2332,66,-256.0719365775585,0.0,1.0,0.03,0.25
228573,2333,85,49.65032297372818,1.0,0.0,0.03,0.25
228684,2334,111,38.20669736340642,1.0,0.0,0.03,0.25
228796,2335,112,51.84951300173998,1.0,0.0,0.03,0.25
228911,2336,115,-2.0512367114424706,1.0,0.0,0.03,0.25
229010,2337,99,36.02509839087725,1.0,0.0,0.03,0.25
229080,2338,70,-190.9014718607068,0.0,1.0,0.03,0.25
229191,2339,111,34.825376242399216,1.0,0.0,0.03,0.25
229274,2340,83,57.92363761365414,1.0,0.0,0.03,0.25
229384,2341,110,11.85224786400795,1.0,0.0,0.03,0.25
229494,2342,110,43.39252666383982,1.0,0.0,0.03,0.25
229598,2343,104,51.60419228672981,1.0,0.0,0.03,0.25
229710,2344,112,45.29456287249923,1.0,0.0,0.03,0.25
229811,2345,101,10.062615849077702,1.0,0.0,0.03,0.25
229920,2346,109,49.7876545926556,1.0,0.0,0.03,0.25
230024,2347,104,38.97854904830456,1.0,0.0,0.03,0.25
230131,2348,107,26.418696876615286,1.0,0.0,0.03,0.25
230237,2349,106,23.98902713134885,1.0,0.0,0.03,0.25
230346,2350,109,-33.6684878654778,1.0,0.0,0.03,0.25
230407,2351,61,-251.15976306796074,0.0,1.0,0.03,0.25
230516,2352,109,-12.628148257732391,1.0,0.0,0.03,0.25
230630,2353,114,42.31683333963156,1.0,0.0,0.03,0.25
230740,2354,110,16.151390090584755,1.0,0.0,0.03,0.25
230795,2355,55,-242.99418686330318,0.0,1.0,0.03,0.25
230904,2356,109,58.77643286436796,1.0,0.0,0.03,0.25
231007,2357,103,24.625782068818808,1.0,0.0,0.03,0.25
231116,2358,109,32.843499335460365,1.0,0.0,0.03,0.25
231225,2359,109,29.593594275414944,1.0,0.0,0.03,0.25
231335,2360,110,17.191037744283676,1.0,0.0,0.03,0.25
231445,2361,110,24.36387959867716,1.0,0.0,0.03,0.25
231555,2362,110,-25.1906081950292,1.0,0.0,0.03,0.25
231614,2363,59,-214.60139925777912,0.0,1.0,0.03,0.25
231725,2364,111,9.93056571483612,1.0,0.0,0.03,0.25
231830,2365,105,36.8487538471818,1.0,0.0,0.03,0.25
231885,2366,55,-172.3925486728549,0.0,1.0,0.03,0.25
231968,2367,83,63.97363755106926,1.0,0.0,0.03,0.25
232075,2368,107,21.36761336028576,1.0,0.0,0.03,0.25
232184,2369,109,-14.23651409521699,1.0,0.0,0.03,0.25
232294,2370,110,37.60735798114911,1.0,0.0,0.03,0.25
232408,2371,114,28.722284205257893,1.0,0.0,0.03,0.25
232517,2372,109,42.99171931669116,1.0,0.0,0.03,0.25
232616,2373,99,50.6008488163352,1.0,0.0,0.03,0.25
232729,2374,113,21.635320771019906,1.0,0.0,0.03,0.25
232842,2375,113,42.551408525556326,1.0,0.0,0.03,0.25
232900,2376,58,-239.19874873757362,0.0,1.0,0.03,0.25
232953,2377,53,-187.67946873232722,0.0,1.0,0.03,0.25
233056,2378,103,56.87450971826911,1.0,0.0,0.03,0.25
233167,2379,111,43.987505085766315,1.0,0.0,0.03,0.25
233281,2380,114,37.69105959311128,1.0,0.0,0.03,0.25
233381,2381,100,37.109336107969284,1.0,0.0,0.03,0.25
233492,2382,111,31.101779364049435,1.0,0.0,0.03,0.25
233592,2383,100,-30.100935593247414,1.0,0.0,0.03,0.25
233659,2384,67,-278.9143211469054,0.0,1.0,0.03,0.25
233766,2385,107,38.544663567095995,1.0,0.0,0.03,0.25
233849,2386,83,69.6736376285553,1.0,0.0,0.03,0.25
233932,2387,83,63.97363758087158,1.0,0.0,0.03,0.25
233991,2388,59,-234.85897862911224,0.0,1.0,0.03,0.25
234098,2389,107,53.03186568617821,1.0,0.0,0.03,0.25
234202,2390,104,40.64334846287966,1.0,0.0,0.03,0.25
234312,2391,110,52.72695521265268,1.0,0.0,0.03,0.25
234388,2392,76,-237.57367752632126,0.0,1.0,0.03,0.25
234471,2393,83,66.82363760471344,1.0,0.0,0.03,0.25
234526,2394,55,-239.38634310662746,0.0,1.0,0.03,0.25
234609,2395,83,66.82363772392273,1.0,0.0,0.03,0.25
234694,2396,85,55.70032311975956,1.0,0.0,0.03,0.25
234777,2397,83,60.773637279868126,1.0,0.0,0.03,0.25
234890,2398,113,23.238467775285244,1.0,0.0,0.03,0.25
234992,2399,102,54.68559817969799,1.0,0.0,0.03,0.25
235050,2400,58,-206.05175288766623,0.0,1.0,0.03,0.25
235159,2401,109,47.14655627682805,1.0,0.0,0.03,0.25
235269,2402,110,37.184953548014164,1.0,0.0,0.03,0.25
235381,2403,112,56.54976487904787,1.0,0.0,0.03,0.25
235484,2404,103,12.489678155165166,1.0,0.0,0.03,0.25
235585,2405,101,49.61832912173122,1.0,0.0,0.03,0.25
235697,2406,112,1.8330069854855537,1.0,0.0,0.03,0.25
235809,2407,112,-67.79205967858434,1.0,0.0,0.03,0.25
235919,2408,110,51.59765278548002,1.0,0.0,0.03,0.25
235983,2409,64,-206.65157359838486,0.0,1.0,0.03,0.25
236093,2410,110,-12.31862661615014,1.0,0.0,0.03,0.25
236176,2411,83,61.1236375272274,1.0,0.0,0.03,0.25
236284,2412,108,35.968153460882604,1.0,0.0,0.03,0.25
236389,2413,105,38.734490387141705,1.0,0.0,0.03,0.25
236501,2414,112,33.66708527831361,1.0,0.0,0.03,0.25
236604,2415,103,-7.974751837551594,1.0,0.0,0.03,0.25
236704,2416,100,12.666082970798016,1.0,0.0,0.03,0.25
236806,2417,102,-57.175424821674824,1.0,0.0,0.03,0.25
236911,2418,105,56.45580040290952,1.0,0.0,0.03,0.25
237018,2419,107,4.555550942197442,1.0,0.0,0.03,0.25
237079,2420,61,-160.21813701838255,0.0,1.0,0.03,0.25
237190,2421,111,-0.24023032234981656,1.0,0.0,0.03,0.25
237300,2422,110,32.85180724412203,1.0,0.0,0.03,0.25
237397,2423,97,3.467245280276984,1.0,0.0,0.03,0.25
237502,2424,105,27.277287140488625,1.0,0.0,0.03,0.25
237585,2425,83,61.12363761663437,1.0,0.0,0.03,0.25
237694,2426,109,58.54605720192194,1.0,0.0,0.03,0.25
237798,2427,104,29.0892523676157,1.0,0.0,0.03,0.25
237900,2428,102,31.58646709471941,1.0,0.0,0.03,0.25
237955,2429,55,-257.33502873778343,0.0,1.0,0.03,0.25
238068,2430,113,38.68636868847534,1.0,0.0,0.03,0.25
238172,2431,104,19.268196566961706,1.0,0.0,0.03,0.25
238273,2432,101,14.317193008959293,1.0,0.0,0.03,0.25
238368,2433,95,46.04109586775303,1.0,0.0,0.03,0.25
238469,2434,101,45.4530468955636,1.0,0.0,0.03,0.25
238578,2435,109,46.93475902220234,1.0,0.0,0.03,0.25
238661,2436,83,57.92363752424717,1.0,0.0,0.03,0.25
238774,2437,113,-0.6334629580378532,1.0,0.0,0.03,0.25
238876,2438,102,52.15319021418691,1.0,0.0,0.03,0.25
238977,2439,101,24.095066834241152,1.0,0.0,0.03,0.25
239083,2440,106,35.109331134706736,1.0,0.0,0.03,0.25
239194,2441,111,13.802515752613544,1.0,0.0,0.03,0.25
239267,2442,73,-255.87903266772628,0.0,1.0,0.03,0.25
239352,2443,85,64.60032311081886,1.0,0.0,0.03,0.25
239464,2444,112,29.729210768826306,1.0,0.0,0.03,0.25
239568,2445,104,18.148635341785848,1.0,0.0,0.03,0.25
239672,2446,104,29.147749125491828,1.0,0.0,0.03,0.25
239780,2447,108,17.527051605284214,1.0,0.0,0.03,0.25
239864,2448,84,67.13698211312294,1.0,0.0,0.03,0.25
239973,2449,109,28.200687520205975,1.0,0.0,0.03,0.25
240079,2450,106,19.662855450063944,1.0,0.0,0.03,0.25
240191,2451,112,55.61688556149602,1.0,0.0,0.03,0.25
240253,2452,62,-266.6120161861181,0.0,1.0,0.03,0.25
240360,2453,107,23.658079370390624,1.0,0.0,0.03,0.25
240474,2454,114,46.36397585272789,1.0,0.0,0.03,0.25
240529,2455,55,-245.3635569885373,0.0,1.0,0.03,0.25
240632,2456,103,47.74924214929342,1.0,0.0,0.03,0.25
240742,2457,110,65.26375306025147,1.0,0.0,0.03,0.25
240852,2458,110,47.67200282588601,1.0,0.0,0.03,0.25
240953,2459,101,11.377648171037436,1.0,0.0,0.03,0.25
241058,2460,105,24.703997161239386,1.0,0.0,0.03,0.25
241160,2461,102,38.61797024635598,1.0,0.0,0.03,0.25
241274,2462,114,-36.979372933506966,1.0,0.0,0.03,0.25
241384,2463,110,32.87185296788812,1.0,0.0,0.03,0.25
241483,2464,99,21.300808876752853,1.0,0.0,0.03,0.25
241587,2465,104,38.113645292818546,1.0,0.0,0.03,0.25
241670,2466,83,53.97363738715649,1.0,0.0,0.03,0.25
241777,2467,107,22.686205361038446,1.0,0.0,0.03,0.25
241861,2468,84,58.23698033392429,1.0,0.0,0.03,0.25
241974,2469,113,36.3507396238856,1.0,0.0,0.03,0.25
242082,2470,108,28.301367335021496,1.0,0.0,0.03,0.25
242154,2471,72,-255.60934743657708,0.0,1.0,0.03,0.25
242262,2472,108,48.42865487141535,1.0,0.0,0.03,0.25
242345,2473,83,63.973637759685516,1.0,0.0,0.03,0.25
242454,2474,109,42.431840292643756,1.0,0.0,0.03,0.25
242553,2475,99,53.611239567399025,1.0,0.0,0.03,0.25
242621,2476,68,-242.6657439917326,0.0,1.0,0.03,0.25
242735,2477,114,0.8194593526422977,1.0,0.0,0.03,0.25
242844,2478,109,55.134373559616506,1.0,0.0,0.03,0.25
242931,2479,87,46.91953353583813,1.0,0.0,0.03,0.25
243042,2480,111,51.435662150382996,1.0,0.0,0.03,0.25
243136,2481,94,46.29167056828737,1.0,0.0,0.03,0.25
243238,2482,102,53.467911802232265,1.0,0.0,0.03,0.25
243303,2483,65,-197.13653698563576,0.0,1.0,0.03,0.25
243386,2484,83,63.97363755106926,1.0,0.0,0.03,0.25
243483,2485,97,29.17111763358116,1.0,0.0,0.03,0.25
243592,2486,109,20.81276259571314,1.0,0.0,0.03,0.25
243675,2487,83,66.82363766431808,1.0,0.0,0.03,0.25
243774,2488,99,4.855183839797974,1.0,0.0,0.03,0.25
243889,2489,115,43.91573487967253,1.0,0.0,0.03,0.25
243997,2490,108,58.240762643516064,1.0,0.0,0.03,0.25
244101,2491,104,17.795838449150324,1.0,0.0,0.03,0.25
244200,2492,99,30.095664519816637,1.0,0.0,0.03,0.25
244310,2493,110,41.54468420892954,1.0,0.0,0.03,0.25
244417,2494,107,40.25611374853179,1.0,0.0,0.03,0.25
244500,2495,83,55.07363738119602,1.0,0.0,0.03,0.25
244611,2496,111,51.30623937025666,1.0,0.0,0.03,0.25
244726,2497,115,25.901721637696028,1.0,0.0,0.03,0.25
244836,2498,110,19.53850558726117,1.0,0.0,0.03,0.25
244937,2499,101,49.419918186962605,1.0,0.0,0.03,0.25
245043,2500,106,41.82151931524277,1.0,0.0,0.03,0.25
245149,2501,106,44.68829698860645,1.0,0.0,0.03,0.25
245251,2502,102,22.188095092773438,1.0,0.0,0.03,0.25
245359,2503,108,61.46844848245382,1.0,0.0,0.03,0.25
245420,2504,61,-205.19102670624852,0.0,1.0,0.03,0.25
245483,2505,63,-251.01579302549362,0.0,1.0,0.03,0.25
245591,2506,108,50.91485572606325,1.0,0.0,0.03,0.25
245656,2507,65,-256.77370692417026,0.0,1.0,0.03,0.25
245739,2508,83,61.123637557029724,1.0,0.0,0.03,0.25
245846,2509,107,13.043127201031893,1.0,0.0,0.03,0.25
245950,2510,104,-74.41939305886626,1.0,0.0,0.03,0.25
246058,2511,108,57.52220349341587,1.0,0.0,0.03,0.25
246171,2512,113,47.43922858685255,1.0,0.0,0.03,0.25
246286,2513,115,14.794685974251479,1.0,0.0,0.03,0.25
246388,2514,102,-71.59186179609969,1.0,0.0,0.03,0.25
246494,2515,106,45.6875769123435,1.0,0.0,0.03,0.25
246607,2516,113,21.26771542429924,1.0,0.0,0.03,0.25
246714,2517,107,64.10250657051802,1.0,0.0,0.03,0.25
246798,2518,84,51.43697898089886,1.0,0.0,0.03,0.25
246902,2519,104,14.825100548099726,1.0,0.0,0.03,0.25
247006,2520,104,2.1139294803142548,1.0,0.0,0.03,0.25
247115,2521,109,31.195824361871928,1.0,0.0,0.03,0.25
247198,2522,83,61.12363761663437,1.0,0.0,0.03,0.25
247281,2523,83,56.47363758087158,1.0,0.0,0.03,0.25
247391,2524,110,27.380234263837337,1.0,0.0,0.03,0.25
247502,2525,111,40.859867833554745,1.0,0.0,0.03,0.25
247607,2526,105,56.24720123317093,1.0,0.0,0.03,0.25
247709,2527,102,37.12628264306113,1.0,0.0,0.03,0.25
247817,2528,108,50.677709999959916,1.0,0.0,0.03,0.25
247924,2529,107,52.07792190415785,1.0,0.0,0.03,0.25
248022,2530,98,13.540112610440701,1.0,0.0,0.03,0.25
248129,2531,107,40.81057646870613,1.0,0.0,0.03,0.25
248194,2532,65,-251.92445600405335,0.0,1.0,0.03,0.25
248289,2533,95,-184.37539497436956,1.0,0.0,0.03,0.25
248361,2534,72,-270.08475194871426,0.0,1.0,0.03,0.25
248463,2535,102,3.460648100823164,1.0,0.0,0.03,0.25
248572,2536,109,-16.677012767642736,1.0,0.0,0.03,0.25
248655,2537,83,54.723637729883194,1.0,0.0,0.03,0.25
248758,2538,103,36.329523861408234,1.0,0.0,0.03,0.25
248858,2539,100,-26.283719066530466,1.0,0.0,0.03,0.25
248959,2540,101,53.086797676980495,1.0,0.0,0.03,0.25
249044,2541,85,52.50032123923302,1.0,0.0,0.03,0.25
249151,2542,107,31.440354511141777,1.0,0.0,0.03,0.25
249259,2543,108,34.93757255282253,1.0,0.0,0.03,0.25
249371,2544,112,63.126005708705634,1.0,0.0,0.03,0.25
249478,2545,107,45.88102923706174,1.0,0.0,0.03,0.25
249584,2546,106,32.207862343173474,1.0,0.0,0.03,0.25
249683,2547,99,40.73380815144628,1.0,0.0,0.03,0.25
249770,2548,87,46.91953317821026,1.0,0.0,0.03,0.25
249853,2549,83,58.27363756299019,1.0,0.0,0.03,0.25
249954,2550,101,37.619448736310005,1.0,0.0,0.03,0.25
250058,2551,104,43.03751244023442,1.0,0.0,0.03,0.25
250171,2552,113,-26.00832446711138,1.0,0.0,0.03,0.25
250254,2553,83,55.073637560009956,1.0,0.0,0.03,0.25
250358,2554,104,61.597113117575645,1.0,0.0,0.03,0.25
250441,2555,83,60.77363766729832,1.0,0.0,0.03,0.25
250546,2556,105,25.732735075056553,1.0,0.0,0.03,0.25
250658,2557,112,-26.355909541249275,1.0,0.0,0.03,0.25
250767,2558,109,29.58271127799526,1.0,0.0,0.03,0.25
250865,2559,98,-89.94371947692707,1.0,0.0,0.03,0.25
250969,2560,104,-11.692398961633444,1.0,0.0,0.03,0.25
251077,2561,108,46.01317232847214,1.0,0.0,0.03,0.25
251144,2562,67,-232.13519808650017,0.0,1.0,0.03,0.25
251246,2563,102,54.95801619067788,1.0,0.0,0.03,0.25
251352,2564,106,42.054215367883444,1.0,0.0,0.03,0.25
251457,2565,105,48.221180975437164,1.0,0.0,0.03,0.25
251568,2566,111,52.10388118727133,1.0,0.0,0.03,0.25
251679,2567,111,43.11839534668252,1.0,0.0,0.03,0.25
251762,2568,83,57.92363752424717,1.0,0.0,0.03,0.25
251874,2569,112,54.47986415401101,1.0,0.0,0.03,0.25
251978,2570,104,58.76672624051571,1.0,0.0,0.03,0.25
252084,2571,106,49.46193418651819,1.0,0.0,0.03,0.25
252145,2572,61,-243.0501812696457,0.0,1.0,0.03,0.25
252228,2573,83,63.973637729883194,1.0,0.0,0.03,0.25
252329,2574,101,54.772648967802525,1.0,0.0,0.03,0.25
252443,2575,114,14.127998887561262,1.0,0.0,0.03,0.25
252526,2576,83,55.07363758981228,1.0,0.0,0.03,0.25
252622,2577,96,51.542234553955495,1.0,0.0,0.03,0.25
252688,2578,66,-243.41422464698553,0.0,1.0,0.03,0.25
252790,2579,102,-139.7239244915545,1.0,0.0,0.03,0.25
252853,2580,63,-248.9954717606306,0.0,1.0,0.03,0.25
252969,2581,116,44.14083420438692,1.0,0.0,0.03,0.25
253029,2582,60,-243.54171384871006,0.0,1.0,0.03,0.25
253138,2583,109,24.545662596821785,1.0,0.0,0.03,0.25
253252,2584,114,12.184067465364933,1.0,0.0,0.03,0.25
253364,2585,112,15.371373422443867,1.0,0.0,0.03,0.25
253476,2586,112,20.350305195432156,1.0,0.0,0.03,0.25
253585,2587,109,37.27596728829667,1.0,0.0,0.03,0.25
253658,2588,73,-231.14854276180267,0.0,1.0,0.03,0.25
253770,2589,112,28.374620012473315,1.0,0.0,0.03,0.25
253871,2590,101,37.45470808446407,1.0,0.0,0.03,0.25
253981,2591,110,31.326890528202057,1.0,0.0,0.03,0.25
254093,2592,112,58.298839531838894,1.0,0.0,0.03,0.25
254176,2593,83,57.923637583851814,1.0,0.0,0.03,0.25
254259,2594,83,52.22363741695881,1.0,0.0,0.03,0.25
254372,2595,113,27.615377977490425,1.0,0.0,0.03,0.25
254475,2596,103,55.270299177616835,1.0,0.0,0.03,0.25
254575,2597,100,46.11940958304331,1.0,0.0,0.03,0.25
254644,2598,69,-235.64236149191856,0.0,1.0,0.03,0.25
254747,2599,103,28.116515714675188,1.0,0.0,0.03,0.25
254855,2600,108,18.752488903235644,1.0,0.0,0.03,0.25
254964,2601,109,28.839505437761545,1.0,0.0,0.03,0.25
255048,2602,84,48.98697842657566,1.0,0.0,0.03,0.25
255150,2603,102,30.36540924711153,1.0,0.0,0.03,0.25
255233,2604,83,52.22363759577274,1.0,0.0,0.03,0.25
255337,2605,104,40.74481984972954,1.0,0.0,0.03,0.25
255449,2606,112,31.210000973194838,1.0,0.0,0.03,0.25
255552,2607,103,27.50673008337617,1.0,0.0,0.03,0.25
255612,2608,60,-156.87246181070805,0.0,1.0,0.03,0.25
255722,2609,110,-2.2386732399463654,1.0,0.0,0.03,0.25
255834,2610,112,32.804840698838234,1.0,0.0,0.03,0.25
255936,2611,102,19.60006881505251,1.0,0.0,0.03,0.25
256047,2612,111,1.6632752306759357,1.0,0.0,0.03,0.25
256130,2613,83,58.27363774180412,1.0,0.0,0.03,0.25
256183,2614,53,-261.07571236789227,0.0,1.0,0.03,0.25
256244,2615,61,-235.60123730823398,0.0,1.0,0.03,0.25
256350,2616,106,45.42608026787639,1.0,0.0,0.03,0.25
256462,2617,112,-6.122744584456086,1.0,0.0,0.03,0.25
256575,2618,113,52.013731479644775,1.0,0.0,0.03,0.25
256677,2619,102,38.503758727594686,1.0,0.0,0.03,0.25
256784,2620,107,65.62148938328028,1.0,0.0,0.03,0.25
256890,2621,106,23.420761853456497,1.0,0.0,0.03,0.25
256989,2622,99,48.838237173855305,1.0,0.0,0.03,0.25
257057,2623,68,-243.21230451762676,0.0,1.0,0.03,0.25
257140,2624,83,58.27363783121109,1.0,0.0,0.03,0.25
257197,2625,57,-204.00079771876335,0.0,1.0,0.03,0.25
257310,2626,113,33.96916799945757,1.0,0.0,0.03,0.25
257416,2627,106,11.904983311891556,1.0,0.0,0.03,0.25
257475,2628,59,-214.16322669386864,0.0,1.0,0.03,0.25
257531,2629,56,-213.20328025519848,0.0,1.0,0.03,0.25
257601,2630,70,-253.5653088837862,0.0,1.0,0.03,0.25
257711,2631,110,45.99642210826278,1.0,0.0,0.03,0.25
257808,2632,97,58.925556264817715,1.0,0.0,0.03,0.25
257871,2633,63,-244.82427206635475,0.0,1.0,0.03,0.25
257979,2634,108,11.152159497141838,1.0,0.0,0.03,0.25
258048,2635,69,-258.0628201365471,0.0,1.0,0.03,0.25
258133,2636,85,-344.1755096614361,0.0,1.0,0.03,0.25
258234,2637,101,46.328796930611134,1.0,0.0,0.03,0.25
258314,2638,80,-216.55242379009724,0.0,1.0,0.03,0.25
258427,2639,113,36.815522607415915,1.0,0.0,0.03,0.25
258539,2640,112,-5.733500089962035,1.0,0.0,0.03,0.25
258650,2641,111,35.009958683978766,1.0,0.0,0.03,0.25
258706,2642,56,-197.8778631016612,0.0,1.0,0.03,0.25
258816,2643,110,-76.13004094036296,1.0,0.0,0.03,0.25
258900,2644,84,55.736978590488434,1.0,0.0,0.03,0.25
258963,2645,63,-269.13048443198204,0.0,1.0,0.03,0.25
259073,2646,110,39.618034832179546,1.0,0.0,0.03,0.25
259183,2647,110,17.78324406966567,1.0,0.0,0.03,0.25
259239,2648,56,-195.26268273591995,0.0,1.0,0.03,0.25
259344,2649,105,6.568301487714052,1.0,0.0,0.03,0.25
259427,2650,83,55.073637425899506,1.0,0.0,0.03,0.25
259536,2651,109,44.71929686097428,1.0,0.0,0.03,0.25
259639,2652,103,36.468249938916415,1.0,0.0,0.03,0.25
259752,2653,113,58.296770851593465,1.0,0.0,0.03,0.25
259858,2654,106,52.01019091857597,1.0,0.0,0.03,0.25
259926,2655,68,-217.9123160392046,0.0,1.0,0.03,0.25
260028,2656,102,0.029777127783745527,1.0,0.0,0.03,0.25
260137,2657,109,39.92463044822216,1.0,0.0,0.03,0.25
260208,2658,71,-229.4568681716919,0.0,1.0,0.03,0.25
260309,2659,101,-155.63024797290564,1.0,0.0,0.03,0.25
260412,2660,103,32.24297831580043,1.0,0.0,0.03,0.25
260513,2661,101,16.468556642066687,1.0,0.0,0.03,0.25
260581,2662,68,-233.31450889632106,0.0,1.0,0.03,0.25
260679,2663,98,25.737776692956686,1.0,0.0,0.03,0.25
260784,2664,105,48.036377388518304,1.0,0.0,0.03,0.25
260889,2665,105,58.98014673963189,1.0,0.0,0.03,0.25
260985,2666,96,63.091799445450306,1.0,0.0,0.03,0.25
261082,2667,97,55.72438770905137,1.0,0.0,0.03,0.25
261181,2668,99,35.41373784095049,1.0,0.0,0.03,0.25
261242,2669,61,-220.73457753658295,0.0,1.0,0.03,0.25
261348,2670,106,61.65018834173679,1.0,0.0,0.03,0.25
261454,2671,106,34.11174916476011,1.0,0.0,0.03,0.25
261552,2672,98,58.992934696376324,1.0,0.0,0.03,0.25
261659,2673,107,52.98537246466731,1.0,0.0,0.03,0.25
261755,2674,96,49.489039978943765,1.0,0.0,0.03,0.25
261851,2675,96,47.8885468095541,1.0,0.0,0.03,0.25
261957,2676,106,53.966191969811916,1.0,0.0,0.03,0.25
262069,2677,112,45.40721797198057,1.0,0.0,0.03,0.25
262175,2678,106,56.333871364593506,1.0,0.0,0.03,0.25
262237,2679,62,-190.04602789878845,0.0,1.0,0.03,0.25
262350,2680,113,35.9565802058205,1.0,0.0,0.03,0.25
262458,2681,108,13.248657329939306,1.0,0.0,0.03,0.25
262565,2682,107,8.792209453880787,1.0,0.0,0.03,0.25
262670,2683,105,-105.92087252438068,1.0,0.0,0.03,0.25
262780,2684,110,44.975122939795256,1.0,0.0,0.03,0.25
262888,2685,108,-22.79641326933779,1.0,0.0,0.03,0.25
263002,2686,114,31.157408766448498,1.0,0.0,0.03,0.25
263085,2687,83,63.97363758087158,1.0,0.0,0.03,0.25
263188,2688,103,60.754938669502735,1.0,0.0,0.03,0.25
263297,2689,109,8.278526562731713,1.0,0.0,0.03,0.25
263410,2690,113,32.07629347592592,1.0,0.0,0.03,0.25
263520,2691,110,10.237920768558979,1.0,0.0,0.03,0.25
263629,2692,109,33.1226157322526,1.0,0.0,0.03,0.25
263738,2693,109,-18.14577277796343,1.0,0.0,0.03,0.25
263843,2694,105,34.318724893033504,1.0,0.0,0.03,0.25
263946,2695,103,52.38151313364506,1.0,0.0,0.03,0.25
264011,2696,65,-185.75246629910544,0.0,1.0,0.03,0.25
264068,2697,57,-189.1924740448594,0.0,1.0,0.03,0.25
264179,2698,111,-58.12320885807276,1.0,0.0,0.03,0.25
264288,2699,109,5.600780222564936,1.0,0.0,0.03,0.25
264373,2700,85,61.75032302737236,1.0,0.0,0.03,0.25
264456,2701,83,55.0736373513937,1.0,0.0,0.03,0.25
264562,2702,106,27.5876839235425,1.0,0.0,0.03,0.25
264674,2703,112,47.77811852097511,1.0,0.0,0.03,0.25
264789,2704,115,35.288827682859846,1.0,0.0,0.03,0.25
264887,2705,98,-28.546066865324974,1.0,0.0,0.03,0.25
264946,2706,59,-210.27805633842945,0.0,1.0,0.03,0.25
265057,2707,111,34.515049144625664,1.0,0.0,0.03,0.25
265167,2708,110,52.16305410256609,1.0,0.0,0.03,0.25
265280,2709,113,-8.207238979637623,1.0,0.0,0.03,0.25
265364,2710,84,61.436978578567505,1.0,0.0,0.03,0.25
265419,2711,55,-234.6908888341859,0.0,1.0,0.03,0.25
265502,2712,83,63.97363758087158,1.0,0.0,0.03,0.25
265614,2713,112,9.149801552295685,1.0,0.0,0.03,0.25
265676,2714,62,-221.75880920141935,0.0,1.0,0.03,0.25
265779,2715,103,21.404223072808236,1.0,0.0,0.03,0.25
265838,2716,59,-242.11124052852392,0.0,1.0,0.03,0.25
265941,2717,103,48.18395025609061,1.0,0.0,0.03,0.25
266046,2718,105,44.003541581332684,1.0,0.0,0.03,0.25
266148,2719,102,45.113775823265314,1.0,0.0,0.03,0.25
266256,2720,108,55.051080740988255,1.0,0.0,0.03,0.25
266371,2721,115,39.32630363851786,1.0,0.0,0.03,0.25
266484,2722,113,45.10838995224185,1.0,0.0,0.03,0.25
266581,2723,97,31.753740317653865,1.0,0.0,0.03,0.25
266690,2724,109,12.011694002430886,1.0,0.0,0.03,0.25
266793,2725,103,49.7362746745348,1.0,0.0,0.03,0.25
266909,2726,116,3.2838384844362736,1.0,0.0,0.03,0.25
267019,2727,110,-9.043883265461773,1.0,0.0,0.03,0.25
267125,2728,106,42.3810686096549,1.0,0.0,0.03,0.25
267231,2729,106,-9.14378385618329,1.0,0.0,0.03,0.25
267336,2730,105,-27.336206406354904,1.0,0.0,0.03,0.25
267419,2731,83,61.12363764643669,1.0,0.0,0.03,0.25
267534,2732,115,44.4508661031723,1.0,0.0,0.03,0.25
267638,2733,104,56.71299582719803,1.0,0.0,0.03,0.25
267750,2734,112,-17.185811638832092,1.0,0.0,0.03,0.25
267858,2735,108,65.308539301157,1.0,0.0,0.03,0.25
267968,2736,110,41.47444783896208,1.0,0.0,0.03,0.25
268067,2737,99,18.924436699133366,1.0,0.0,0.03,0.25
268180,2738,113,61.09392211958766,1.0,0.0,0.03,0.25
268292,2739,112,64.40878716111183,1.0,0.0,0.03,0.25
268392,2740,100,-109.34258787333965,1.0,0.0,0.03,0.25
268475,2741,83,61.12363764643669,1.0,0.0,0.03,0.25
268539,2742,64,-222.88599363714457,0.0,1.0,0.03,0.25
268647,2743,108,10.072723675068119,1.0,0.0,0.03,0.25
268746,2744,99,48.97775688720867,1.0,0.0,0.03,0.25
268829,2745,83,52.22363732755184,1.0,0.0,0.03,0.25
268937,2746,108,58.28009456396103,1.0,0.0,0.03,0.25
269045,2747,108,26.432289532385767,1.0,0.0,0.03,0.25
269153,2748,108,13.939859909500228,1.0,0.0,0.03,0.25
269266,2749,113,55.633295990526676,1.0,0.0,0.03,0.25
269360,2750,94,33.66963606327772,1.0,0.0,0.03,0.25
269471,2751,111,33.34281273698434,1.0,0.0,0.03,0.25
269534,2752,63,-233.68343695998192,0.0,1.0,0.03,0.25
269602,2753,68,-234.07538163661957,0.0,1.0,0.03,0.25
269675,2754,73,-211.76589454710484,0.0,1.0,0.03,0.25
269735,2755,60,-195.84009449929,0.0,1.0,0.03,0.25
269842,2756,107,27.40655927360058,1.0,0.0,0.03,0.25
269948,2757,106,49.58156181126833,1.0,0.0,0.03,0.25
270055,2758,107,40.460880763828754,1.0,0.0,0.03,0.25
270166,2759,111,38.70298439078033,1.0,0.0,0.03,0.25
270277,2760,111,10.389155454933643,1.0,0.0,0.03,0.25
270388,2761,111,29.65519566088915,1.0,0.0,0.03,0.25
270499,2762,111,44.769428454339504,1.0,0.0,0.03,0.25
270604,2763,105,68.41075374931097,1.0,0.0,0.03,0.25
270710,2764,106,46.775357987731695,1.0,0.0,0.03,0.25
270819,2765,109,59.32939889281988,1.0,0.0,0.03,0.25
270930,2766,111,54.19473570538685,1.0,0.0,0.03,0.25
271038,2767,108,-95.32399769127369,1.0,0.0,0.03,0.25
271096,2768,58,-202.37388999015093,0.0,1.0,0.03,0.25
271199,2769,103,-9.977031819988042,1.0,0.0,0.03,0.25
271303,2770,104,-84.18687531724572,1.0,0.0,0.03,0.25
271403,2771,100,54.098976381123066,1.0,0.0,0.03,0.25
271517,2772,114,16.09266599267721,1.0,0.0,0.03,0.25
271621,2773,104,48.78397432342172,1.0,0.0,0.03,0.25
271730,2774,109,-9.043383025098592,1.0,0.0,0.03,0.25
271827,2775,97,58.42833511903882,1.0,0.0,0.03,0.25
271891,2776,64,-235.2811319231987,0.0,1.0,0.03,0.25
272006,2777,115,55.942908588433056,1.0,0.0,0.03,0.25
272114,2778,108,-6.573986327275634,1.0,0.0,0.03,0.25
272224,2779,110,20.872132282238454,1.0,0.0,0.03,0.25
272335,2780,111,49.90766882896423,1.0,0.0,0.03,0.25
272446,2781,111,-4.93897782638669,1.0,0.0,0.03,0.25
272558,2782,112,51.97709731711075,1.0,0.0,0.03,0.25
272614,2783,56,-172.2154625505209,0.0,1.0,0.03,0.25
272722,2784,108,39.30809160321951,1.0,0.0,0.03,0.25
272831,2785,109,31.73644594103098,1.0,0.0,0.03,0.25
272939,2786,108,42.71527013555169,1.0,0.0,0.03,0.25
273049,2787,110,23.252809591591358,1.0,0.0,0.03,0.25
273158,2788,109,62.04022555053234,1.0,0.0,0.03,0.25
273271,2789,113,69.76697964966297,1.0,0.0,0.03,0.25
273337,2790,66,-287.9028691649437,0.0,1.0,0.03,0.25
273449,2791,112,56.608582738786936,1.0,0.0,0.03,0.25
273504,2792,55,-233.56572683900595,0.0,1.0,0.03,0.25
273613,2793,109,0.5854905839078128,1.0,0.0,0.03,0.25
273696,2794,83,61.12363776564598,1.0,0.0,0.03,0.25
273804,2795,108,0.48629865422844887,1.0,0.0,0.03,0.25
273914,2796,110,7.619461323600262,1.0,0.0,0.03,0.25
274027,2797,113,60.71903809532523,1.0,0.0,0.03,0.25
274137,2798,110,48.860597994178534,1.0,0.0,0.03,0.25
274204,2799,67,-233.30913795158267,0.0,1.0,0.03,0.25
274260,2800,56,-230.35002641379833,0.0,1.0,0.03,0.25
274372,2801,112,-42.477043587714434,1.0,0.0,0.03,0.25
274476,2802,104,56.841510388552706,1.0,0.0,0.03,0.25
274547,2803,71,-227.2194845378399,0.0,1.0,0.03,0.25
274654,2804,107,52.885512962937355,1.0,0.0,0.03,0.25
274766,2805,112,62.897937186062336,1.0,0.0,0.03,0.25
274866,2806,100,56.35393137484789,1.0,0.0,0.03,0.25
274971,2807,105,49.579934135079384,1.0,0.0,0.03,0.25
275041,2808,70,-272.93342642858624,0.0,1.0,0.03,0.25
275147,2809,106,-53.17398667708039,1.0,0.0,0.03,0.25
275257,2810,110,28.7410412915051,1.0,0.0,0.03,0.25
275365,2811,108,37.65121564269066,1.0,0.0,0.03,0.25
275478,2812,113,28.12931895069778,1.0,0.0,0.03,0.25
275586,2813,108,-10.317103114415659,1.0,0.0,0.03,0.25
275695,2814,109,33.44207629561424,1.0,0.0,0.03,0.25
275806,2815,111,44.11187481507659,1.0,0.0,0.03,0.25
275907,2816,101,34.51005930453539,1.0,0.0,0.03,0.25
276014,2817,107,59.02785999327898,1.0,0.0,0.03,0.25
276115,2818,101,-6.658681218046695,1.0,0.0,0.03,0.25
276198,2819,83,58.27363780140877,1.0,0.0,0.03,0.25
276300,2820,102,43.835658594965935,1.0,0.0,0.03,0.25
276414,2821,114,30.662611916661263,1.0,0.0,0.03,0.25
276523,2822,109,31.801540683954954,1.0,0.0,0.03,0.25
276627,2823,104,12.367962792515755,1.0,0.0,0.03,0.25
276736,2824,109,61.847859017550945,1.0,0.0,0.03,0.25
276842,2825,106,52.028797790408134,1.0,0.0,0.03,0.25
276946,2826,104,44.66343147307634,1.0,0.0,0.03,0.25
277055,2827,109,22.648772105574608,1.0,0.0,0.03,0.25
277121,2828,66,-239.10037019103765,0.0,1.0,0.03,0.25
277235,2829,114,35.23097826819867,1.0,0.0,0.03,0.25
277341,2830,106,-21.22976763918996,1.0,0.0,0.03,0.25
277453,2831,112,54.34334982186556,1.0,0.0,0.03,0.25
277541,2832,88,60.93058876693249,1.0,0.0,0.03,0.25
277597,2833,56,-229.69122460484505,0.0,1.0,0.03,0.25
277701,2834,104,32.082972690463066,1.0,0.0,0.03,0.25
277784,2835,83,52.873637557029724,1.0,0.0,0.03,0.25
277882,2836,98,55.621423065662384,1.0,0.0,0.03,0.25
277965,2837,83,58.2736377120018,1.0,0.0,0.03,0.25
278069,2838,104,39.33669535815716,1.0,0.0,0.03,0.25
278174,2839,105,33.17014383524656,1.0,0.0,0.03,0.25
278283,2840,109,58.330277520697564,1.0,0.0,0.03,0.25
278396,2841,113,-48.082539692521095,1.0,0.0,0.03,0.25
278461,2842,65,-229.45138823986053,0.0,1.0,0.03,0.25
278571,2843,110,53.26347075402737,1.0,0.0,0.03,0.25
278682,2844,111,-3.980108628049493,1.0,0.0,0.03,0.25
278767,2845,85,50.350323021411896,1.0,0.0,0.03,0.25
278850,2846,83,55.42363777756691,1.0,0.0,0.03,0.25
278936,2847,86,50.84751379489899,1.0,0.0,0.03,0.25
279044,2848,108,26.18788257986307,1.0,0.0,0.03,0.25
279140,2849,96,31.757763862144202,1.0,0.0,0.03,0.25
279206,2850,66,-235.32604150474072,0.0,1.0,0.03,0.25
279315,2851,109,26.093632701784372,1.0,0.0,0.03,0.25
279418,2852,103,28.687790412455797,1.0,0.0,0.03,0.25
279527,2853,109,-10.272006620187312,1.0,0.0,0.03,0.25
279637,2854,110,39.58337665349245,1.0,0.0,0.03,0.25
279740,2855,103,50.65587238967419,1.0,0.0,0.03,0.25
279823,2856,83,61.123637825250626,1.0,0.0,0.03,0.25
279933,2857,110,11.639445669017732,1.0,0.0,0.03,0.25
280046,2858,113,-4.766789708286524,1.0,0.0,0.03,0.25
280129,2859,83,57.12363761663437,1.0,0.0,0.03,0.25
280235,2860,106,30.48739282786846,1.0,0.0,0.03,0.25
280340,2861,105,-14.14930560812354,1.0,0.0,0.03,0.25
280446,2862,106,38.03544213436544,1.0,0.0,0.03,0.25
280548,2863,102,21.46853718906641,1.0,0.0,0.03,0.25
280646,2864,98,2.8338905349373817,1.0,0.0,0.03,0.25
280753,2865,107,44.311419792007655,1.0,0.0,0.03,0.25
280836,2866,83,54.62363766133785,1.0,0.0,0.03,0.25
280944,2867,108,55.73146899044514,1.0,0.0,0.03,0.25
281057,2868,113,25.953253536485136,1.0,0.0,0.03,0.25
281168,2869,111,24.15975960670039,1.0,0.0,0.03,0.25
281239,2870,71,-263.45856615900993,0.0,1.0,0.03,0.25
281349,2871,110,20.33675169199705,1.0,0.0,0.03,0.25
281405,2872,56,-255.0769180804491,0.0,1.0,0.03,0.25
281508,2873,103,47.364666268229485,1.0,0.0,0.03,0.25
281607,2874,99,50.6271420000121,1.0,0.0,0.03,0.25
281720,2875,113,67.91929611563683,1.0,0.0,0.03,0.25
281803,2876,83,47.47363752126694,1.0,0.0,0.03,0.25
281910,2877,107,51.589661572128534,1.0,0.0,0.03,0.25
282022,2878,112,44.658219181001186,1.0,0.0,0.03,0.25
282133,2879,111,33.29641605913639,1.0,0.0,0.03,0.25
282231,2880,98,35.474785566329956,1.0,0.0,0.03,0.25
282314,2881,83,61.4236374348402,1.0,0.0,0.03,0.25
282427,2882,113,-47.019707411527634,1.0,0.0,0.03,0.25
282537,2883,110,55.43415165692568,1.0,0.0,0.03,0.25
282600,2884,63,-215.4184636026621,0.0,1.0,0.03,0.25
282707,2885,107,19.29238450527191,1.0,0.0,0.03,0.25
282801,2886,94,43.305158521514386,1.0,0.0,0.03,0.25
282907,2887,106,44.26814233511686,1.0,0.0,0.03,0.25
283019,2888,112,6.386496424674988,1.0,0.0,0.03,0.25
283127,2889,108,-120.60680922493339,1.0,0.0,0.03,0.25
283234,2890,107,28.344064816832542,1.0,0.0,0.03,0.25
283331,2891,97,-13.051214553415775,1.0,0.0,0.03,0.25
283441,2892,110,25.941331014037132,1.0,0.0,0.03,0.25
283551,2893,110,7.408891886472702,1.0,0.0,0.03,0.25
283664,2894,113,29.15665802359581,1.0,0.0,0.03,0.25
283767,2895,103,20.638772398233414,1.0,0.0,0.03,0.25
283827,2896,60,-224.8417998701334,0.0,1.0,0.03,0.25
283880,2897,53,-211.16242262721062,0.0,1.0,0.03,0.25
283991,2898,111,64.63292292505503,1.0,0.0,0.03,0.25
284093,2899,102,51.00690584164113,1.0,0.0,0.03,0.25
284197,2900,104,65.5339961796999,1.0,0.0,0.03,0.25
284306,2901,109,74.9282358288765,1.0,0.0,0.03,0.25
284389,2902,83,61.1236375272274,1.0,0.0,0.03,0.25
284490,2903,101,47.53886782377958,1.0,0.0,0.03,0.25
284586,2904,96,43.28796538291499,1.0,0.0,0.03,0.25
284684,2905,98,44.81467114388943,1.0,0.0,0.03,0.25
284767,2906,83,41.72363728284836,1.0,0.0,0.03,0.25
284881,2907,114,2.5287565141916275,1.0,0.0,0.03,0.25
284992,2908,111,42.69122809544206,1.0,0.0,0.03,0.25
285096,2909,104,33.53494831174612,1.0,0.0,0.03,0.25
285192,2910,96,57.94926483836025,1.0,0.0,0.03,0.25
285267,2911,75,-257.51266833767295,0.0,1.0,0.03,0.25
285376,2912,109,-13.329258218407631,1.0,0.0,0.03,0.25
285487,2913,111,-7.949820224195719,1.0,0.0,0.03,0.25
285588,2914,101,9.533074136823416,1.0,0.0,0.03,0.25
285693,2915,105,-49.44951788010076,1.0,0.0,0.03,0.25
285800,2916,107,31.24035444436595,1.0,0.0,0.03,0.25
285901,2917,101,27.603676315397024,1.0,0.0,0.03,0.25
286003,2918,102,57.46948270872235,1.0,0.0,0.03,0.25
286107,2919,104,53.04799837619066,1.0,0.0,0.03,0.25
286212,2920,105,34.91215421259403,1.0,0.0,0.03,0.25
286295,2921,83,66.8236376941204,1.0,0.0,0.03,0.25
286411,2922,116,29.9380986019969,1.0,0.0,0.03,0.25
286524,2923,113,64.21643463522196,1.0,0.0,0.03,0.25
286635,2924,111,37.101934872567654,1.0,0.0,0.03,0.25
286721,2925,86,58.006918743252754,1.0,0.0,0.03,0.25
286831,2926,110,3.3970415890216827,1.0,0.0,0.03,0.25
286933,2927,102,55.00527413934469,1.0,0.0,0.03,0.25
287033,2928,100,28.297524864785373,1.0,0.0,0.03,0.25
287147,2929,114,-9.088922925293446,1.0,0.0,0.03,0.25
287250,2930,103,-5.447932590264827,1.0,0.0,0.03,0.25
287313,2931,63,-196.2577765583992,0.0,1.0,0.03,0.25
287399,2932,86,55.29405577480793,1.0,0.0,0.03,0.25
287511,2933,112,33.660052716732025,1.0,0.0,0.03,0.25
287622,2934,111,-21.281088470015675,1.0,0.0,0.03,0.25
287737,2935,115,-9.583364594727755,1.0,0.0,0.03,0.25
287848,2936,111,0.8680659304372966,1.0,0.0,0.03,0.25
287931,2937,83,58.2736377120018,1.0,0.0,0.03,0.25
288035,2938,104,59.325403459370136,1.0,0.0,0.03,0.25
288148,2939,113,11.523923065047711,1.0,0.0,0.03,0.25
288259,2940,111,46.814329407177866,1.0,0.0,0.03,0.25
288367,2941,108,37.66012395873622,1.0,0.0,0.03,0.25
288473,2942,106,46.5895840972662,1.0,0.0,0.03,0.25
288571,2943,98,45.80932783335447,1.0,0.0,0.03,0.25
288683,2944,112,28.25714622437954,1.0,0.0,0.03,0.25
288766,2945,83,61.123637706041336,1.0,0.0,0.03,0.25
288872,2946,106,64.17182310670614,1.0,0.0,0.03,0.25
288983,2947,111,49.09379003196955,1.0,0.0,0.03,0.25
289066,2948,83,55.72363768517971,1.0,0.0,0.03,0.25
289150,2949,84,46.03697884082794,1.0,0.0,0.03,0.25
289247,2950,97,43.81000706879422,1.0,0.0,0.03,0.25
289358,2951,111,45.69768992764875,1.0,0.0,0.03,0.25
289473,2952,115,24.625477205961943,1.0,0.0,0.03,0.25
289556,2953,83,39.87363748252392,1.0,0.0,0.03,0.25
289659,2954,103,56.416163528803736,1.0,0.0,0.03,0.25
289768,2955,109,-80.11090021207929,1.0,0.0,0.03,0.25
289877,2956,109,25.316444121301174,1.0,0.0,0.03,0.25
289987,2957,110,-1.399190823547542,1.0,0.0,0.03,0.25
290097,2958,110,59.02923021838069,1.0,0.0,0.03,0.25
290180,2959,83,55.42363765835762,1.0,0.0,0.03,0.25
290289,2960,109,1.9451439455151558,1.0,0.0,0.03,0.25
290388,2961,99,41.737703192513436,1.0,0.0,0.03,0.25
290497,2962,109,56.353038132190704,1.0,0.0,0.03,0.25
290580,2963,83,51.77363760769367,1.0,0.0,0.03,0.25
290692,2964,112,-55.77381876157597,1.0,0.0,0.03,0.25
290768,2965,76,-195.35900975763798,0.0,1.0,0.03,0.25
290875,2966,107,31.43805248942226,1.0,0.0,0.03,0.25
290976,2967,101,52.13489284366369,1.0,0.0,0.03,0.25
291061,2968,85,48.201504558324814,1.0,0.0,0.03,0.25
291171,2969,110,50.18686357093975,1.0,0.0,0.03,0.25
291274,2970,103,37.92012833058834,1.0,0.0,0.03,0.25
291384,2971,110,-2.844177322462201,1.0,0.0,0.03,0.25
291494,2972,110,26.561794128268957,1.0,0.0,0.03,0.25
291599,2973,105,12.073295712471008,1.0,0.0,0.03,0.25
291705,2974,106,29.108998976647854,1.0,0.0,0.03,0.25
291812,2975,107,49.150489444844425,1.0,0.0,0.03,0.25
291915,2976,103,23.718686915002763,1.0,0.0,0.03,0.25
291998,2977,83,69.6736376285553,1.0,0.0,0.03,0.25
292100,2978,102,-2.823841065634042,1.0,0.0,0.03,0.25
292183,2979,83,63.97363746166229,1.0,0.0,0.03,0.25
292266,2980,83,60.32363748550415,1.0,0.0,0.03,0.25
292376,2981,110,36.79621220380068,1.0,0.0,0.03,0.25
292476,2982,100,2.4165553636848927,1.0,0.0,0.03,0.25
292584,2983,108,-3.546208154410124,1.0,0.0,0.03,0.25
292690,2984,106,20.98386464267969,1.0,0.0,0.03,0.25
292793,2985,103,-87.92132132872939,1.0,0.0,0.03,0.25
292901,2986,108,51.464243330061436,1.0,0.0,0.03,0.25
292986,2987,85,52.400322929024696,1.0,0.0,0.03,0.25
293085,2988,99,37.090130381286144,1.0,0.0,0.03,0.25
293169,2989,84,49.23697905242443,1.0,0.0,0.03,0.25
293281,2990,112,-29.655684866476804,1.0,0.0,0.03,0.25
293394,2991,113,56.22758395969868,1.0,0.0,0.03,0.25
293490,2992,96,59.18437339365482,1.0,0.0,0.03,0.25
293596,2993,106,60.786250956356525,1.0,0.0,0.03,0.25
293708,2994,112,29.70784157095477,1.0,0.0,0.03,0.25
293812,2995,104,-18.10124409245327,1.0,0.0,0.03,0.25
293913,2996,101,34.4500304418616,1.0,0.0,0.03,0.25
293996,2997,83,63.97363758087158,1.0,0.0,0.03,0.25
294108,2998,112,51.054557013791054,1.0,0.0,0.03,0.25
294165,2999,57,-230.3705933690071,0.0,1.0,0.03,0.25
294273,3000,108,-40.97769032791257,1.0,0.0,0.03,0.25
294380,3001,107,51.40236511453986,1.0,0.0,0.03,0.25
294496,3002,116,45.2399448864162,1.0,0.0,0.03,0.25
294551,3003,55,-218.28476867824793,0.0,1.0,0.03,0.25
294653,3004,102,35.238562784623355,1.0,0.0,0.03,0.25
294763,3005,110,53.47305879741907,1.0,0.0,0.03,0.25
294859,3006,96,9.483538884203881,1.0,0.0,0.03,0.25
294966,3007,107,52.998923659324646,1.0,0.0,0.03,0.25
295075,3008,109,50.975850496441126,1.0,0.0,0.03,0.25
295188,3009,113,-60.07550907554105,1.0,0.0,0.03,0.25
295295,3010,107,32.77775853127241,1.0,0.0,0.03,0.25
295409,3011,114,0.1457641194574535,1.0,0.0,0.03,0.25
295513,3012,104,-12.766011288389564,1.0,0.0,0.03,0.25
295579,3013,66,-177.12396926805377,0.0,1.0,0.03,0.25
295683,3014,104,33.423899619840086,1.0,0.0,0.03,0.25
295781,3015,98,55.116998471319675,1.0,0.0,0.03,0.25
295864,3016,83,50.02363742887974,1.0,0.0,0.03,0.25
295962,3017,98,-1.2620241418480873,1.0,0.0,0.03,0.25
296069,3018,107,60.87925113737583,1.0,0.0,0.03,0.25
296181,3019,112,-26.07911500148475,1.0,0.0,0.03,0.25
296284,3020,103,51.065452210605145,1.0,0.0,0.03,0.25
296382,3021,98,35.209923069924116,1.0,0.0,0.03,0.25
296491,3022,109,43.40360495029017,1.0,0.0,0.03,0.25
296606,3023,115,8.318645391147584,1.0,0.0,0.03,0.25
296661,3024,55,-235.2272052615881,0.0,1.0,0.03,0.25
296746,3025,85,53.72644791007042,1.0,0.0,0.03,0.25
296857,3026,111,-65.04931503580883,1.0,0.0,0.03,0.25
296967,3027,110,36.73378836363554,1.0,0.0,0.03,0.25
297074,3028,107,32.26352675259113,1.0,0.0,0.03,0.25
297184,3029,110,22.607028551399708,1.0,0.0,0.03,0.25
297291,3030,107,34.88939981115982,1.0,0.0,0.03,0.25
297398,3031,107,17.01034250855446,1.0,0.0,0.03,0.25
297496,3032,98,23.935462604742497,1.0,0.0,0.03,0.25
297608,3033,112,52.47175132483244,1.0,0.0,0.03,0.25
297714,3034,106,54.590010561048985,1.0,0.0,0.03,0.25
297797,3035,83,56.823637410998344,1.0,0.0,0.03,0.25
297904,3036,107,-28.023074965924025,1.0,0.0,0.03,0.25
298012,3037,108,12.00646932516247,1.0,0.0,0.03,0.25
298111,3038,99,38.73103938251734,1.0,0.0,0.03,0.25
298176,3039,65,-233.3598800562322,0.0,1.0,0.03,0.25
298262,3040,86,57.8735765516758,1.0,0.0,0.03,0.25
298358,3041,96,55.99691069498658,1.0,0.0,0.03,0.25
298441,3042,83,47.17363761365414,1.0,0.0,0.03,0.25
298503,3043,62,-207.18379846215248,0.0,1.0,0.03,0.25
298612,3044,109,-56.15967209683731,1.0,0.0,0.03,0.25
298724,3045,112,50.67703649029136,1.0,0.0,0.03,0.25
298819,3046,95,26.156196370720863,1.0,0.0,0.03,0.25
298925,3047,106,46.58547308202833,1.0,0.0,0.03,0.25
299037,3048,112,-55.27202642802149,1.0,0.0,0.03,0.25
299140,3049,103,53.05244120955467,1.0,0.0,0.03,0.25
299250,3050,110,16.001789316534996,1.0,0.0,0.03,0.25
299312,3051,62,-199.0228199660778,0.0,1.0,0.03,0.25
299411,3052,99,14.176635525655001,1.0,0.0,0.03,0.25
299512,3053,101,57.52109444141388,1.0,0.0,0.03,0.25
299621,3054,109,-85.6592824421823,1.0,0.0,0.03,0.25
299731,3055,110,-19.371411342173815,1.0,0.0,0.03,0.25
299794,3056,63,-245.93046160042286,0.0,1.0,0.03,0.25
299899,3057,105,35.6959022693336,1.0,0.0,0.03,0.25
300008,3058,109,42.382982932031155,1.0,0.0,0.03,0.25
300120,3059,112,12.650815386325121,1.0,0.0,0.03,0.25
300225,3060,105,15.839155446738005,1.0,0.0,0.03,0.25
300330,3061,105,26.163198474328965,1.0,0.0,0.03,0.25
300438,3062,108,14.055482052266598,1.0,0.0,0.03,0.25
300543,3063,105,48.91467469185591,1.0,0.0,0.03,0.25
300645,3064,102,43.365560464560986,1.0,0.0,0.03,0.25
300759,3065,114,5.669056064449251,1.0,0.0,0.03,0.25
300863,3066,104,26.491792421787977,1.0,0.0,0.03,0.25
300968,3067,105,-76.09356924518943,1.0,0.0,0.03,0.25
301071,3068,103,42.44581055641174,1.0,0.0,0.03,0.25
301179,3069,108,61.41786851733923,1.0,0.0,0.03,0.25
301289,3070,110,37.0874003842473,1.0,0.0,0.03,0.25
301395,3071,106,24.556116547435522,1.0,0.0,0.03,0.25
301495,3072,100,37.422560195904225,1.0,0.0,0.03,0.25
301565,3073,70,-204.018620967865,0.0,1.0,0.03,0.25
301671,3074,106,57.568560898303986,1.0,0.0,0.03,0.25
301771,3075,100,47.21771886199713,1.0,0.0,0.03,0.25
301875,3076,104,12.04689262015745,1.0,0.0,0.03,0.25
301975,3077,100,37.019001472275704,1.0,0.0,0.03,0.25
302083,3078,108,-79.86636064946651,1.0,0.0,0.03,0.25
302196,3079,113,-14.715165969450027,1.0,0.0,0.03,0.25
302298,3080,102,49.74578884989023,1.0,0.0,0.03,0.25
302364,3081,66,-211.7016844674945,0.0,1.0,0.03,0.25
302472,3082,108,22.325692295562476,1.0,0.0,0.03,0.25
302569,3083,97,56.18575047701597,1.0,0.0,0.03,0.25
302676,3084,107,6.832396280020475,1.0,0.0,0.03,0.25
302782,3085,106,37.031808733940125,1.0,0.0,0.03,0.25
302884,3086,102,46.47007705271244,1.0,0.0,0.03,0.25
302967,3087,83,62.52363742887974,1.0,0.0,0.03,0.25
303050,3088,83,48.973637491464615,1.0,0.0,0.03,0.25
303162,3089,112,54.31153612583876,1.0,0.0,0.03,0.25
303269,3090,107,-47.8708925396204,1.0,0.0,0.03,0.25
303376,3091,107,51.762114718556404,1.0,0.0,0.03,0.25
303489,3092,113,29.92700185533613,1.0,0.0,0.03,0.25
303599,3093,110,8.649229317437857,1.0,0.0,0.03,0.25
303707,3094,108,-12.481889374554157,1.0,0.0,0.03,0.25
303812,3095,105,32.08466102555394,1.0,0.0,0.03,0.25
303895,3096,83,55.723637744784355,1.0,0.0,0.03,0.25
304008,3097,113,46.052205107640475,1.0,0.0,0.03,0.25
304121,3098,113,-51.49086657166481,1.0,0.0,0.03,0.25
304231,3099,110,62.08031212165952,1.0,0.0,0.03,0.25
304342,3100,111,-0.15782326832413673,1.0,0.0,0.03,0.25
304450,3101,108,52.04887291789055,1.0,0.0,0.03,0.25
304549,3102,99,36.12978499010205,1.0,0.0,0.03,0.25
304659,3103,110,65.28208324313164,1.0,0.0,0.03,0.25
304765,3104,106,41.71427162969485,1.0,0.0,0.03,0.25
304870,3105,105,6.852635432034731,1.0,0.0,0.03,0.25
304980,3106,110,37.54859257489443,1.0,0.0,0.03,0.25
305063,3107,83,58.27363768219948,1.0,0.0,0.03,0.25
305177,3108,114,-21.418469690252095,1.0,0.0,0.03,0.25
305289,3109,112,54.972473450005054,1.0,0.0,0.03,0.25
305391,3110,102,36.474939823150635,1.0,0.0,0.03,0.25
305501,3111,110,49.498287953436375,1.0,0.0,0.03,0.25
305613,3112,112,55.710842825472355,1.0,0.0,0.03,0.25
305717,3113,104,30.279083520174026,1.0,0.0,0.03,0.25
305815,3114,98,1.3260409119538963,1.0,0.0,0.03,0.25
305899,3115,84,52.18697842955589,1.0,0.0,0.03,0.25
306003,3116,104,48.33226176304743,1.0,0.0,0.03,0.25
306086,3117,83,63.97363778948784,1.0,0.0,0.03,0.25
306194,3118,108,34.408105316600995,1.0,0.0,0.03,0.25
306308,3119,114,-88.72516495824675,1.0,0.0,0.03,0.25
306408,3120,100,22.86074396595359,1.0,0.0,0.03,0.25
306491,3121,83,58.27363747358322,1.0,0.0,0.03,0.25
306555,3122,64,-218.6972968056798,0.0,1.0,0.03,0.25
306660,3123,105,57.96775037795305,1.0,0.0,0.03,0.25
306725,3124,65,-234.87735721468925,0.0,1.0,0.03,0.25
306840,3125,115,52.475656509399414,1.0,0.0,0.03,0.25
306909,3126,69,-217.96321292221546,0.0,1.0,0.03,0.25
307021,3127,112,12.680697812698781,1.0,0.0,0.03,0.25
307128,3128,107,46.27234061062336,1.0,0.0,0.03,0.25
307233,3129,105,51.4404976144433,1.0,0.0,0.03,0.25
307344,3130,111,4.758268653880805,1.0,0.0,0.03,0.25
307412,3131,68,-211.702944368124,0.0,1.0,0.03,0.25
307523,3132,111,60.251712404191494,1.0,0.0,0.03,0.25
307637,3133,114,15.473879558529006,1.0,0.0,0.03,0.25
307744,3134,107,-100.60726500675082,1.0,0.0,0.03,0.25
307827,3135,83,63.973637610673904,1.0,0.0,0.03,0.25
307925,3136,98,51.39697225345299,1.0,0.0,0.03,0.25
308026,3137,101,24.552525747567415,1.0,0.0,0.03,0.25
308135,3138,109,22.957406086847186,1.0,0.0,0.03,0.25
308248,3139,113,14.766397468745708,1.0,0.0,0.03,0.25
308352,3140,104,32.39667189633474,1.0,0.0,0.03,0.25
308461,3141,109,48.14949687523767,1.0,0.0,0.03,0.25
308566,3142,105,7.337431766092777,1.0,0.0,0.03,0.25
308676,3143,110,59.66055313497782,1.0,0.0,0.03,0.25
308784,3144,108,22.797442346811295,1.0,0.0,0.03,0.25
308887,3145,103,1.795935241087136,1.0,0.0,0.03,0.25
308985,3146,98,25.912550445646048,1.0,0.0,0.03,0.25
309090,3147,105,54.10135609656572,1.0,0.0,0.03,0.25
309200,3148,110,32.20394869474694,1.0,0.0,0.03,0.25
309260,3149,60,-178.2871565707028,0.0,1.0,0.03,0.25
309364,3150,104,49.97388315945864,1.0,0.0,0.03,0.25
309424,3151,60,-238.3499960564077,0.0,1.0,0.03,0.25
309532,3152,108,32.67485010251403,1.0,0.0,0.03,0.25
309636,3153,104,-15.7222991399467,1.0,0.0,0.03,0.25
309739,3154,103,63.03328598290682,1.0,0.0,0.03,0.25
309843,3155,104,19.079114235937595,1.0,0.0,0.03,0.25
309926,3156,83,46.12363740801811,1.0,0.0,0.03,0.25
309984,3157,58,-230.3717574328184,0.0,1.0,0.03,0.25
310091,3158,107,-64.75440515950322,1.0,0.0,0.03,0.25
310197,3159,106,51.01843570917845,1.0,0.0,0.03,0.25
310298,3160,101,46.63327904744074,1.0,0.0,0.03,0.25
310357,3161,59,-210.46446003764868,0.0,1.0,0.03,0.25
310469,3162,112,24.255996342282742,1.0,0.0,0.03,0.25
310536,3163,67,-226.9474332779646,0.0,1.0,0.03,0.25
310641,3164,105,-11.05704535311088,1.0,0.0,0.03,0.25
310736,3165,95,56.89279227331281,1.0,0.0,0.03,0.25
310844,3166,108,30.523318111896515,1.0,0.0,0.03,0.25
310955,3167,111,58.949971064925194,1.0,0.0,0.03,0.25
311066,3168,111,51.680715054273605,1.0,0.0,0.03,0.25
311171,3169,105,52.43672799319029,1.0,0.0,0.03,0.25
311281,3170,110,3.6325301732867956,1.0,0.0,0.03,0.25
311349,3171,68,-278.7987733781338,0.0,1.0,0.03,0.25
311413,3172,64,-213.99960933625698,0.0,1.0,0.03,0.25
311525,3173,112,52.481564714573324,1.0,0.0,0.03,0.25
311640,3174,115,35.5404107645154,1.0,0.0,0.03,0.25
311725,3175,85,67.45032304525375,1.0,0.0,0.03,0.25
311834,3176,109,19.53295212937519,1.0,0.0,0.03,0.25
311940,3177,106,-17.516022742260247,1.0,0.0,0.03,0.25
312049,3178,109,26.848911929875612,1.0,0.0,0.03,0.25
312158,3179,109,21.69270797073841,1.0,0.0,0.03,0.25
312267,3180,109,59.32494888454676,1.0,0.0,0.03,0.25
312350,3181,83,63.973637610673904,1.0,0.0,0.03,0.25
312421,3182,71,-183.8274652659893,0.0,1.0,0.03,0.25
312527,3183,106,29.28216181648895,1.0,0.0,0.03,0.25
312640,3184,113,-26.41398960724473,1.0,0.0,0.03,0.25
312752,3185,112,48.31059796316549,1.0,0.0,0.03,0.25
312856,3186,104,49.82958287000656,1.0,0.0,0.03,0.25
312963,3187,107,4.336154888384044,1.0,0.0,0.03,0.25
313034,3188,71,-218.9147850763984,0.0,1.0,0.03,0.25
313142,3189,108,6.460095266345888,1.0,0.0,0.03,0.25
313245,3190,103,18.78428613394499,1.0,0.0,0.03,0.25
313347,3191,102,40.02361128479242,1.0,0.0,0.03,0.25
313454,3192,107,17.50204446308271,1.0,0.0,0.03,0.25
313564,3193,110,47.386110708117485,1.0,0.0,0.03,0.25
313672,3194,108,-23.862050057388842,1.0,0.0,0.03,0.25
313781,3195,109,20.62521680817008,1.0,0.0,0.03,0.25
313889,3196,108,34.70637558400631,1.0,0.0,0.03,0.25
314000,3197,111,3.83357355883345,1.0,0.0,0.03,0.25
314109,3198,109,41.65492779761553,1.0,0.0,0.03,0.25
314220,3199,111,26.262712486088276,1.0,0.0,0.03,0.25
314334,3200,114,45.647831823676825,1.0,0.0,0.03,0.25
314445,3201,111,26.380121767520905,1.0,0.0,0.03,0.25
314552,3202,107,25.17255575954914,1.0,0.0,0.03,0.25
314661,3203,109,50.492783203255385,1.0,0.0,0.03,0.25
314772,3204,111,33.730763006955385,1.0,0.0,0.03,0.25
314885,3205,113,-21.702437167055905,1.0,0.0,0.03,0.25
314997,3206,112,41.86674973368645,1.0,0.0,0.03,0.25
315060,3207,63,-183.1552194058895,0.0,1.0,0.03,0.25
315118,3208,58,-176.73704591812566,0.0,1.0,0.03,0.25
315223,3209,105,37.98578030569479,1.0,0.0,0.03,0.25
315324,3210,101,-15.882788520306349,1.0,0.0,0.03,0.25
315426,3211,102,34.82798001123592,1.0,0.0,0.03,0.25
315510,3212,84,64.28698208928108,1.0,0.0,0.03,0.25
315613,3213,103,-65.91416881978512,1.0,0.0,0.03,0.25
315722,3214,109,19.222692236304283,1.0,0.0,0.03,0.25
315826,3215,104,3.2675749845802784,1.0,0.0,0.03,0.25
315932,3216,106,56.82520208507776,1.0,0.0,0.03,0.25
316039,3217,107,64.54231087490916,1.0,0.0,0.03,0.25
316140,3218,101,25.34687704220414,1.0,0.0,0.03,0.25
316251,3219,111,29.57392429560423,1.0,0.0,0.03,0.25
316351,3220,100,44.211394261568785,1.0,0.0,0.03,0.25
316452,3221,101,58.38219952583313,1.0,0.0,0.03,0.25
316554,3222,102,-3.0855511724948883,1.0,0.0,0.03,0.25
316615,3223,61,-196.87639725208282,0.0,1.0,0.03,0.25
316713,3224,98,38.27852337434888,1.0,0.0,0.03,0.25
316769,3225,56,-204.86425839038566,0.0,1.0,0.03,0.25
316871,3226,102,50.5211568698287,1.0,0.0,0.03,0.25
316970,3227,99,51.256699435412884,1.0,0.0,0.03,0.25
317083,3228,113,59.51765779405832,1.0,0.0,0.03,0.25
317192,3229,109,36.9845334100537,1.0,0.0,0.03,0.25
317275,3230,83,63.97363758087158,1.0,0.0,0.03,0.25
317387,3231,112,59.616742826998234,1.0,0.0,0.03,0.25
317492,3232,105,35.2485443726182,1.0,0.0,0.03,0.25
317600,3233,108,43.40773522853851,1.0,0.0,0.03,0.25
317702,3234,102,57.52702295035124,1.0,0.0,0.03,0.25
317785,3235,83,52.573637425899506,1.0,0.0,0.03,0.25
317890,3236,105,-80.26352275535464,1.0,0.0,0.03,0.25
317973,3237,83,54.673637598752975,1.0,0.0,0.03,0.25
318084,3238,111,29.291090082377195,1.0,0.0,0.03,0.25
318191,3239,107,21.761634528636932,1.0,0.0,0.03,0.25
318299,3240,108,-0.016697451937943697,1.0,0.0,0.03,0.25
318411,3241,112,31.847791886888444,1.0,0.0,0.03,0.25
318480,3242,69,-209.63651280477643,0.0,1.0,0.03,0.25
318595,3243,115,44.87205596640706,1.0,0.0,0.03,0.25
318697,3244,102,56.72098796069622,1.0,0.0,0.03,0.25
318802,3245,105,46.267041474580765,1.0,0.0,0.03,0.25
318915,3246,113,54.01422915235162,1.0,0.0,0.03,0.25
319025,3247,110,-3.4074515029788017,1.0,0.0,0.03,0.25
319125,3248,100,51.71441913768649,1.0,0.0,0.03,0.25
319210,3249,85,64.60032296180725,1.0,0.0,0.03,0.25
319274,3250,64,-221.10436120303348,0.0,1.0,0.03,0.25
319381,3251,107,53.05417463928461,1.0,0.0,0.03,0.25
319490,3252,109,26.233508228790015,1.0,0.0,0.03,0.25
319558,3253,68,-194.8877075803466,0.0,1.0,0.03,0.25
319670,3254,112,54.660515575669706,1.0,0.0,0.03,0.25
319753,3255,83,55.42363741993904,1.0,0.0,0.03,0.25
319864,3256,111,45.577717162203044,1.0,0.0,0.03,0.25
319947,3257,83,66.8236375451088,1.0,0.0,0.03,0.25
320020,3258,73,-267.3130854740739,0.0,1.0,0.03,0.25
320125,3259,105,39.959680546075106,1.0,0.0,0.03,0.25
320235,3260,110,-79.6676921993494,1.0,0.0,0.03,0.25
320342,3261,107,-2.71706135943532,1.0,0.0,0.03,0.25
320449,3262,107,44.35333530604839,1.0,0.0,0.03,0.25
320556,3263,107,46.631277691572905,1.0,0.0,0.03,0.25
320659,3264,103,18.12456416292116,1.0,0.0,0.03,0.25
320760,3265,101,43.915186032652855,1.0,0.0,0.03,0.25
320869,3266,109,51.37086671218276,1.0,0.0,0.03,0.25
320980,3267,111,42.71300944965333,1.0,0.0,0.03,0.25
321089,3268,109,55.38076651096344,1.0,0.0,0.03,0.25
321197,3269,108,55.051650159060955,1.0,0.0,0.03,0.25
321298,3270,101,-29.63029269962135,1.0,0.0,0.03,0.25
321407,3271,109,48.50047628208995,1.0,0.0,0.03,0.25
321503,3272,96,60.32072436064482,1.0,0.0,0.03,0.25
321607,3273,104,-12.093276727944613,1.0,0.0,0.03,0.25
321710,3274,103,40.24803898765822,1.0,0.0,0.03,0.25
321822,3275,112,47.76894640410319,1.0,0.0,0.03,0.25
321924,3276,102,32.74639904126525,1.0,0.0,0.03,0.25
322031,3277,107,56.94561426714063,1.0,0.0,0.03,0.25
322137,3278,106,28.455504726152867,1.0,0.0,0.03,0.25
322203,3279,66,-219.79115556180477,0.0,1.0,0.03,0.25
322286,3280,83,63.97363758087158,1.0,0.0,0.03,0.25
322388,3281,102,14.109011044260114,1.0,0.0,0.03,0.25
322488,3282,100,31.79920625127852,1.0,0.0,0.03,0.25
322556,3283,68,-217.79834296554327,0.0,1.0,0.03,0.25
322661,3284,105,44.410854909569025,1.0,0.0,0.03,0.25
322765,3285,104,52.3302938323468,1.0,0.0,0.03,0.25
322848,3286,83,61.123637676239014,1.0,0.0,0.03,0.25
322959,3287,111,2.1850459831766784,1.0,0.0,0.03,0.25
323034,3288,75,-248.41977424919605,0.0,1.0,0.03,0.25
323137,3289,103,56.511118214577436,1.0,0.0,0.03,0.25
323244,3290,107,3.4539886824786663,1.0,0.0,0.03,0.25
323348,3291,104,55.85548555850983,1.0,0.0,0.03,0.25
323459,3292,111,-9.065430533140898,1.0,0.0,0.03,0.25
323557,3293,98,44.77089530136436,1.0,0.0,0.03,0.25
323665,3294,108,38.83971418766305,1.0,0.0,0.03,0.25
323773,3295,108,48.63065456552431,1.0,0.0,0.03,0.25
323851,3296,78,-241.6566348746419,0.0,1.0,0.03,0.25
323952,3297,101,59.44313336163759,1.0,0.0,0.03,0.25
324035,3298,83,52.573637545108795,1.0,0.0,0.03,0.25
324136,3299,101,35.39944739220664,1.0,0.0,0.03,0.25
324242,3300,106,29.32856709137559,1.0,0.0,0.03,0.25
324353,3301,111,41.50361006706953,1.0,0.0,0.03,0.25
324459,3302,106,32.72854319959879,1.0,0.0,0.03,0.25
324519,3303,60,-195.02684849128127,0.0,1.0,0.03,0.25
324622,3304,103,2.301446456462145,1.0,0.0,0.03,0.25
324723,3305,101,33.57348128315061,1.0,0.0,0.03,0.25
324834,3306,111,0.7877604156092275,1.0,0.0,0.03,0.25
324929,3307,95,30.54934700578451,1.0,0.0,0.03,0.25
325039,3308,110,50.90992563217878,1.0,0.0,0.03,0.25
325151,3309,112,35.83957350626588,1.0,0.0,0.03,0.25
325234,3310,83,66.82363763451576,1.0,0.0,0.03,0.25
325342,3311,108,26.59899538755417,1.0,0.0,0.03,0.25
325410,3312,68,-284.2058949023485,0.0,1.0,0.03,0.25
325517,3313,107,40.64547000452876,1.0,0.0,0.03,0.25
325620,3314,103,-54.29798998311162,1.0,0.0,0.03,0.25
325703,3315,83,61.123637706041336,1.0,0.0,0.03,0.25
325810,3316,107,39.02025871351361,1.0,0.0,0.03,0.25
325913,3317,103,40.82448440045118,1.0,0.0,0.03,0.25
325974,3318,61,-209.82318314164877,0.0,1.0,0.03,0.25
326083,3319,109,43.752156388014555,1.0,0.0,0.03,0.25
326182,3320,99,49.95199777558446,1.0,0.0,0.03,0.25
326289,3321,107,17.994384839665145,1.0,0.0,0.03,0.25
326397,3322,108,34.56253998354077,1.0,0.0,0.03,0.25
326496,3323,99,18.732923378236592,1.0,0.0,0.03,0.25
326606,3324,110,33.629570711404085,1.0,0.0,0.03,0.25
326714,3325,108,21.902969893068075,1.0,0.0,0.03,0.25
326784,3326,70,-198.96616389229894,0.0,1.0,0.03,0.25
326895,3327,111,36.220878287698724,1.0,0.0,0.03,0.25
327003,3328,108,37.733149867504835,1.0,0.0,0.03,0.25
327110,3329,107,37.03919341368601,1.0,0.0,0.03,0.25
327217,3330,107,-30.01890194788575,1.0,0.0,0.03,0.25
327320,3331,103,-50.78786117956042,1.0,0.0,0.03,0.25
327428,3332,108,-105.53034519776702,1.0,0.0,0.03,0.25
327494,3333,66,-211.0903156399727,0.0,1.0,0.03,0.25
327607,3334,113,17.781721752136946,1.0,0.0,0.03,0.25
327704,3335,97,21.320591702591628,1.0,0.0,0.03,0.25
327755,3336,51,-265.95338828489184,0.0,1.0,0.03,0.25
327867,3337,112,28.232489574700594,1.0,0.0,0.03,0.25
327967,3338,100,39.90167327970266,1.0,0.0,0.03,0.25
328075,3339,108,1.464096300303936,1.0,0.0,0.03,0.25
328158,3340,83,58.273637771606445,1.0,0.0,0.03,0.25
328242,3341,84,61.43697842955589,1.0,0.0,0.03,0.25
328351,3342,109,50.531540579646844,1.0,0.0,0.03,0.25
328407,3343,56,-203.18338379263878,0.0,1.0,0.03,0.25
328509,3344,102,38.99263793230057,1.0,0.0,0.03,0.25
328573,3345,64,-199.26736745983362,0.0,1.0,0.03,0.25
328656,3346,83,58.27363741397858,1.0,0.0,0.03,0.25
328765,3347,109,28.908918865025043,1.0,0.0,0.03,0.25
328876,3348,111,52.31012064963579,1.0,0.0,0.03,0.25
328980,3349,104,-105.51394517347217,1.0,0.0,0.03,0.25
329085,3350,105,36.94617532938719,1.0,0.0,0.03,0.25
329168,3351,83,66.82363766431808,1.0,0.0,0.03,0.25
329230,3352,62,-279.00570283830166,0.0,1.0,0.03,0.25
329339,3353,109,25.176876924932003,1.0,0.0,0.03,0.25
329449,3354,110,-41.737458530813456,1.0,0.0,0.03,0.25
329557,3355,108,11.891754894983023,1.0,0.0,0.03,0.25
329668,3356,111,44.32435754314065,1.0,0.0,0.03,0.25
329728,3357,60,-198.9079038053751,0.0,1.0,0.03,0.25
329823,3358,95,40.89230204001069,1.0,0.0,0.03,0.25
329927,3359,104,44.43146726489067,1.0,0.0,0.03,0.25
330031,3360,104,39.15313957212493,1.0,0.0,0.03,0.25
330095,3361,64,-203.98274542437866,0.0,1.0,0.03,0.25
330178,3362,83,66.82363766431808,1.0,0.0,0.03,0.25
330288,3363,110,-6.082313094288111,1.0,0.0,0.03,0.25
330384,3364,96,-12.972376414109021,1.0,0.0,0.03,0.25
330494,3365,110,-39.32572257891297,1.0,0.0,0.03,0.25
330602,3366,108,0.586873056832701,1.0,0.0,0.03,0.25
330714,3367,112,63.16292883455753,1.0,0.0,0.03,0.25
330816,3368,102,-33.028279362712055,1.0,0.0,0.03,0.25
330927,3369,111,31.934021651744843,1.0,0.0,0.03,0.25
330984,3370,57,-214.7432122528553,0.0,1.0,0.03,0.25
331095,3371,111,-26.918356589972973,1.0,0.0,0.03,0.25
331208,3372,113,49.38763526082039,1.0,0.0,0.03,0.25
331320,3373,112,-34.78149315388873,1.0,0.0,0.03,0.25
331437,3374,117,38.04102471470833,1.0,0.0,0.03,0.25
331544,3375,107,52.22385414643213,1.0,0.0,0.03,0.25
331655,3376,111,28.713043588679284,1.0,0.0,0.03,0.25
331766,3377,111,57.91494083404541,1.0,0.0,0.03,0.25
331876,3378,110,-13.625172437168658,1.0,0.0,0.03,0.25
331974,3379,98,40.69484382867813,1.0,0.0,0.03,0.25
332074,3380,100,15.543656542897224,1.0,0.0,0.03,0.25
332186,3381,112,6.166816223412752,1.0,0.0,0.03,0.25
332250,3382,64,-201.37886326014996,0.0,1.0,0.03,0.25
332363,3383,113,56.412117294967175,1.0,0.0,0.03,0.25
332477,3384,114,28.347650855779648,1.0,0.0,0.03,0.25
332578,3385,101,55.630400034133345,1.0,0.0,0.03,0.25
332688,3386,110,24.364478781353682,1.0,0.0,0.03,0.25
332790,3387,102,40.06313782930374,1.0,0.0,0.03,0.25
332873,3388,83,53.973637804389,1.0,0.0,0.03,0.25
332985,3389,112,6.595173045992851,1.0,0.0,0.03,0.25
333098,3390,113,-29.19431420043111,1.0,0.0,0.03,0.25
333207,3391,109,20.3353827111423,1.0,0.0,0.03,0.25
333315,3392,108,23.62282095104456,1.0,0.0,0.03,0.25
333424,3393,109,-9.987426721942029,1.0,0.0,0.03,0.25
333527,3394,103,33.95091949403286,1.0,0.0,0.03,0.25
333633,3395,106,16.50104361725971,1.0,0.0,0.03,0.25
333731,3396,98,39.8765035411343,1.0,0.0,0.03,0.25
333795,3397,64,-249.6612142175436,0.0,1.0,0.03,0.25
333905,3398,110,25.131763122975826,1.0,0.0,0.03,0.25
334012,3399,107,-180.63160016015172,1.0,0.0,0.03,0.25
334127,3400,115,42.66479090182111,1.0,0.0,0.03,0.25
334232,3401,105,-5.572194643784314,1.0,0.0,0.03,0.25
334337,3402,105,46.21611824259162,1.0,0.0,0.03,0.25
334447,3403,110,40.14056381583214,1.0,0.0,0.03,0.25
334560,3404,113,15.845397282391787,1.0,0.0,0.03,0.25
334622,3405,62,-222.1600450128317,0.0,1.0,0.03,0.25
334724,3406,102,38.53515758737922,1.0,0.0,0.03,0.25
334835,3407,111,28.611965543590486,1.0,0.0,0.03,0.25
334943,3408,108,-3.096998327411711,1.0,0.0,0.03,0.25
335026,3409,83,54.673637330532074,1.0,0.0,0.03,0.25
335126,3410,100,45.28207901120186,1.0,0.0,0.03,0.25
335228,3411,102,10.737186830956489,1.0,0.0,0.03,0.25
335311,3412,83,52.57363769412041,1.0,0.0,0.03,0.25
335394,3413,83,58.27363741397858,1.0,0.0,0.03,0.25
335505,3414,111,64.85798165202141,1.0,0.0,0.03,0.25
335614,3415,109,33.284271671458555,1.0,0.0,0.03,0.25
335726,3416,112,35.10099325329065,1.0,0.0,0.03,0.25
335809,3417,83,61.12363758683205,1.0,0.0,0.03,0.25
335916,3418,107,36.148374766111374,1.0,0.0,0.03,0.25
336030,3419,114,44.33588922023773,1.0,0.0,0.03,0.25
336142,3420,112,52.63205570727587,1.0,0.0,0.03,0.25
336197,3421,55,-219.96722472459078,0.0,1.0,0.03,0.25
336261,3422,64,-234.99929043650627,0.0,1.0,0.03,0.25
336367,3423,106,8.664747532457113,1.0,0.0,0.03,0.25
336470,3424,103,40.30096611380577,1.0,0.0,0.03,0.25
336572,3425,102,23.35380958020687,1.0,0.0,0.03,0.25
336670,3426,98,-71.40245418250561,1.0,0.0,0.03,0.25
336753,3427,83,63.97363764047623,1.0,0.0,0.03,0.25
336865,3428,112,36.05324658751488,1.0,0.0,0.03,0.25
336975,3429,110,23.99077456444502,1.0,0.0,0.03,0.25
337082,3430,107,53.07436379045248,1.0,0.0,0.03,0.25
337192,3431,110,44.78156275860965,1.0,0.0,0.03,0.25
337300,3432,108,-167.38101606070995,1.0,0.0,0.03,0.25
337412,3433,112,34.87630210397765,1.0,0.0,0.03,0.25
337498,3434,86,50.663664132356644,1.0,0.0,0.03,0.25
337605,3435,107,-3.5095877437852323,1.0,0.0,0.03,0.25
337714,3436,109,14.659982331097126,1.0,0.0,0.03,0.25
337819,3437,105,57.63112809509039,1.0,0.0,0.03,0.25
337926,3438,107,16.39211919158697,1.0,0.0,0.03,0.25
338038,3439,112,-18.822798857931048,1.0,0.0,0.03,0.25
338140,3440,102,13.169423482846469,1.0,0.0,0.03,0.25
338238,3441,98,-11.060210144612938,1.0,0.0,0.03,0.25
338349,3442,111,40.493479147553444,1.0,0.0,0.03,0.25
338455,3443,106,40.913683883380145,1.0,0.0,0.03,0.25
338564,3444,109,57.897244460880756,1.0,0.0,0.03,0.25
338669,3445,105,19.366428535431623,1.0,0.0,0.03,0.25
338752,3446,83,58.27363759279251,1.0,0.0,0.03,0.25
338860,3447,108,18.90625163167715,1.0,0.0,0.03,0.25
338959,3448,99,42.2729574367404,1.0,0.0,0.03,0.25
339071,3449,112,13.084037896245718,1.0,0.0,0.03,0.25
339180,3450,109,36.309827260673046,1.0,0.0,0.03,0.25
339283,3451,103,31.403806939721107,1.0,0.0,0.03,0.25
339394,3452,111,38.79357652366161,1.0,0.0,0.03,0.25
339508,3453,114,39.019941098988056,1.0,0.0,0.03,0.25
339591,3454,83,63.97363758087158,1.0,0.0,0.03,0.25
339698,3455,107,42.27662119269371,1.0,0.0,0.03,0.25
339803,3456,105,42.392640095204115,1.0,0.0,0.03,0.25
339916,3457,113,63.403308156877756,1.0,0.0,0.03,0.25
340018,3458,102,22.484416055958718,1.0,0.0,0.03,0.25
340101,3459,83,69.6736376285553,1.0,0.0,0.03,0.25
340204,3460,103,27.865546092391014,1.0,0.0,0.03,0.25
340273,3461,69,-213.8965295702219,0.0,1.0,0.03,0.25
340385,3462,112,53.65546251088381,1.0,0.0,0.03,0.25
340468,3463,83,66.8236375451088,1.0,0.0,0.03,0.25
340580,3464,112,40.81690238043666,1.0,0.0,0.03,0.25
340692,3465,112,40.387675530742854,1.0,0.0,0.03,0.25
340775,3466,83,63.973637610673904,1.0,0.0,0.03,0.25
340844,3467,69,-238.71920017898083,0.0,1.0,0.03,0.25
340952,3468,108,58.34072645707056,1.0,0.0,0.03,0.25
341063,3469,111,14.91055702418089,1.0,0.0,0.03,0.25
341169,3470,106,9.908070120494813,1.0,0.0,0.03,0.25
341267,3471,98,63.63674736768007,1.0,0.0,0.03,0.25
341335,3472,68,-221.27589690685272,0.0,1.0,0.03,0.25
341444,3473,109,48.12535630911589,1.0,0.0,0.03,0.25
341549,3474,105,7.046962086111307,1.0,0.0,0.03,0.25
341658,3475,109,53.143603540956974,1.0,0.0,0.03,0.25
341741,3476,83,49.72363743185997,1.0,0.0,0.03,0.25
341824,3477,83,66.82363766431808,1.0,0.0,0.03,0.25
341928,3478,104,40.79230898991227,1.0,0.0,0.03,0.25
342037,3479,109,45.89114585518837,1.0,0.0,0.03,0.25
342150,3480,113,18.4282519929111,1.0,0.0,0.03,0.25
342262,3481,112,18.9826629050076,1.0,0.0,0.03,0.25
342372,3482,110,60.54524190723896,1.0,0.0,0.03,0.25
342486,3483,114,-10.524847805965692,1.0,0.0,0.03,0.25
342588,3484,102,41.96040355740115,1.0,0.0,0.03,0.25
342686,3485,98,23.929570000618696,1.0,0.0,0.03,0.25
342788,3486,102,-22.363567121326923,1.0,0.0,0.03,0.25
342902,3487,114,30.098447732627392,1.0,0.0,0.03,0.25
343010,3488,108,49.70552456378937,1.0,0.0,0.03,0.25
343113,3489,103,-119.27447543293238,1.0,0.0,0.03,0.25
343221,3490,108,18.265999491806724,1.0,0.0,0.03,0.25
343322,3491,101,32.4716208614409,1.0,0.0,0.03,0.25
343392,3492,70,-223.9810673892498,0.0,1.0,0.03,0.25
343495,3493,103,0.7390358066186309,1.0,0.0,0.03,0.25
343608,3494,113,27.570838789921254,1.0,0.0,0.03,0.25
343681,3495,73,-213.36701505631208,0.0,1.0,0.03,0.25
343779,3496,98,47.94672837853432,1.0,0.0,0.03,0.25
343889,3497,110,68.38871268182993,1.0,0.0,0.03,0.25
343988,3498,99,41.34139021858573,1.0,0.0,0.03,0.25
344100,3499,112,22.958853975869715,1.0,0.0,0.03,0.25
344205,3500,105,56.662186607252806,1.0,0.0,0.03,0.25
344318,3501,113,1.6306357011198997,1.0,0.0,0.03,0.25
344427,3502,109,-0.5908272862434387,1.0,0.0,0.03,0.25
344492,3503,65,-212.58129508793354,0.0,1.0,0.03,0.25
344595,3504,103,-50.26497596129775,1.0,0.0,0.03,0.25
344678,3505,83,58.27363741397858,1.0,0.0,0.03,0.25
344781,3506,103,29.623232651501894,1.0,0.0,0.03,0.25
344892,3507,111,47.007846884429455,1.0,0.0,0.03,0.25
345004,3508,112,17.73454530350864,1.0,0.0,0.03,0.25
345100,3509,96,31.275424174964428,1.0,0.0,0.03,0.25
345161,3510,61,-241.06482529640198,0.0,1.0,0.03,0.25
345270,3511,109,45.76561576873064,1.0,0.0,0.03,0.25
345380,3512,110,53.105698585510254,1.0,0.0,0.03,0.25
345491,3513,111,-24.455993950366974,1.0,0.0,0.03,0.25
345603,3514,112,31.22095454018563,1.0,0.0,0.03,0.25
345711,3515,108,45.493030823767185,1.0,0.0,0.03,0.25
345781,3516,70,-230.93261756794527,0.0,1.0,0.03,0.25
345893,3517,112,24.291278309654444,1.0,0.0,0.03,0.25
345962,3518,69,-310.53619576990604,0.0,1.0,0.03,0.25
346069,3519,107,32.86988317873329,1.0,0.0,0.03,0.25
346152,3520,83,58.2736377120018,1.0,0.0,0.03,0.25
346260,3521,108,40.74997376231477,1.0,0.0,0.03,0.25
346370,3522,110,46.19613245828077,1.0,0.0,0.03,0.25
346472,3523,102,55.17802231758833,1.0,0.0,0.03,0.25
346579,3524,107,-34.320463709998876,1.0,0.0,0.03,0.25
346683,3525,104,47.92116491869092,1.0,0.0,0.03,0.25
346767,3526,84,55.7369786798954,1.0,0.0,0.03,0.25
346869,3527,102,49.450411565601826,1.0,0.0,0.03,0.25
346982,3528,113,21.43521399749443,1.0,0.0,0.03,0.25
347094,3529,112,39.558613914530724,1.0,0.0,0.03,0.25
347201,3530,107,50.43226573616266,1.0,0.0,0.03,0.25
347299,3531,98,39.63945264369249,1.0,0.0,0.03,0.25
347382,3532,83,63.97363746166229,1.0,0.0,0.03,0.25
347476,3533,94,52.09803130058572,1.0,0.0,0.03,0.25
347585,3534,109,62.70920781046152,1.0,0.0,0.03,0.25
347694,3535,109,-19.117180075496435,1.0,0.0,0.03,0.25
347799,3536,105,55.137214943766594,1.0,0.0,0.03,0.25
347905,3537,106,3.6912922225892544,1.0,0.0,0.03,0.25
348018,3538,113,50.03540349006653,1.0,0.0,0.03,0.25
348101,3539,83,69.6736376285553,1.0,0.0,0.03,0.25
348209,3540,108,49.335580214858055,1.0,0.0,0.03,0.25
348314,3541,105,62.13836367428303,1.0,0.0,0.03,0.25
348421,3542,107,57.25065755099058,1.0,0.0,0.03,0.25
348504,3543,83,69.6736376285553,1.0,0.0,0.03,0.25
348611,3544,107,60.446053840219975,1.0,0.0,0.03,0.25
348720,3545,109,20.633632000535727,1.0,0.0,0.03,0.25
348784,3546,64,-212.25978767871857,0.0,1.0,0.03,0.25
348870,3547,86,53.51366397738457,1.0,0.0,0.03,0.25
348975,3548,105,9.956622384954244,1.0,0.0,0.03,0.25
349087,3549,112,40.82966801524162,1.0,0.0,0.03,0.25
349198,3550,111,-10.898352533578873,1.0,0.0,0.03,0.25
349281,3551,83,61.12363773584366,1.0,0.0,0.03,0.25
349379,3552,98,34.520054932218045,1.0,0.0,0.03,0.25
349475,3553,96,49.81274190545082,1.0,0.0,0.03,0.25
349579,3554,104,63.686127580702305,1.0,0.0,0.03,0.25
349680,3555,101,49.614198818802834,1.0,0.0,0.03,0.25
349780,3556,100,42.8302546069026,1.0,0.0,0.03,0.25
349888,3557,108,45.64925670204684,1.0,0.0,0.03,0.25
350000,3558,112,29.09342936053872,1.0,0.0,0.03,0.25
350104,3559,104,43.07605708390474,1.0,0.0,0.03,0.25
350206,3560,102,47.285059589426965,1.0,0.0,0.03,0.25
350307,3561,101,39.99097016407177,1.0,0.0,0.03,0.25
350366,3562,59,-223.2010751441121,0.0,1.0,0.03,0.25
350478,3563,112,45.66337092220783,1.0,0.0,0.03,0.25
350582,3564,104,0.6194602213799953,1.0,0.0,0.03,0.25
350682,3565,100,58.67052040994167,1.0,0.0,0.03,0.25
350786,3566,104,29.098084690980613,1.0,0.0,0.03,0.25
350884,3567,98,9.395163367968053,1.0,0.0,0.03,0.25
350995,3568,111,5.1045361161231995,1.0,0.0,0.03,0.25
351104,3569,109,40.870032649021596,1.0,0.0,0.03,0.25
351187,3570,83,61.12363764643669,1.0,0.0,0.03,0.25
351292,3571,105,55.22272390825674,1.0,0.0,0.03,0.25
351396,3572,104,27.495635397732258,1.0,0.0,0.03,0.25
351510,3573,114,57.40844306675717,1.0,0.0,0.03,0.25
351615,3574,105,20.046093314420432,1.0,0.0,0.03,0.25
351728,3575,113,33.76849595783278,1.0,0.0,0.03,0.25
351825,3576,97,49.236633233726025,1.0,0.0,0.03,0.25
351937,3577,112,47.335739236325026,1.0,0.0,0.03,0.25
352036,3578,99,14.810786783695221,1.0,0.0,0.03,0.25
352140,3579,104,36.91998002305627,1.0,0.0,0.03,0.25
352246,3580,106,67.53774682432413,1.0,0.0,0.03,0.25
352306,3581,60,-202.1711347848177,0.0,1.0,0.03,0.25
352413,3582,107,33.109357845038176,1.0,0.0,0.03,0.25
352525,3583,112,40.399825252156006,1.0,0.0,0.03,0.25
352633,3584,108,7.412372421473265,1.0,0.0,0.03,0.25
352738,3585,105,60.93641299009323,1.0,0.0,0.03,0.25
352839,3586,101,-32.76263977633789,1.0,0.0,0.03,0.25
352941,3587,102,48.7508319914341,1.0,0.0,0.03,0.25
353048,3588,107,64.93041491508484,1.0,0.0,0.03,0.25
353154,3589,106,45.06357638537884,1.0,0.0,0.03,0.25
353215,3590,61,-216.03112307190895,0.0,1.0,0.03,0.25
353330,3591,115,36.43355722306296,1.0,0.0,0.03,0.25
353409,3592,79,-104.7218550927937,0.0,1.0,0.03,0.25
353511,3593,102,42.49716239795089,1.0,0.0,0.03,0.25
353575,3594,64,-206.89114768058062,0.0,1.0,0.03,0.25
353686,3595,111,-32.648025542963296,1.0,0.0,0.03,0.25
353800,3596,114,40.845468528568745,1.0,0.0,0.03,0.25
353883,3597,83,58.27363762259483,1.0,0.0,0.03,0.25
353992,3598,109,3.934238024055958,1.0,0.0,0.03,0.25
354098,3599,106,37.675277039408684,1.0,0.0,0.03,0.25
354207,3600,109,5.058173532132059,1.0,0.0,0.03,0.25
354313,3601,106,46.745739653590135,1.0,0.0,0.03,0.25
354399,3602,86,59.21366396546364,1.0,0.0,0.03,0.25
354512,3603,113,-1.0571469739079475,1.0,0.0,0.03,0.25
354625,3604,113,32.337459343951195,1.0,0.0,0.03,0.25
354725,3605,100,51.41488277167082,1.0,0.0,0.03,0.25
354831,3606,106,19.66804499924183,1.0,0.0,0.03,0.25
354899,3607,68,-228.04627493023872,0.0,1.0,0.03,0.25
355008,3608,109,49.55021773278713,1.0,0.0,0.03,0.25
355118,3609,110,57.309559874236584,1.0,0.0,0.03,0.25
355227,3610,109,47.62376634310931,1.0,0.0,0.03,0.25
355338,3611,111,35.70332266345213,1.0,0.0,0.03,0.25
355450,3612,112,11.064454651903361,1.0,0.0,0.03,0.25
355558,3613,108,51.63608333049342,1.0,0.0,0.03,0.25
355667,3614,109,39.929280910640955,1.0,0.0,0.03,0.25
355777,3615,110,43.26866779476404,1.0,0.0,0.03,0.25
355875,3616,98,14.717564657330513,1.0,0.0,0.03,0.25
355972,3617,97,63.94036491960287,1.0,0.0,0.03,0.25
356071,3618,99,49.95296233519912,1.0,0.0,0.03,0.25
356172,3619,101,-35.37233410868794,1.0,0.0,0.03,0.25
356281,3620,109,32.174690793734044,1.0,0.0,0.03,0.25
356364,3621,83,63.97363755106926,1.0,0.0,0.03,0.25
356464,3622,100,41.33244314044714,1.0,0.0,0.03,0.25
356574,3623,110,63.17723969370127,1.0,0.0,0.03,0.25
356684,3624,110,42.042179591953754,1.0,0.0,0.03,0.25
356797,3625,113,10.782489068806171,1.0,0.0,0.03,0.25
356863,3626,66,-199.61921745538712,0.0,1.0,0.03,0.25
356971,3627,108,35.222564137075096,1.0,0.0,0.03,0.25
357079,3628,108,41.09939166158438,1.0,0.0,0.03,0.25
357181,3629,102,-10.65466931834817,1.0,0.0,0.03,0.25
357296,3630,115,43.305255357176065,1.0,0.0,0.03,0.25
357379,3631,83,58.27363747358322,1.0,0.0,0.03,0.25
357462,3632,83,48.973637342453,1.0,0.0,0.03,0.25
357573,3633,111,40.34586534276605,1.0,0.0,0.03,0.25
357683,3634,110,52.65497723221779,1.0,0.0,0.03,0.25
357751,3635,68,-231.79953799769282,0.0,1.0,0.03,0.25
357862,3636,111,-58.757800579071045,1.0,0.0,0.03,0.25
357966,3637,104,40.21472179889679,1.0,0.0,0.03,0.25
358060,3638,94,54.74113115249202,1.0,0.0,0.03,0.25
358170,3639,110,-117.2359542362392,1.0,0.0,0.03,0.25
358282,3640,112,-18.227387660183012,1.0,0.0,0.03,0.25
358391,3641,109,61.74617201834917,1.0,0.0,0.03,0.25
358475,3642,84,52.8869785964489,1.0,0.0,0.03,0.25
358574,3643,99,43.59781818091869,1.0,0.0,0.03,0.25
358679,3644,105,33.706962291151285,1.0,0.0,0.03,0.25
358785,3645,106,-106.55299239978194,1.0,0.0,0.03,0.25
358892,3646,107,63.3123769685626,1.0,0.0,0.03,0.25
359002,3647,110,49.88499069260433,1.0,0.0,0.03,0.25
359085,3648,83,52.573637545108795,1.0,0.0,0.03,0.25
359197,3649,112,6.362251732032746,1.0,0.0,0.03,0.25
359308,3650,111,43.81625035312027,1.0,0.0,0.03,0.25
359420,3651,112,19.43874917179346,1.0,0.0,0.03,0.25
359503,3652,83,58.2736377120018,1.0,0.0,0.03,0.25
359587,3653,84,61.08697871863842,1.0,0.0,0.03,0.25
359685,3654,98,54.443203181028366,1.0,0.0,0.03,0.25
359795,3655,110,23.429327838122845,1.0,0.0,0.03,0.25
359906,3656,111,-12.145771786570549,1.0,0.0,0.03,0.25
359967,3657,61,-212.01642898700084,0.0,1.0,0.03,0.25
360073,3658,106,48.486925188037276,1.0,0.0,0.03,0.25
360179,3659,106,-70.86551006275113,1.0,0.0,0.03,0.25
360292,3660,113,-103.71058791130781,1.0,0.0,0.03,0.25
360397,3661,105,-109.20229987241328,1.0,0.0,0.03,0.25
360497,3662,100,48.15786124020815,1.0,0.0,0.03,0.25
360597,3663,100,2.5906347557902336,1.0,0.0,0.03,0.25
360707,3664,110,19.55200107768178,1.0,0.0,0.03,0.25
360816,3665,109,48.45491372421384,1.0,0.0,0.03,0.25
360930,3666,114,28.067527525126934,1.0,0.0,0.03,0.25
361029,3667,99,60.72751408815384,1.0,0.0,0.03,0.25
361101,3668,72,-218.55006491020322,0.0,1.0,0.03,0.25
361207,3669,106,20.2753673940897,1.0,0.0,0.03,0.25
361322,3670,115,43.82313228677958,1.0,0.0,0.03,0.25
361430,3671,108,-11.004363134503365,1.0,0.0,0.03,0.25
361541,3672,111,-77.37444398226216,1.0,0.0,0.03,0.25
361651,3673,110,34.113932229578495,1.0,0.0,0.03,0.25
361758,3674,107,58.33787555109302,1.0,0.0,0.03,0.25
361841,3675,83,63.97363758087158,1.0,0.0,0.03,0.25
361951,3676,110,20.3883245177567,1.0,0.0,0.03,0.25
362007,3677,56,-206.94497805833817,0.0,1.0,0.03,0.25
362113,3678,106,67.85002083331347,1.0,0.0,0.03,0.25
362221,3679,108,50.05857095122337,1.0,0.0,0.03,0.25
362326,3680,105,31.2602947531268,1.0,0.0,0.03,0.25
362389,3681,63,-254.40850007534027,0.0,1.0,0.03,0.25
362497,3682,108,38.79443848086521,1.0,0.0,0.03,0.25
362600,3683,103,46.322758667171,1.0,0.0,0.03,0.25
362710,3684,110,-13.721945137251168,1.0,0.0,0.03,0.25
362822,3685,112,33.09757814183831,1.0,0.0,0.03,0.25
362929,3686,107,15.681652702391148,1.0,0.0,0.03,0.25
363030,3687,101,-12.845969618298113,1.0,0.0,0.03,0.25
363130,3688,100,41.44129285169765,1.0,0.0,0.03,0.25
363213,3689,83,66.8236375451088,1.0,0.0,0.03,0.25
363322,3690,109,17.455363795161247,1.0,0.0,0.03,0.25
363406,3691,84,35.03697869181633,1.0,0.0,0.03,0.25
363522,3692,116,-56.824289843440056,1.0,0.0,0.03,0.25
363632,3693,110,27.026392243336886,1.0,0.0,0.03,0.25
363707,3694,75,-214.77660928294063,0.0,1.0,0.03,0.25
363774,3695,67,-232.73044241964817,0.0,1.0,0.03,0.25
363829,3696,55,-224.5940296286717,0.0,1.0,0.03,0.25
363941,3697,112,9.089843846857548,1.0,0.0,0.03,0.25
364045,3698,104,-34.81573785515502,1.0,0.0,0.03,0.25
364146,3699,101,-4.513750143349171,1.0,0.0,0.03,0.25
364250,3700,104,-37.75667438283563,1.0,0.0,0.03,0.25
364358,3701,108,-53.275857619941235,1.0,0.0,0.03,0.25
364463,3702,105,50.76575652509928,1.0,0.0,0.03,0.25
364571,3703,108,52.25768068013713,1.0,0.0,0.03,0.25
364683,3704,112,6.500350218266249,1.0,0.0,0.03,0.25
364795,3705,112,-5.869258735328913,1.0,0.0,0.03,0.25
364906,3706,111,-3.8757909149644547,1.0,0.0,0.03,0.25
364989,3707,83,61.123637676239014,1.0,0.0,0.03,0.25
365101,3708,112,27.330954792909324,1.0,0.0,0.03,0.25
365214,3709,113,16.855894405394793,1.0,0.0,0.03,0.25
365282,3710,68,-224.91857665777206,0.0,1.0,0.03,0.25
365386,3711,104,29.504841446410865,1.0,0.0,0.03,0.25
365484,3712,98,46.363091789186,1.0,0.0,0.03,0.25
365549,3713,65,-230.29212522506714,0.0,1.0,0.03,0.25
365661,3714,112,23.469791564624757,1.0,0.0,0.03,0.25
365770,3715,109,-96.27537113055587,1.0,0.0,0.03,0.25
365873,3716,103,32.77342591434717,1.0,0.0,0.03,0.25
365957,3717,84,47.186978697776794,1.0,0.0,0.03,0.25
366032,3718,75,-264.4142988175154,0.0,1.0,0.03,0.25
366136,3719,104,47.45652065426111,1.0,0.0,0.03,0.25
366245,3720,109,25.070213008206338,1.0,0.0,0.03,0.25
366347,3721,102,46.88693835912272,1.0,0.0,0.03,0.25
366461,3722,114,-146.41255171597004,1.0,0.0,0.03,0.25
366569,3723,108,70.56088882684708,1.0,0.0,0.03,0.25
366672,3724,103,59.01041394472122,1.0,0.0,0.03,0.25
366738,3725,66,-214.11766773462296,0.0,1.0,0.03,0.25
366846,3726,108,36.55647437926382,1.0,0.0,0.03,0.25
366954,3727,108,38.464048750698566,1.0,0.0,0.03,0.25
367055,3728,101,45.11472028493881,1.0,0.0,0.03,0.25
367157,3729,102,-64.68960882350802,1.0,0.0,0.03,0.25
367263,3730,106,16.54357175063342,1.0,0.0,0.03,0.25
367367,3731,104,51.125957522541285,1.0,0.0,0.03,0.25
367428,3732,61,-243.03953783214092,0.0,1.0,0.03,0.25
367539,3733,111,50.42719146236777,1.0,0.0,0.03,0.25
367640,3734,101,-54.289714355938486,1.0,0.0,0.03,0.25
367754,3735,114,12.711130034178495,1.0,0.0,0.03,0.25
367855,3736,101,29.705526009202003,1.0,0.0,0.03,0.25
367968,3737,113,-4.100428633391857,1.0,0.0,0.03,0.25
368064,3738,96,44.63093565404415,1.0,0.0,0.03,0.25
368171,3739,107,32.597797978669405,1.0,0.0,0.03,0.25
368254,3740,83,52.57363760471344,1.0,0.0,0.03,0.25
368321,3741,67,-245.07370706275105,0.0,1.0,0.03,0.25
368434,3742,113,-59.193724762648344,1.0,0.0,0.03,0.25
368543,3743,109,47.50776556134224,1.0,0.0,0.03,0.25
368626,3744,83,63.97363758087158,1.0,0.0,0.03,0.25
368731,3745,105,25.0592345520854,1.0,0.0,0.03,0.25
368791,3746,60,-220.13002379238605,0.0,1.0,0.03,0.25
368904,3747,113,54.03200778365135,1.0,0.0,0.03,0.25
369007,3748,103,23.662256002426147,1.0,0.0,0.03,0.25
369118,3749,111,61.546697434037924,1.0,0.0,0.03,0.25
369231,3750,113,45.82420960068703,1.0,0.0,0.03,0.25
369306,3751,75,-228.4847755995579,0.0,1.0,0.03,0.25
369405,3752,99,55.33615546673536,1.0,0.0,0.03,0.25
369514,3753,109,-36.8367491154786,1.0,0.0,0.03,0.25
369624,3754,110,57.89287105202675,1.0,0.0,0.03,0.25
369732,3755,108,40.57898162677884,1.0,0.0,0.03,0.25
369834,3756,102,48.42394625209272,1.0,0.0,0.03,0.25
369947,3757,113,15.875086284708232,1.0,0.0,0.03,0.25
370048,3758,101,42.10150082781911,1.0,0.0,0.03,0.25
370143,3759,95,61.606099870055914,1.0,0.0,0.03,0.25
370255,3760,112,60.66202259063721,1.0,0.0,0.03,0.25
370359,3761,104,53.15655035153031,1.0,0.0,0.03,0.25
370467,3762,108,-80.12436486408114,1.0,0.0,0.03,0.25
370574,3763,107,53.355908416211605,1.0,0.0,0.03,0.25
370685,3764,111,26.05582781136036,1.0,0.0,0.03,0.25
370785,3765,100,55.997339606285095,1.0,0.0,0.03,0.25
370890,3766,105,39.34340054541826,1.0,0.0,0.03,0.25
370994,3767,104,13.47070031426847,1.0,0.0,0.03,0.25
371101,3768,107,-10.948374202474952,1.0,0.0,0.03,0.25
371209,3769,108,61.508899211883545,1.0,0.0,0.03,0.25
371316,3770,107,50.61354227736592,1.0,0.0,0.03,0.25
371373,3771,57,-198.5555545538664,0.0,1.0,0.03,0.25
371484,3772,111,-17.999110545031726,1.0,0.0,0.03,0.25
371597,3773,113,46.209781512618065,1.0,0.0,0.03,0.25
371703,3774,106,50.100144922267646,1.0,0.0,0.03,0.25
371814,3775,111,38.40092134848237,1.0,0.0,0.03,0.25
371920,3776,106,35.66075042588636,1.0,0.0,0.03,0.25
372025,3777,105,7.813891749829054,1.0,0.0,0.03,0.25
372126,3778,101,40.89897493971512,1.0,0.0,0.03,0.25
372236,3779,110,-7.214235804975033,1.0,0.0,0.03,0.25
372319,3780,83,57.52363774180412,1.0,0.0,0.03,0.25
372430,3781,111,21.702511325478554,1.0,0.0,0.03,0.25
372501,3782,71,-220.56984312832355,0.0,1.0,0.03,0.25
372609,3783,108,32.88340355409309,1.0,0.0,0.03,0.25
372719,3784,110,8.469878781121224,1.0,0.0,0.03,0.25
372820,3785,101,54.77994278818369,1.0,0.0,0.03,0.25
372922,3786,102,16.947055521901348,1.0,0.0,0.03,0.25
373029,3787,107,-52.13868814148009,1.0,0.0,0.03,0.25
373140,3788,111,-43.15098483162001,1.0,0.0,0.03,0.25
373244,3789,104,-103.39541490003467,1.0,0.0,0.03,0.25
373352,3790,108,22.001689460128546,1.0,0.0,0.03,0.25
373455,3791,103,25.041949085891247,1.0,0.0,0.03,0.25
373561,3792,106,63.16750994324684,1.0,0.0,0.03,0.25
373676,3793,115,40.48605753807351,1.0,0.0,0.03,0.25
373783,3794,107,23.6874011605978,1.0,0.0,0.03,0.25
373897,3795,114,-12.982513308990747,1.0,0.0,0.03,0.25
374007,3796,110,19.9993900321424,1.0,0.0,0.03,0.25
374119,3797,112,61.48846036940813,1.0,0.0,0.03,0.25
374230,3798,111,61.47975514829159,1.0,0.0,0.03,0.25
374336,3799,106,-1.8359078355133533,1.0,0.0,0.03,0.25
374434,3800,98,36.52926544845104,1.0,0.0,0.03,0.25
374538,3801,104,19.620903972536325,1.0,0.0,0.03,0.25
374636,3802,98,-31.92196647869423,1.0,0.0,0.03,0.25
374738,3803,102,-6.200150676537305,1.0,0.0,0.03,0.25
374806,3804,68,-276.299561496824,0.0,1.0,0.03,0.25
374915,3805,109,-26.458258689381182,1.0,0.0,0.03,0.25
375022,3806,107,53.60246429592371,1.0,0.0,0.03,0.25
375125,3807,103,41.00775213402085,1.0,0.0,0.03,0.25
375191,3808,66,-212.29534383118153,0.0,1.0,0.03,0.25
375304,3809,113,-37.71243840130046,1.0,0.0,0.03,0.25
375411,3810,107,36.29062982276082,1.0,0.0,0.03,0.25
375482,3811,71,-234.06664203107357,0.0,1.0,0.03,0.25
375591,3812,109,54.51688088849187,1.0,0.0,0.03,0.25
375692,3813,101,17.069011335726827,1.0,0.0,0.03,0.25
375797,3814,105,57.808783032000065,1.0,0.0,0.03,0.25
375895,3815,98,52.03267967700958,1.0,0.0,0.03,0.25
376007,3816,112,44.24420168250799,1.0,0.0,0.03,0.25
376113,3817,106,41.49597953259945,1.0,0.0,0.03,0.25
376222,3818,109,-1.2555035166442394,1.0,0.0,0.03,0.25
376331,3819,109,6.935932971537113,1.0,0.0,0.03,0.25
376443,3820,112,35.619603659491986,1.0,0.0,0.03,0.25
376560,3821,117,28.982352695893496,1.0,0.0,0.03,0.25
376643,3822,83,52.57363751530647,1.0,0.0,0.03,0.25
376757,3823,114,25.830455649178475,1.0,0.0,0.03,0.25
376862,3824,105,-72.10530768334866,1.0,0.0,0.03,0.25
376971,3825,109,48.90475343866274,1.0,0.0,0.03,0.25
377082,3826,111,46.880095180124044,1.0,0.0,0.03,0.25
377153,3827,71,-244.16571562364697,0.0,1.0,0.03,0.25
377264,3828,111,65.40833244472742,1.0,0.0,0.03,0.25
377376,3829,112,48.63766258955002,1.0,0.0,0.03,0.25
377484,3830,108,33.977914796210825,1.0,0.0,0.03,0.25
377549,3831,65,-228.5953916683793,0.0,1.0,0.03,0.25
377650,3832,101,60.90757955191657,1.0,0.0,0.03,0.25
377754,3833,104,46.84064285829663,1.0,0.0,0.03,0.25
377837,3834,83,55.42363774776459,1.0,0.0,0.03,0.25
377967,3835,130,-112.58587805226853,0.0,0.0,0.03,0.25
378023,3836,56,-193.966849707067,0.0,1.0,0.03,0.25
378106,3837,83,63.973637610673904,1.0,0.0,0.03,0.25
378173,3838,67,-195.12794706225395,0.0,1.0,0.03,0.25
378280,3839,107,33.34013370424509,1.0,0.0,0.03,0.25
378342,3840,62,-210.8431658744812,0.0,1.0,0.03,0.25
378455,3841,113,7.214663565158844,1.0,0.0,0.03,0.25
378538,3842,83,61.12363758683205,1.0,0.0,0.03,0.25
378649,3843,111,33.23806445300579,1.0,0.0,0.03,0.25
378758,3844,109,55.696215376257896,1.0,0.0,0.03,0.25
378871,3845,113,70.94694247096777,1.0,0.0,0.03,0.25
378976,3846,105,47.85658960789442,1.0,0.0,0.03,0.25
379084,3847,108,15.077881889417768,1.0,0.0,0.03,0.25
379186,3848,102,36.23321835324168,1.0,0.0,0.03,0.25
379269,3849,83,66.82363760471344,1.0,0.0,0.03,0.25
379380,3850,111,-24.854263846296817,1.0,0.0,0.03,0.25
379483,3851,103,44.3309767767787,1.0,0.0,0.03,0.25
379566,3852,83,55.42363750934601,1.0,0.0,0.03,0.25
379672,3853,106,48.26933724433184,1.0,0.0,0.03,0.25
379776,3854,104,59.81763619929552,1.0,0.0,0.03,0.25
379883,3855,107,-54.08403692767024,1.0,0.0,0.03,0.25
379944,3856,61,-224.87289313971996,0.0,1.0,0.03,0.25
380007,3857,63,-196.45108030736446,0.0,1.0,0.03,0.25
380125,3858,118,27.006430219858885,1.0,0.0,0.03,0.25
380193,3859,68,-185.03065489279106,0.0,1.0,0.03,0.25
380304,3860,111,41.36447738856077,1.0,0.0,0.03,0.25
380388,3861,84,58.58697843551636,1.0,0.0,0.03,0.25
380450,3862,62,-186.0869219377637,0.0,1.0,0.03,0.25
380572,3863,122,-19.959294706583023,1.0,0.0,0.03,0.25
380641,3864,69,-239.04969230713323,0.0,1.0,0.03,0.25
380753,3865,112,-48.93551997328177,1.0,0.0,0.03,0.25
380837,3866,84,55.73697853088379,1.0,0.0,0.03,0.25
380903,3867,66,-237.02303160028532,0.0,1.0,0.03,0.25
380976,3868,73,-186.40298387408257,0.0,1.0,0.03,0.25
381041,3869,65,-215.9687228500843,0.0,1.0,0.03,0.25
381149,3870,108,40.23860506340861,1.0,0.0,0.03,0.25
381212,3871,63,-219.78867515921593,0.0,1.0,0.03,0.25
381325,3872,113,51.51059520198032,1.0,0.0,0.03,0.25
381428,3873,103,64.7540730908513,1.0,0.0,0.03,0.25
381538,3874,110,-40.332325839437544,1.0,0.0,0.03,0.25
381640,3875,102,22.121815990190953,1.0,0.0,0.03,0.25
381753,3876,113,39.26331878080964,1.0,0.0,0.03,0.25
381850,3877,97,-25.561544227413833,1.0,0.0,0.03,0.25
381919,3878,69,-219.95848290249705,0.0,1.0,0.03,0.25
382025,3879,106,20.68512888252735,1.0,0.0,0.03,0.25
382129,3880,104,32.317153982352465,1.0,0.0,0.03,0.25
382242,3881,113,56.59386292099953,1.0,0.0,0.03,0.25
382328,3882,86,59.21366372704506,1.0,0.0,0.03,0.25
382393,3883,65,-233.3414922580123,0.0,1.0,0.03,0.25
382499,3884,106,47.67936325073242,1.0,0.0,0.03,0.25
382600,3885,101,50.014605573844165,1.0,0.0,0.03,0.25
382697,3886,97,3.6320314439944923,1.0,0.0,0.03,0.25
382806,3887,109,62.46147087216377,1.0,0.0,0.03,0.25
382918,3888,112,56.14914133772254,1.0,0.0,0.03,0.25
383030,3889,112,7.100704818498343,1.0,0.0,0.03,0.25
383127,3890,97,60.54176911711693,1.0,0.0,0.03,0.25
383235,3891,108,39.49761684940313,1.0,0.0,0.03,0.25
383347,3892,112,-32.20768165588379,1.0,0.0,0.03,0.25
383453,3893,106,32.65403892099857,1.0,0.0,0.03,0.25
383559,3894,106,56.360136333387345,1.0,0.0,0.03,0.25
383672,3895,113,46.98578733531758,1.0,0.0,0.03,0.25
383784,3896,112,58.68155460059643,1.0,0.0,0.03,0.25
383881,3897,97,9.245244952850044,1.0,0.0,0.03,0.25
383964,3898,83,69.6736376285553,1.0,0.0,0.03,0.25
384072,3899,108,-6.135262528434396,1.0,0.0,0.03,0.25
384178,3900,106,60.62117765843868,1.0,0.0,0.03,0.25
384278,3901,100,-65.1046202071011,1.0,0.0,0.03,0.25
384388,3902,110,58.82166854292154,1.0,0.0,0.03,0.25
384498,3903,110,-31.499512568116188,1.0,0.0,0.03,0.25
384612,3904,114,46.35110926628113,1.0,0.0,0.03,0.25
384720,3905,108,56.71726009994745,1.0,0.0,0.03,0.25
384833,3906,113,67.72859696298838,1.0,0.0,0.03,0.25
384932,3907,99,59.34350495412946,1.0,0.0,0.03,0.25
385032,3908,100,31.686563964933157,1.0,0.0,0.03,0.25
385162,3909,130,-102.05477005243301,0.0,0.0,0.03,0.25
385259,3910,97,31.586446676403284,1.0,0.0,0.03,0.25
385360,3911,101,47.19930087029934,1.0,0.0,0.03,0.25
385468,3912,108,18.540960783604532,1.0,0.0,0.03,0.25
385571,3913,103,39.1108840177767,1.0,0.0,0.03,0.25
385672,3914,101,7.553348943591118,1.0,0.0,0.03,0.25
385782,3915,110,32.08179124817252,1.0,0.0,0.03,0.25
385888,3916,106,71.41657703369856,1.0,0.0,0.03,0.25
385988,3917,100,-61.85513885319233,1.0,0.0,0.03,0.25
386091,3918,103,18.979888159781694,1.0,0.0,0.03,0.25
386174,3919,83,61.123637557029724,1.0,0.0,0.03,0.25
386257,3920,83,63.97363764047623,1.0,0.0,0.03,0.25
386365,3921,108,59.829680632799864,1.0,0.0,0.03,0.25
386465,3922,100,5.300323689356446,1.0,0.0,0.03,0.25
386575,3923,110,-9.802750633098185,1.0,0.0,0.03,0.25
386673,3924,98,46.34084602445364,1.0,0.0,0.03,0.25
386748,3925,75,-229.09059646725655,0.0,1.0,0.03,0.25
386858,3926,110,55.09424037113786,1.0,0.0,0.03,0.25
386962,3927,104,39.820750430226326,1.0,0.0,0.03,0.25
387062,3928,100,37.01284467801452,1.0,0.0,0.03,0.25
387182,3929,120,19.91816920414567,1.0,0.0,0.03,0.25
387285,3930,103,57.283850096166134,1.0,0.0,0.03,0.25
387368,3931,83,58.273637771606445,1.0,0.0,0.03,0.25
387451,3932,83,66.8236375451088,1.0,0.0,0.03,0.25
387562,3933,111,37.431136794388294,1.0,0.0,0.03,0.25
387666,3934,104,22.404457522090524,1.0,0.0,0.03,0.25
387776,3935,110,-58.10350875603035,1.0,0.0,0.03,0.25
387882,3936,106,35.49554781196639,1.0,0.0,0.03,0.25
387985,3937,103,45.54200982302427,1.0,0.0,0.03,0.25
388096,3938,111,15.39823853969574,1.0,0.0,0.03,0.25
388153,3939,57,-206.41842310130596,0.0,1.0,0.03,0.25
388268,3940,115,42.26586824795231,1.0,0.0,0.03,0.25
388376,3941,108,57.73385079950094,1.0,0.0,0.03,0.25
388459,3942,83,66.82363766431808,1.0,0.0,0.03,0.25
388567,3943,108,17.805549424141645,1.0,0.0,0.03,0.25
388679,3944,112,30.571811191737652,1.0,0.0,0.03,0.25
388762,3945,83,61.12363746762276,1.0,0.0,0.03,0.25
388829,3946,67,-220.91149392724037,0.0,1.0,0.03,0.25
388912,3947,83,55.42363756895065,1.0,0.0,0.03,0.25
389022,3948,110,43.978462759405375,1.0,0.0,0.03,0.25
389126,3949,104,68.46302730590105,1.0,0.0,0.03,0.25
389226,3950,100,64.69547931849957,1.0,0.0,0.03,0.25
389326,3951,100,30.42342932522297,1.0,0.0,0.03,0.25
389409,3952,83,63.973637759685516,1.0,0.0,0.03,0.25
389512,3953,103,51.052096001803875,1.0,0.0,0.03,0.25
389609,3954,97,57.042689975351095,1.0,0.0,0.03,0.25
389721,3955,112,43.63808510825038,1.0,0.0,0.03,0.25
389831,3956,110,33.437503541703336,1.0,0.0,0.03,0.25
389914,3957,83,61.12363749742508,1.0,0.0,0.03,0.25
390016,3958,102,34.968747429549694,1.0,0.0,0.03,0.25
390127,3959,111,52.67447788640857,1.0,0.0,0.03,0.25
390211,3960,84,61.43697872757912,1.0,0.0,0.03,0.25
390324,3961,113,58.22782700136304,1.0,0.0,0.03,0.25
390425,3962,101,45.9466516780667,1.0,0.0,0.03,0.25
390508,3963,83,66.8236376941204,1.0,0.0,0.03,0.25
390615,3964,107,63.0658126398921,1.0,0.0,0.03,0.25
390724,3965,109,40.06968295946717,1.0,0.0,0.03,0.25
390832,3966,108,3.181901551783085,1.0,0.0,0.03,0.25
390934,3967,102,31.38275619596243,1.0,0.0,0.03,0.25
391045,3968,111,47.324548445641994,1.0,0.0,0.03,0.25
391155,3969,110,34.36322019249201,1.0,0.0,0.03,0.25
391258,3970,103,23.789534218609333,1.0,0.0,0.03,0.25
391368,3971,110,14.281750239431858,1.0,0.0,0.03,0.25
391479,3972,111,43.536095585208386,1.0,0.0,0.03,0.25
391588,3973,109,27.27672839909792,1.0,0.0,0.03,0.25
391687,3974,99,17.868113143369555,1.0,0.0,0.03,0.25
391770,3975,83,61.12363749742508,1.0,0.0,0.03,0.25
391867,3976,97,15.036709006875753,1.0,0.0,0.03,0.25
391975,3977,108,71.40539485216141,1.0,0.0,0.03,0.25
392082,3978,107,41.11550185456872,1.0,0.0,0.03,0.25
392192,3979,110,50.56464400701225,1.0,0.0,0.03,0.25
392304,3980,112,16.15099075809121,1.0,0.0,0.03,0.25
392413,3981,109,8.50592457037419,1.0,0.0,0.03,0.25
392521,3982,108,39.90726399794221,1.0,0.0,0.03,0.25
392629,3983,108,62.944927394390106,1.0,0.0,0.03,0.25
392738,3984,109,27.373856893740594,1.0,0.0,0.03,0.25
392821,3985,83,61.12363785505295,1.0,0.0,0.03,0.25
392933,3986,112,-77.01689060451463,1.0,0.0,0.03,0.25
393046,3987,113,18.487269605509937,1.0,0.0,0.03,0.25
393157,3988,111,41.5167422555387,1.0,0.0,0.03,0.25
393258,3989,101,-38.166690988931805,1.0,0.0,0.03,0.25
393363,3990,105,26.3937548995018,1.0,0.0,0.03,0.25
393476,3991,113,51.64829809963703,1.0,0.0,0.03,0.25
393543,3992,67,-239.4999545738101,0.0,1.0,0.03,0.25
393653,3993,110,28.46764025092125,1.0,0.0,0.03,0.25
393768,3994,115,8.704483803361654,1.0,0.0,0.03,0.25
393879,3995,111,-1.2903273971751332,1.0,0.0,0.03,0.25
393984,3996,105,7.409625694155693,1.0,0.0,0.03,0.25
394086,3997,102,-87.44513554871082,1.0,0.0,0.03,0.25
394189,3998,103,-39.8688919399865,1.0,0.0,0.03,0.25
394298,3999,109,2.9371556490659714,1.0,0.0,0.03,0.25
394409,4000,111,61.52029622346163,1.0,0.0,0.03,0.25
394521,4001,112,44.394371531903744,1.0,0.0,0.03,0.25
394627,4002,106,25.86068945378065,1.0,0.0,0.03,0.25
394732,4003,105,56.99045079946518,1.0,0.0,0.03,0.25
394789,4004,57,-209.9509790688753,0.0,1.0,0.03,0.25
394851,4005,62,-207.3686060681939,0.0,1.0,0.03,0.25
394951,4006,100,53.87232383713126,1.0,0.0,0.03,0.25
395051,4007,100,31.841748188249767,1.0,0.0,0.03,0.25
395164,4008,113,-61.85713465511799,1.0,0.0,0.03,0.25
395268,4009,104,47.148649267852306,1.0,0.0,0.03,0.25
395378,4010,110,15.738944854587317,1.0,0.0,0.03,0.25
395489,4011,111,4.790351636707783,1.0,0.0,0.03,0.25
395602,4012,113,30.800477739423513,1.0,0.0,0.03,0.25
395711,4013,109,-89.09756387770176,1.0,0.0,0.03,0.25
395824,4014,113,67.31781736016273,1.0,0.0,0.03,0.25
395940,4015,116,54.77732666581869,1.0,0.0,0.03,0.25
396023,4016,83,63.97363746166229,1.0,0.0,0.03,0.25
396128,4017,105,40.347577434033155,1.0,0.0,0.03,0.25
396242,4018,114,45.05902214720845,1.0,0.0,0.03,0.25
396350,4019,108,43.023850694298744,1.0,0.0,0.03,0.25
396458,4020,108,1.6375779281370342,1.0,0.0,0.03,0.25
396571,4021,113,40.54355288622901,1.0,0.0,0.03,0.25
396677,4022,106,31.652725260704756,1.0,0.0,0.03,0.25
396786,4023,109,36.66794441640377,1.0,0.0,0.03,0.25
396885,4024,99,59.772799119353294,1.0,0.0,0.03,0.25
396989,4025,104,-111.75510746240616,1.0,0.0,0.03,0.25
397072,4026,83,63.97363767027855,1.0,0.0,0.03,0.25
397202,4027,130,-115.23263528570533,0.0,0.0,0.03,0.25
397311,4028,109,46.03032893687487,1.0,0.0,0.03,0.25
397407,4029,96,-67.2281028740108,1.0,0.0,0.03,0.25
397490,4030,83,63.973637610673904,1.0,0.0,0.03,0.25
397603,4031,113,44.1075378023088,1.0,0.0,0.03,0.25
397687,4032,84,58.586982041597366,1.0,0.0,0.03,0.25
397793,4033,106,43.03152269823477,1.0,0.0,0.03,0.25
397877,4034,84,58.586978763341904,1.0,0.0,0.03,0.25
397981,4035,104,30.68832327798009,1.0,0.0,0.03,0.25
398087,4036,106,23.520723468158394,1.0,0.0,0.03,0.25
398192,4037,105,53.28986754268408,1.0,0.0,0.03,0.25
398298,4038,106,53.7271246984601,1.0,0.0,0.03,0.25
398380,4039,82,-252.30343259125948,0.0,1.0,0.03,0.25
398488,4040,108,47.71973440051079,1.0,0.0,0.03,0.25
398587,4041,99,53.85908244550228,1.0,0.0,0.03,0.25
398670,4042,83,55.423637360334396,1.0,0.0,0.03,0.25
398772,4043,102,16.61510376445949,1.0,0.0,0.03,0.25
398830,4044,58,-239.03017184138298,0.0,1.0,0.03,0.25
398931,4045,101,-110.3400032185018,1.0,0.0,0.03,0.25
399038,4046,107,47.40953881293535,1.0,0.0,0.03,0.25
399140,4047,102,-41.71571245789528,1.0,0.0,0.03,0.25
399250,4048,110,51.63450747728348,1.0,0.0,0.03,0.25
399346,4049,96,30.537554267328233,1.0,0.0,0.03,0.25
399450,4050,104,12.300179958343506,1.0,0.0,0.03,0.25
399556,4051,106,1.626559391617775,1.0,0.0,0.03,0.25
399618,4052,62,-223.98937257379293,0.0,1.0,0.03,0.25
399729,4053,111,14.659323256462812,1.0,0.0,0.03,0.25
399812,4054,83,69.6736376285553,1.0,0.0,0.03,0.25
399922,4055,110,39.22067319601774,1.0,0.0,0.03,0.25
