global_step,episode,length,reward,success,collision,epsilon,temperature
49,1,49,-175.1684149503708,0.0,1.0,0.8997223333333334,0.999755
89,2,40,-185.3445693999529,0.0,1.0,0.8994956666666667,0.999555
146,3,57,-208.23163051903248,0.0,1.0,0.8991726666666667,0.99927
204,4,58,-217.64589568972588,0.0,1.0,0.898844,0.99898
236,5,32,-188.22675082087517,0.0,1.0,0.8986626666666667,0.99882
271,6,35,-174.64540596306324,0.0,1.0,0.8984643333333333,0.998645
326,7,55,-208.9284863471985,0.0,1.0,0.8981526666666667,0.99837
380,8,54,-201.99090206623077,0.0,1.0,0.8978466666666667,0.9981
431,9,51,-200.88282775878906,0.0,1.0,0.8975576666666667,0.997845
475,10,44,-210.90033820271492,0.0,1.0,0.8973083333333334,0.997625
530,11,55,-204.24920634925365,0.0,1.0,0.8969966666666667,0.99735
571,12,41,-221.5077751800418,0.0,1.0,0.8967643333333334,0.997145
612,13,41,-204.96247225999832,0.0,1.0,0.896532,0.99694
649,14,37,-176.79484564065933,0.0,1.0,0.8963223333333333,0.996755
701,15,52,-212.9030058979988,0.0,1.0,0.8960276666666667,0.996495
739,16,38,-184.4220497906208,0.0,1.0,0.8958123333333333,0.996305
789,17,50,-197.91449423134327,0.0,1.0,0.895529,0.996055
826,18,37,-182.77710537612438,0.0,1.0,0.8953193333333334,0.99587
858,19,32,-189.56205463409424,0.0,1.0,0.895138,0.99571
901,20,43,-185.30166105926037,0.0,1.0,0.8948943333333333,0.995495
953,21,52,-186.95971064269543,0.0,1.0,0.8945996666666667,0.995235
1006,22,53,-195.7832369506359,0.0,1.0,0.8942993333333333,0.99497
1036,23,30,-167.97715723514557,0.0,1.0,0.8941293333333333,0.99482
1072,24,36,-185.58302250504494,0.0,1.0,0.8939253333333333,0.99464
1129,25,57,-206.0277900248766,0.0,1.0,0.8936023333333334,0.994355
1160,26,31,-175.54422095417976,0.0,1.0,0.8934266666666667,0.9942
1202,27,42,-192.2457785308361,0.0,1.0,0.8931886666666667,0.99399
1229,28,27,-175.21607047319412,0.0,1.0,0.8930356666666667,0.993855
1265,29,36,-185.62455974519253,0.0,1.0,0.8928316666666667,0.993675
1300,30,35,-179.55036389827728,0.0,1.0,0.8926333333333334,0.9935
1350,31,50,-190.75499568879604,0.0,1.0,0.89235,0.99325
1393,32,43,-195.49136663973331,0.0,1.0,0.8921063333333333,0.993035
1437,33,44,-208.98165147006512,0.0,1.0,0.891857,0.992815
1488,34,51,-204.15167962014675,0.0,1.0,0.891568,0.99256
1546,35,58,-224.9471338391304,0.0,1.0,0.8912393333333334,0.99227
1599,36,53,-201.87402565777302,0.0,1.0,0.890939,0.992005
1648,37,49,-205.03213806450367,0.0,1.0,0.8906613333333333,0.99176
1679,38,31,-173.68764185905457,0.0,1.0,0.8904856666666667,0.991605
1726,39,47,-192.68415628373623,0.0,1.0,0.8902193333333334,0.99137
1783,40,57,-180.5835130997002,0.0,1.0,0.8898963333333334,0.991085
1834,41,51,-189.28896233439445,0.0,1.0,0.8896073333333333,0.99083
1877,42,43,-192.0970962047577,0.0,1.0,0.8893636666666667,0.990615
1917,43,40,-174.53863576054573,0.0,1.0,0.8891370000000001,0.990415
1970,44,53,-224.04862028360367,0.0,1.0,0.8888366666666667,0.99015
2028,45,58,-195.9850395321846,0.0,1.0,0.8885080000000001,0.98986
2075,46,47,-208.79604636132717,0.0,1.0,0.8882416666666667,0.989625
2104,47,29,-169.08084471523762,0.0,1.0,0.8880773333333334,0.98948
2139,48,35,-177.48584860563278,0.0,1.0,0.887879,0.989305
2193,49,54,-204.44836565107107,0.0,1.0,0.8875730000000001,0.989035
2243,50,50,-192.40518943965435,0.0,1.0,0.8872896666666666,0.988785
2292,51,49,-201.60090152919292,0.0,1.0,0.887012,0.98854
2330,52,38,-205.46218061447144,0.0,1.0,0.8867966666666667,0.98835
2376,53,46,-201.54013530910015,0.0,1.0,0.886536,0.98812
2414,54,38,-181.35516844689846,0.0,1.0,0.8863206666666666,0.98793
2455,55,41,-182.58525608479977,0.0,1.0,0.8860883333333334,0.987725
2504,56,49,-207.53067192435265,0.0,1.0,0.8858106666666666,0.98748
2550,57,46,-204.09019511938095,0.0,1.0,0.8855500000000001,0.98725
2607,58,57,-197.91302729398012,0.0,1.0,0.885227,0.986965
2637,59,30,-206.70689404010773,0.0,1.0,0.885057,0.986815
2695,60,58,-214.92400813102722,0.0,1.0,0.8847283333333333,0.986525
2736,61,41,-200.95732533931732,0.0,1.0,0.8844960000000001,0.98632
2781,62,45,-201.31091186404228,0.0,1.0,0.884241,0.9860949999999999
2829,63,48,-203.63223499059677,0.0,1.0,0.883969,0.985855
2870,64,41,-192.44244876503944,0.0,1.0,0.8837366666666667,0.98565
2905,65,35,-222.93859465420246,0.0,1.0,0.8835383333333333,0.985475
2958,66,53,-209.8972043991089,0.0,1.0,0.883238,0.98521
3001,67,43,-207.6758783608675,0.0,1.0,0.8829943333333333,0.984995
3059,68,58,-193.43796630203724,0.0,1.0,0.8826656666666667,0.984705
3094,69,35,-173.35717569291592,0.0,1.0,0.8824673333333334,0.98453
3147,70,53,-209.66202527284622,0.0,1.0,0.882167,0.984265
3200,71,53,-220.43291924893856,0.0,1.0,0.8818666666666667,0.984
3241,72,41,-178.8147133141756,0.0,1.0,0.8816343333333334,0.983795
3298,73,57,-214.35217729210854,0.0,1.0,0.8813113333333333,0.98351
3350,74,52,-214.180698543787,0.0,1.0,0.8810166666666667,0.98325
3391,75,41,-197.39498895406723,0.0,1.0,0.8807843333333334,0.983045
3450,76,59,-202.472134411335,0.0,1.0,0.8804500000000001,0.98275
3490,77,40,-181.72903656959534,0.0,1.0,0.8802233333333334,0.98255
3539,78,49,-200.9303089529276,0.0,1.0,0.8799456666666667,0.982305
3568,79,29,-177.01483210921288,0.0,1.0,0.8797813333333333,0.98216
3615,80,47,-211.72932097315788,0.0,1.0,0.879515,0.981925
3660,81,45,-222.91813676059246,0.0,1.0,0.87926,0.9817
3695,82,35,-189.84643541276455,0.0,1.0,0.8790616666666667,0.981525
3741,83,46,-197.36973702907562,0.0,1.0,0.878801,0.981295
3779,84,38,-183.4885948896408,0.0,1.0,0.8785856666666667,0.981105
3816,85,37,-200.3603164702654,0.0,1.0,0.878376,0.98092
3862,86,46,-225.16824713349342,0.0,1.0,0.8781153333333334,0.98069
3922,87,60,-216.03320309519768,0.0,1.0,0.8777753333333334,0.98039
3958,88,36,-182.88078032433987,0.0,1.0,0.8775713333333334,0.98021
4002,89,44,-195.41458241641521,0.0,1.0,0.877322,0.97999
4055,90,53,-188.07417064905167,0.0,1.0,0.8770216666666667,0.979725
4104,91,49,-199.72682644426823,0.0,1.0,0.876744,0.97948
4163,92,59,-191.87084978818893,0.0,1.0,0.8764096666666666,0.979185
4208,93,45,-183.98853839933872,0.0,1.0,0.8761546666666666,0.97896
4261,94,53,-201.11661314964294,0.0,1.0,0.8758543333333334,0.978695
4318,95,57,-213.25332762300968,0.0,1.0,0.8755313333333333,0.97841
4350,96,32,-186.168123036623,0.0,1.0,0.8753500000000001,0.97825
4388,97,38,-208.74752309918404,0.0,1.0,0.8751346666666667,0.97806
4442,98,54,-205.8972198665142,0.0,1.0,0.8748286666666667,0.97779
4490,99,48,-196.1793623417616,0.0,1.0,0.8745566666666666,0.97755
4550,100,60,-209.46560782194138,0.0,1.0,0.8742166666666666,0.97725
4600,101,50,-193.65533451735973,0.0,1.0,0.8739333333333333,0.977
4655,102,55,-195.44649020768702,0.0,1.0,0.8736216666666667,0.976725
4699,103,44,-184.9356437921524,0.0,1.0,0.8733723333333333,0.976505
4757,104,58,-199.20433096587658,0.0,1.0,0.8730436666666667,0.976215
4792,105,35,-186.7287681698799,0.0,1.0,0.8728453333333334,0.97604
4822,106,30,-179.08327008783817,0.0,1.0,0.8726753333333334,0.97589
4853,107,31,-167.79311576485634,0.0,1.0,0.8724996666666667,0.975735
4901,108,48,-230.83255365490913,0.0,1.0,0.8722276666666667,0.975495
4951,109,50,-190.43472078442574,0.0,1.0,0.8719443333333333,0.975245
4986,110,35,-185.53791096806526,0.0,1.0,0.871746,0.97507
5040,111,54,-205.7374850511551,0.0,1.0,0.87144,0.9748
5101,112,61,-184.1055188253522,0.0,1.0,0.8710943333333334,0.974495
5160,113,59,-205.37267964705825,0.0,1.0,0.87076,0.9742
5216,114,56,-179.69709423184395,0.0,1.0,0.8704426666666667,0.97392
5264,115,48,-213.4012129753828,0.0,1.0,0.8701706666666666,0.97368
5317,116,53,-214.7125456482172,0.0,1.0,0.8698703333333333,0.973415
5367,117,50,-201.4873070716858,0.0,1.0,0.869587,0.9731650000000001
5420,118,53,-195.6351969242096,0.0,1.0,0.8692866666666667,0.9729
5472,119,52,-201.36518535017967,0.0,1.0,0.868992,0.97264
5497,120,25,-167.45820194482803,0.0,1.0,0.8688503333333334,0.972515
5529,121,32,-174.83876490592957,0.0,1.0,0.868669,0.972355
5580,122,51,-180.25531986355782,0.0,1.0,0.86838,0.9721
5622,123,42,-187.89105840027332,0.0,1.0,0.868142,0.97189
5665,124,43,-179.78110998868942,0.0,1.0,0.8678983333333333,0.971675
5714,125,49,-174.77981580793858,0.0,1.0,0.8676206666666667,0.97143
5747,126,33,-184.62477162480354,0.0,1.0,0.8674336666666667,0.971265
5807,127,60,-226.74604433774948,0.0,1.0,0.8670936666666667,0.970965
5866,128,59,-195.43247117102146,0.0,1.0,0.8667593333333333,0.97067
5911,129,45,-187.80888977646828,0.0,1.0,0.8665043333333333,0.970445
5945,130,34,-185.4471241235733,0.0,1.0,0.8663116666666667,0.970275
5999,131,54,-192.43121387064457,0.0,1.0,0.8660056666666667,0.970005
6044,132,45,-193.68474991619587,0.0,1.0,0.8657506666666667,0.96978
6084,133,40,-186.09597240388393,0.0,1.0,0.8655240000000001,0.96958
6133,134,49,-179.66953337192535,0.0,1.0,0.8652463333333333,0.969335
6186,135,53,-169.0744076296687,0.0,1.0,0.864946,0.96907
6214,136,28,-153.26535598933697,0.0,1.0,0.8647873333333334,0.96893
6255,137,41,-190.98299174010754,0.0,1.0,0.8645550000000001,0.9687250000000001
6308,138,53,-212.52645814418793,0.0,1.0,0.8642546666666667,0.96846
6355,139,47,-184.70490489900112,0.0,1.0,0.8639883333333334,0.968225
6409,140,54,-196.91293302178383,0.0,1.0,0.8636823333333333,0.967955
6469,141,60,-223.427621640265,0.0,1.0,0.8633423333333333,0.967655
6517,142,48,-194.67679157853127,0.0,1.0,0.8630703333333334,0.967415
6548,143,31,-165.3345108628273,0.0,1.0,0.8628946666666667,0.96726
6578,144,30,-161.83822111785412,0.0,1.0,0.8627246666666667,0.96711
6622,145,44,-186.08118046820164,0.0,1.0,0.8624753333333334,0.96689
6659,146,37,-186.91639682650566,0.0,1.0,0.8622656666666667,0.966705
6714,147,55,-215.34816294908524,0.0,1.0,0.861954,0.96643
6762,148,48,-195.52860026061535,0.0,1.0,0.8616820000000001,0.96619
6800,149,38,-179.86098961532116,0.0,1.0,0.8614666666666667,0.966
6833,150,33,-168.67952443659306,0.0,1.0,0.8612796666666667,0.965835
6869,151,36,-175.8573994934559,0.0,1.0,0.8610756666666667,0.965655
6928,152,59,-208.94661167263985,0.0,1.0,0.8607413333333334,0.96536
6983,153,55,-189.87127555906773,0.0,1.0,0.8604296666666666,0.965085
7030,154,47,-169.11478097736835,0.0,1.0,0.8601633333333334,0.96485
7073,155,43,-176.6649194508791,0.0,1.0,0.8599196666666666,0.964635
7105,156,32,-179.44381676614285,0.0,1.0,0.8597383333333334,0.964475
7157,157,52,-202.91087555885315,0.0,1.0,0.8594436666666667,0.964215
7188,158,31,-164.19466054439545,0.0,1.0,0.859268,0.96406
7232,159,44,-166.65082071721554,0.0,1.0,0.8590186666666667,0.96384
7284,160,52,-187.63943921029568,0.0,1.0,0.858724,0.96358
7316,161,32,-170.4836666882038,0.0,1.0,0.8585426666666667,0.9634199999999999
7354,162,38,-176.69974660873413,0.0,1.0,0.8583273333333333,0.96323
7399,163,45,-193.63146889209747,0.0,1.0,0.8580723333333333,0.963005
7452,164,53,-208.6761293411255,0.0,1.0,0.857772,0.96274
7483,165,31,-162.84543596208096,0.0,1.0,0.8575963333333334,0.962585
7518,166,35,-182.27049879729748,0.0,1.0,0.857398,0.96241
7548,167,30,-171.73437689244747,0.0,1.0,0.857228,0.96226
7606,168,58,-183.1914517879486,0.0,1.0,0.8568993333333333,0.96197
7650,169,44,-187.5754921734333,0.0,1.0,0.85665,0.96175
7707,170,57,-229.07374438643456,0.0,1.0,0.8563270000000001,0.961465
7750,171,43,-190.98467664420605,0.0,1.0,0.8560833333333333,0.96125
7804,172,54,-172.1391350030899,0.0,1.0,0.8557773333333334,0.96098
7861,173,57,-204.98457339406013,0.0,1.0,0.8554543333333333,0.960695
7909,174,48,-176.50623634457588,0.0,1.0,0.8551823333333334,0.9604550000000001
7961,175,52,-209.31424018740654,0.0,1.0,0.8548876666666667,0.960195
7996,176,35,-162.51883660256863,0.0,1.0,0.8546893333333334,0.96002
8056,177,60,-195.41600324213505,0.0,1.0,0.8543493333333334,0.95972
8086,178,30,-164.4742857068777,0.0,1.0,0.8541793333333334,0.95957
8123,179,37,-192.3862347304821,0.0,1.0,0.8539696666666667,0.959385
8169,180,46,-184.37788081169128,0.0,1.0,0.853709,0.959155
8207,181,38,-175.72894291579723,0.0,1.0,0.8534936666666667,0.958965
8239,182,32,-195.39154568314552,0.0,1.0,0.8533123333333333,0.958805
8283,183,44,-205.5979597568512,0.0,1.0,0.853063,0.958585
8330,184,47,-188.79121620953083,0.0,1.0,0.8527966666666666,0.95835
8390,185,60,-208.38474833965302,0.0,1.0,0.8524566666666666,0.95805
8440,186,50,-186.0053264349699,0.0,1.0,0.8521733333333333,0.9578
8485,187,45,-189.79592069983482,0.0,1.0,0.8519183333333333,0.957575
8542,188,57,-180.66268388926983,0.0,1.0,0.8515953333333334,0.95729
8569,189,27,-161.35927814990282,0.0,1.0,0.8514423333333334,0.957155
8625,190,56,-201.5474888831377,0.0,1.0,0.851125,0.956875
8681,191,56,-197.24632738530636,0.0,1.0,0.8508076666666667,0.956595
8739,192,58,-214.2669648528099,0.0,1.0,0.850479,0.956305
8789,193,50,-204.7746321707964,0.0,1.0,0.8501956666666667,0.956055
8838,194,49,-188.96159666776657,0.0,1.0,0.8499180000000001,0.95581
8899,195,61,-194.38724707067013,0.0,1.0,0.8495723333333334,0.955505
8937,196,38,-185.35236455500126,0.0,1.0,0.849357,0.955315
8993,197,56,-193.7804534137249,0.0,1.0,0.8490396666666666,0.955035
9037,198,44,-171.73576439917088,0.0,1.0,0.8487903333333333,0.954815
9095,199,58,-161.6721652597189,0.0,1.0,0.8484616666666667,0.954525
9151,200,56,-182.7264900058508,0.0,1.0,0.8481443333333334,0.954245
9190,201,39,-191.19001343101263,0.0,1.0,0.8479233333333334,0.95405
9247,202,57,-190.80974796414375,0.0,1.0,0.8476003333333334,0.953765
9287,203,40,-178.9802728742361,0.0,1.0,0.8473736666666667,0.953565
9339,204,52,-200.46450047194958,0.0,1.0,0.847079,0.953305
9382,205,43,-188.88084043562412,0.0,1.0,0.8468353333333334,0.95309
9430,206,48,-183.36960645020008,0.0,1.0,0.8465633333333333,0.95285
9479,207,49,-190.81493218243122,0.0,1.0,0.8462856666666667,0.952605
9510,208,31,-174.92777110636234,0.0,1.0,0.84611,0.95245
9572,209,62,-202.83416202664375,0.0,1.0,0.8457586666666667,0.95214
9629,210,57,-192.65353545546532,0.0,1.0,0.8454356666666667,0.951855
9685,211,56,-188.26700288802385,0.0,1.0,0.8451183333333334,0.9515750000000001
9744,212,59,-218.47618693113327,0.0,1.0,0.844784,0.95128
9797,213,53,-195.81199266016483,0.0,1.0,0.8444836666666666,0.9510149999999999
9854,214,57,-164.19767904281616,0.0,1.0,0.8441606666666667,0.95073
9897,215,43,-199.9222913235426,0.0,1.0,0.843917,0.950515
9937,216,40,-197.29137206077576,0.0,1.0,0.8436903333333333,0.950315
9993,217,56,-195.8324751406908,0.0,1.0,0.843373,0.950035
10039,218,46,-187.08161728084087,0.0,1.0,0.8431123333333334,0.949805
10087,219,48,-202.29687382280827,0.0,1.0,0.8428403333333334,0.949565
10137,220,50,-162.12902803719044,0.0,1.0,0.842557,0.949315
10180,221,43,-179.16042757034302,0.0,1.0,0.8423133333333334,0.9491
10230,222,50,-179.12112565338612,0.0,1.0,0.8420300000000001,0.94885
10285,223,55,-223.98703826963902,0.0,1.0,0.8417183333333333,0.948575
10314,224,29,-164.30626586079597,0.0,1.0,0.841554,0.94843
10359,225,45,-171.76655142009258,0.0,1.0,0.841299,0.948205
10407,226,48,-178.54543335735798,0.0,1.0,0.841027,0.947965
10438,227,31,-173.79765665531158,0.0,1.0,0.8408513333333334,0.94781
10491,228,53,-218.0710241496563,0.0,1.0,0.840551,0.947545
10536,229,45,-193.81178678572178,0.0,1.0,0.840296,0.94732
10591,230,55,-190.5545488446951,0.0,1.0,0.8399843333333333,0.947045
10635,231,44,-161.9935903251171,0.0,1.0,0.839735,0.946825
10675,232,40,-184.71023102104664,0.0,1.0,0.8395083333333333,0.946625
10702,233,27,-161.81535805761814,0.0,1.0,0.8393553333333333,0.94649
10752,234,50,-191.90368463099003,0.0,1.0,0.839072,0.94624
10788,235,36,-175.8051864206791,0.0,1.0,0.8388680000000001,0.94606
10819,236,31,-174.59405848383904,0.0,1.0,0.8386923333333334,0.945905
10863,237,44,-169.41084663569927,0.0,1.0,0.838443,0.945685
10896,238,33,-173.7553959786892,0.0,1.0,0.838256,0.94552
10937,239,41,-176.76577711105347,0.0,1.0,0.8380236666666667,0.945315
10974,240,37,-163.7788661122322,0.0,1.0,0.8378140000000001,0.94513
11028,241,54,-200.1112736314535,0.0,1.0,0.837508,0.94486
11080,242,52,-171.4824904203415,0.0,1.0,0.8372133333333334,0.9446
11137,243,57,-173.594991941005,0.0,1.0,0.8368903333333334,0.944315
11173,244,36,-190.1996604949236,0.0,1.0,0.8366863333333333,0.944135
11219,245,46,-172.510247990489,0.0,1.0,0.8364256666666667,0.943905
11265,246,46,-162.25071600079536,0.0,1.0,0.836165,0.943675
11303,247,38,-179.7368968874216,0.0,1.0,0.8359496666666667,0.943485
11347,248,44,-159.33627980947495,0.0,1.0,0.8357003333333334,0.943265
11402,249,55,-193.64715302735567,0.0,1.0,0.8353886666666667,0.94299
11454,250,52,-183.38807182013988,0.0,1.0,0.835094,0.94273
11505,251,51,-174.03977427631617,0.0,1.0,0.834805,0.942475
11545,252,40,-186.26561039686203,0.0,1.0,0.8345783333333333,0.942275
11594,253,49,-177.69225291907787,0.0,1.0,0.8343006666666667,0.94203
11651,254,57,-196.13048496842384,0.0,1.0,0.8339776666666667,0.941745
11688,255,37,-172.2813049852848,0.0,1.0,0.8337680000000001,0.94156
11743,256,55,-174.411827147007,0.0,1.0,0.8334563333333334,0.941285
11783,257,40,-158.30816319584846,0.0,1.0,0.8332296666666666,0.941085
11832,258,49,-207.6052878946066,0.0,1.0,0.832952,0.94084
11870,259,38,-180.93428763747215,0.0,1.0,0.8327366666666667,0.94065
11904,260,34,-178.47550603747368,0.0,1.0,0.8325440000000001,0.94048
11951,261,47,-190.4617095887661,0.0,1.0,0.8322776666666667,0.940245
12009,262,58,-182.80671900510788,0.0,1.0,0.831949,0.939955
12048,263,39,-184.54745633900166,0.0,1.0,0.831728,0.93976
12089,264,41,-182.43812714517117,0.0,1.0,0.8314956666666666,0.939555
12144,265,55,-156.4850290119648,0.0,1.0,0.831184,0.93928
12185,266,41,-194.5265224725008,0.0,1.0,0.8309516666666666,0.939075
12221,267,36,-196.8924117386341,0.0,1.0,0.8307476666666667,0.938895
12280,268,59,-209.0613090991974,0.0,1.0,0.8304133333333333,0.9386
12339,269,59,-179.2254222035408,0.0,1.0,0.830079,0.938305
12395,270,56,-211.80082467198372,0.0,1.0,0.8297616666666667,0.938025
12441,271,46,-179.98606802523136,0.0,1.0,0.829501,0.937795
12492,272,51,-206.646172195673,0.0,1.0,0.8292120000000001,0.93754
12520,273,28,-160.63818687200546,0.0,1.0,0.8290533333333334,0.9374
12579,274,59,-218.50736187398434,0.0,1.0,0.828719,0.937105
12621,275,42,-185.05659785866737,0.0,1.0,0.828481,0.936895
12668,276,47,-196.97164504230022,0.0,1.0,0.8282146666666667,0.93666
12721,277,53,-180.5411257892847,0.0,1.0,0.8279143333333333,0.936395
12769,278,48,-196.65827736258507,0.0,1.0,0.8276423333333334,0.936155
12797,279,28,-159.79019260406494,0.0,1.0,0.8274836666666667,0.936015
12836,280,39,-194.33748637139797,0.0,1.0,0.8272626666666667,0.93582
12892,281,56,-212.27043716609478,0.0,1.0,0.8269453333333333,0.93554
12943,282,51,-193.78742538392544,0.0,1.0,0.8266563333333333,0.935285
12998,283,55,-199.7884004600346,0.0,1.0,0.8263446666666667,0.93501
13039,284,41,-187.14001762866974,0.0,1.0,0.8261123333333333,0.934805
13074,285,35,-173.2703879326582,0.0,1.0,0.825914,0.93463
13126,286,52,-165.2149015814066,0.0,1.0,0.8256193333333334,0.93437
13176,287,50,-185.47164942324162,0.0,1.0,0.8253360000000001,0.9341200000000001
13225,288,49,-189.86260302364826,0.0,1.0,0.8250583333333333,0.933875
13257,289,32,-168.51518799364567,0.0,1.0,0.8248770000000001,0.933715
13307,290,50,-198.7604516595602,0.0,1.0,0.8245936666666667,0.933465
13338,291,31,-185.85911831259727,0.0,1.0,0.824418,0.93331
13381,292,43,-181.2613716572523,0.0,1.0,0.8241743333333333,0.933095
13433,293,52,-197.03431895375252,0.0,1.0,0.8238796666666667,0.932835
13483,294,50,-208.87959706783295,0.0,1.0,0.8235963333333334,0.932585
13524,295,41,-182.29797884821892,0.0,1.0,0.823364,0.93238
13579,296,55,-158.24044538289309,0.0,1.0,0.8230523333333334,0.932105
13614,297,35,-184.71897241473198,0.0,1.0,0.822854,0.93193
13659,298,45,-175.62662680447102,0.0,1.0,0.8225990000000001,0.931705
13712,299,53,-186.13198870420456,0.0,1.0,0.8222986666666667,0.93144
13742,300,30,-152.7336133569479,0.0,1.0,0.8221286666666667,0.93129
13791,301,49,-160.6899204030633,0.0,1.0,0.821851,0.931045
13841,302,50,-182.8988170772791,0.0,1.0,0.8215676666666667,0.930795
13876,303,35,-179.9107272773981,0.0,1.0,0.8213693333333334,0.93062
13922,304,46,-186.65870340168476,0.0,1.0,0.8211086666666667,0.93039
13957,305,35,-161.51174788177013,0.0,1.0,0.8209103333333334,0.930215
14003,306,46,-206.52961194515228,0.0,1.0,0.8206496666666667,0.9299850000000001
14052,307,49,-151.20107871294022,0.0,1.0,0.820372,0.92974
14111,308,59,-187.17579920589924,0.0,1.0,0.8200376666666667,0.929445
14166,309,55,-176.52196130156517,0.0,1.0,0.8197260000000001,0.92917
14224,310,58,-190.56375946104527,0.0,1.0,0.8193973333333333,0.92888
14281,311,57,-178.16068863868713,0.0,1.0,0.8190743333333333,0.9285950000000001
14341,312,60,-177.25193061679602,0.0,1.0,0.8187343333333333,0.928295
14375,313,34,-182.36251178383827,0.0,1.0,0.8185416666666667,0.928125
14429,314,54,-174.84609904885292,0.0,1.0,0.8182356666666667,0.927855
14478,315,49,-182.40791238844395,0.0,1.0,0.8179580000000001,0.92761
14516,316,38,-183.81974710524082,0.0,1.0,0.8177426666666667,0.92742
14554,317,38,-172.28931345045567,0.0,1.0,0.8175273333333334,0.92723
14591,318,37,-162.59808441996574,0.0,1.0,0.8173176666666667,0.927045
14634,319,43,-170.6597779393196,0.0,1.0,0.8170740000000001,0.92683
14665,320,31,-163.54523666203022,0.0,1.0,0.8168983333333334,0.926675
14712,321,47,-163.68857976794243,0.0,1.0,0.816632,0.92644
14772,322,60,-170.55982907116413,0.0,1.0,0.816292,0.92614
14810,323,38,-170.07637712359428,0.0,1.0,0.8160766666666667,0.92595
14869,324,59,-195.2089536935091,0.0,1.0,0.8157423333333333,0.925655
14909,325,40,-199.09030278027058,0.0,1.0,0.8155156666666667,0.925455
14943,326,34,-168.97208493947983,0.0,1.0,0.815323,0.925285
15001,327,58,-161.93947838246822,0.0,1.0,0.8149943333333334,0.924995
15042,328,41,-143.8555409759283,0.0,1.0,0.814762,0.92479
15080,329,38,-156.1141143888235,0.0,1.0,0.8145466666666666,0.9246
15139,330,59,-192.67598749697208,0.0,1.0,0.8142123333333333,0.924305
15170,331,31,-153.48422686755657,0.0,1.0,0.8140366666666667,0.92415
15224,332,54,-183.55137865245342,0.0,1.0,0.8137306666666667,0.92388
15263,333,39,-183.1658319234848,0.0,1.0,0.8135096666666667,0.923685
15317,334,54,-175.90398275852203,0.0,1.0,0.8132036666666667,0.923415
15366,335,49,-187.35575480759144,0.0,1.0,0.812926,0.92317
15414,336,48,-195.3085945993662,0.0,1.0,0.812654,0.92293
15468,337,54,-194.0264091193676,0.0,1.0,0.8123480000000001,0.92266
15519,338,51,-188.45975862443447,0.0,1.0,0.8120590000000001,0.922405
15570,339,51,-191.34825094044209,0.0,1.0,0.81177,0.92215
15604,340,34,-183.98828813433647,0.0,1.0,0.8115773333333334,0.92198
15640,341,36,-165.19680680334568,0.0,1.0,0.8113733333333334,0.9218
15677,342,37,-164.40025860071182,0.0,1.0,0.8111636666666667,0.921615
15716,343,39,-164.7361949980259,0.0,1.0,0.8109426666666667,0.92142
15773,344,57,-193.19352735579014,0.0,1.0,0.8106196666666667,0.921135
15820,345,47,-179.43069437146187,0.0,1.0,0.8103533333333334,0.9209
15858,346,38,-185.21198143064976,0.0,1.0,0.810138,0.92071
15911,347,53,-205.77133737504482,0.0,1.0,0.8098376666666667,0.920445
15958,348,47,-182.1522037088871,0.0,1.0,0.8095713333333333,0.92021
15997,349,39,-158.8083025366068,0.0,1.0,0.8093503333333334,0.920015
16036,350,39,-171.57817444205284,0.0,1.0,0.8091293333333334,0.91982
16074,351,38,-183.1915067434311,0.0,1.0,0.808914,0.91963
16121,352,47,-164.3486371934414,0.0,1.0,0.8086476666666667,0.919395
16164,353,43,-170.68139573931694,0.0,1.0,0.808404,0.91918
16224,354,60,-181.721905708313,0.0,1.0,0.808064,0.91888
16265,355,41,-175.76772244274616,0.0,1.0,0.8078316666666667,0.918675
16298,356,33,-168.2968294173479,0.0,1.0,0.8076446666666667,0.9185099999999999
16356,357,58,-201.50847692787647,0.0,1.0,0.807316,0.91822
16385,358,29,-151.31585939228535,0.0,1.0,0.8071516666666667,0.918075
16437,359,52,-176.88841046392918,0.0,1.0,0.806857,0.917815
16471,360,34,-189.90557788312435,0.0,1.0,0.8066643333333333,0.917645
16513,361,42,-175.35524734854698,0.0,1.0,0.8064263333333334,0.917435
16553,362,40,-156.23891860246658,0.0,1.0,0.8061996666666666,0.917235
16608,363,55,-187.18065347522497,0.0,1.0,0.805888,0.91696
16668,364,60,-181.52275721728802,0.0,1.0,0.805548,0.91666
16708,365,40,-165.665845438838,0.0,1.0,0.8053213333333333,0.91646
16759,366,51,-182.07007266581059,0.0,1.0,0.8050323333333333,0.9162049999999999
16816,367,57,-214.21621775627136,0.0,1.0,0.8047093333333334,0.9159200000000001
16848,368,32,-180.7757398635149,0.0,1.0,0.804528,0.91576
16906,369,58,-166.63854658603668,0.0,1.0,0.8041993333333334,0.91547
16950,370,44,-183.6212643533945,0.0,1.0,0.80395,0.91525
16988,371,38,-183.388286113739,0.0,1.0,0.8037346666666667,0.91506
17033,372,45,-179.9115759730339,0.0,1.0,0.8034796666666667,0.914835
17082,373,49,-188.5710195451975,0.0,1.0,0.803202,0.91459
17116,374,34,-192.45063312351704,0.0,1.0,0.8030093333333334,0.91442
17170,375,54,-212.10671018064022,0.0,1.0,0.8027033333333333,0.91415
17208,376,38,-170.00429879128933,0.0,1.0,0.802488,0.91396
17238,377,30,-171.09460100531578,0.0,1.0,0.8023180000000001,0.91381
17282,378,44,-189.39594031870365,0.0,1.0,0.8020686666666667,0.91359
17322,379,40,-192.89638425409794,0.0,1.0,0.801842,0.91339
17358,380,36,-213.83383059501648,0.0,1.0,0.8016380000000001,0.91321
17398,381,40,-177.4885250478983,0.0,1.0,0.8014113333333334,0.91301
17431,382,33,-164.11627742648125,0.0,1.0,0.8012243333333333,0.912845
17459,383,28,-155.87040024995804,0.0,1.0,0.8010656666666667,0.912705
17508,384,49,-171.85430045425892,0.0,1.0,0.800788,0.91246
17536,385,28,-151.35201773047447,0.0,1.0,0.8006293333333334,0.91232
17572,386,36,-164.77841782569885,0.0,1.0,0.8004253333333333,0.91214
17613,387,41,-166.51753367483616,0.0,1.0,0.800193,0.9119349999999999
17667,388,54,-173.82306775450706,0.0,1.0,0.799887,0.911665
17698,389,31,-160.60903468728065,0.0,1.0,0.7997113333333333,0.91151
17738,390,40,-180.3415154516697,0.0,1.0,0.7994846666666667,0.91131
17781,391,43,-175.43377590179443,0.0,1.0,0.799241,0.911095
17837,392,56,-144.37805278599262,0.0,1.0,0.7989236666666667,0.910815
17887,393,50,-179.34131883084774,0.0,1.0,0.7986403333333334,0.910565
17921,394,34,-162.61844991147518,0.0,1.0,0.7984476666666667,0.910395
17972,395,51,-169.20293859392405,0.0,1.0,0.7981586666666667,0.91014
18009,396,37,-182.1336032450199,0.0,1.0,0.797949,0.909955
18044,397,35,-164.672298848629,0.0,1.0,0.7977506666666667,0.90978
18084,398,40,-165.20905799418688,0.0,1.0,0.797524,0.90958
18142,399,58,-193.79667553305626,0.0,1.0,0.7971953333333334,0.90929
18171,400,29,-167.5549673885107,0.0,1.0,0.797031,0.909145
18204,401,33,-162.99196101725101,0.0,1.0,0.796844,0.90898
18251,402,47,-187.18055093288422,0.0,1.0,0.7965776666666667,0.908745
18290,403,39,-166.54998859763145,0.0,1.0,0.7963566666666667,0.90855
18333,404,43,-155.3936774879694,0.0,1.0,0.7961130000000001,0.908335
18365,405,32,-163.3361916989088,0.0,1.0,0.7959316666666667,0.908175
18417,406,52,-177.5510276556015,0.0,1.0,0.795637,0.907915
18454,407,37,-165.71113954484463,0.0,1.0,0.7954273333333334,0.90773
18498,408,44,-175.55440667271614,0.0,1.0,0.795178,0.90751
18551,409,53,-169.67492327094078,0.0,1.0,0.7948776666666667,0.907245
18582,410,31,-172.23404482007027,0.0,1.0,0.794702,0.90709
18640,411,58,-186.96066431701183,0.0,1.0,0.7943733333333334,0.9068
18679,412,39,-176.75559861958027,0.0,1.0,0.7941523333333333,0.906605
18739,413,60,-176.2569550126791,0.0,1.0,0.7938123333333333,0.906305
18791,414,52,-185.03590553998947,0.0,1.0,0.7935176666666667,0.906045
18826,415,35,-160.02356070280075,0.0,1.0,0.7933193333333334,0.90587
18873,416,47,-168.30527725815773,0.0,1.0,0.793053,0.905635
18921,417,48,-179.9098714441061,0.0,1.0,0.7927810000000001,0.905395
18972,418,51,-189.16573630273342,0.0,1.0,0.792492,0.9051400000000001
19003,419,31,-153.1237996518612,0.0,1.0,0.7923163333333334,0.904985
19048,420,45,-166.91862738132477,0.0,1.0,0.7920613333333334,0.90476
19094,421,46,-170.0624458938837,0.0,1.0,0.7918006666666667,0.9045300000000001
19142,422,48,-177.75467586517334,0.0,1.0,0.7915286666666667,0.90429
19188,423,46,-182.85613092780113,0.0,1.0,0.7912680000000001,0.90406
19241,424,53,-177.56430280208588,0.0,1.0,0.7909676666666667,0.903795
19271,425,30,-178.38849467039108,0.0,1.0,0.7907976666666667,0.903645
19319,426,48,-198.95169101655483,0.0,1.0,0.7905256666666667,0.903405
19359,427,40,-158.99712592363358,0.0,1.0,0.790299,0.903205
19397,428,38,-176.4964033961296,0.0,1.0,0.7900836666666666,0.903015
19451,429,54,-187.8029652684927,0.0,1.0,0.7897776666666667,0.902745
19489,430,38,-187.16897639632225,0.0,1.0,0.7895623333333334,0.902555
19526,431,37,-156.74052479863167,0.0,1.0,0.7893526666666667,0.90237
19580,432,54,-178.44535648822784,0.0,1.0,0.7890466666666667,0.9021
19640,433,60,-188.18725764751434,0.0,1.0,0.7887066666666667,0.9017999999999999
19698,434,58,-186.44023557007313,0.0,1.0,0.788378,0.90151
19733,435,35,-173.0839321166277,0.0,1.0,0.7881796666666667,0.901335
19774,436,41,-209.21700412034988,0.0,1.0,0.7879473333333333,0.90113
19805,437,31,-153.75322458148003,0.0,1.0,0.7877716666666666,0.900975
19861,438,56,-171.88696984946728,0.0,1.0,0.7874543333333334,0.900695
19907,439,46,-191.12130212783813,0.0,1.0,0.7871936666666667,0.9004650000000001
19960,440,53,-164.5029150545597,0.0,1.0,0.7868933333333333,0.9002
20010,441,50,-175.10835282504559,0.0,1.0,0.78661,0.89995
20040,442,30,-152.0923611819744,0.0,1.0,0.78644,0.8998
20102,443,62,-166.43377210199833,0.0,1.0,0.7860886666666667,0.89949
20148,444,46,-179.44812142848969,0.0,1.0,0.785828,0.89926
20189,445,41,-185.61544704437256,0.0,1.0,0.7855956666666667,0.8990549999999999
20247,446,58,-203.21850058436394,0.0,1.0,0.785267,0.898765
20282,447,35,-192.63428249955177,0.0,1.0,0.7850686666666667,0.89859
20314,448,32,-173.0984206944704,0.0,1.0,0.7848873333333334,0.8984300000000001
20354,449,40,-165.31333188712597,0.0,1.0,0.7846606666666667,0.89823
20396,450,42,-169.1022400856018,0.0,1.0,0.7844226666666667,0.89802
20436,451,40,-173.00299961864948,0.0,1.0,0.784196,0.8978200000000001
20493,452,57,-206.18869651854038,0.0,1.0,0.783873,0.897535
20548,453,55,-159.5723668783903,0.0,1.0,0.7835613333333333,0.89726
20577,454,29,-149.8185984045267,0.0,1.0,0.783397,0.897115
20632,455,55,-188.1692465543747,0.0,1.0,0.7830853333333334,0.89684
20689,456,57,-157.86710280179977,0.0,1.0,0.7827623333333333,0.896555
20748,457,59,-186.0383134484291,0.0,1.0,0.782428,0.8962600000000001
20794,458,46,-180.67497311532497,0.0,1.0,0.7821673333333333,0.89603
20850,459,56,-181.79186883568764,0.0,1.0,0.78185,0.89575
20887,460,37,-180.48357896506786,0.0,1.0,0.7816403333333334,0.8955649999999999
20933,461,46,-176.6672140955925,0.0,1.0,0.7813796666666667,0.895335
20987,462,54,-170.04026091098785,0.0,1.0,0.7810736666666667,0.895065
21033,463,46,-176.58375152945518,0.0,1.0,0.780813,0.894835
21075,464,42,-169.15334232151508,0.0,1.0,0.780575,0.894625
21120,465,45,-170.29040317237377,0.0,1.0,0.78032,0.8944
21166,466,46,-171.04096215963364,0.0,1.0,0.7800593333333333,0.89417
21220,467,54,-165.64496558904648,0.0,1.0,0.7797533333333334,0.8939
21274,468,54,-180.5510545372963,0.0,1.0,0.7794473333333334,0.89363
21304,469,30,-148.50125753879547,0.0,1.0,0.7792773333333334,0.89348
21335,470,31,-154.4062746912241,0.0,1.0,0.7791016666666667,0.893325
21389,471,54,-182.48953230679035,0.0,1.0,0.7787956666666667,0.893055
21434,472,45,-164.73527540266514,0.0,1.0,0.7785406666666667,0.89283
21471,473,37,-169.2462703436613,0.0,1.0,0.778331,0.892645
21524,474,53,-169.4022030979395,0.0,1.0,0.7780306666666666,0.89238
21581,475,57,-177.10675355792046,0.0,1.0,0.7777076666666667,0.892095
21634,476,53,-185.09229063987732,0.0,1.0,0.7774073333333333,0.89183
21666,477,32,-170.50999130308628,0.0,1.0,0.777226,0.89167
21696,478,30,-150.74435587227345,0.0,1.0,0.7770560000000001,0.89152
21742,479,46,-164.45666435360909,0.0,1.0,0.7767953333333334,0.89129
21797,480,55,-180.2053319066763,0.0,1.0,0.7764836666666667,0.891015
21842,481,45,-167.6801654547453,0.0,1.0,0.7762286666666667,0.89079
21872,482,30,-166.706806153059,0.0,1.0,0.7760586666666667,0.89064
21920,483,48,-173.938442543149,0.0,1.0,0.7757866666666667,0.8904
21958,484,38,-165.97694781422615,0.0,1.0,0.7755713333333334,0.89021
22009,485,51,-179.34397673606873,0.0,1.0,0.7752823333333334,0.889955
22056,486,47,-172.1760070770979,0.0,1.0,0.775016,0.88972
22112,487,56,-183.36517645418644,0.0,1.0,0.7746986666666666,0.88944
22170,488,58,-195.2092514038086,0.0,1.0,0.77437,0.88915
22219,489,49,-165.30729407072067,0.0,1.0,0.7740923333333334,0.8889050000000001
22278,490,59,-180.42299790680408,0.0,1.0,0.773758,0.88861
22321,491,43,-178.0127978026867,0.0,1.0,0.7735143333333334,0.888395
22373,492,52,-167.74841165542603,0.0,1.0,0.7732196666666666,0.888135
22429,493,56,-155.9081099331379,0.0,1.0,0.7729023333333334,0.8878550000000001
22476,494,47,-183.56968879699707,0.0,1.0,0.772636,0.88762
22535,495,59,-175.67876982688904,0.0,1.0,0.7723016666666667,0.887325
22566,496,31,-173.726294785738,0.0,1.0,0.7721260000000001,0.88717
22608,497,42,-178.71846760809422,0.0,1.0,0.771888,0.88696
22637,498,29,-145.67317879199982,0.0,1.0,0.7717236666666667,0.886815
22690,499,53,-169.15979039669037,0.0,1.0,0.7714233333333333,0.88655
22729,500,39,-185.2439140379429,0.0,1.0,0.7712023333333333,0.886355
22765,501,36,-154.74382312595844,0.0,1.0,0.7709983333333333,0.886175
22820,502,55,-188.38140447437763,0.0,1.0,0.7706866666666667,0.8859
22861,503,41,-181.8361899703741,0.0,1.0,0.7704543333333334,0.885695
22908,504,47,-164.60664150118828,0.0,1.0,0.7701880000000001,0.88546
22966,505,58,-193.12334683537483,0.0,1.0,0.7698593333333333,0.88517
23002,506,36,-163.56869871914387,0.0,1.0,0.7696553333333334,0.8849899999999999
23043,507,41,-155.24197483062744,0.0,1.0,0.769423,0.8847849999999999
23092,508,49,-159.3199576586485,0.0,1.0,0.7691453333333333,0.88454
23142,509,50,-188.23342041671276,0.0,1.0,0.768862,0.88429
23176,510,34,-157.03088653087616,0.0,1.0,0.7686693333333334,0.88412
23234,511,58,-174.50779736042023,0.0,1.0,0.7683406666666667,0.88383
23270,512,36,-164.489493355155,0.0,1.0,0.7681366666666667,0.88365
23304,513,34,-160.30800011754036,0.0,1.0,0.767944,0.88348
23342,514,38,-202.27695626020432,0.0,1.0,0.7677286666666667,0.88329
23397,515,55,-148.78208918869495,0.0,1.0,0.767417,0.883015
23433,516,36,-173.98581770062447,0.0,1.0,0.767213,0.882835
23462,517,29,-152.94132342934608,0.0,1.0,0.7670486666666667,0.88269
23493,518,31,-170.4771716594696,0.0,1.0,0.766873,0.882535
23545,519,52,-170.7321384549141,0.0,1.0,0.7665783333333334,0.882275
23582,520,37,-172.86916761100292,0.0,1.0,0.7663686666666667,0.88209
23626,521,44,-187.00265604257584,0.0,1.0,0.7661193333333334,0.88187
23684,522,58,-168.36218312382698,0.0,1.0,0.7657906666666667,0.88158
23714,523,30,-169.40256959199905,0.0,1.0,0.7656206666666667,0.8814299999999999
23762,524,48,-157.83012659847736,0.0,1.0,0.7653486666666667,0.88119
23816,525,54,-167.12994766235352,0.0,1.0,0.7650426666666668,0.88092
23851,526,35,-173.1819412112236,0.0,1.0,0.7648443333333333,0.880745
23898,527,47,-199.61066503822803,0.0,1.0,0.764578,0.88051
23943,528,45,-190.49007840454578,0.0,1.0,0.764323,0.880285
24004,529,61,-169.35039311647415,0.0,1.0,0.7639773333333333,0.87998
24039,530,35,-164.4799650758505,0.0,1.0,0.763779,0.879805
24080,531,41,-183.3527869284153,0.0,1.0,0.7635466666666667,0.8795999999999999
24126,532,46,-197.439130038023,0.0,1.0,0.763286,0.87937
24153,533,27,-158.27499867975712,0.0,1.0,0.7631330000000001,0.879235
24192,534,39,-164.196592181921,0.0,1.0,0.762912,0.87904
24243,535,51,-177.23076690733433,0.0,1.0,0.762623,0.8787849999999999
24305,536,62,-180.48624897003174,0.0,1.0,0.7622716666666667,0.878475
24348,537,43,-176.28524805605412,0.0,1.0,0.762028,0.87826
24388,538,40,-163.91318614780903,0.0,1.0,0.7618013333333333,0.8780600000000001
24426,539,38,-187.90109938383102,0.0,1.0,0.761586,0.8778699999999999
24480,540,54,-187.79331648349762,0.0,1.0,0.76128,0.8775999999999999
24509,541,29,-143.13477139174938,0.0,1.0,0.7611156666666667,0.877455
24546,542,37,-191.4433914422989,0.0,1.0,0.7609060000000001,0.87727
24578,543,32,-160.2942647486925,0.0,1.0,0.7607246666666667,0.8771100000000001
24615,544,37,-179.1734025478363,0.0,1.0,0.760515,0.876925
24673,545,58,-181.92277592420578,0.0,1.0,0.7601863333333334,0.876635
24707,546,34,-168.93262338638306,0.0,1.0,0.7599936666666667,0.876465
24758,547,51,-182.32546645402908,0.0,1.0,0.7597046666666667,0.87621
24818,548,60,-187.8685767520219,0.0,1.0,0.7593646666666667,0.87591
24855,549,37,-174.02126136422157,0.0,1.0,0.759155,0.875725
24907,550,52,-172.66762268543243,0.0,1.0,0.7588603333333334,0.8754649999999999
24963,551,56,-209.34865812957287,0.0,1.0,0.758543,0.875185
25013,552,50,-181.77681145071983,0.0,1.0,0.7582596666666667,0.874935
25068,553,55,-176.63774977624416,0.0,1.0,0.7579480000000001,0.87466
25111,554,43,-171.63094975054264,0.0,1.0,0.7577043333333333,0.874445
25161,555,50,-176.22089359164238,0.0,1.0,0.757421,0.874195
25210,556,49,-181.5790816694498,0.0,1.0,0.7571433333333334,0.87395
25245,557,35,-187.00189144909382,0.0,1.0,0.756945,0.873775
25296,558,51,-186.37456272542477,0.0,1.0,0.756656,0.87352
25339,559,43,-169.36397068202496,0.0,1.0,0.7564123333333334,0.873305
25398,560,59,-184.6530385017395,0.0,1.0,0.756078,0.8730100000000001
25446,561,48,-180.6917555630207,0.0,1.0,0.755806,0.87277
25497,562,51,-194.27338908612728,0.0,1.0,0.755517,0.872515
25551,563,54,-164.48910602927208,0.0,1.0,0.7552110000000001,0.8722449999999999
25603,564,52,-194.94428664445877,0.0,1.0,0.7549163333333334,0.871985
25653,565,50,-179.1514399945736,0.0,1.0,0.754633,0.8717349999999999
25701,566,48,-200.62972109019756,0.0,1.0,0.7543610000000001,0.871495
25736,567,35,-159.38469207286835,0.0,1.0,0.7541626666666668,0.87132
25780,568,44,-168.9435659945011,0.0,1.0,0.7539133333333333,0.8711
25809,569,29,-158.4177247583866,0.0,1.0,0.753749,0.870955
25865,570,56,-168.9921713769436,0.0,1.0,0.7534316666666667,0.870675
25914,571,49,-167.9846798479557,0.0,1.0,0.753154,0.87043
25954,572,40,-199.86843188107014,0.0,1.0,0.7529273333333334,0.8702300000000001
25991,573,37,-165.79794837534428,0.0,1.0,0.7527176666666667,0.870045
26021,574,30,-151.4667157381773,0.0,1.0,0.7525476666666667,0.869895
26070,575,49,-171.7817037254572,0.0,1.0,0.75227,0.86965
26106,576,36,-157.06445786356926,0.0,1.0,0.752066,0.86947
26137,577,31,-160.71284720301628,0.0,1.0,0.7518903333333333,0.8693150000000001
26196,578,59,-203.19157088547945,0.0,1.0,0.751556,0.86902
26234,579,38,-182.97110360860825,0.0,1.0,0.7513406666666667,0.86883
26270,580,36,-174.26745434105396,0.0,1.0,0.7511366666666667,0.86865
26307,581,37,-160.43784496188164,0.0,1.0,0.750927,0.868465
26367,582,60,-174.67624765634537,0.0,1.0,0.750587,0.8681650000000001
26417,583,50,-172.67455324530602,0.0,1.0,0.7503036666666667,0.867915
26468,584,51,-165.07489947974682,0.0,1.0,0.7500146666666667,0.86766
26515,585,47,-171.88880389928818,0.0,1.0,0.7497483333333333,0.867425
26564,586,49,-179.6378944069147,0.0,1.0,0.7494706666666667,0.8671800000000001
26613,587,49,-146.82808332145214,0.0,1.0,0.749193,0.866935
26650,588,37,-152.08887825906277,0.0,1.0,0.7489833333333333,0.86675
26697,589,47,-163.27623492479324,0.0,1.0,0.7487170000000001,0.866515
26744,590,47,-189.22975866496563,0.0,1.0,0.7484506666666667,0.8662799999999999
26798,591,54,-167.75811710953712,0.0,1.0,0.7481446666666667,0.86601
26857,592,59,-163.37881822884083,0.0,1.0,0.7478103333333334,0.865715
26908,593,51,-181.51059246063232,0.0,1.0,0.7475213333333334,0.86546
26944,594,36,-158.08363190293312,0.0,1.0,0.7473173333333334,0.86528
26999,595,55,-181.35917183756828,0.0,1.0,0.7470056666666667,0.865005
27035,596,36,-161.82856944203377,0.0,1.0,0.7468016666666667,0.864825
27071,597,36,-168.2023717314005,0.0,1.0,0.7465976666666667,0.864645
27107,598,36,-180.56549422442913,0.0,1.0,0.7463936666666666,0.864465
27140,599,33,-176.10859981179237,0.0,1.0,0.7462066666666667,0.8643000000000001
27193,600,53,-169.92186795175076,0.0,1.0,0.7459063333333333,0.864035
27244,601,51,-160.61835496127605,0.0,1.0,0.7456173333333334,0.86378
27290,602,46,-194.27088597416878,0.0,1.0,0.7453566666666667,0.86355
27340,603,50,-179.52017484605312,0.0,1.0,0.7450733333333334,0.8633
27400,604,60,-193.27024410665035,0.0,1.0,0.7447333333333334,0.863
27449,605,49,-167.96019107103348,0.0,1.0,0.7444556666666666,0.8627549999999999
27483,606,34,-172.910732537508,0.0,1.0,0.744263,0.8625849999999999
27538,607,55,-158.75904139876366,0.0,1.0,0.7439513333333334,0.86231
27570,608,32,-180.70069080591202,0.0,1.0,0.74377,0.86215
27630,609,60,-177.77625128626823,0.0,1.0,0.74343,0.86185
27670,610,40,-167.55106692016125,0.0,1.0,0.7432033333333333,0.86165
27697,611,27,-165.63064849376678,0.0,1.0,0.7430503333333334,0.861515
27742,612,45,-178.8936320245266,0.0,1.0,0.7427953333333334,0.86129
27775,613,33,-160.9795006737113,0.0,1.0,0.7426083333333333,0.861125
27834,614,59,-177.05748280882835,0.0,1.0,0.742274,0.86083
27879,615,45,-161.73780596256256,0.0,1.0,0.742019,0.8606050000000001
27914,616,35,-158.93092638254166,0.0,1.0,0.7418206666666667,0.86043
27944,617,30,-146.23616236448288,0.0,1.0,0.7416506666666667,0.8602799999999999
27974,618,30,-137.9551247805357,0.0,1.0,0.7414806666666667,0.8601300000000001
28016,619,42,-196.75110463798046,0.0,1.0,0.7412426666666667,0.85992
28060,620,44,-169.57068134844303,0.0,1.0,0.7409933333333334,0.8597
28091,621,31,-159.98267559707165,0.0,1.0,0.7408176666666667,0.859545
28153,622,62,-164.5974686741829,0.0,1.0,0.7404663333333333,0.859235
28209,623,56,-144.21366095542908,0.0,1.0,0.7401490000000001,0.858955
28254,624,45,-173.03285689651966,0.0,1.0,0.739894,0.85873
28310,625,56,-166.4784973487258,0.0,1.0,0.7395766666666667,0.8584499999999999
28339,626,29,-161.1853156387806,0.0,1.0,0.7394123333333333,0.858305
28370,627,31,-169.93277968466282,0.0,1.0,0.7392366666666668,0.85815
28427,628,57,-188.43144950270653,0.0,1.0,0.7389136666666667,0.857865
28485,629,58,-185.70008282363415,0.0,1.0,0.738585,0.857575
28530,630,45,-169.29322835803032,0.0,1.0,0.73833,0.8573500000000001
28571,631,41,-160.77250860631466,0.0,1.0,0.7380976666666668,0.857145
28609,632,38,-178.38229459524155,0.0,1.0,0.7378823333333333,0.856955
28666,633,57,-181.0984658896923,0.0,1.0,0.7375593333333333,0.85667
28712,634,46,-178.27950842678547,0.0,1.0,0.7372986666666668,0.85644
28743,635,31,-148.3217786103487,0.0,1.0,0.737123,0.856285
28791,636,48,-190.10613928735256,0.0,1.0,0.736851,0.856045
28821,637,30,-166.25420044362545,0.0,1.0,0.736681,0.855895
28873,638,52,-152.50173449516296,0.0,1.0,0.7363863333333334,0.855635
28921,639,48,-173.0710207670927,0.0,1.0,0.7361143333333333,0.855395
28964,640,43,-188.32726523280144,0.0,1.0,0.7358706666666667,0.85518
29009,641,45,-178.2360474318266,0.0,1.0,0.7356156666666667,0.854955
29057,642,48,-181.0387296974659,0.0,1.0,0.7353436666666667,0.854715
29106,643,49,-180.5997575223446,0.0,1.0,0.735066,0.8544700000000001
29150,644,44,-166.69683423638344,0.0,1.0,0.7348166666666667,0.85425
29184,645,34,-158.3043776154518,0.0,1.0,0.734624,0.85408
29234,646,50,-168.86635033786297,0.0,1.0,0.7343406666666668,0.85383
29287,647,53,-201.85937988758087,0.0,1.0,0.7340403333333334,0.853565
29325,648,38,-156.04046861827374,0.0,1.0,0.7338250000000001,0.853375
29368,649,43,-164.35124024748802,0.0,1.0,0.7335813333333334,0.85316
29401,650,33,-172.66617392003536,0.0,1.0,0.7333943333333334,0.852995
29456,651,55,-165.8647747784853,0.0,1.0,0.7330826666666667,0.8527199999999999
29489,652,33,-143.02337127923965,0.0,1.0,0.7328956666666667,0.852555
29515,653,26,-167.39781287312508,0.0,1.0,0.7327483333333333,0.852425
29555,654,40,-181.33384196460247,0.0,1.0,0.7325216666666667,0.852225
29591,655,36,-181.56168308854103,0.0,1.0,0.7323176666666666,0.8520449999999999
29621,656,30,-188.22364784777164,0.0,1.0,0.7321476666666666,0.8518950000000001
29650,657,29,-170.80393619835377,0.0,1.0,0.7319833333333334,0.85175
29704,658,54,-164.44477650523186,0.0,1.0,0.7316773333333334,0.85148
29741,659,37,-168.34340919554234,0.0,1.0,0.7314676666666667,0.851295
29793,660,52,-178.86725717782974,0.0,1.0,0.7311730000000001,0.851035
29893,661,100,-99.92940690927207,0.0,0.0,0.7306063333333334,0.850535
29938,662,45,-152.87436728179455,0.0,1.0,0.7303513333333334,0.85031
29969,663,31,-172.29179346561432,0.0,1.0,0.7301756666666667,0.850155
30005,664,36,-184.00049969553947,0.0,1.0,0.7299716666666667,0.8499749999999999
30046,665,41,-185.31062246114016,0.0,1.0,0.7297393333333334,0.84977
30097,666,51,-191.38465471565723,0.0,1.0,0.7294503333333333,0.849515
30158,667,61,-181.65390102565289,0.0,1.0,0.7291046666666667,0.84921
30198,668,40,-162.7802304327488,0.0,1.0,0.728878,0.84901
30232,669,34,-176.19166219234467,0.0,1.0,0.7286853333333334,0.84884
30268,670,36,-157.5218694359064,0.0,1.0,0.7284813333333333,0.84866
30300,671,32,-142.4129512757063,0.0,1.0,0.7283,0.8485
30345,672,45,-182.62247537076473,0.0,1.0,0.728045,0.848275
30384,673,39,-167.83763471245766,0.0,1.0,0.727824,0.84808
30414,674,30,-194.9060531705618,0.0,1.0,0.727654,0.8479300000000001
30458,675,44,-184.83209508657455,0.0,1.0,0.7274046666666667,0.84771
30513,676,55,-194.71154642105103,0.0,1.0,0.727093,0.8474349999999999
30568,677,55,-186.25415640324354,0.0,1.0,0.7267813333333334,0.84716
30617,678,49,-196.7230081409216,0.0,1.0,0.7265036666666667,0.846915
30675,679,58,-181.65804502367973,0.0,1.0,0.726175,0.846625
30721,680,46,-159.06261529028416,0.0,1.0,0.7259143333333333,0.846395
30755,681,34,-187.52095943689346,0.0,1.0,0.7257216666666667,0.846225
30784,682,29,-157.09164521098137,0.0,1.0,0.7255573333333334,0.8460799999999999
30818,683,34,-177.87084364891052,0.0,1.0,0.7253646666666667,0.8459099999999999
30874,684,56,-190.32086071372032,0.0,1.0,0.7250473333333334,0.84563
30925,685,51,-164.1691022515297,0.0,1.0,0.7247583333333334,0.845375
30963,686,38,-175.30376887321472,0.0,1.0,0.724543,0.8451850000000001
31020,687,57,-173.65859852731228,0.0,1.0,0.7242200000000001,0.8449
31068,688,48,-181.25771296024323,0.0,1.0,0.723948,0.84466
31098,689,30,-167.73109555244446,0.0,1.0,0.723778,0.84451
31145,690,47,-204.86129188537598,0.0,1.0,0.7235116666666667,0.844275
31176,691,31,-160.23229424655437,0.0,1.0,0.723336,0.84412
31227,692,51,-193.61428548395634,0.0,1.0,0.723047,0.843865
31279,693,52,-176.22535410523415,0.0,1.0,0.7227523333333333,0.8436049999999999
31316,694,37,-167.44260750710964,0.0,1.0,0.7225426666666667,0.8434200000000001
31374,695,58,-175.88473734259605,0.0,1.0,0.722214,0.8431299999999999
31407,696,33,-161.53836415708065,0.0,1.0,0.722027,0.842965
31451,697,44,-170.11009107530117,0.0,1.0,0.7217776666666667,0.8427450000000001
31491,698,40,-202.5473696961999,0.0,1.0,0.721551,0.842545
31535,699,44,-188.16393786668777,0.0,1.0,0.7213016666666667,0.842325
31565,700,30,-156.7507023513317,0.0,1.0,0.7211316666666667,0.842175
31615,701,50,-159.2325234040618,0.0,1.0,0.7208483333333333,0.841925
31658,702,43,-179.6500140428543,0.0,1.0,0.7206046666666667,0.84171
31709,703,51,-172.88588178157806,0.0,1.0,0.7203156666666667,0.8414550000000001
31747,704,38,-162.19212466478348,0.0,1.0,0.7201003333333333,0.8412649999999999
31791,705,44,-160.2058561295271,0.0,1.0,0.719851,0.841045
31832,706,41,-162.62163744866848,0.0,1.0,0.7196186666666666,0.84084
31873,707,41,-179.11751127243042,0.0,1.0,0.7193863333333333,0.840635
31919,708,46,-173.19446440041065,0.0,1.0,0.7191256666666667,0.8404050000000001
31957,709,38,-178.27174769341946,0.0,1.0,0.7189103333333333,0.8402149999999999
32012,710,55,-159.08214490115643,0.0,1.0,0.7185986666666667,0.83994
32056,711,44,-218.79956598579884,0.0,1.0,0.7183493333333334,0.83972
32118,712,62,-179.12825632095337,0.0,1.0,0.717998,0.83941
32170,713,52,-172.35385020077229,0.0,1.0,0.7177033333333334,0.8391500000000001
32207,714,37,-168.8425393551588,0.0,1.0,0.7174936666666667,0.838965
32248,715,41,-163.71984726190567,0.0,1.0,0.7172613333333333,0.83876
32292,716,44,-172.1795745640993,0.0,1.0,0.717012,0.8385400000000001
32338,717,46,-182.56309124827385,0.0,1.0,0.7167513333333333,0.83831
32368,718,30,-164.96108028292656,0.0,1.0,0.7165813333333334,0.83816
32412,719,44,-209.94489100575447,0.0,1.0,0.716332,0.83794
32450,720,38,-197.86765414476395,0.0,1.0,0.7161166666666667,0.83775
32489,721,39,-162.38033232092857,0.0,1.0,0.7158956666666667,0.837555
32546,722,57,-178.12828314304352,0.0,1.0,0.7155726666666666,0.83727
32596,723,50,-162.6769230812788,0.0,1.0,0.7152893333333333,0.83702
32633,724,37,-176.99479521811008,0.0,1.0,0.7150796666666667,0.836835
32674,725,41,-195.67232014238834,0.0,1.0,0.7148473333333334,0.83663
32724,726,50,-166.55098141729832,0.0,1.0,0.714564,0.83638
32753,727,29,-164.2671523243189,0.0,1.0,0.7143996666666667,0.8362350000000001
32805,728,52,-185.6216688901186,0.0,1.0,0.714105,0.835975
32846,729,41,-164.16232699155807,0.0,1.0,0.7138726666666667,0.83577
32897,730,51,-180.9094612300396,0.0,1.0,0.7135836666666667,0.835515
32935,731,38,-200.20693078637123,0.0,1.0,0.7133683333333334,0.835325
32987,732,52,-186.82795767486095,0.0,1.0,0.7130736666666667,0.835065
33040,733,53,-201.53530843555927,0.0,1.0,0.7127733333333334,0.8348
33077,734,37,-158.11926805973053,0.0,1.0,0.7125636666666667,0.834615
33113,735,36,-145.1726794242859,0.0,1.0,0.7123596666666667,0.834435
33164,736,51,-195.17699982225895,0.0,1.0,0.7120706666666667,0.83418
33199,737,35,-170.06357139348984,0.0,1.0,0.7118723333333333,0.834005
33245,738,46,-174.00659163296223,0.0,1.0,0.7116116666666668,0.833775
33283,739,38,-183.86456571519375,0.0,1.0,0.7113963333333333,0.833585
33329,740,46,-181.8734906464815,0.0,1.0,0.7111356666666667,0.8333550000000001
33377,741,48,-166.96694333851337,0.0,1.0,0.7108636666666667,0.833115
33435,742,58,-191.3902096375823,0.0,1.0,0.710535,0.832825
33495,743,60,-158.79172176122665,0.0,1.0,0.710195,0.832525
33547,744,52,-186.58794689178467,0.0,1.0,0.7099003333333334,0.832265
33581,745,34,-184.16319681704044,0.0,1.0,0.7097076666666666,0.832095
33635,746,54,-184.80174776911736,0.0,1.0,0.7094016666666667,0.831825
33669,747,34,-163.24689096212387,0.0,1.0,0.709209,0.831655
33718,748,49,-184.68236954510212,0.0,1.0,0.7089313333333334,0.83141
33774,749,56,-154.33909870684147,0.0,1.0,0.7086140000000001,0.83113
33818,750,44,-153.0530290901661,0.0,1.0,0.7083646666666668,0.83091
33868,751,50,-193.19371756911278,0.0,1.0,0.7080813333333333,0.83066
33926,752,58,-183.87772861123085,0.0,1.0,0.7077526666666667,0.83037
33961,753,35,-183.2770717740059,0.0,1.0,0.7075543333333334,0.830195
34019,754,58,-182.35218523442745,0.0,1.0,0.7072256666666666,0.829905
34067,755,48,-194.98039156198502,0.0,1.0,0.7069536666666667,0.829665
34103,756,36,-172.75964352488518,0.0,1.0,0.7067496666666667,0.829485
34163,757,60,-204.0211190879345,0.0,1.0,0.7064096666666667,0.8291850000000001
34225,758,62,-188.28654566034675,0.0,1.0,0.7060583333333333,0.828875
34274,759,49,-157.08697804808617,0.0,1.0,0.7057806666666667,0.82863
34311,760,37,-166.14171439409256,0.0,1.0,0.7055710000000001,0.828445
34363,761,52,-146.44436046481133,0.0,1.0,0.7052763333333334,0.828185
34422,762,59,-171.20353354513645,0.0,1.0,0.7049420000000001,0.82789
34480,763,58,-179.52710484713316,0.0,1.0,0.7046133333333333,0.8276
34539,764,59,-188.79003684595227,0.0,1.0,0.7042790000000001,0.827305
34584,765,45,-179.91142766177654,0.0,1.0,0.704024,0.82708
34618,766,34,-169.11621683835983,0.0,1.0,0.7038313333333334,0.82691
34649,767,31,-145.80345329642296,0.0,1.0,0.7036556666666667,0.826755
34687,768,38,-157.98491832613945,0.0,1.0,0.7034403333333333,0.826565
34724,769,37,-170.2733068615198,0.0,1.0,0.7032306666666667,0.82638
34757,770,33,-168.2356144040823,0.0,1.0,0.7030436666666667,0.826215
34807,771,50,-197.02964289486408,0.0,1.0,0.7027603333333333,0.8259650000000001
34857,772,50,-192.9061589986086,0.0,1.0,0.702477,0.825715
34900,773,43,-194.6662070006132,0.0,1.0,0.7022333333333334,0.8255
34945,774,45,-166.8552614748478,0.0,1.0,0.7019783333333334,0.825275
35002,775,57,-183.06594467163086,0.0,1.0,0.7016553333333333,0.82499
35032,776,30,-167.36749449372292,0.0,1.0,0.7014853333333333,0.82484
35069,777,37,-161.0038841366768,0.0,1.0,0.7012756666666667,0.824655
35110,778,41,-186.63779738545418,0.0,1.0,0.7010433333333334,0.82445
35161,779,51,-173.35101427137852,0.0,1.0,0.7007543333333334,0.824195
35221,780,60,-143.37059009075165,0.0,1.0,0.7004143333333334,0.823895
35252,781,31,-164.73787674307823,0.0,1.0,0.7002386666666667,0.82374
35286,782,34,-167.49075166881084,0.0,1.0,0.7000460000000001,0.82357
35317,783,31,-171.02132099866867,0.0,1.0,0.6998703333333334,0.823415
35367,784,50,-180.32524779438972,0.0,1.0,0.6995870000000001,0.823165
35423,785,56,-198.05404613912106,0.0,1.0,0.6992696666666667,0.822885
35470,786,47,-178.16444697976112,0.0,1.0,0.6990033333333334,0.82265
35521,787,51,-187.67211367189884,0.0,1.0,0.6987143333333333,0.822395
35564,788,43,-156.75158309936523,0.0,1.0,0.6984706666666667,0.82218
35613,789,49,-203.8470148295164,0.0,1.0,0.6981930000000001,0.821935
35658,790,45,-185.8284940123558,0.0,1.0,0.6979380000000001,0.8217099999999999
35699,791,41,-173.45602770149708,0.0,1.0,0.6977056666666667,0.8215049999999999
35740,792,41,-182.20346461236477,0.0,1.0,0.6974733333333334,0.8213
35782,793,42,-160.5413954705,0.0,1.0,0.6972353333333334,0.82109
35823,794,41,-162.23659804463387,0.0,1.0,0.697003,0.820885
35855,795,32,-180.62331034243107,0.0,1.0,0.6968216666666667,0.820725
35955,796,100,-111.81434319913387,0.0,0.0,0.6962550000000001,0.820225
36003,797,48,-155.45439824461937,0.0,1.0,0.695983,0.819985
36058,798,55,-170.76986055076122,0.0,1.0,0.6956713333333333,0.8197099999999999
36087,799,29,-155.00176161527634,0.0,1.0,0.6955070000000001,0.819565
36129,800,42,-159.80973109602928,0.0,1.0,0.695269,0.819355
36181,801,52,-168.1059051156044,0.0,1.0,0.6949743333333334,0.819095
36222,802,41,-188.3677149862051,0.0,1.0,0.694742,0.81889
36273,803,51,-233.65257900953293,0.0,1.0,0.694453,0.818635
36316,804,43,-197.3738029152155,0.0,1.0,0.6942093333333333,0.81842
36371,805,55,-207.39780420064926,0.0,1.0,0.6938976666666667,0.818145
36419,806,48,-176.5069857686758,0.0,1.0,0.6936256666666667,0.817905
36472,807,53,-183.14170888066292,0.0,1.0,0.6933253333333333,0.8176399999999999
36517,808,45,-179.17783798277378,0.0,1.0,0.6930703333333333,0.817415
36567,809,50,-169.15392412245274,0.0,1.0,0.692787,0.817165
36621,810,54,-156.65214966237545,0.0,1.0,0.692481,0.816895
36651,811,30,-159.9931884407997,0.0,1.0,0.692311,0.816745
36680,812,29,-167.5218226313591,0.0,1.0,0.6921466666666667,0.8166
36718,813,38,-163.21940144896507,0.0,1.0,0.6919313333333333,0.81641
36772,814,54,-181.84262232482433,0.0,1.0,0.6916253333333333,0.81614
36830,815,58,-193.7799550294876,0.0,1.0,0.6912966666666667,0.81585
36875,816,45,-164.83547821640968,0.0,1.0,0.6910416666666667,0.815625
36921,817,46,-176.17444783449173,0.0,1.0,0.6907810000000001,0.815395
36973,818,52,-178.04617828130722,0.0,1.0,0.6904863333333333,0.8151349999999999
37007,819,34,-174.09892340004444,0.0,1.0,0.6902936666666667,0.8149649999999999
37055,820,48,-177.80490624904633,0.0,1.0,0.6900216666666668,0.814725
37111,821,56,-160.43086390197277,0.0,1.0,0.6897043333333334,0.814445
37141,822,30,-181.67254061996937,0.0,1.0,0.6895343333333334,0.814295
37187,823,46,-160.13200280070305,0.0,1.0,0.6892736666666667,0.814065
37227,824,40,-164.20338681340218,0.0,1.0,0.689047,0.8138650000000001
37275,825,48,-171.9556456208229,0.0,1.0,0.688775,0.813625
37333,826,58,-196.56144098192453,0.0,1.0,0.6884463333333334,0.813335
37379,827,46,-172.4291900396347,0.0,1.0,0.6881856666666667,0.813105
37425,828,46,-165.3366863578558,0.0,1.0,0.687925,0.812875
37481,829,56,-185.80489679425955,0.0,1.0,0.6876076666666667,0.812595
37512,830,31,-168.47566014528275,0.0,1.0,0.687432,0.81244
37561,831,49,-181.60180932283401,0.0,1.0,0.6871543333333334,0.812195
37621,832,60,-188.0825755521655,0.0,1.0,0.6868143333333334,0.811895
37665,833,44,-181.41005976498127,0.0,1.0,0.6865650000000001,0.811675
37723,834,58,-173.29846307635307,0.0,1.0,0.6862363333333333,0.811385
37767,835,44,-160.63455472886562,0.0,1.0,0.685987,0.811165
37816,836,49,-159.28449937701225,0.0,1.0,0.6857093333333334,0.8109200000000001
37876,837,60,-180.40730419754982,0.0,1.0,0.6853693333333334,0.81062
37925,838,49,-178.48253577947617,0.0,1.0,0.6850916666666667,0.810375
37975,839,50,-183.3171638250351,0.0,1.0,0.6848083333333334,0.810125
38029,840,54,-181.69419695436954,0.0,1.0,0.6845023333333333,0.809855
38129,841,100,-100.13805927708745,0.0,0.0,0.6839356666666667,0.809355
38229,842,100,-116.1222758218646,0.0,0.0,0.6833690000000001,0.808855
38280,843,51,-167.51615047454834,0.0,1.0,0.68308,0.8086
38313,844,33,-158.56207489967346,0.0,1.0,0.6828930000000001,0.808435
38368,845,55,-187.94407483935356,0.0,1.0,0.6825813333333334,0.80816
38417,846,49,-180.13183127343655,0.0,1.0,0.6823036666666666,0.8079149999999999
38465,847,48,-178.38644109666348,0.0,1.0,0.6820316666666667,0.8076749999999999
38520,848,55,-178.4483269751072,0.0,1.0,0.6817200000000001,0.8074
38580,849,60,-169.27732546627522,0.0,1.0,0.6813800000000001,0.8071
38617,850,37,-163.31856401264668,0.0,1.0,0.6811703333333334,0.806915
38717,851,100,-86.81356547214091,0.0,0.0,0.6806036666666667,0.806415
38776,852,59,-203.24475133419037,0.0,1.0,0.6802693333333334,0.80612
38808,853,32,-174.78910039365292,0.0,1.0,0.680088,0.80596
38863,854,55,-193.04713298380375,0.0,1.0,0.6797763333333333,0.805685
38925,855,62,-174.7500812113285,0.0,1.0,0.6794250000000001,0.805375
38977,856,52,-177.28356017172337,0.0,1.0,0.6791303333333334,0.805115
39031,857,54,-165.8322930559516,0.0,1.0,0.6788243333333334,0.804845
39070,858,39,-168.35417710244656,0.0,1.0,0.6786033333333333,0.80465
39125,859,55,-185.0203201919794,0.0,1.0,0.6782916666666667,0.8043750000000001
39164,860,39,-193.82631073892117,0.0,1.0,0.6780706666666667,0.80418
39209,861,45,-181.35775019228458,0.0,1.0,0.6778156666666667,0.803955
39252,862,43,-189.5772064626217,0.0,1.0,0.6775720000000001,0.80374
39298,863,46,-184.50213520228863,0.0,1.0,0.6773113333333334,0.80351
39329,864,31,-177.59908229112625,0.0,1.0,0.6771356666666667,0.803355
39360,865,31,-168.07420076429844,0.0,1.0,0.67696,0.8031999999999999
39419,866,59,-168.01567839086056,0.0,1.0,0.6766256666666667,0.802905
39477,867,58,-146.87263070046902,0.0,1.0,0.676297,0.802615
39531,868,54,-157.78562386333942,0.0,1.0,0.675991,0.802345
39583,869,52,-187.7156163752079,0.0,1.0,0.6756963333333333,0.8020849999999999
39626,870,43,-151.96318972110748,0.0,1.0,0.6754526666666667,0.8018700000000001
39663,871,37,-152.1181721240282,0.0,1.0,0.675243,0.801685
39708,872,45,-170.34703747928143,0.0,1.0,0.674988,0.8014600000000001
39753,873,45,-180.0719719827175,0.0,1.0,0.674733,0.801235
39789,874,36,-161.49558071792126,0.0,1.0,0.674529,0.8010550000000001
39826,875,37,-171.50967420637608,0.0,1.0,0.6743193333333334,0.80087
39876,876,50,-151.7052933871746,0.0,1.0,0.6740360000000001,0.80062
39923,877,47,-172.54118157923222,0.0,1.0,0.6737696666666667,0.800385
39969,878,46,-164.88211879879236,0.0,1.0,0.673509,0.800155
40028,879,59,-207.95019136369228,0.0,1.0,0.6731746666666667,0.79986
40073,880,45,-161.18420347571373,0.0,1.0,0.6729196666666667,0.799635
40129,881,56,-175.92919237166643,0.0,1.0,0.6726023333333333,0.799355
40171,882,42,-195.60233116149902,0.0,1.0,0.6723643333333333,0.799145
40202,883,31,-151.22976318001747,0.0,1.0,0.6721886666666668,0.79899
40242,884,40,-182.19243593513966,0.0,1.0,0.671962,0.79879
40298,885,56,-152.59107406437397,0.0,1.0,0.6716446666666667,0.79851
40342,886,44,-178.0109989196062,0.0,1.0,0.6713953333333333,0.7982899999999999
40389,887,47,-186.79272431135178,0.0,1.0,0.6711290000000001,0.798055
40419,888,30,-168.99513313174248,0.0,1.0,0.6709590000000001,0.7979050000000001
40469,889,50,-149.1630003079772,0.0,1.0,0.6706756666666667,0.797655
40524,890,55,-196.79866115748882,0.0,1.0,0.670364,0.79738
40574,891,50,-204.74725791811943,0.0,1.0,0.6700806666666668,0.79713
40633,892,59,-173.85011798143387,0.0,1.0,0.6697463333333333,0.796835
40688,893,55,-181.12498208880424,0.0,1.0,0.6694346666666666,0.7965599999999999
40716,894,28,-155.04115940630436,0.0,1.0,0.669276,0.79642
40768,895,52,-152.1128150820732,0.0,1.0,0.6689813333333333,0.79616
40805,896,37,-159.70597477257252,0.0,1.0,0.6687716666666667,0.795975
40840,897,35,-136.38715216517448,0.0,1.0,0.6685733333333334,0.7958000000000001
40879,898,39,-205.7312368452549,0.0,1.0,0.6683523333333334,0.795605
40938,899,59,-190.83531621098518,0.0,1.0,0.668018,0.79531
40997,900,59,-160.74940694868565,0.0,1.0,0.6676836666666667,0.795015
41047,901,50,-189.38648636639118,0.0,1.0,0.6674003333333334,0.7947649999999999
41095,902,48,-167.72185146808624,0.0,1.0,0.6671283333333333,0.7945249999999999
41147,903,52,-183.38405281305313,0.0,1.0,0.6668336666666667,0.794265
41185,904,38,-158.73096171021461,0.0,1.0,0.6666183333333333,0.794075
41228,905,43,-179.76483565568924,0.0,1.0,0.6663746666666667,0.79386
41328,906,100,-97.30416618287563,0.0,0.0,0.6658080000000001,0.7933600000000001
41365,907,37,-185.18030697107315,0.0,1.0,0.6655983333333334,0.793175
41417,908,52,-172.55102990567684,0.0,1.0,0.6653036666666667,0.792915
41456,909,39,-155.88152438402176,0.0,1.0,0.6650826666666667,0.79272
41492,910,36,-140.3988641500473,0.0,1.0,0.6648786666666667,0.79254
41536,911,44,-196.98829591274261,0.0,1.0,0.6646293333333333,0.7923199999999999
41573,912,37,-163.45225493609905,0.0,1.0,0.6644196666666667,0.792135
41633,913,60,-180.37229798734188,0.0,1.0,0.6640796666666667,0.7918350000000001
41675,914,42,-191.25837856531143,0.0,1.0,0.6638416666666667,0.791625
41717,915,42,-165.14551001787186,0.0,1.0,0.6636036666666667,0.791415
41759,916,42,-180.66017408668995,0.0,1.0,0.6633656666666667,0.7912049999999999
41820,917,61,-165.45239190757275,0.0,1.0,0.66302,0.7908999999999999
41879,918,59,-182.95911845564842,0.0,1.0,0.6626856666666667,0.790605
41935,919,56,-188.74117176234722,0.0,1.0,0.6623683333333333,0.7903249999999999
41980,920,45,-179.37650345265865,0.0,1.0,0.6621133333333333,0.7901
42044,921,64,-145.05309762060642,0.0,1.0,0.6617506666666667,0.7897799999999999
42084,922,40,-168.6214650720358,0.0,1.0,0.661524,0.78958
42120,923,36,-145.870095834136,0.0,1.0,0.66132,0.7894
42158,924,38,-159.30010740458965,0.0,1.0,0.6611046666666667,0.78921
42200,925,42,-166.2301105260849,0.0,1.0,0.6608666666666667,0.789
42258,926,58,-187.28709319233894,0.0,1.0,0.6605380000000001,0.78871
42358,927,100,-87.37164433300495,0.0,0.0,0.6599713333333334,0.78821
42397,928,39,-158.59397247433662,0.0,1.0,0.6597503333333334,0.788015
42434,929,37,-172.3110137730837,0.0,1.0,0.6595406666666667,0.78783
42491,930,57,-192.36835177242756,0.0,1.0,0.6592176666666667,0.7875449999999999
42533,931,42,-171.34311763942242,0.0,1.0,0.6589796666666667,0.787335
42589,932,56,-191.61536911129951,0.0,1.0,0.6586623333333333,0.7870550000000001
42647,933,58,-164.69519487023354,0.0,1.0,0.6583336666666667,0.786765
42691,934,44,-178.859301045537,0.0,1.0,0.6580843333333334,0.786545
42736,935,45,-156.12336464226246,0.0,1.0,0.6578293333333334,0.78632
42790,936,54,-174.38752348721027,0.0,1.0,0.6575233333333333,0.78605
42847,937,57,-173.50991149246693,0.0,1.0,0.6572003333333334,0.785765
42891,938,44,-154.04191726446152,0.0,1.0,0.6569510000000001,0.7855449999999999
42935,939,44,-162.29496484994888,0.0,1.0,0.6567016666666667,0.785325
42973,940,38,-158.0594168305397,0.0,1.0,0.6564863333333334,0.785135
43016,941,43,-154.07704658806324,0.0,1.0,0.6562426666666668,0.7849200000000001
43069,942,53,-160.5141441076994,0.0,1.0,0.6559423333333334,0.784655
43115,943,46,-160.79358054697514,0.0,1.0,0.6556816666666667,0.784425
43153,944,38,-165.29154634475708,0.0,1.0,0.6554663333333334,0.784235
43206,945,53,-153.32625430822372,0.0,1.0,0.655166,0.7839700000000001
43239,946,33,-176.3051074296236,0.0,1.0,0.654979,0.783805
43339,947,100,-105.31297078728676,0.0,0.0,0.6544123333333334,0.783305
43384,948,45,-174.3106677532196,0.0,1.0,0.6541573333333334,0.78308
43420,949,36,-178.11683122813702,0.0,1.0,0.6539533333333334,0.7829
43464,950,44,-163.49489273130894,0.0,1.0,0.6537040000000001,0.78268
43503,951,39,-154.82607325911522,0.0,1.0,0.653483,0.782485
43550,952,47,-194.21220974624157,0.0,1.0,0.6532166666666667,0.78225
43598,953,48,-147.2992210239172,0.0,1.0,0.6529446666666667,0.78201
43640,954,42,-161.60141691565514,0.0,1.0,0.6527066666666668,0.7818
43740,955,100,-103.37274437397718,0.0,0.0,0.6521399999999999,0.7813
43840,956,100,-75.15746743232012,0.0,0.0,0.6515733333333333,0.7807999999999999
43877,957,37,-176.7402666658163,0.0,1.0,0.6513636666666667,0.7806150000000001
43977,958,100,-109.45351766049862,0.0,0.0,0.6507970000000001,0.780115
44007,959,30,-174.0254431217909,0.0,1.0,0.6506270000000001,0.779965
44048,960,41,-165.5123611986637,0.0,1.0,0.6503946666666667,0.77976
44090,961,42,-168.11292785406113,0.0,1.0,0.6501566666666667,0.77955
44144,962,54,-170.96476355195045,0.0,1.0,0.6498506666666667,0.77928
44199,963,55,-167.21530358493328,0.0,1.0,0.6495390000000001,0.779005
44275,964,76,-185.14238367974758,0.0,1.0,0.6491083333333334,0.778625
44306,965,31,-154.4279188811779,0.0,1.0,0.6489326666666667,0.77847
44358,966,52,-169.5489063411951,0.0,1.0,0.648638,0.7782100000000001
44399,967,41,-181.9218362569809,0.0,1.0,0.6484056666666667,0.7780050000000001
44455,968,56,-184.45321843028069,0.0,1.0,0.6480883333333334,0.777725
44496,969,41,-155.56863142549992,0.0,1.0,0.647856,0.77752
44547,970,51,-163.47336944937706,0.0,1.0,0.647567,0.777265
44596,971,49,-162.69929778575897,0.0,1.0,0.6472893333333334,0.77702
44642,972,46,-178.59184071421623,0.0,1.0,0.6470286666666667,0.77679
44681,973,39,-165.71548867225647,0.0,1.0,0.6468076666666667,0.776595
44730,974,49,-180.49525344371796,0.0,1.0,0.64653,0.77635
44775,975,45,-186.07654279470444,0.0,1.0,0.646275,0.776125
44831,976,56,-168.4788682758808,0.0,1.0,0.6459576666666667,0.775845
44931,977,100,-109.16812112927437,0.0,0.0,0.645391,0.775345
44966,978,35,-149.14387714862823,0.0,1.0,0.6451926666666667,0.77517
45003,979,37,-161.96773536503315,0.0,1.0,0.6449830000000001,0.774985
45033,980,30,-157.76265217363834,0.0,1.0,0.6448130000000001,0.7748349999999999
45088,981,55,-170.3706444054842,0.0,1.0,0.6445013333333334,0.77456
45132,982,44,-159.38335406780243,0.0,1.0,0.644252,0.77434
45232,983,100,-92.50541633367538,0.0,0.0,0.6436853333333333,0.77384
45268,984,36,-163.1845449358225,0.0,1.0,0.6434813333333333,0.77366
45320,985,52,-159.8646062463522,0.0,1.0,0.6431866666666668,0.7734000000000001
45369,986,49,-159.81866465508938,0.0,1.0,0.642909,0.773155
45405,987,36,-192.67081573605537,0.0,1.0,0.6427050000000001,0.772975
45448,988,43,-173.97465719282627,0.0,1.0,0.6424613333333333,0.77276
45481,989,33,-149.18074955046177,0.0,1.0,0.6422743333333334,0.7725949999999999
45517,990,36,-169.39069506525993,0.0,1.0,0.6420703333333334,0.7724150000000001
45565,991,48,-187.89821185171604,0.0,1.0,0.6417983333333334,0.7721750000000001
45617,992,52,-150.79920096695423,0.0,1.0,0.6415036666666667,0.771915
45670,993,53,-186.0334141254425,0.0,1.0,0.6412033333333333,0.77165
45717,994,47,-154.6766531318426,0.0,1.0,0.6409370000000001,0.771415
45765,995,48,-164.97577296197414,0.0,1.0,0.640665,0.7711749999999999
45807,996,42,-158.81532509624958,0.0,1.0,0.6404270000000001,0.770965
45845,997,38,-154.75216148793697,0.0,1.0,0.6402116666666667,0.770775
45872,998,27,-158.98123314976692,0.0,1.0,0.6400586666666668,0.77064
45905,999,33,-166.39147597551346,0.0,1.0,0.6398716666666667,0.770475
45942,1000,37,-176.93284237384796,0.0,1.0,0.639662,0.77029
45974,1001,32,-153.05158112943172,0.0,1.0,0.6394806666666667,0.77013
46009,1002,35,-172.22519080340862,0.0,1.0,0.6392823333333334,0.769955
46041,1003,32,-138.21179334819317,0.0,1.0,0.639101,0.769795
46074,1004,33,-162.0514225512743,0.0,1.0,0.638914,0.76963
46111,1005,37,-159.32017812132835,0.0,1.0,0.6387043333333333,0.7694449999999999
46151,1006,40,-168.41406659781933,0.0,1.0,0.6384776666666667,0.769245
46204,1007,53,-160.48468020558357,0.0,1.0,0.6381773333333334,0.76898
46249,1008,45,-174.51078844070435,0.0,1.0,0.6379223333333333,0.768755
46291,1009,42,-195.8015852123499,0.0,1.0,0.6376843333333334,0.768545
46329,1010,38,-151.53271950781345,0.0,1.0,0.6374690000000001,0.768355
46388,1011,59,-183.85924714803696,0.0,1.0,0.6371346666666666,0.76806
46434,1012,46,-175.43539035320282,0.0,1.0,0.636874,0.76783
46471,1013,37,-162.78775860369205,0.0,1.0,0.6366643333333333,0.767645
46519,1014,48,-156.00710928440094,0.0,1.0,0.6363923333333334,0.767405
46558,1015,39,-201.2996367663145,0.0,1.0,0.6361713333333334,0.76721
46588,1016,30,-162.39828145503998,0.0,1.0,0.6360013333333334,0.76706
46628,1017,40,-160.78541611135006,0.0,1.0,0.6357746666666667,0.76686
46672,1018,44,-161.76960588991642,0.0,1.0,0.6355253333333333,0.76664
46727,1019,55,-149.4062431305647,0.0,1.0,0.6352136666666668,0.766365
46761,1020,34,-161.66266360878944,0.0,1.0,0.6350210000000001,0.766195
46790,1021,29,-151.99547523260117,0.0,1.0,0.6348566666666666,0.76605
46844,1022,54,-153.38844403624535,0.0,1.0,0.6345506666666667,0.76578
46900,1023,56,-175.42207038402557,0.0,1.0,0.6342333333333334,0.7655000000000001
46936,1024,36,-168.4938157647848,0.0,1.0,0.6340293333333333,0.76532
46987,1025,51,-164.01256996393204,0.0,1.0,0.6337403333333333,0.765065
47043,1026,56,-155.41300185024738,0.0,1.0,0.6334230000000001,0.764785
47099,1027,56,-168.8428979218006,0.0,1.0,0.6331056666666667,0.764505
47169,1028,70,-188.81493657827377,0.0,1.0,0.632709,0.7641549999999999
47208,1029,39,-144.8909937888384,0.0,1.0,0.632488,0.76396
47248,1030,40,-169.42946860194206,0.0,1.0,0.6322613333333333,0.76376
47289,1031,41,-168.77968727052212,0.0,1.0,0.6320290000000001,0.763555
47330,1032,41,-179.6011884957552,0.0,1.0,0.6317966666666667,0.76335
47386,1033,56,-178.03007993102074,0.0,1.0,0.6314793333333333,0.76307
47441,1034,55,-152.19906973838806,0.0,1.0,0.6311676666666667,0.762795
47497,1035,56,-166.12580493092537,0.0,1.0,0.6308503333333333,0.762515
47538,1036,41,-166.84466192126274,0.0,1.0,0.6306180000000001,0.76231
47574,1037,36,-149.91260027885437,0.0,1.0,0.630414,0.76213
47604,1038,30,-162.07646894454956,0.0,1.0,0.630244,0.76198
47661,1039,57,-175.08304131031036,0.0,1.0,0.629921,0.761695
47693,1040,32,-171.11126609146595,0.0,1.0,0.6297396666666667,0.7615350000000001
47739,1041,46,-162.00552152097225,0.0,1.0,0.6294790000000001,0.761305
47790,1042,51,-157.6360184252262,0.0,1.0,0.62919,0.76105
47829,1043,39,-168.2043990343809,0.0,1.0,0.6289690000000001,0.7608550000000001
47874,1044,45,-166.94164544343948,0.0,1.0,0.628714,0.76063
47927,1045,53,-193.91461072862148,0.0,1.0,0.6284136666666666,0.760365
47966,1046,39,-165.44291284680367,0.0,1.0,0.6281926666666666,0.76017
48021,1047,55,-152.18912827968597,0.0,1.0,0.627881,0.759895
48052,1048,31,-158.95971325039864,0.0,1.0,0.6277053333333333,0.75974
48107,1049,55,-184.58738447725773,0.0,1.0,0.6273936666666666,0.7594650000000001
48166,1050,59,-169.9476541876793,0.0,1.0,0.6270593333333334,0.75917
48208,1051,42,-167.97234123945236,0.0,1.0,0.6268213333333335,0.7589600000000001
48237,1052,29,-163.7187506556511,0.0,1.0,0.626657,0.758815
48278,1053,41,-161.72049820423126,0.0,1.0,0.6264246666666666,0.75861
48337,1054,59,-174.16992174088955,0.0,1.0,0.6260903333333334,0.758315
48386,1055,49,-184.21981573104858,0.0,1.0,0.6258126666666667,0.75807
48435,1056,49,-173.84516894817352,0.0,1.0,0.625535,0.757825
48495,1057,60,-172.82901839911938,0.0,1.0,0.6251950000000001,0.757525
48534,1058,39,-157.26357950270176,0.0,1.0,0.624974,0.7573300000000001
48594,1059,60,-177.22488656640053,0.0,1.0,0.624634,0.75703
48638,1060,44,-161.72859072685242,0.0,1.0,0.6243846666666667,0.75681
48738,1061,100,-50.43429170548916,0.0,0.0,0.623818,0.75631
48792,1062,54,-157.65283884108067,0.0,1.0,0.6235120000000001,0.75604
48852,1063,60,-173.3902935832739,0.0,1.0,0.6231720000000001,0.75574
48889,1064,37,-149.48306080698967,0.0,1.0,0.6229623333333334,0.755555
48927,1065,38,-165.32334795594215,0.0,1.0,0.6227469999999999,0.755365
48973,1066,46,-185.09000405669212,0.0,1.0,0.6224863333333334,0.755135
49012,1067,39,-150.0296071767807,0.0,1.0,0.6222653333333333,0.7549399999999999
49072,1068,60,-189.53273083269596,0.0,1.0,0.6219253333333334,0.75464
49126,1069,54,-172.3742261826992,0.0,1.0,0.6216193333333333,0.75437
49168,1070,42,-151.37776204943657,0.0,1.0,0.6213813333333333,0.7541599999999999
49268,1071,100,-52.487042635679245,0.0,0.0,0.6208146666666667,0.75366
49327,1072,59,-160.6336260586977,0.0,1.0,0.6204803333333333,0.7533650000000001
49384,1073,57,-174.40410928428173,0.0,1.0,0.6201573333333333,0.75308
49442,1074,58,-160.64240410923958,0.0,1.0,0.6198286666666667,0.7527900000000001
49486,1075,44,-171.49695992469788,0.0,1.0,0.6195793333333334,0.75257
49538,1076,52,-177.9695464372635,0.0,1.0,0.6192846666666667,0.75231
49580,1077,42,-171.75595201551914,0.0,1.0,0.6190466666666667,0.7521
49635,1078,55,-131.14330598711967,0.0,1.0,0.618735,0.751825
49691,1079,56,-191.19839642941952,0.0,1.0,0.6184176666666668,0.751545
49754,1080,63,-190.12391436100006,0.0,1.0,0.6180606666666667,0.7512300000000001
49800,1081,46,-157.89166186749935,0.0,1.0,0.6178,0.751
49846,1082,46,-175.9572357237339,0.0,1.0,0.6175393333333334,0.75077
49880,1083,34,-131.4273530691862,0.0,1.0,0.6173466666666667,0.7505999999999999
49928,1084,48,-192.99369284510612,0.0,1.0,0.6170746666666667,0.75036
49960,1085,32,-156.02508983016014,0.0,1.0,0.6168933333333333,0.7502
49990,1086,30,-157.23305393755436,0.0,1.0,0.6167233333333333,0.75005
50041,1087,51,-159.52918028831482,0.0,1.0,0.6164343333333333,0.749795
50141,1088,100,-92.27517067687586,0.0,0.0,0.6158676666666667,0.749295
50185,1089,44,-180.4171985089779,0.0,1.0,0.6156183333333334,0.7490749999999999
50247,1090,62,-159.46712321043015,0.0,1.0,0.615267,0.748765
50347,1091,100,-96.55338136851788,0.0,0.0,0.6147003333333334,0.748265
50391,1092,44,-151.90257175266743,0.0,1.0,0.6144510000000001,0.748045
50434,1093,43,-168.18568634986877,0.0,1.0,0.6142073333333333,0.74783
50469,1094,35,-159.16164304316044,0.0,1.0,0.614009,0.747655
50526,1095,57,-144.55959436297417,0.0,1.0,0.6136860000000001,0.7473700000000001
50571,1096,45,-164.48144754767418,0.0,1.0,0.6134310000000001,0.747145
50606,1097,35,-185.80233816802502,0.0,1.0,0.6132326666666666,0.7469699999999999
50637,1098,31,-148.02303445339203,0.0,1.0,0.613057,0.746815
50688,1099,51,-162.07282210886478,0.0,1.0,0.612768,0.74656
50746,1100,58,-156.33888967335224,0.0,1.0,0.6124393333333333,0.74627
50797,1101,51,-151.92435581982136,0.0,1.0,0.6121503333333334,0.746015
50839,1102,42,-166.1374676823616,0.0,1.0,0.6119123333333334,0.745805
50883,1103,44,-190.09791827201843,0.0,1.0,0.6116630000000001,0.7455849999999999
50929,1104,46,-165.51825833320618,0.0,1.0,0.6114023333333334,0.745355
50986,1105,57,-150.06397107243538,0.0,1.0,0.6110793333333333,0.74507
51034,1106,48,-164.85088001191616,0.0,1.0,0.6108073333333334,0.74483
51092,1107,58,-171.71720358729362,0.0,1.0,0.6104786666666667,0.74454
51131,1108,39,-178.2886048257351,0.0,1.0,0.6102576666666667,0.744345
51167,1109,36,-180.36418290436268,0.0,1.0,0.6100536666666667,0.744165
51228,1110,61,-150.07897758483887,0.0,1.0,0.609708,0.74386
51328,1111,100,-94.64926020801067,0.0,0.0,0.6091413333333333,0.74336
51428,1112,100,-117.30088418722153,0.0,0.0,0.6085746666666667,0.74286
51479,1113,51,-171.10443344712257,0.0,1.0,0.6082856666666667,0.742605
51517,1114,38,-166.55065310001373,0.0,1.0,0.6080703333333334,0.742415
51551,1115,34,-144.1717495471239,0.0,1.0,0.6078776666666668,0.742245
51612,1116,61,-198.95377315580845,0.0,1.0,0.607532,0.74194
51654,1117,42,-171.70157939195633,0.0,1.0,0.607294,0.74173
51689,1118,35,-144.780438169837,0.0,1.0,0.6070956666666667,0.741555
51749,1119,60,-172.9892457574606,0.0,1.0,0.6067556666666667,0.741255
51785,1120,36,-155.81366784870625,0.0,1.0,0.6065516666666667,0.7410749999999999
51840,1121,55,-173.74393881857395,0.0,1.0,0.60624,0.7408
51898,1122,58,-164.8605836033821,0.0,1.0,0.6059113333333334,0.74051
51943,1123,45,-150.55758672952652,0.0,1.0,0.6056563333333334,0.740285
51980,1124,37,-150.74990738928318,0.0,1.0,0.6054466666666667,0.7401
52030,1125,50,-171.3836313933134,0.0,1.0,0.6051633333333334,0.73985
52064,1126,34,-150.76317764818668,0.0,1.0,0.6049706666666668,0.73968
52107,1127,43,-149.606018319726,0.0,1.0,0.604727,0.739465
52154,1128,47,-181.78618693351746,0.0,1.0,0.6044606666666668,0.73923
52206,1129,52,-139.7649411559105,0.0,1.0,0.604166,0.73897
52276,1130,70,-180.10084702074528,0.0,1.0,0.6037693333333334,0.73862
52310,1131,34,-152.88687539100647,0.0,1.0,0.6035766666666667,0.73845
52367,1132,57,-172.38002341985703,0.0,1.0,0.6032536666666667,0.738165
52419,1133,52,-155.79348860681057,0.0,1.0,0.602959,0.737905
52451,1134,32,-164.82071912288666,0.0,1.0,0.6027776666666667,0.737745
52487,1135,36,-166.4841542094946,0.0,1.0,0.6025736666666667,0.737565
52515,1136,28,-157.59908923506737,0.0,1.0,0.602415,0.737425
52579,1137,64,-155.14461134374142,0.0,1.0,0.6020523333333334,0.737105
52630,1138,51,-166.36224529147148,0.0,1.0,0.6017633333333334,0.73685
52682,1139,52,-174.5366302281618,0.0,1.0,0.6014686666666667,0.7365900000000001
52724,1140,42,-178.28561221063137,0.0,1.0,0.6012306666666667,0.73638
52773,1141,49,-157.36748722195625,0.0,1.0,0.6009530000000001,0.736135
52873,1142,100,-81.7828198671341,0.0,0.0,0.6003863333333334,0.735635
52920,1143,47,-156.7828138768673,0.0,1.0,0.60012,0.7354
52964,1144,44,-169.40967978537083,0.0,1.0,0.5998706666666667,0.73518
53017,1145,53,-161.07846722006798,0.0,1.0,0.5995703333333333,0.734915
53054,1146,37,-164.90851917862892,0.0,1.0,0.5993606666666667,0.73473
53154,1147,100,-76.98602451756597,0.0,0.0,0.598794,0.7342299999999999
53202,1148,48,-150.85220077633858,0.0,1.0,0.598522,0.73399
53252,1149,50,-156.67882739007473,0.0,1.0,0.5982386666666667,0.7337400000000001
53307,1150,55,-164.44657568633556,0.0,1.0,0.5979270000000001,0.733465
53358,1151,51,-162.47870554029942,0.0,1.0,0.5976380000000001,0.73321
53389,1152,31,-158.43176110088825,0.0,1.0,0.5974623333333333,0.733055
53447,1153,58,-172.70206341147423,0.0,1.0,0.5971336666666667,0.732765
53482,1154,35,-144.41570618748665,0.0,1.0,0.5969353333333334,0.73259
53582,1155,100,-125.9250925257802,0.0,0.0,0.5963686666666668,0.73209
53637,1156,55,-170.350450232625,0.0,1.0,0.5960570000000001,0.731815
53675,1157,38,-169.52952390909195,0.0,1.0,0.5958416666666667,0.731625
53730,1158,55,-157.61285036802292,0.0,1.0,0.59553,0.73135
53781,1159,51,-180.02283596992493,0.0,1.0,0.595241,0.731095
53840,1160,59,-165.73477219045162,0.0,1.0,0.5949066666666667,0.7308
53894,1161,54,-163.66746181249619,0.0,1.0,0.5946006666666667,0.73053
53938,1162,44,-152.67736740410328,0.0,1.0,0.5943513333333333,0.73031
53981,1163,43,-150.86088614165783,0.0,1.0,0.5941076666666667,0.7300949999999999
54014,1164,33,-156.06752589344978,0.0,1.0,0.5939206666666668,0.72993
54062,1165,48,-147.27224822342396,0.0,1.0,0.5936486666666667,0.72969
54119,1166,57,-181.25776101648808,0.0,1.0,0.5933256666666666,0.729405
54183,1167,64,-184.68808265030384,0.0,1.0,0.592963,0.729085
54228,1168,45,-205.87601467967033,0.0,1.0,0.592708,0.7288600000000001
54284,1169,56,-176.58162793517113,0.0,1.0,0.5923906666666667,0.72858
54339,1170,55,-166.83326998353004,0.0,1.0,0.592079,0.728305
54374,1171,35,-150.43735787272453,0.0,1.0,0.5918806666666667,0.7281299999999999
54474,1172,100,-109.89496582373977,0.0,0.0,0.5913140000000001,0.72763
54511,1173,37,-157.9170926362276,0.0,1.0,0.5911043333333335,0.727445
54557,1174,46,-170.3533627539873,0.0,1.0,0.5908436666666668,0.727215
54597,1175,40,-179.02701458334923,0.0,1.0,0.590617,0.727015
54648,1176,51,-179.97181470692158,0.0,1.0,0.5903280000000001,0.7267600000000001
54699,1177,51,-220.0038181990385,0.0,1.0,0.590039,0.726505
54748,1178,49,-177.51229725778103,0.0,1.0,0.5897613333333334,0.72626
54810,1179,62,-146.53378105163574,0.0,1.0,0.58941,0.72595
54867,1180,57,-148.12390531599522,0.0,1.0,0.589087,0.725665
54924,1181,57,-179.60631316900253,0.0,1.0,0.5887640000000001,0.72538
54974,1182,50,-169.62139047682285,0.0,1.0,0.5884806666666667,0.72513
55028,1183,54,-195.5481854379177,0.0,1.0,0.5881746666666667,0.7248600000000001
55079,1184,51,-178.94710293412209,0.0,1.0,0.5878856666666668,0.7246049999999999
55113,1185,34,-156.4088944941759,0.0,1.0,0.587693,0.7244349999999999
55168,1186,55,-149.83857004344463,0.0,1.0,0.5873813333333333,0.72416
55202,1187,34,-158.14908161759377,0.0,1.0,0.5871886666666667,0.7239899999999999
55255,1188,53,-180.06845757365227,0.0,1.0,0.5868883333333333,0.723725
55315,1189,60,-173.76229195296764,0.0,1.0,0.5865483333333333,0.723425
55347,1190,32,-161.18021740019321,0.0,1.0,0.5863670000000001,0.723265
55395,1191,48,-166.241141974926,0.0,1.0,0.586095,0.723025
55436,1192,41,-159.7137071043253,0.0,1.0,0.5858626666666666,0.72282
55495,1193,59,-193.08825985342264,0.0,1.0,0.5855283333333334,0.722525
55543,1194,48,-164.01214709877968,0.0,1.0,0.5852563333333334,0.7222850000000001
55587,1195,44,-158.68905697762966,0.0,1.0,0.585007,0.722065
55687,1196,100,-56.80356186628342,0.0,0.0,0.5844403333333333,0.721565
55720,1197,33,-152.53761038184166,0.0,1.0,0.5842533333333333,0.7214
55772,1198,52,-154.76215340197086,0.0,1.0,0.5839586666666667,0.72114
55827,1199,55,-175.84999088943005,0.0,1.0,0.583647,0.720865
55862,1200,35,-167.5721813738346,0.0,1.0,0.5834486666666667,0.72069
55898,1201,36,-164.3657773733139,0.0,1.0,0.5832446666666666,0.72051
55946,1202,48,-201.90404675900936,0.0,1.0,0.5829726666666667,0.72027
56046,1203,100,-127.02879783511162,0.0,0.0,0.582406,0.71977
56146,1204,100,-130.71527925878763,0.0,0.0,0.5818393333333334,0.71927
56190,1205,44,-175.27461723983288,0.0,1.0,0.58159,0.71905
56290,1206,100,-57.15149451419711,0.0,0.0,0.5810233333333333,0.71855
56337,1207,47,-146.5881499350071,0.0,1.0,0.580757,0.718315
56400,1208,63,-157.23304289579391,0.0,1.0,0.5804,0.718
56429,1209,29,-132.02518813312054,0.0,1.0,0.5802356666666667,0.717855
56461,1210,32,-128.27888172864914,0.0,1.0,0.5800543333333333,0.717695
56514,1211,53,-152.74568627774715,0.0,1.0,0.5797540000000001,0.71743
56560,1212,46,-152.45415395498276,0.0,1.0,0.5794933333333334,0.7172000000000001
56660,1213,100,-67.5926365852356,0.0,0.0,0.5789266666666667,0.7167
56760,1214,100,-76.27240199968219,0.0,0.0,0.57836,0.7162
56813,1215,53,-179.79927221685648,0.0,1.0,0.5780596666666666,0.715935
56863,1216,50,-165.5707983672619,0.0,1.0,0.5777763333333333,0.715685
56899,1217,36,-149.73914228379726,0.0,1.0,0.5775723333333334,0.7155050000000001
56999,1218,100,-119.95735391974449,0.0,0.0,0.5770056666666667,0.715005
57046,1219,47,-155.57583485543728,0.0,1.0,0.5767393333333333,0.71477
57088,1220,42,-145.71350310742855,0.0,1.0,0.5765013333333333,0.71456
57188,1221,100,-63.554379135370255,0.0,0.0,0.5759346666666667,0.71406
57234,1222,46,-179.61673264205456,0.0,1.0,0.575674,0.71383
57273,1223,39,-174.42433342337608,0.0,1.0,0.575453,0.713635
57306,1224,33,-159.9564658254385,0.0,1.0,0.575266,0.71347
57367,1225,61,-172.10965010523796,0.0,1.0,0.5749203333333334,0.713165
57428,1226,61,-164.089104950428,0.0,1.0,0.5745746666666667,0.71286
57475,1227,47,-151.77849860489368,0.0,1.0,0.5743083333333334,0.7126250000000001
57533,1228,58,-147.98096272349358,0.0,1.0,0.5739796666666667,0.7123349999999999
57567,1229,34,-148.88938535749912,0.0,1.0,0.573787,0.7121649999999999
57616,1230,49,-178.00701770186424,0.0,1.0,0.5735093333333334,0.71192
57662,1231,46,-158.33873512595892,0.0,1.0,0.5732486666666667,0.7116899999999999
57725,1232,63,-165.65048636496067,0.0,1.0,0.5728916666666667,0.711375
57772,1233,47,-154.15076652169228,0.0,1.0,0.5726253333333333,0.71114
57809,1234,37,-152.35224494338036,0.0,1.0,0.5724156666666667,0.710955
57873,1235,64,-179.50920289754868,0.0,1.0,0.572053,0.710635
57910,1236,37,-176.6315040141344,0.0,1.0,0.5718433333333334,0.71045
57946,1237,36,-151.19416524469852,0.0,1.0,0.5716393333333334,0.71027
58004,1238,58,-146.7410383373499,0.0,1.0,0.5713106666666667,0.70998
58059,1239,55,-163.31204915046692,0.0,1.0,0.570999,0.709705
58109,1240,50,-164.94269217550755,0.0,1.0,0.5707156666666667,0.709455
58147,1241,38,-156.35925114154816,0.0,1.0,0.5705003333333334,0.709265
58180,1242,33,-142.83375492691994,0.0,1.0,0.5703133333333333,0.7091
58280,1243,100,-78.24795098602772,0.0,0.0,0.5697466666666666,0.7086
58380,1244,100,-82.03894108533859,0.0,0.0,0.56918,0.7081
58418,1245,38,-161.7827775850892,0.0,1.0,0.5689646666666668,0.70791
58450,1246,32,-158.51891055703163,0.0,1.0,0.5687833333333334,0.70775
58502,1247,52,-154.97507773339748,0.0,1.0,0.5684886666666666,0.70749
58541,1248,39,-138.29464051127434,0.0,1.0,0.5682676666666666,0.707295
58641,1249,100,-39.28064364939928,0.0,0.0,0.567701,0.7067950000000001
58683,1250,42,-139.75322461128235,0.0,1.0,0.567463,0.706585
58714,1251,31,-141.68985331058502,0.0,1.0,0.5672873333333334,0.70643
58769,1252,55,-174.45050859451294,0.0,1.0,0.5669756666666668,0.706155
58800,1253,31,-148.57309544086456,0.0,1.0,0.5668,0.706
58900,1254,100,-94.60585252940655,0.0,0.0,0.5662333333333334,0.7055
58939,1255,39,-151.4684446901083,0.0,1.0,0.5660123333333333,0.7053050000000001
58997,1256,58,-163.4516371563077,0.0,1.0,0.5656836666666667,0.705015
59047,1257,50,-164.0784623324871,0.0,1.0,0.5654003333333334,0.7047650000000001
59120,1258,73,-164.12296791374683,0.0,1.0,0.5649866666666667,0.7044
59174,1259,54,-172.66848388314247,0.0,1.0,0.5646806666666667,0.70413
59227,1260,53,-142.17016331851482,0.0,1.0,0.5643803333333334,0.703865
59261,1261,34,-150.6642945855856,0.0,1.0,0.5641876666666668,0.703695
59361,1262,100,-103.33750447630882,0.0,0.0,0.563621,0.703195
59404,1263,43,-166.72214567661285,0.0,1.0,0.5633773333333334,0.7029799999999999
59504,1264,100,-64.05126474797726,0.0,0.0,0.5628106666666667,0.70248
59579,1265,75,-207.22900967299938,0.0,1.0,0.5623856666666667,0.702105
59640,1266,61,-162.5945438593626,0.0,1.0,0.5620400000000001,0.7018
59697,1267,57,-137.22835329174995,0.0,1.0,0.561717,0.701515
59740,1268,43,-176.99470923841,0.0,1.0,0.5614733333333334,0.7013
59840,1269,100,-81.17337112873793,0.0,0.0,0.5609066666666667,0.7008000000000001
59871,1270,31,-150.49832345545292,0.0,1.0,0.5607310000000001,0.700645
59971,1271,100,-77.15269392728806,0.0,0.0,0.5601643333333334,0.700145
60071,1272,100,-66.59106761962175,0.0,0.0,0.5595976666666667,0.699645
60126,1273,55,-137.73453778028488,0.0,1.0,0.5592860000000001,0.69937
60183,1274,57,-135.83156387507915,0.0,1.0,0.558963,0.699085
60251,1275,68,-156.79372814297676,0.0,1.0,0.5585776666666666,0.698745
60319,1276,68,-174.72447845339775,0.0,1.0,0.5581923333333334,0.6984049999999999
60375,1277,56,-170.3618268072605,0.0,1.0,0.557875,0.698125
60415,1278,40,-159.46781712770462,0.0,1.0,0.5576483333333333,0.697925
60457,1279,42,-154.908854752779,0.0,1.0,0.5574103333333333,0.697715
60498,1280,41,-160.04536399245262,0.0,1.0,0.557178,0.69751
60551,1281,53,-152.41167297959328,0.0,1.0,0.5568776666666667,0.697245
60651,1282,100,-62.0000407025218,0.0,0.0,0.556311,0.696745
60684,1283,33,-159.04786905646324,0.0,1.0,0.5561240000000001,0.69658
60739,1284,55,-186.91792510449886,0.0,1.0,0.5558123333333334,0.696305
60783,1285,44,-163.086136713624,0.0,1.0,0.555563,0.696085
60883,1286,100,-85.11179926618934,0.0,0.0,0.5549963333333334,0.695585
60983,1287,100,-71.40634967386723,0.0,0.0,0.5544296666666667,0.695085
61013,1288,30,-153.5309870839119,0.0,1.0,0.5542596666666667,0.694935
61113,1289,100,-64.40586248040199,0.0,0.0,0.553693,0.694435
61150,1290,37,-165.44647742807865,0.0,1.0,0.5534833333333333,0.69425
61195,1291,45,-156.68137528002262,0.0,1.0,0.5532283333333334,0.694025
61295,1292,100,-104.79022632539272,0.0,0.0,0.5526616666666666,0.693525
61337,1293,42,-165.23284155130386,0.0,1.0,0.5524236666666666,0.693315
61395,1294,58,-149.88447785377502,0.0,1.0,0.552095,0.693025
61426,1295,31,-165.2708241045475,0.0,1.0,0.5519193333333334,0.69287
61471,1296,45,-165.82088616490364,0.0,1.0,0.5516643333333333,0.692645
61571,1297,100,-69.36041873693466,0.0,0.0,0.5510976666666667,0.692145
61609,1298,38,-168.0419289022684,0.0,1.0,0.5508823333333334,0.691955
61709,1299,100,-64.30251495540142,0.0,0.0,0.5503156666666666,0.6914549999999999
61740,1300,31,-149.7253806591034,0.0,1.0,0.5501400000000001,0.6913
61795,1301,55,-161.62007650732994,0.0,1.0,0.5498283333333334,0.691025
61895,1302,100,-78.5407583117485,0.0,0.0,0.5492616666666668,0.690525
61929,1303,34,-154.50428168475628,0.0,1.0,0.549069,0.690355
61962,1304,33,-149.21618235111237,0.0,1.0,0.5488820000000001,0.69019
62013,1305,51,-172.00764954090118,0.0,1.0,0.548593,0.689935
62113,1306,100,-61.80745875835419,0.0,0.0,0.5480263333333334,0.689435
62161,1307,48,-156.97083005309105,0.0,1.0,0.5477543333333335,0.689195
62199,1308,38,-168.15057311952114,0.0,1.0,0.547539,0.6890050000000001
62299,1309,100,-106.81678836792707,0.0,0.0,0.5469723333333334,0.6885049999999999
62362,1310,63,-195.9508036673069,0.0,1.0,0.5466153333333335,0.6881900000000001
62408,1311,46,-162.93931056559086,0.0,1.0,0.5463546666666668,0.68796
62508,1312,100,-60.72196829319,0.0,0.0,0.545788,0.68746
62545,1313,37,-149.80291984975338,0.0,1.0,0.5455783333333334,0.6872750000000001
62583,1314,38,-146.4282293766737,0.0,1.0,0.545363,0.687085
62639,1315,56,-159.48592384159565,0.0,1.0,0.5450456666666668,0.686805
62739,1316,100,-48.366830706596375,0.0,0.0,0.5444789999999999,0.6863049999999999
62839,1317,100,-77.76991960406303,0.0,0.0,0.5439123333333333,0.685805
62939,1318,100,-56.3056912869215,0.0,0.0,0.5433456666666667,0.685305
63039,1319,100,-88.72754636406898,0.0,0.0,0.542779,0.684805
63087,1320,48,-156.16105704009533,0.0,1.0,0.5425070000000001,0.684565
63119,1321,32,-149.8584986627102,0.0,1.0,0.5423256666666667,0.6844049999999999
63164,1322,45,-163.53916347026825,0.0,1.0,0.5420706666666667,0.68418
63193,1323,29,-164.07589700818062,0.0,1.0,0.5419063333333334,0.684035
63239,1324,46,-179.4336810708046,0.0,1.0,0.5416456666666667,0.683805
63292,1325,53,-154.6841961145401,0.0,1.0,0.5413453333333333,0.68354
63392,1326,100,-33.200357764959335,0.0,0.0,0.5407786666666667,0.68304
63492,1327,100,-73.65362486243248,0.0,0.0,0.540212,0.68254
63592,1328,100,-68.38147157430649,0.0,0.0,0.5396453333333333,0.68204
63692,1329,100,-99.47090918943286,0.0,0.0,0.5390786666666667,0.68154
63732,1330,40,-136.42873483896255,0.0,1.0,0.5388520000000001,0.6813400000000001
63832,1331,100,-73.66736687719822,0.0,0.0,0.5382853333333333,0.68084
63889,1332,57,-145.84798161685467,0.0,1.0,0.5379623333333334,0.680555
63960,1333,71,-165.79539470374584,0.0,1.0,0.53756,0.6802
64003,1334,43,-152.55114676058292,0.0,1.0,0.5373163333333334,0.6799850000000001
64103,1335,100,-76.56625625118613,0.0,0.0,0.5367496666666667,0.679485
64203,1336,100,-124.71117597818375,0.0,0.0,0.5361830000000001,0.678985
64237,1337,34,-145.71228140592575,0.0,1.0,0.5359903333333333,0.678815
64282,1338,45,-141.05131736397743,0.0,1.0,0.5357353333333333,0.67859
64339,1339,57,-150.5465455800295,0.0,1.0,0.5354123333333334,0.6783049999999999
64399,1340,60,-147.0452733039856,0.0,1.0,0.5350723333333334,0.678005
64434,1341,35,-159.673849016428,0.0,1.0,0.5348740000000001,0.6778299999999999
64534,1342,100,-90.38722023367882,0.0,0.0,0.5343073333333334,0.67733
64571,1343,37,-161.27468940615654,0.0,1.0,0.5340976666666667,0.677145
64625,1344,54,-188.23885644972324,0.0,1.0,0.5337916666666667,0.676875
64672,1345,47,-163.5465763658285,0.0,1.0,0.5335253333333334,0.67664
64727,1346,55,-174.20630858838558,0.0,1.0,0.5332136666666667,0.676365
64771,1347,44,-145.10325333476067,0.0,1.0,0.5329643333333334,0.676145
64817,1348,46,-168.25458826124668,0.0,1.0,0.5327036666666667,0.675915
64917,1349,100,-96.99866161122918,0.0,0.0,0.5321370000000001,0.675415
65017,1350,100,-85.89797803759575,0.0,0.0,0.5315703333333334,0.674915
65055,1351,38,-153.55402395129204,0.0,1.0,0.531355,0.674725
65109,1352,54,-163.7018731534481,0.0,1.0,0.5310490000000001,0.674455
65209,1353,100,-53.200643599033356,0.0,0.0,0.5304823333333334,0.6739550000000001
65239,1354,30,-164.51940301060677,0.0,1.0,0.5303123333333333,0.673805
65295,1355,56,-169.45474183559418,0.0,1.0,0.529995,0.6735249999999999
65355,1356,60,-174.66308246552944,0.0,1.0,0.529655,0.673225
65417,1357,62,-171.11847230792046,0.0,1.0,0.5293036666666666,0.6729149999999999
65472,1358,55,-158.78108017146587,0.0,1.0,0.5289920000000001,0.67264
65509,1359,37,-141.95648580789566,0.0,1.0,0.5287823333333334,0.672455
65564,1360,55,-149.19899752736092,0.0,1.0,0.5284706666666668,0.67218
65664,1361,100,-106.88520734757185,0.0,0.0,0.527904,0.67168
65725,1362,61,-178.36954434216022,0.0,1.0,0.5275583333333334,0.671375
65757,1363,32,-162.87884075939655,0.0,1.0,0.527377,0.671215
65792,1364,35,-146.28741347789764,0.0,1.0,0.5271786666666667,0.67104
65829,1365,37,-161.15774761140347,0.0,1.0,0.526969,0.670855
65866,1366,37,-150.90241245925426,0.0,1.0,0.5267593333333334,0.67067
65966,1367,100,-99.38892643153667,0.0,0.0,0.5261926666666668,0.6701699999999999
66066,1368,100,-81.68571054935455,0.0,0.0,0.525626,0.66967
66101,1369,35,-168.52937406301498,0.0,1.0,0.5254276666666667,0.669495
66201,1370,100,-71.3932742625475,0.0,0.0,0.524861,0.668995
66246,1371,45,-150.08406564593315,0.0,1.0,0.5246060000000001,0.6687700000000001
66346,1372,100,-74.70089495182037,0.0,0.0,0.5240393333333333,0.6682699999999999
66446,1373,100,-37.69995927810669,0.0,0.0,0.5234726666666667,0.66777
66546,1374,100,-89.69286884367466,0.0,0.0,0.5229060000000001,0.66727
66646,1375,100,-42.40196865051985,0.0,0.0,0.5223393333333334,0.66677
66746,1376,100,-70.50003124773502,0.0,0.0,0.5217726666666667,0.66627
66797,1377,51,-154.89631228148937,0.0,1.0,0.5214836666666667,0.666015
66837,1378,40,-145.52432984113693,0.0,1.0,0.5212570000000001,0.665815
66937,1379,100,-104.19920352101326,0.0,0.0,0.5206903333333334,0.665315
66981,1380,44,-145.1064017266035,0.0,1.0,0.520441,0.665095
67081,1381,100,-73.26044268906116,0.0,0.0,0.5198743333333333,0.664595
67114,1382,33,-145.4446223527193,0.0,1.0,0.5196873333333334,0.6644300000000001
67173,1383,59,-127.27706150710583,0.0,1.0,0.519353,0.664135
67273,1384,100,-86.95982232689857,0.0,0.0,0.5187863333333333,0.663635
67324,1385,51,-142.291395008564,0.0,1.0,0.5184973333333334,0.6633800000000001
67366,1386,42,-171.39174464344978,0.0,1.0,0.5182593333333334,0.66317
67428,1387,62,-149.13314501941204,0.0,1.0,0.517908,0.66286
67482,1388,54,-144.04251144826412,0.0,1.0,0.517602,0.66259
67582,1389,100,-86.43963851034641,0.0,0.0,0.5170353333333334,0.6620900000000001
67625,1390,43,-147.53445257246494,0.0,1.0,0.5167916666666668,0.661875
67725,1391,100,-96.14905977249146,0.0,0.0,0.516225,0.661375
67765,1392,40,-146.86740344762802,0.0,1.0,0.5159983333333333,0.6611750000000001
67811,1393,46,-130.2467690706253,0.0,1.0,0.5157376666666666,0.660945
67864,1394,53,-143.4009742885828,0.0,1.0,0.5154373333333333,0.66068
67964,1395,100,-70.57954727113247,0.0,0.0,0.5148706666666667,0.66018
68013,1396,49,-153.36916291713715,0.0,1.0,0.5145930000000001,0.6599349999999999
68113,1397,100,-71.93095317110419,0.0,0.0,0.5140263333333334,0.659435
68164,1398,51,-142.3754025697708,0.0,1.0,0.5137373333333334,0.65918
68204,1399,40,-159.32012328505516,0.0,1.0,0.5135106666666667,0.65898
68304,1400,100,-90.0211702734232,0.0,0.0,0.5129440000000001,0.65848
68404,1401,100,-107.21813821792603,0.0,0.0,0.5123773333333334,0.65798
68504,1402,100,-45.336918592453,0.0,0.0,0.5118106666666666,0.6574800000000001
68552,1403,48,-123.70809705555439,0.0,1.0,0.5115386666666667,0.65724
68652,1404,100,-73.07198143005371,0.0,0.0,0.510972,0.65674
68752,1405,100,-53.39989811182022,0.0,0.0,0.5104053333333334,0.6562399999999999
68796,1406,44,-173.82834666967392,0.0,1.0,0.510156,0.65602
68896,1407,100,-35.30873726308346,0.0,0.0,0.5095893333333334,0.65552
68996,1408,100,-67.75187741219997,0.0,0.0,0.5090226666666666,0.6550199999999999
69096,1409,100,-110.98879638314247,0.0,0.0,0.508456,0.65452
69155,1410,59,-186.6301785260439,0.0,1.0,0.5081216666666667,0.6542250000000001
69188,1411,33,-158.63938657939434,0.0,1.0,0.5079346666666666,0.65406
69236,1412,48,-131.50516021251678,0.0,1.0,0.5076626666666667,0.6538200000000001
69291,1413,55,-138.71611726284027,0.0,1.0,0.507351,0.653545
69324,1414,33,-141.37044835090637,0.0,1.0,0.507164,0.65338
69424,1415,100,-51.23001244664192,0.0,0.0,0.5065973333333333,0.65288
69524,1416,100,-56.017905697226524,0.0,0.0,0.5060306666666667,0.65238
69570,1417,46,-153.75080734491348,0.0,1.0,0.50577,0.65215
69606,1418,36,-142.6547464132309,0.0,1.0,0.505566,0.6519699999999999
69646,1419,40,-170.11042219400406,0.0,1.0,0.5053393333333334,0.65177
69704,1420,58,-138.94108700752258,0.0,1.0,0.5050106666666667,0.6514800000000001
69804,1421,100,-85.13644280284643,0.0,0.0,0.5044440000000001,0.65098
69904,1422,100,-78.76653629168868,0.0,0.0,0.5038773333333334,0.65048
69962,1423,58,-134.73213911056519,0.0,1.0,0.5035486666666666,0.65019
69997,1424,35,-159.5684351325035,0.0,1.0,0.5033503333333333,0.650015
70097,1425,100,-88.17493852972984,0.0,0.0,0.5027836666666667,0.649515
70157,1426,60,-163.61463896930218,0.0,1.0,0.5024436666666667,0.649215
70200,1427,43,-158.8263694345951,0.0,1.0,0.5022,0.649
70231,1428,31,-145.2752515077591,0.0,1.0,0.5020243333333334,0.648845
70331,1429,100,-59.07950655370951,0.0,0.0,0.5014576666666668,0.648345
70431,1430,100,-31.001643478870392,0.0,0.0,0.500891,0.647845
70463,1431,32,-148.3925992101431,0.0,1.0,0.5007096666666666,0.647685
70563,1432,100,-56.428487077355385,0.0,0.0,0.500143,0.647185
70663,1433,100,-58.126022040843964,0.0,0.0,0.4995763333333334,0.646685
70763,1434,100,-73.57182039692998,0.0,0.0,0.4990096666666667,0.646185
70823,1435,60,-160.16519677639008,0.0,1.0,0.49866966666666673,0.645885
70923,1436,100,-86.3577900826931,0.0,0.0,0.498103,0.645385
70979,1437,56,-131.24076476693153,0.0,1.0,0.4977856666666667,0.645105
71023,1438,44,-158.53372563421726,0.0,1.0,0.49753633333333336,0.6448849999999999
71057,1439,34,-144.45215690135956,0.0,1.0,0.4973436666666667,0.644715
71157,1440,100,-93.40560330450535,0.0,0.0,0.496777,0.644215
71191,1441,34,-144.96373312175274,0.0,1.0,0.49658433333333335,0.644045
71291,1442,100,-61.288826286792755,0.0,0.0,0.4960176666666667,0.643545
71391,1443,100,-64.61237847805023,0.0,0.0,0.49545100000000003,0.6430450000000001
71479,1444,88,2.169826030731201,1.0,0.0,0.4949523333333334,0.642605
71536,1445,57,-157.57452216744423,0.0,1.0,0.49462933333333337,0.64232
71636,1446,100,-84.92746071517467,0.0,0.0,0.4940626666666667,0.6418200000000001
71736,1447,100,-63.47469475120306,0.0,0.0,0.49349600000000005,0.64132
71782,1448,46,-170.2926863282919,0.0,1.0,0.49323533333333336,0.6410899999999999
71882,1449,100,-50.39443148300052,0.0,0.0,0.4926686666666667,0.64059
71982,1450,100,-74.34915921837091,0.0,0.0,0.49210200000000004,0.64009
72022,1451,40,-148.91559687256813,0.0,1.0,0.4918753333333334,0.6398900000000001
72056,1452,34,-137.39342698454857,0.0,1.0,0.4916826666666667,0.6397200000000001
72101,1453,45,-159.8813384026289,0.0,1.0,0.4914276666666667,0.6394949999999999
72146,1454,45,-158.48983143270016,0.0,1.0,0.4911726666666667,0.63927
72246,1455,100,-68.80397237837315,0.0,0.0,0.49060600000000004,0.6387700000000001
72318,1456,72,-166.2872827500105,0.0,1.0,0.490198,0.63841
72418,1457,100,-69.23490718007088,0.0,0.0,0.48963133333333336,0.63791
72455,1458,37,-138.2270332276821,0.0,1.0,0.4894216666666667,0.637725
72503,1459,48,-148.96389481425285,0.0,1.0,0.4891496666666667,0.637485
72543,1460,40,-134.46676836907864,0.0,1.0,0.48892300000000005,0.637285
72643,1461,100,-77.06711677461863,0.0,0.0,0.4883563333333334,0.636785
72743,1462,100,-55.880436670035124,0.0,0.0,0.4877896666666667,0.636285
72780,1463,37,-137.20693415403366,0.0,1.0,0.48758,0.6361
72834,1464,54,-154.31379468739033,0.0,1.0,0.48727400000000004,0.63583
72934,1465,100,-41.40860406495631,0.0,0.0,0.4867073333333334,0.63533
72999,1466,65,-157.08341063559055,0.0,1.0,0.486339,0.635005
73091,1467,92,34.887848913669586,1.0,0.0,0.4858176666666667,0.634545
73127,1468,36,-154.25306509435177,0.0,1.0,0.48561366666666667,0.634365
73227,1469,100,-29.904489800333977,0.0,0.0,0.485047,0.633865
73288,1470,61,-169.80806016921997,0.0,1.0,0.4847013333333334,0.63356
73388,1471,100,-55.45216451585293,0.0,0.0,0.4841346666666667,0.63306
73488,1472,100,-57.45493643544614,0.0,0.0,0.483568,0.63256
73541,1473,53,-132.93293896317482,0.0,1.0,0.4832676666666667,0.632295
73598,1474,57,-143.62133271992207,0.0,1.0,0.4829446666666667,0.63201
73650,1475,52,-147.22192114591599,0.0,1.0,0.48265,0.63175
73750,1476,100,-39.23270525038242,0.0,0.0,0.48208333333333336,0.6312500000000001
73850,1477,100,-58.01396019756794,0.0,0.0,0.4815166666666667,0.6307499999999999
73907,1478,57,-142.3718337714672,0.0,1.0,0.4811936666666667,0.630465
73940,1479,33,-139.00046107172966,0.0,1.0,0.4810066666666667,0.6303
74040,1480,100,-36.77525943517685,0.0,0.0,0.48044000000000003,0.6298
74140,1481,100,-29.843354374170303,0.0,0.0,0.4798733333333334,0.6293
74229,1482,89,17.517430543899536,1.0,0.0,0.479369,0.6288549999999999
74263,1483,34,-151.88594329357147,0.0,1.0,0.47917633333333337,0.6286849999999999
74363,1484,100,-47.63837395608425,0.0,0.0,0.4786096666666667,0.628185
74463,1485,100,-25.09841812029481,0.0,0.0,0.47804300000000005,0.627685
74528,1486,65,-167.83975192904472,0.0,1.0,0.4776746666666667,0.62736
74628,1487,100,12.739213079214096,1.0,0.0,0.47710800000000003,0.62686
74678,1488,50,-133.8876981586218,0.0,1.0,0.47682466666666673,0.62661
74738,1489,60,-171.00355020165443,0.0,1.0,0.4764846666666667,0.62631
74790,1490,52,-157.9994217902422,0.0,1.0,0.47619000000000006,0.62605
74844,1491,54,-153.45061548054218,0.0,1.0,0.47588400000000003,0.62578
74879,1492,35,-141.96010927855968,0.0,1.0,0.47568566666666673,0.625605
74950,1493,71,-149.2401745915413,0.0,1.0,0.4752833333333334,0.6252500000000001
75050,1494,100,-77.73836405575275,0.0,0.0,0.47471666666666673,0.62475
75127,1495,77,38.23414723575115,1.0,0.0,0.47428033333333336,0.6243650000000001
75177,1496,50,-146.93795154988766,0.0,1.0,0.47399700000000006,0.624115
75277,1497,100,-32.30022752285004,0.0,0.0,0.4734303333333334,0.623615
75337,1498,60,-169.42389592528343,0.0,1.0,0.4730903333333334,0.6233150000000001
75437,1499,100,-43.301021836698055,0.0,0.0,0.47252366666666673,0.622815
75531,1500,94,18.92891938984394,1.0,0.0,0.47199100000000005,0.622345
75597,1501,66,-160.53586840629578,0.0,1.0,0.47161700000000006,0.622015
75697,1502,100,-47.1332533210516,0.0,0.0,0.47105033333333335,0.621515
75791,1503,94,12.951649010181427,1.0,0.0,0.47051766666666667,0.621045
75834,1504,43,-132.95592214167118,0.0,1.0,0.470274,0.62083
75915,1505,81,-8.34115706384182,1.0,0.0,0.46981500000000004,0.620425
76015,1506,100,-73.37215065956116,0.0,0.0,0.4692483333333333,0.619925
76058,1507,43,-137.1332657635212,0.0,1.0,0.4690046666666667,0.61971
76151,1508,93,20.345610827207565,1.0,0.0,0.46847766666666674,0.619245
76204,1509,53,-150.63013537228107,0.0,1.0,0.4681773333333334,0.6189800000000001
76304,1510,100,-32.46756847202778,0.0,0.0,0.46761066666666673,0.61848
76398,1511,94,29.74699503928423,1.0,0.0,0.46707800000000005,0.61801
76485,1512,87,12.676182851195335,1.0,0.0,0.466585,0.617575
76524,1513,39,-132.79551392793655,0.0,1.0,0.46636400000000006,0.61738
76624,1514,100,-73.26737441122532,0.0,0.0,0.4657973333333334,0.61688
76710,1515,86,-11.332307696342468,1.0,0.0,0.46531000000000006,0.61645
76810,1516,100,-41.21283656358719,0.0,0.0,0.46474333333333334,0.61595
76910,1517,100,-17.264845840632915,0.0,0.0,0.4641766666666667,0.6154499999999999
77010,1518,100,-52.34201104938984,0.0,0.0,0.4636100000000001,0.61495
77058,1519,48,-156.56705832481384,0.0,1.0,0.4633380000000001,0.6147100000000001
77092,1520,34,-150.07635840773582,0.0,1.0,0.46314533333333335,0.61454
77187,1521,95,16.710819125175476,1.0,0.0,0.462607,0.614065
77287,1522,100,-13.79860857129097,0.0,0.0,0.4620403333333334,0.613565
77337,1523,50,-145.59985902905464,0.0,1.0,0.46175700000000003,0.6133149999999999
77396,1524,59,-159.56818908452988,0.0,1.0,0.46142266666666676,0.61302
77496,1525,100,-16.423611655831337,0.0,0.0,0.46085600000000004,0.61252
77547,1526,51,-154.17556189000607,0.0,1.0,0.46056700000000006,0.6122650000000001
77637,1527,90,28.04359097778797,1.0,0.0,0.460057,0.611815
77673,1528,36,-129.81652030348778,0.0,1.0,0.45985300000000007,0.611635
77773,1529,100,-66.87347044050694,0.0,0.0,0.4592863333333334,0.611135
77873,1530,100,-72.55407683551311,0.0,0.0,0.4587196666666667,0.610635
77915,1531,42,-152.51384863257408,0.0,1.0,0.45848166666666673,0.610425
77983,1532,68,1.590435191988945,1.0,0.0,0.4580963333333333,0.610085
78083,1533,100,-58.353677943348885,0.0,0.0,0.4575296666666667,0.609585
78125,1534,42,-141.40934938192368,0.0,1.0,0.45729166666666665,0.609375
78225,1535,100,-53.79161296784878,0.0,0.0,0.45672500000000005,0.608875
78313,1536,88,19.55386982858181,1.0,0.0,0.45622633333333334,0.608435
78413,1537,100,-50.254589065909386,0.0,0.0,0.45565966666666674,0.607935
78513,1538,100,-52.2775439620018,0.0,0.0,0.455093,0.607435
78571,1539,58,-186.29697547852993,0.0,1.0,0.4547643333333334,0.607145
78654,1540,83,21.90283438563347,1.0,0.0,0.454294,0.60673
78754,1541,100,-48.82402445375919,0.0,0.0,0.45372733333333337,0.60623
78854,1542,100,-69.97090558707714,0.0,0.0,0.4531606666666667,0.60573
78954,1543,100,-1.6799489110708237,0.0,0.0,0.452594,0.6052299999999999
79054,1544,100,-42.58881411701441,0.0,0.0,0.4520273333333334,0.60473
79150,1545,96,5.401070058345795,1.0,0.0,0.4514833333333334,0.6042500000000001
79250,1546,100,-60.08507986366749,0.0,0.0,0.4509166666666667,0.60375
79306,1547,56,-154.32384261488914,0.0,1.0,0.45059933333333335,0.60347
79380,1548,74,-161.02970108389854,0.0,1.0,0.45018,0.6031
79480,1549,100,-59.93114048242569,0.0,0.0,0.4496133333333333,0.6026
79580,1550,100,-67.32162061333656,0.0,0.0,0.4490466666666667,0.6021000000000001
79680,1551,100,-45.709125608205795,0.0,0.0,0.44848000000000005,0.6016
79720,1552,40,-139.51961651444435,0.0,1.0,0.4482533333333334,0.6014
79820,1553,100,-30.636858135461807,0.0,0.0,0.4476866666666667,0.6009
79918,1554,98,3.5534310042858124,1.0,0.0,0.4471313333333334,0.60041
79978,1555,60,-157.21302196383476,0.0,1.0,0.4467913333333333,0.6001099999999999
80016,1556,38,-147.98082502186298,0.0,1.0,0.44657600000000003,0.59992
80116,1557,100,-54.22390089929104,0.0,0.0,0.4460093333333334,0.5994200000000001
80206,1558,90,-9.781910330057144,1.0,0.0,0.44549933333333336,0.59897
80294,1559,88,18.841020345687866,1.0,0.0,0.44500066666666677,0.59853
80359,1560,65,-141.65033447742462,0.0,1.0,0.44463233333333335,0.598205
80459,1561,100,-30.80802072584629,0.0,0.0,0.44406566666666664,0.5977049999999999
80544,1562,85,-17.87203635275364,1.0,0.0,0.44358400000000003,0.59728
80597,1563,53,-149.55900406837463,0.0,1.0,0.44328366666666674,0.5970150000000001
80643,1564,46,-137.92151471972466,0.0,1.0,0.44302300000000006,0.596785
80689,1565,46,-139.73240222036839,0.0,1.0,0.44276233333333337,0.596555
80741,1566,52,-152.44531711935997,0.0,1.0,0.44246766666666665,0.596295
80801,1567,60,-169.7001065313816,0.0,1.0,0.4421276666666667,0.595995
80901,1568,100,-32.608580589294434,0.0,0.0,0.441561,0.595495
81001,1569,100,-56.69275698065758,0.0,0.0,0.4409943333333334,0.594995
81101,1570,100,-31.98506997525692,0.0,0.0,0.4404276666666667,0.594495
81175,1571,74,15.050827994942665,1.0,0.0,0.44000833333333333,0.594125
81213,1572,38,-139.35390023887157,0.0,1.0,0.43979300000000005,0.593935
81306,1573,93,40.64962573349476,1.0,0.0,0.43926600000000005,0.59347
81393,1574,87,23.661878272891045,1.0,0.0,0.438773,0.593035
81431,1575,38,-143.92771577835083,0.0,1.0,0.43855766666666673,0.5928450000000001
81466,1576,35,-141.68458890914917,0.0,1.0,0.4383593333333334,0.59267
81566,1577,100,-23.962756767868996,0.0,0.0,0.4377926666666667,0.59217
81663,1578,97,27.318239763379097,1.0,0.0,0.43724300000000005,0.591685
81754,1579,91,8.07897974550724,1.0,0.0,0.43672733333333336,0.59123
81840,1580,86,45.62464626133442,1.0,0.0,0.43624000000000007,0.5908
81940,1581,100,-22.84378409385681,0.0,0.0,0.43567333333333336,0.5903
82040,1582,100,-37.73659159243107,0.0,0.0,0.43510666666666664,0.5898
82091,1583,51,-147.30661571025848,0.0,1.0,0.43481766666666677,0.589545
82191,1584,100,-32.6846387386322,0.0,0.0,0.43425100000000005,0.589045
82275,1585,84,15.747572466731071,1.0,0.0,0.433775,0.588625
82375,1586,100,-27.37197157740593,0.0,0.0,0.43320833333333336,0.588125
82460,1587,85,11.71746751666069,1.0,0.0,0.43272666666666676,0.5877
82560,1588,100,-27.054214656352997,0.0,0.0,0.43216000000000004,0.5871999999999999
82644,1589,84,20.062133952975273,1.0,0.0,0.431684,0.58678
82705,1590,61,-130.48826268315315,0.0,1.0,0.4313383333333334,0.586475
82805,1591,100,-15.844520278275013,0.0,0.0,0.43077166666666666,0.5859749999999999
82905,1592,100,-33.39593228697777,0.0,0.0,0.43020500000000006,0.585475
83005,1593,100,-28.258594539016485,0.0,0.0,0.42963833333333334,0.584975
83105,1594,100,-36.814938724040985,0.0,0.0,0.4290716666666667,0.584475
83179,1595,74,28.249249950051308,1.0,0.0,0.4286523333333334,0.5841050000000001
83279,1596,100,-35.08642202615738,0.0,0.0,0.4280856666666667,0.583605
83378,1597,99,21.94126719236374,1.0,0.0,0.4275246666666667,0.58311
83442,1598,64,-163.1359075754881,0.0,1.0,0.42716200000000004,0.58279
83538,1599,96,39.95054638385773,1.0,0.0,0.42661800000000005,0.58231
83632,1600,94,34.483024917542934,1.0,0.0,0.42608533333333337,0.58184
83732,1601,100,-32.50932164490223,0.0,0.0,0.4255186666666667,0.58134
83826,1602,94,7.581698477268219,1.0,0.0,0.42498600000000003,0.58087
83924,1603,98,28.80793223530054,1.0,0.0,0.42443066666666673,0.58038
83964,1604,40,-138.86748407781124,0.0,1.0,0.424204,0.5801799999999999
83994,1605,30,-121.20189875364304,0.0,1.0,0.424034,0.58003
84031,1606,37,-152.6195569485426,0.0,1.0,0.4238243333333334,0.579845
84084,1607,53,-123.98672227561474,0.0,1.0,0.42352400000000007,0.57958
84184,1608,100,-47.84097693115473,0.0,0.0,0.4229573333333334,0.57908
84284,1609,100,-15.166762188076973,0.0,0.0,0.4223906666666667,0.57858
84384,1610,100,-27.552830934524536,0.0,0.0,0.4218240000000001,0.57808
84430,1611,46,-141.84893633425236,0.0,1.0,0.4215633333333334,0.57785
84491,1612,61,-171.13807195425034,0.0,1.0,0.4212176666666667,0.577545
84583,1613,92,30.338058814406395,1.0,0.0,0.4206963333333334,0.5770850000000001
84683,1614,100,-26.75031903386116,0.0,0.0,0.4201296666666667,0.576585
84726,1615,43,-142.92679734528065,0.0,1.0,0.41988600000000004,0.57637
84799,1616,73,27.432220995426178,1.0,0.0,0.4194723333333334,0.576005
84851,1617,52,-165.78082950413227,0.0,1.0,0.41917766666666667,0.575745
84942,1618,91,74.521713539958,1.0,0.0,0.41866200000000003,0.57529
85042,1619,100,-11.499656423926353,0.0,0.0,0.4180953333333333,0.5747899999999999
85142,1620,100,-84.91717648506165,0.0,0.0,0.4175286666666667,0.57429
85242,1621,100,-43.72046683728695,0.0,0.0,0.41696200000000005,0.57379
85342,1622,100,-20.227120243012905,0.0,0.0,0.41639533333333334,0.57329
85372,1623,30,-139.90993785858154,0.0,1.0,0.41622533333333334,0.57314
85402,1624,30,-143.77676728367805,0.0,1.0,0.4160553333333334,0.57299
85502,1625,100,-28.230042457580566,0.0,0.0,0.4154886666666667,0.5724899999999999
85593,1626,91,14.511468335986137,1.0,0.0,0.41497300000000004,0.572035
85693,1627,100,-5.431622266769409,0.0,0.0,0.4144063333333333,0.5715349999999999
85734,1628,41,-137.50908698141575,0.0,1.0,0.4141740000000001,0.57133
85770,1629,36,-147.5524444282055,0.0,1.0,0.41397000000000006,0.57115
85870,1630,100,-56.53914286196232,0.0,0.0,0.41340333333333334,0.57065
85907,1631,37,-150.3362790942192,0.0,1.0,0.41319366666666674,0.570465
86007,1632,100,34.18393975496292,1.0,0.0,0.412627,0.569965
86102,1633,95,15.590660065412521,1.0,0.0,0.41208866666666666,0.5694899999999999
86202,1634,100,-73.97853894531727,0.0,0.0,0.41152200000000005,0.56899
86302,1635,100,-25.635924741625786,0.0,0.0,0.41095533333333334,0.5684899999999999
86402,1636,100,-45.78710612654686,0.0,0.0,0.4103886666666667,0.56799
86502,1637,100,-62.18929399549961,0.0,0.0,0.4098220000000001,0.56749
86539,1638,37,-132.04398518800735,0.0,1.0,0.40961233333333336,0.567305
86631,1639,92,22.702680081129074,1.0,0.0,0.409091,0.5668449999999999
86682,1640,51,-137.22201362252235,0.0,1.0,0.40880200000000005,0.56659
86782,1641,100,-30.246054634451866,0.0,0.0,0.4082353333333334,0.56609
86865,1642,83,2.7299371659755707,1.0,0.0,0.4077650000000001,0.565675
86924,1643,59,-148.59166979789734,0.0,1.0,0.4074306666666667,0.56538
87024,1644,100,-53.126527696847916,0.0,0.0,0.406864,0.56488
87054,1645,30,-139.4179778844118,0.0,1.0,0.40669400000000006,0.56473
87089,1646,35,-133.2245094180107,0.0,1.0,0.40649566666666676,0.564555
87189,1647,100,-57.26989199221134,0.0,0.0,0.40592900000000004,0.564055
87224,1648,35,-148.73878155648708,0.0,1.0,0.40573066666666674,0.56388
87324,1649,100,-11.70494133234024,0.0,0.0,0.405164,0.56338
87424,1650,100,-14.238460376858711,0.0,0.0,0.4045973333333333,0.5628799999999999
87474,1651,50,-139.73647370934486,0.0,1.0,0.404314,0.56263
87560,1652,86,1.6737128496170044,1.0,0.0,0.4038266666666667,0.5622
87660,1653,100,-24.401707753539085,0.0,0.0,0.40326,0.5617
87760,1654,100,-35.83881739526987,0.0,0.0,0.4026933333333334,0.5612
87802,1655,42,-137.79097813367844,0.0,1.0,0.40245533333333333,0.56099
87834,1656,32,-139.35990910232067,0.0,1.0,0.4022740000000001,0.56083
87934,1657,100,-52.77064923942089,0.0,0.0,0.40170733333333336,0.56033
88034,1658,100,-17.670001477003098,0.0,0.0,0.40114066666666665,0.5598299999999999
88110,1659,76,43.773468524217606,1.0,0.0,0.40071,0.55945
88210,1660,100,-32.04837379604578,0.0,0.0,0.4001433333333334,0.5589500000000001
88310,1661,100,-41.355000495910645,0.0,0.0,0.3995766666666667,0.55845
88410,1662,100,-7.77153006196022,0.0,0.0,0.39901,0.55795
88499,1663,89,13.507869362831116,1.0,0.0,0.39850566666666665,0.5575049999999999
88593,1664,94,13.651556342840195,1.0,0.0,0.397973,0.557035
88693,1665,100,-42.03316932916641,0.0,0.0,0.3974063333333334,0.556535
88793,1666,100,-39.32812739908695,0.0,0.0,0.3968396666666667,0.5560350000000001
88893,1667,100,-46.51170642673969,0.0,0.0,0.396273,0.555535
88966,1668,73,37.08238525688648,1.0,0.0,0.39585933333333334,0.5551699999999999
89058,1669,92,23.469162479043007,1.0,0.0,0.39533799999999997,0.55471
89143,1670,85,32.92456339299679,1.0,0.0,0.39485633333333336,0.554285
89243,1671,100,-15.4368417263031,0.0,0.0,0.39428966666666665,0.553785
89343,1672,100,-2.653565526008606,0.0,0.0,0.39372300000000005,0.553285
89443,1673,100,-16.074779585003853,0.0,0.0,0.39315633333333344,0.5527850000000001
89543,1674,100,-29.65044331550598,0.0,0.0,0.3925896666666667,0.552285
89636,1675,93,42.737320989370346,1.0,0.0,0.3920626666666668,0.55182
89736,1676,100,-30.67876921594143,0.0,0.0,0.39149600000000007,0.55132
89817,1677,81,14.33382934331894,1.0,0.0,0.3910370000000001,0.550915
89876,1678,59,-145.99363160133362,0.0,1.0,0.39070266666666675,0.55062
89919,1679,43,-148.97959060966969,0.0,1.0,0.390459,0.550405
89956,1680,37,-140.04644513130188,0.0,1.0,0.39024933333333334,0.5502199999999999
90006,1681,50,-161.45978051424026,0.0,1.0,0.38996600000000003,0.54997
90057,1682,51,-154.68694330751896,0.0,1.0,0.38967700000000005,0.549715
90157,1683,100,-35.33678238093853,0.0,0.0,0.38911033333333345,0.549215
90234,1684,77,41.754926443099976,1.0,0.0,0.3886740000000001,0.54883
90334,1685,100,-53.23740875720978,0.0,0.0,0.38810733333333336,0.54833
90416,1686,82,-0.24169956147670746,1.0,0.0,0.3876426666666667,0.54792
90516,1687,100,-35.26695081591606,0.0,0.0,0.3870760000000001,0.54742
90606,1688,90,21.642227195203304,1.0,0.0,0.38656599999999997,0.54697
90649,1689,43,-129.31442500650883,0.0,1.0,0.3863223333333333,0.546755
90706,1690,57,-147.86649133265018,0.0,1.0,0.38599933333333336,0.54647
90798,1691,92,28.945399343967438,1.0,0.0,0.3854780000000001,0.54601
90892,1692,94,45.09401373565197,1.0,0.0,0.38494533333333336,0.54554
90972,1693,80,16.432115882635117,1.0,0.0,0.38449200000000006,0.54514
91072,1694,100,-17.16479690372944,0.0,0.0,0.38392533333333345,0.54464
91154,1695,82,24.18059554696083,1.0,0.0,0.38346066666666667,0.54423
91243,1696,89,20.900515392422676,1.0,0.0,0.38295633333333334,0.543785
91343,1697,100,27.513945654034615,0.0,0.0,0.38238966666666674,0.543285
91437,1698,94,30.06965070962906,1.0,0.0,0.381857,0.542815
91537,1699,100,-5.982430167496204,0.0,0.0,0.3812903333333333,0.542315
91637,1700,100,-28.066110357642174,0.0,0.0,0.3807236666666667,0.541815
91731,1701,94,20.506614938378334,1.0,0.0,0.38019100000000006,0.541345
91769,1702,38,-139.0786780565977,0.0,1.0,0.3799756666666667,0.541155
91854,1703,85,10.827002763748169,1.0,0.0,0.379494,0.5407299999999999
91954,1704,100,-25.53846661746502,0.0,0.0,0.3789273333333333,0.54023
91991,1705,37,-126.07125544548035,0.0,1.0,0.37871766666666673,0.540045
92073,1706,82,36.24682042002678,1.0,0.0,0.37825300000000006,0.539635
92173,1707,100,-38.42487348616123,0.0,0.0,0.37768633333333346,0.539135
92258,1708,85,42.79206654429436,1.0,0.0,0.37720466666666674,0.53871
92358,1709,100,-35.778165221214294,0.0,0.0,0.37663800000000003,0.53821
92458,1710,100,-5.394470974802971,0.0,0.0,0.3760713333333334,0.53771
92558,1711,100,-26.608127750456333,0.0,0.0,0.3755046666666667,0.53721
92658,1712,100,-23.763591438531876,0.0,0.0,0.374938,0.53671
92758,1713,100,-29.346415877342224,0.0,0.0,0.3743713333333334,0.5362100000000001
92846,1714,88,38.53004252910614,1.0,0.0,0.37387266666666663,0.53577
92946,1715,100,-62.97643294930458,0.0,0.0,0.373306,0.53527
93023,1716,77,33.98981258273125,1.0,0.0,0.37286966666666665,0.534885
93123,1717,100,-39.0790731459856,0.0,0.0,0.37230300000000005,0.534385
93223,1718,100,-17.732732355594635,0.0,0.0,0.37173633333333345,0.533885
93323,1719,100,-36.411878511309624,0.0,0.0,0.37116966666666673,0.533385
93400,1720,77,26.800518184900284,1.0,0.0,0.37073333333333336,0.5329999999999999
93480,1721,80,43.75194779038429,1.0,0.0,0.37028000000000005,0.5326
93580,1722,100,-26.988566994667053,0.0,0.0,0.36971333333333334,0.5321
93660,1723,80,16.572514593601227,1.0,0.0,0.36926000000000003,0.5317000000000001
93760,1724,100,-38.206315368413925,0.0,0.0,0.36869333333333343,0.5312
93841,1725,81,34.62718862295151,1.0,0.0,0.36823433333333344,0.530795
93941,1726,100,-33.18473906815052,0.0,0.0,0.3676676666666667,0.530295
93976,1727,35,-142.0213481336832,0.0,1.0,0.3674693333333334,0.53012
94076,1728,100,-68.53129979968071,0.0,0.0,0.3669026666666667,0.52962
94176,1729,100,-13.13003408908844,0.0,0.0,0.3663360000000001,0.52912
94255,1730,79,15.144480153918266,1.0,0.0,0.36588833333333337,0.528725
94355,1731,100,-47.32291126251221,0.0,0.0,0.36532166666666666,0.528225
94453,1732,98,41.93075357377529,1.0,0.0,0.3647663333333334,0.5277350000000001
94553,1733,100,-17.78769461810589,0.0,0.0,0.3641996666666667,0.527235
94653,1734,100,-13.728553548455238,0.0,0.0,0.363633,0.526735
94751,1735,98,57.54379253089428,1.0,0.0,0.36307766666666674,0.5262450000000001
94851,1736,100,-48.743958443403244,0.0,0.0,0.362511,0.525745
94935,1737,84,40.57980112731457,1.0,0.0,0.362035,0.525325
95035,1738,100,-10.510668724775314,0.0,0.0,0.3614683333333334,0.5248250000000001
95135,1739,100,-27.473006188869476,0.0,0.0,0.3609016666666667,0.524325
95235,1740,100,-28.8314051926136,0.0,0.0,0.36033500000000007,0.523825
95314,1741,79,37.681877821683884,1.0,0.0,0.35988733333333334,0.52343
95414,1742,100,-13.195309773087502,0.0,0.0,0.35932066666666673,0.52293
95508,1743,94,24.299612879753113,1.0,0.0,0.3587880000000001,0.52246
95598,1744,90,18.977654427289963,1.0,0.0,0.358278,0.52201
95698,1745,100,7.3011259734630585,0.0,0.0,0.3577113333333334,0.5215099999999999
95798,1746,100,7.3281614780426025,0.0,0.0,0.3571446666666668,0.52101
95898,1747,100,-3.3091374039649963,0.0,0.0,0.35657800000000006,0.52051
95998,1748,100,-6.080689921975136,0.0,0.0,0.35601133333333335,0.52001
96098,1749,100,-15.484379887580872,0.0,0.0,0.35544466666666674,0.51951
96154,1750,56,-127.64524093270302,0.0,1.0,0.35512733333333335,0.5192300000000001
96254,1751,100,-43.815563037991524,0.0,0.0,0.35456066666666675,0.51873
96332,1752,78,6.149500876665115,1.0,0.0,0.3541186666666667,0.51834
96432,1753,100,6.320273861289024,0.0,0.0,0.353552,0.51784
96532,1754,100,-39.533488132059574,0.0,0.0,0.3529853333333334,0.5173399999999999
96563,1755,31,-127.79494336247444,0.0,1.0,0.3528096666666667,0.517185
96663,1756,100,-23.249063372612,0.0,0.0,0.3522430000000001,0.5166850000000001
96710,1757,47,-129.62346737086773,0.0,1.0,0.3519766666666667,0.51645
96786,1758,76,10.23553691804409,1.0,0.0,0.351546,0.51607
96886,1759,100,-7.0199190974235535,0.0,0.0,0.3509793333333334,0.5155700000000001
96967,1760,81,41.44529049098492,1.0,0.0,0.35052033333333343,0.5151650000000001
97058,1761,91,37.701354682445526,1.0,0.0,0.35000466666666663,0.51471
97158,1762,100,-21.132903188467026,0.0,0.0,0.349438,0.5142100000000001
97237,1763,79,53.74934823811054,1.0,0.0,0.3489903333333334,0.513815
97337,1764,100,-10.101574003696442,0.0,0.0,0.3484236666666667,0.513315
97437,1765,100,11.934749245643616,0.0,0.0,0.34785699999999997,0.512815
97537,1766,100,-23.627325862646103,0.0,0.0,0.34729033333333337,0.5123150000000001
97624,1767,87,55.1089463531971,1.0,0.0,0.3467973333333334,0.51188
97715,1768,91,8.368244677782059,1.0,0.0,0.3462816666666667,0.511425
97801,1769,86,51.677048712968826,1.0,0.0,0.3457943333333334,0.5109950000000001
97901,1770,100,-10.503986194729805,0.0,0.0,0.3452276666666667,0.510495
98001,1771,100,-35.77247877418995,0.0,0.0,0.344661,0.509995
98076,1772,75,57.86321772634983,1.0,0.0,0.3442360000000001,0.50962
98176,1773,100,-22.300122946500778,0.0,0.0,0.3436693333333334,0.50912
98232,1774,56,-99.56475719809532,0.0,1.0,0.343352,0.50884
98332,1775,100,-10.925347298383713,0.0,0.0,0.3427853333333333,0.50834
98432,1776,100,-9.714051336050034,0.0,0.0,0.34221866666666667,0.5078400000000001
98525,1777,93,26.91890649497509,1.0,0.0,0.3416916666666666,0.5073749999999999
98601,1778,76,45.14881660044193,1.0,0.0,0.34126100000000004,0.506995
98690,1779,89,43.24674329161644,1.0,0.0,0.3407566666666667,0.50655
98790,1780,100,-7.108523860573769,0.0,0.0,0.3401900000000001,0.50605
98890,1781,100,1.462422639131546,0.0,0.0,0.3396233333333334,0.5055499999999999
98982,1782,92,36.587414622306824,1.0,0.0,0.339102,0.50509
99080,1783,98,42.128199711441994,1.0,0.0,0.3385466666666668,0.5046
99168,1784,88,38.02183677256107,1.0,0.0,0.338048,0.5041599999999999
99200,1785,32,-139.59713810682297,0.0,1.0,0.33786666666666676,0.504
99300,1786,100,-7.3187413811683655,0.0,0.0,0.33730000000000004,0.5035
99400,1787,100,-26.350818023085594,0.0,0.0,0.33673333333333344,0.503
99500,1788,100,-9.534576460719109,0.0,0.0,0.3361666666666667,0.5025
99577,1789,77,49.109246999025345,1.0,0.0,0.33573033333333335,0.502115
99667,1790,90,49.03141066804528,1.0,0.0,0.33522033333333345,0.501665
99766,1791,99,44.830597162246704,1.0,0.0,0.3346593333333334,0.50117
99858,1792,92,52.931872457265854,1.0,0.0,0.33413800000000005,0.50071
99947,1793,89,27.159155428409576,1.0,0.0,0.3336336666666667,0.500265
100047,1794,100,-18.73501880466938,0.0,0.0,0.333067,0.499765
100142,1795,95,30.329931780695915,1.0,0.0,0.3325286666666667,0.49929
100242,1796,100,-7.935717791318893,0.0,0.0,0.3319620000000001,0.49879000000000007
100342,1797,100,4.1600383669137955,0.0,0.0,0.3313953333333334,0.49829
100442,1798,100,-11.305848613381386,0.0,0.0,0.33082866666666677,0.49779000000000007
100542,1799,100,-41.610162541270256,0.0,0.0,0.33026200000000006,0.49729
100642,1800,100,26.037631258368492,1.0,0.0,0.32969533333333334,0.49678999999999995
100726,1801,84,67.56288422644138,1.0,0.0,0.3292193333333333,0.49637
100787,1802,61,-129.16114149987698,0.0,1.0,0.32887366666666673,0.496065
100887,1803,100,63.08457151055336,1.0,0.0,0.3283070000000001,0.49556500000000003
100987,1804,100,-7.417361423373222,0.0,0.0,0.3277403333333334,0.495065
101087,1805,100,-17.161923974752426,0.0,0.0,0.3271736666666667,0.4945649999999999
101187,1806,100,-30.191368341445923,0.0,0.0,0.3266070000000001,0.494065
101265,1807,78,32.6053010225296,1.0,0.0,0.32616500000000004,0.493675
101365,1808,100,-22.23544792830944,0.0,0.0,0.32559833333333343,0.49317500000000003
101459,1809,94,26.400830879807472,1.0,0.0,0.3250656666666667,0.49270500000000006
101559,1810,100,-9.05784460902214,0.0,0.0,0.3244990000000001,0.492205
101659,1811,100,0.578931987285614,0.0,0.0,0.3239323333333334,0.49170499999999995
101759,1812,100,50.45258057117462,1.0,0.0,0.3233656666666668,0.491205
101859,1813,100,-7.037902355194092,0.0,0.0,0.32279900000000006,0.49070499999999995
101959,1814,100,8.469461053609848,0.0,0.0,0.32223233333333334,0.490205
102059,1815,100,-22.748562544584274,0.0,0.0,0.32166566666666674,0.48970500000000006
102153,1816,94,27.43121598660946,1.0,0.0,0.3211330000000001,0.4892350000000001
102227,1817,74,16.115922272205353,1.0,0.0,0.3207136666666667,0.488865
102327,1818,100,5.145993277430534,0.0,0.0,0.32014700000000007,0.48836499999999994
102427,1819,100,1.1792444437742233,0.0,0.0,0.31958033333333336,0.487865
102527,1820,100,-14.004679709672928,0.0,0.0,0.31901366666666675,0.48736500000000005
102597,1821,70,38.22110188007355,1.0,0.0,0.31861700000000004,0.487015
102697,1822,100,17.291708052158356,1.0,0.0,0.31805033333333343,0.48651500000000003
102786,1823,89,34.32330998778343,1.0,0.0,0.3175460000000001,0.48607
102886,1824,100,-16.910531789064407,0.0,0.0,0.3169793333333334,0.48557000000000006
102986,1825,100,0.512351393699646,0.0,0.0,0.3164126666666667,0.48507
103084,1826,98,60.40000402927399,1.0,0.0,0.31585733333333343,0.48458
103158,1827,74,46.07281221449375,1.0,0.0,0.315438,0.48421000000000003
103246,1828,88,54.2972614467144,1.0,0.0,0.31493933333333346,0.48377000000000003
103346,1829,100,-44.06104442477226,0.0,0.0,0.31437266666666674,0.48327
103446,1830,100,-31.853955924510956,0.0,0.0,0.31380600000000003,0.4827699999999999
103542,1831,96,75.26196967065334,1.0,0.0,0.31326200000000004,0.48229
103622,1832,80,67.46176151931286,1.0,0.0,0.31280866666666673,0.48189000000000004
103722,1833,100,-1.9996253550052643,0.0,0.0,0.312242,0.48139
103822,1834,100,-19.00315584242344,0.0,0.0,0.3116753333333333,0.48089000000000004
103922,1835,100,18.930535912513733,0.0,0.0,0.3111086666666667,0.4803900000000001
104022,1836,100,5.422490790486336,0.0,0.0,0.3105420000000001,0.47989000000000004
104122,1837,100,-35.49658367037773,0.0,0.0,0.3099753333333334,0.47939
104183,1838,61,-119.95612102746964,0.0,1.0,0.3096296666666667,0.479085
104283,1839,100,-25.3677319586277,0.0,0.0,0.3090630000000001,0.47858500000000004
104383,1840,100,1.0120505094528198,0.0,0.0,0.3084963333333334,0.478085
104483,1841,100,-10.608408614993095,0.0,0.0,0.30792966666666666,0.4775849999999999
104583,1842,100,-17.56943815946579,0.0,0.0,0.30736300000000005,0.477085
104683,1843,100,-13.678586453199387,0.0,0.0,0.30679633333333334,0.47658500000000004
104783,1844,100,-25.214397236704826,0.0,0.0,0.30622966666666673,0.476085
104879,1845,96,68.05092546343803,1.0,0.0,0.30568566666666674,0.47560500000000006
104979,1846,100,-28.49643886089325,0.0,0.0,0.30511900000000003,0.475105
105054,1847,75,21.494416177272797,1.0,0.0,0.304694,0.47473
105154,1848,100,-4.001419618725777,0.0,0.0,0.3041273333333333,0.47422999999999993
105244,1849,90,43.617616415023804,1.0,0.0,0.3036173333333334,0.4737800000000001
105344,1850,100,-42.19194637238979,0.0,0.0,0.3030506666666667,0.47328000000000003
105444,1851,100,-21.671753272414207,0.0,0.0,0.302484,0.47278
105544,1852,100,-32.58952036499977,0.0,0.0,0.30191733333333337,0.47228000000000003
105598,1853,54,-106.87787471711636,0.0,1.0,0.30161133333333334,0.47201000000000004
105698,1854,100,-14.537610188126564,0.0,0.0,0.30104466666666674,0.47151
105791,1855,93,39.51975727081299,1.0,0.0,0.3005176666666667,0.47104500000000005
105870,1856,79,47.04806715250015,1.0,0.0,0.30007000000000006,0.47065
105970,1857,100,7.042668804526329,0.0,0.0,0.29950333333333334,0.47014999999999996
106055,1858,85,54.15255217254162,1.0,0.0,0.29902166666666674,0.46972500000000006
106152,1859,97,73.20275346934795,1.0,0.0,0.29847200000000007,0.46924
106252,1860,100,-2.7558138966560364,0.0,0.0,0.29790533333333336,0.46873999999999993
106352,1861,100,-12.513412296772003,0.0,0.0,0.29733866666666664,0.46824
106452,1862,100,-28.262962952256203,0.0,0.0,0.29677200000000004,0.46774000000000004
106552,1863,100,-0.6215014159679413,0.0,0.0,0.2962053333333333,0.46724
106646,1864,94,66.93782272934914,1.0,0.0,0.2956726666666667,0.46677
106690,1865,44,-120.40011544525623,0.0,1.0,0.29542333333333337,0.46655
106788,1866,98,77.16101253032684,1.0,0.0,0.294868,0.46606000000000003
106888,1867,100,12.206764966249466,0.0,0.0,0.2943013333333333,0.46556
106977,1868,89,45.651692271232605,1.0,0.0,0.293797,0.46511499999999995
107077,1869,100,-19.34915864467621,0.0,0.0,0.29323033333333337,0.464615
107169,1870,92,42.264508709311485,1.0,0.0,0.292709,0.464155
107246,1871,77,48.42181232571602,1.0,0.0,0.29227266666666674,0.46377
107346,1872,100,-3.410577639937401,0.0,0.0,0.291706,0.46326999999999996
107392,1873,46,-118.30210979282856,0.0,1.0,0.29144533333333345,0.46304
107478,1874,86,60.708575963974,1.0,0.0,0.29095800000000005,0.46260999999999997
107575,1875,97,58.50932365655899,1.0,0.0,0.2904083333333334,0.462125
107669,1876,94,55.02434718608856,1.0,0.0,0.28987566666666675,0.46165500000000004
107766,1877,97,34.22147513926029,1.0,0.0,0.2893260000000001,0.4611700000000001
107846,1878,80,59.047843128442764,1.0,0.0,0.28887266666666667,0.46077
107942,1879,96,57.34092512726784,1.0,0.0,0.2883286666666667,0.46029
108033,1880,91,63.745823845267296,1.0,0.0,0.2878130000000001,0.459835
108122,1881,89,25.2351965457201,1.0,0.0,0.28730866666666677,0.45938999999999997
108222,1882,100,-23.217399954795837,0.0,0.0,0.28674200000000005,0.45889
108322,1883,100,0.5880435109138489,0.0,0.0,0.28617533333333334,0.45838999999999996
108404,1884,82,14.402070134878159,1.0,0.0,0.2857106666666668,0.45798000000000005
108504,1885,100,49.92284271121025,1.0,0.0,0.28514400000000006,0.45748
108604,1886,100,-46.15122878551483,0.0,0.0,0.28457733333333335,0.45697999999999994
108700,1887,96,32.44904126226902,1.0,0.0,0.28403333333333336,0.4565
108787,1888,87,60.190198078751564,1.0,0.0,0.2835403333333333,0.45606499999999994
108874,1889,87,34.65826664865017,1.0,0.0,0.28304733333333343,0.45563
108973,1890,99,62.47790366411209,1.0,0.0,0.2824863333333334,0.45513500000000007
109064,1891,91,56.54831978678703,1.0,0.0,0.2819706666666667,0.45468
109152,1892,88,59.24694308638573,1.0,0.0,0.28147200000000006,0.45424
109252,1893,100,8.685437262058258,0.0,0.0,0.28090533333333334,0.45374000000000003
109332,1894,80,45.71525363624096,1.0,0.0,0.28045200000000003,0.4533400000000001
109398,1895,66,-120.85513208806515,0.0,1.0,0.28007800000000005,0.45301
109483,1896,85,60.62181930243969,1.0,0.0,0.27959633333333334,0.452585
109583,1897,100,9.725085079669952,0.0,0.0,0.2790296666666666,0.45208499999999996
109674,1898,91,61.10525090992451,1.0,0.0,0.27851400000000004,0.45163
109749,1899,75,47.14363585412502,1.0,0.0,0.27808900000000003,0.45125499999999996
109827,1900,78,54.85200944542885,1.0,0.0,0.277647,0.45086499999999996
109926,1901,99,54.86102418601513,1.0,0.0,0.27708599999999994,0.45036999999999994
110026,1902,100,-2.567894145846367,0.0,0.0,0.27651933333333334,0.44987
110106,1903,80,38.23544883728027,1.0,0.0,0.27606600000000003,0.44947000000000004
110193,1904,87,62.641811817884445,1.0,0.0,0.27557299999999996,0.44903499999999996
110262,1905,69,27.76447793841362,1.0,0.0,0.27518200000000004,0.44869000000000003
110362,1906,100,-19.878686398267746,0.0,0.0,0.2746153333333333,0.44819
110434,1907,72,54.165832832455635,1.0,0.0,0.27420733333333336,0.44782999999999995
110532,1908,98,61.06715151667595,1.0,0.0,0.273652,0.44734000000000007
110591,1909,59,-101.56468252837658,0.0,1.0,0.2733176666666667,0.447045
110651,1910,60,-126.42200642824173,0.0,1.0,0.2729776666666668,0.44674500000000006
110734,1911,83,56.57283315062523,1.0,0.0,0.2725073333333333,0.44633
110802,1912,68,51.13032308220863,1.0,0.0,0.2721220000000001,0.44599
110902,1913,100,-19.39668571949005,0.0,0.0,0.27155533333333337,0.44548999999999994
111002,1914,100,8.094909369945526,0.0,0.0,0.27098866666666677,0.44499
111102,1915,100,0.6135707050561905,0.0,0.0,0.27042200000000005,0.44449000000000005
111176,1916,74,45.92482642829418,1.0,0.0,0.2700026666666667,0.44411999999999996
111276,1917,100,-4.468798369169235,0.0,0.0,0.269436,0.4436199999999999
111371,1918,95,52.97538675367832,1.0,0.0,0.2688976666666667,0.443145
111465,1919,94,55.88589681684971,1.0,0.0,0.2683650000000001,0.44267500000000004
111551,1920,86,41.08888551592827,1.0,0.0,0.2678776666666667,0.442245
111640,1921,89,67.18251982331276,1.0,0.0,0.26737333333333335,0.44179999999999997
111735,1922,95,54.34065240621567,1.0,0.0,0.26683500000000004,0.44132499999999997
111801,1923,66,52.47946001589298,1.0,0.0,0.26646100000000006,0.440995
111901,1924,100,22.999699220061302,0.0,0.0,0.26589433333333334,0.44049499999999997
111996,1925,95,65.60810804367065,1.0,0.0,0.26535600000000004,0.4400200000000001
112073,1926,77,46.840107917785645,1.0,0.0,0.26491966666666666,0.439635
112146,1927,73,57.57595640420914,1.0,0.0,0.264506,0.43927000000000005
112222,1928,76,56.631330132484436,1.0,0.0,0.26407533333333344,0.43889
112300,1929,78,54.95016537606716,1.0,0.0,0.2636333333333334,0.4385
112387,1930,87,56.184511572122574,1.0,0.0,0.2631403333333334,0.43806500000000004
112460,1931,73,40.568069741129875,1.0,0.0,0.26272666666666666,0.4377
112560,1932,100,0.2540312558412552,0.0,0.0,0.26216000000000006,0.43720000000000003
112660,1933,100,18.975747391581535,0.0,0.0,0.26159333333333334,0.4367
112750,1934,90,63.672716438770294,1.0,0.0,0.26108333333333333,0.43625
112837,1935,87,53.98025807738304,1.0,0.0,0.26059033333333337,0.43581500000000006
112918,1936,81,34.55186600983143,1.0,0.0,0.2601313333333334,0.43540999999999996
113003,1937,85,46.819286197423935,1.0,0.0,0.25964966666666667,0.43498499999999996
113079,1938,76,29.002969905734062,1.0,0.0,0.2592190000000001,0.434605
113172,1939,93,57.39720033109188,1.0,0.0,0.25869200000000003,0.43413999999999997
113272,1940,100,48.972141087055206,1.0,0.0,0.25812533333333343,0.43364
113353,1941,81,26.85567244887352,1.0,0.0,0.25766633333333344,0.43323500000000004
113430,1942,77,48.626802518963814,1.0,0.0,0.25723000000000007,0.43284999999999996
113519,1943,89,39.67551040649414,1.0,0.0,0.25672566666666674,0.43240500000000004
113609,1944,90,53.89787745475769,1.0,0.0,0.25621566666666673,0.431955
113709,1945,100,2.7364101856946945,0.0,0.0,0.2556490000000001,0.43145500000000003
113809,1946,100,13.712406933307648,0.0,0.0,0.2550823333333334,0.430955
113892,1947,83,40.02544695138931,1.0,0.0,0.25461200000000006,0.43054000000000003
113992,1948,100,21.335596054792404,0.0,0.0,0.25404533333333335,0.43004
114078,1949,86,45.092231184244156,1.0,0.0,0.25355800000000006,0.42961000000000005
114156,1950,78,54.69106459617615,1.0,0.0,0.253116,0.42921999999999993
114256,1951,100,11.338708594441414,0.0,0.0,0.2525493333333334,0.42872
114356,1952,100,20.85448008775711,0.0,0.0,0.2519826666666667,0.42822000000000005
114435,1953,79,58.26929238438606,1.0,0.0,0.25153500000000006,0.427825
114535,1954,100,-1.786183774471283,0.0,0.0,0.25096833333333346,0.42732500000000007
114626,1955,91,43.967398554086685,1.0,0.0,0.25045266666666666,0.42686999999999997
114699,1956,73,71.35253471136093,1.0,0.0,0.250039,0.426505
114791,1957,92,57.27018588781357,1.0,0.0,0.24951766666666664,0.426045
114882,1958,91,57.51024702191353,1.0,0.0,0.24900200000000006,0.42559
114958,1959,76,27.08861729502678,1.0,0.0,0.24857133333333337,0.42521
115058,1960,100,21.75522407889366,0.0,0.0,0.24800466666666665,0.4247099999999999
115158,1961,100,-7.999224007129669,0.0,0.0,0.24743800000000005,0.42421
115258,1962,100,-9.466678023338318,0.0,0.0,0.24687133333333333,0.42371000000000003
115303,1963,45,-119.78490269184113,0.0,1.0,0.24661633333333344,0.423485
115385,1964,82,47.36281576752663,1.0,0.0,0.24615166666666677,0.423075
115485,1965,100,-14.799277573823929,0.0,0.0,0.24558500000000005,0.4225749999999999
115585,1966,100,18.346897572278976,0.0,0.0,0.24501833333333345,0.422075
115682,1967,97,50.058657467365265,1.0,0.0,0.24446866666666678,0.42159
115782,1968,100,75.50384679436684,1.0,0.0,0.24390200000000006,0.42108999999999996
115868,1969,86,75.59747138619423,1.0,0.0,0.24341466666666667,0.42066000000000003
115964,1970,96,51.064674735069275,1.0,0.0,0.2428706666666668,0.42018
116033,1971,69,42.97905486822128,1.0,0.0,0.24247966666666676,0.41983499999999996
116131,1972,98,57.902410462498665,1.0,0.0,0.2419243333333333,0.41934499999999997
116222,1973,91,64.69229328632355,1.0,0.0,0.24140866666666672,0.41889
116302,1974,80,62.32475960254669,1.0,0.0,0.2409553333333334,0.41849000000000003
116383,1975,81,64.2318175137043,1.0,0.0,0.24049633333333342,0.41808500000000004
116481,1976,98,67.86576189100742,1.0,0.0,0.23994100000000007,0.41759499999999994
116554,1977,73,62.874003157019615,1.0,0.0,0.23952733333333343,0.41723
116637,1978,83,60.72528077661991,1.0,0.0,0.23905699999999996,0.41681499999999994
116709,1979,72,63.57764786481857,1.0,0.0,0.2386490000000001,0.416455
116780,1980,71,19.25633555650711,1.0,0.0,0.23824666666666672,0.4161
116857,1981,77,45.17199921607971,1.0,0.0,0.23781033333333335,0.41571500000000006
116944,1982,87,62.127092719078064,1.0,0.0,0.23731733333333338,0.41528
117021,1983,77,79.57648931443691,1.0,0.0,0.23688100000000012,0.414895
117110,1984,89,62.73646682500839,1.0,0.0,0.2363766666666668,0.41445
117206,1985,96,63.28996363282204,1.0,0.0,0.2358326666666667,0.41396999999999995
117244,1986,38,-131.35941044986248,0.0,1.0,0.23561733333333335,0.41378000000000004
117329,1987,85,51.99958451092243,1.0,0.0,0.23513566666666674,0.41335500000000003
117417,1988,88,67.44184450805187,1.0,0.0,0.23463699999999998,0.4129149999999999
117517,1989,100,3.4121667444705963,0.0,0.0,0.23407033333333338,0.412415
117613,1990,96,81.69210983812809,1.0,0.0,0.2335263333333334,0.41193499999999994
117700,1991,87,60.95969423651695,1.0,0.0,0.23303333333333343,0.4115
117783,1992,83,58.93847684562206,1.0,0.0,0.23256299999999996,0.4110849999999999
117879,1993,96,43.732351168990135,1.0,0.0,0.2320190000000001,0.410605
117963,1994,84,67.07637178897858,1.0,0.0,0.23154300000000005,0.410185
118043,1995,80,59.35928048193455,1.0,0.0,0.23108966666666675,0.40978500000000007
118134,1996,91,65.61179983615875,1.0,0.0,0.23057400000000006,0.40932999999999997
118209,1997,75,37.930815398693085,1.0,0.0,0.23014900000000005,0.40895499999999996
118300,1998,91,77.51256494224072,1.0,0.0,0.22963333333333336,0.4085000000000001
118363,1999,63,-136.08195021748543,0.0,1.0,0.2292763333333333,0.408185
118463,2000,100,24.382123172283173,0.0,0.0,0.2287096666666667,0.4076850000000001
118552,2001,89,57.94807831943035,1.0,0.0,0.22820533333333337,0.40724000000000005
118645,2002,93,89.24140286445618,1.0,0.0,0.22767833333333332,0.406775
118745,2003,100,23.688356518745422,0.0,0.0,0.2271116666666667,0.40627500000000005
118823,2004,78,63.04958699643612,1.0,0.0,0.22666966666666666,0.40588499999999994
118910,2005,87,75.38835360109806,1.0,0.0,0.2261766666666667,0.4054500000000001
118987,2006,77,54.692719131708145,1.0,0.0,0.22574033333333343,0.405065
119063,2007,76,63.979476913809776,1.0,0.0,0.22530966666666674,0.40468499999999996
119163,2008,100,71.81512957811356,1.0,0.0,0.22474300000000003,0.404185
119253,2009,90,46.6073567122221,1.0,0.0,0.22423300000000013,0.40373500000000007
119353,2010,100,11.984030157327652,0.0,0.0,0.2236663333333334,0.403235
119453,2011,100,11.249200031161308,0.0,0.0,0.2230996666666667,0.40273499999999995
119539,2012,86,42.92181873321533,1.0,0.0,0.2226123333333334,0.402305
119619,2013,80,62.42117962241173,1.0,0.0,0.2221590000000001,0.40190500000000007
119699,2014,80,57.30677519738674,1.0,0.0,0.2217056666666667,0.401505
119799,2015,100,40.62664443254471,0.0,0.0,0.22113899999999997,0.40100499999999994
119873,2016,74,43.23101480305195,1.0,0.0,0.22071966666666665,0.40063499999999996
119945,2017,72,75.35477885603905,1.0,0.0,0.22031166666666668,0.40027500000000005
120039,2018,94,56.37079122662544,1.0,0.0,0.21977900000000006,0.39980499999999997
120138,2019,99,77.00169171392918,1.0,0.0,0.21921800000000002,0.39931000000000005
120210,2020,72,66.7995480298996,1.0,0.0,0.21881000000000006,0.39895
120279,2021,69,72.71850943565369,1.0,0.0,0.21841900000000003,0.398605
120358,2022,79,72.85178470611572,1.0,0.0,0.2179713333333334,0.39820999999999995
120454,2023,96,63.06743325293064,1.0,0.0,0.21742733333333342,0.39773000000000003
120539,2024,85,66.47589330375195,1.0,0.0,0.2169456666666667,0.397305
120615,2025,76,59.35569816827774,1.0,0.0,0.216515,0.396925
120699,2026,84,58.25897638499737,1.0,0.0,0.21603899999999998,0.396505
120773,2027,74,64.99340388178825,1.0,0.0,0.21561966666666665,0.3961349999999999
120843,2028,70,58.727180019021034,1.0,0.0,0.21522300000000005,0.39578500000000005
120916,2029,73,70.57570190727711,1.0,0.0,0.2148093333333334,0.39542
121011,2030,95,72.48408734798431,1.0,0.0,0.214271,0.394945
121103,2031,92,66.7357464581728,1.0,0.0,0.21374966666666673,0.394485
121196,2032,93,83.86584649980068,1.0,0.0,0.21322266666666667,0.39402000000000004
121282,2033,86,54.823478013277054,1.0,0.0,0.2127353333333334,0.39359
121369,2034,87,79.84554797410965,1.0,0.0,0.21224233333333342,0.39315500000000003
121469,2035,100,18.016443371772766,0.0,0.0,0.2116756666666667,0.392655
121553,2036,84,66.31432002782822,1.0,0.0,0.21119966666666667,0.392235
121652,2037,99,75.25034435093403,1.0,0.0,0.21063866666666664,0.39174
121732,2038,80,56.488511234521866,1.0,0.0,0.21018533333333345,0.39134
121832,2039,100,34.05702717602253,0.0,0.0,0.20961866666666673,0.39083999999999997
121920,2040,88,58.75710938870907,1.0,0.0,0.20912000000000008,0.3904000000000001
122001,2041,81,69.54175892472267,1.0,0.0,0.2086610000000001,0.3899950000000001
122090,2042,89,69.16362315416336,1.0,0.0,0.20815666666666677,0.38955000000000006
122167,2043,77,63.41563777625561,1.0,0.0,0.2077203333333334,0.389165
122264,2044,97,81.04693895578384,1.0,0.0,0.20717066666666673,0.38868
122350,2045,86,44.88278080523014,1.0,0.0,0.20668333333333344,0.38825
122435,2046,85,78.57631462812424,1.0,0.0,0.20620166666666673,0.387825
122529,2047,94,95.50121618807316,1.0,0.0,0.205669,0.387355
122611,2048,82,80.32125163078308,1.0,0.0,0.20520433333333343,0.3869450000000001
122701,2049,90,60.98016072809696,1.0,0.0,0.20469433333333342,0.38649500000000003
122796,2050,95,62.29563981294632,1.0,0.0,0.204156,0.38602000000000003
122893,2051,97,79.67988190054893,1.0,0.0,0.20360633333333333,0.38553499999999996
122978,2052,85,71.75945177674294,1.0,0.0,0.20312466666666673,0.38511000000000006
123058,2053,80,77.63526862859726,1.0,0.0,0.20267133333333331,0.38471
123158,2054,100,21.76615372300148,0.0,0.0,0.2021046666666667,0.38421000000000005
123228,2055,70,74.88744120299816,1.0,0.0,0.201708,0.38386
123328,2056,100,19.37071992456913,0.0,0.0,0.2011413333333334,0.38336000000000003
123408,2057,80,69.33777919411659,1.0,0.0,0.2006880000000001,0.38295999999999997
123492,2058,84,65.27182739973068,1.0,0.0,0.20021200000000006,0.38254
123592,2059,100,27.82766619324684,0.0,0.0,0.19964533333333334,0.38203999999999994
123666,2060,74,52.928504168987274,1.0,0.0,0.19922600000000013,0.38167000000000006
123759,2061,93,78.58388197422028,1.0,0.0,0.19869900000000007,0.381205
123849,2062,90,97.52121403813362,1.0,0.0,0.19818900000000006,0.38075500000000007
123935,2063,86,63.37589927017689,1.0,0.0,0.19770166666666666,0.380325
124008,2064,73,61.445287972688675,1.0,0.0,0.19728800000000002,0.37995999999999996
124101,2065,93,88.48035232722759,1.0,0.0,0.19676100000000007,0.379495
124175,2066,74,75.71814154088497,1.0,0.0,0.19634166666666675,0.37912500000000005
124270,2067,95,62.90454360842705,1.0,0.0,0.19580333333333333,0.37864999999999993
124342,2068,72,69.88085652887821,1.0,0.0,0.19539533333333337,0.37829
124427,2069,85,77.15307578444481,1.0,0.0,0.19491366666666676,0.377865
124497,2070,70,55.700877755880356,1.0,0.0,0.19451700000000005,0.37751499999999993
124597,2071,100,17.73541858792305,0.0,0.0,0.19395033333333345,0.377015
124697,2072,100,34.32932488620281,0.0,0.0,0.19338366666666673,0.37651499999999993
124741,2073,44,-123.7433131635189,0.0,1.0,0.1931343333333333,0.37629499999999994
124811,2074,70,71.98857600986958,1.0,0.0,0.1927376666666667,0.375945
124887,2075,76,52.180698543787,1.0,0.0,0.192307,0.37556500000000004
124965,2076,78,71.75865887105465,1.0,0.0,0.19186500000000006,0.37517500000000004
125059,2077,94,87.68344627320766,1.0,0.0,0.19133233333333344,0.37470500000000007
125152,2078,93,85.67072686553001,1.0,0.0,0.19080533333333338,0.37424
125252,2079,100,40.71074405312538,0.0,0.0,0.19023866666666667,0.37373999999999996
125321,2080,69,66.07572305202484,1.0,0.0,0.18984766666666675,0.37339500000000003
125402,2081,81,60.953139662742615,1.0,0.0,0.18938866666666665,0.37298999999999993
125478,2082,76,86.06959187984467,1.0,0.0,0.18895799999999996,0.37261
125549,2083,71,78.84860324859619,1.0,0.0,0.18855566666666668,0.372255
125636,2084,87,80.87328270077705,1.0,0.0,0.1880626666666667,0.37182000000000004
125712,2085,76,69.91744217276573,1.0,0.0,0.18763200000000002,0.37144
125799,2086,87,99.03105928003788,1.0,0.0,0.18713900000000006,0.37100500000000003
125896,2087,97,88.08518600463867,1.0,0.0,0.18658933333333338,0.37051999999999996
125965,2088,69,61.128924399614334,1.0,0.0,0.18619833333333335,0.37017500000000003
126058,2089,93,58.86743727326393,1.0,0.0,0.1856713333333334,0.36971
126138,2090,80,46.626194179058075,1.0,0.0,0.185218,0.36931
126229,2091,91,46.073424994945526,1.0,0.0,0.1847023333333334,0.36885500000000004
126308,2092,79,58.54359328746796,1.0,0.0,0.18425466666666668,0.36846
126393,2093,85,72.15633986890316,1.0,0.0,0.18377299999999996,0.368035
126471,2094,78,66.79748372733593,1.0,0.0,0.18333100000000002,0.367645
126542,2095,71,50.12195985019207,1.0,0.0,0.18292866666666674,0.36729
126614,2096,72,60.60862821340561,1.0,0.0,0.18252066666666666,0.36693
126707,2097,93,89.1087084710598,1.0,0.0,0.18199366666666672,0.36646500000000004
126798,2098,91,87.25711992383003,1.0,0.0,0.18147800000000003,0.36601000000000006
126892,2099,94,84.97411271929741,1.0,0.0,0.1809453333333334,0.36554
126976,2100,84,72.24111938476562,1.0,0.0,0.18046933333333337,0.36512
127052,2101,76,58.75708967447281,1.0,0.0,0.1800386666666668,0.36474000000000006
127133,2102,81,81.18181005120277,1.0,0.0,0.1795796666666667,0.36433499999999996
127205,2103,72,71.48563240468502,1.0,0.0,0.17917166666666673,0.36397500000000005
127287,2104,82,76.90090388059616,1.0,0.0,0.17870700000000006,0.363565
127378,2105,91,79.54283332824707,1.0,0.0,0.17819133333333337,0.36311000000000004
127446,2106,68,59.18412363529205,1.0,0.0,0.17780600000000013,0.36277000000000004
127523,2107,77,73.64791136980057,1.0,0.0,0.17736966666666676,0.36238499999999996
127623,2108,100,48.92031270265579,0.0,0.0,0.17680300000000004,0.361885
127668,2109,45,-129.41443637013435,0.0,1.0,0.17654800000000004,0.36166
127759,2110,91,79.09289202094078,1.0,0.0,0.17603233333333346,0.361205
127842,2111,83,82.5802481919527,1.0,0.0,0.175562,0.36078999999999994
127923,2112,81,76.96118202805519,1.0,0.0,0.175103,0.36038499999999996
127999,2113,76,74.03750914335251,1.0,0.0,0.17467233333333332,0.360005
128067,2114,68,62.215763956308365,1.0,0.0,0.17428700000000008,0.359665
128149,2115,82,60.502167254686356,1.0,0.0,0.1738223333333334,0.359255
128237,2116,88,69.40356382727623,1.0,0.0,0.17332366666666676,0.358815
128310,2117,73,73.32748392224312,1.0,0.0,0.17291,0.35844999999999994
128391,2118,81,72.72611251473427,1.0,0.0,0.17245100000000002,0.35804499999999995
128471,2119,80,58.21313074231148,1.0,0.0,0.17199766666666672,0.357645
128549,2120,78,83.35920217633247,1.0,0.0,0.17155566666666666,0.357255
128644,2121,95,92.00845855474472,1.0,0.0,0.17101733333333335,0.35678
128731,2122,87,70.02674171328545,1.0,0.0,0.1705243333333334,0.356345
128827,2123,96,82.19058668613434,1.0,0.0,0.1699803333333334,0.355865
128922,2124,95,81.9394818842411,1.0,0.0,0.16944199999999998,0.35539
128991,2125,69,70.56449392437935,1.0,0.0,0.16905100000000006,0.35504499999999994
129079,2126,88,77.22632756829262,1.0,0.0,0.16855233333333342,0.35460500000000006
129161,2127,82,70.39833328127861,1.0,0.0,0.16808766666666664,0.35419500000000004
129248,2128,87,71.16189631819725,1.0,0.0,0.16759466666666667,0.35375999999999996
129327,2129,79,74.05640721321106,1.0,0.0,0.16714700000000005,0.35336500000000004
129407,2130,80,66.83478966355324,1.0,0.0,0.16669366666666674,0.352965
129495,2131,88,72.45305216312408,1.0,0.0,0.1661950000000001,0.352525
129584,2132,89,73.83510458469391,1.0,0.0,0.16569066666666676,0.35208000000000006
129675,2133,91,60.30085709691048,1.0,0.0,0.16517499999999996,0.35162499999999997
129759,2134,84,71.64636185765266,1.0,0.0,0.16469900000000004,0.351205
129831,2135,72,71.48432287573814,1.0,0.0,0.16429100000000008,0.3508450000000001
129902,2136,71,72.33125847578049,1.0,0.0,0.16388866666666668,0.35048999999999997
129985,2137,83,80.48344972729683,1.0,0.0,0.16341833333333333,0.3500749999999999
130055,2138,70,59.89672213792801,1.0,0.0,0.16302166666666673,0.34972500000000006
130147,2139,92,74.12313990294933,1.0,0.0,0.16250033333333336,0.34926499999999994
130216,2140,69,58.47992515563965,1.0,0.0,0.16210933333333333,0.34892
130294,2141,78,75.07930572330952,1.0,0.0,0.16166733333333339,0.34853
130369,2142,75,78.40221410989761,1.0,0.0,0.16124233333333338,0.348155
130440,2143,71,90.67184588313103,1.0,0.0,0.16083999999999998,0.3478
130531,2144,91,80.2618046104908,1.0,0.0,0.1603243333333334,0.347345
130621,2145,90,95.64791682362556,1.0,0.0,0.1598143333333334,0.34689500000000006
130719,2146,98,85.28730130195618,1.0,0.0,0.15925900000000004,0.34640499999999996
130805,2147,86,67.15544752776623,1.0,0.0,0.15877166666666676,0.34597500000000003
130885,2148,80,72.57650682330132,1.0,0.0,0.15831833333333334,0.34557499999999997
130957,2149,72,84.17789053916931,1.0,0.0,0.15791033333333337,0.34521500000000005
131048,2150,91,72.67875844240189,1.0,0.0,0.1573946666666668,0.34476000000000007
131133,2151,85,94.3848490267992,1.0,0.0,0.15691300000000008,0.34433500000000006
131224,2152,91,89.40432730317116,1.0,0.0,0.1563973333333334,0.34387999999999996
131303,2153,79,93.81984969973564,1.0,0.0,0.15594966666666676,0.34348500000000004
131387,2154,84,73.16120806336403,1.0,0.0,0.15547366666666673,0.34306499999999995
131483,2155,96,94.27243202924728,1.0,0.0,0.15492966666666674,0.34258500000000003
131559,2156,76,82.35430273413658,1.0,0.0,0.15449900000000005,0.3422050000000001
131651,2157,92,69.48003003001213,1.0,0.0,0.15397766666666668,0.34174499999999997
131729,2158,78,44.72084103524685,1.0,0.0,0.15353566666666663,0.34135499999999996
131819,2159,90,84.31532028317451,1.0,0.0,0.15302566666666673,0.340905
131896,2160,77,55.8627972304821,1.0,0.0,0.15258933333333335,0.34051999999999993
131990,2161,94,77.79469540715218,1.0,0.0,0.15205666666666673,0.34004999999999996
132074,2162,84,96.68563967943192,1.0,0.0,0.1515806666666667,0.33963
132169,2163,95,97.94789275527,1.0,0.0,0.1510423333333334,0.3391550000000001
132248,2164,79,70.49816806614399,1.0,0.0,0.15059466666666677,0.33876000000000006
132332,2165,84,52.76604998111725,1.0,0.0,0.15011866666666673,0.3383400000000001
132410,2166,78,66.3057632446289,1.0,0.0,0.14967666666666668,0.33795
132501,2167,91,74.09718585014343,1.0,0.0,0.149161,0.337495
132598,2168,97,75.61777931451797,1.0,0.0,0.14861133333333332,0.33701000000000003
132673,2169,75,70.94047203660011,1.0,0.0,0.14818633333333342,0.336635
132763,2170,90,71.77292466163635,1.0,0.0,0.1476763333333334,0.33618499999999996
132833,2171,70,70.89309963583946,1.0,0.0,0.1472796666666667,0.335835
132906,2172,73,88.617869079113,1.0,0.0,0.14686600000000005,0.33546999999999993
132977,2173,71,77.94102078676224,1.0,0.0,0.14646366666666666,0.33511499999999994
133051,2174,74,50.349178582429886,1.0,0.0,0.14604433333333333,0.33474499999999996
133126,2175,75,70.80416832864285,1.0,0.0,0.14561933333333332,0.33437000000000006
133213,2176,87,86.25992050766945,1.0,0.0,0.14512633333333336,0.333935
133283,2177,70,80.07613757252693,1.0,0.0,0.14472966666666676,0.333585
133357,2178,74,82.77750796079636,1.0,0.0,0.14431033333333343,0.33321500000000004
133445,2179,88,83.6944559365511,1.0,0.0,0.14381166666666667,0.33277499999999993
133526,2180,81,78.26869511604309,1.0,0.0,0.14335266666666668,0.33236999999999994
133595,2181,69,80.54697522521019,1.0,0.0,0.14296166666666665,0.332025
133669,2182,74,65.65997555851936,1.0,0.0,0.14254233333333344,0.33165500000000003
133745,2183,76,75.04808405041695,1.0,0.0,0.14211166666666664,0.331275
133838,2184,93,86.7813278734684,1.0,0.0,0.1415846666666667,0.33081000000000005
133917,2185,79,77.40601056814194,1.0,0.0,0.14113700000000007,0.330415
133991,2186,74,71.30173052847385,1.0,0.0,0.14071766666666663,0.3300449999999999
134087,2187,96,76.98762619495392,1.0,0.0,0.14017366666666675,0.329565
134170,2188,83,88.45416863262653,1.0,0.0,0.1397033333333334,0.32915000000000005
134253,2189,83,87.12786920368671,1.0,0.0,0.13923300000000005,0.328735
134347,2190,94,96.43386828899384,1.0,0.0,0.13870033333333331,0.32826500000000003
134430,2191,83,85.19702145457268,1.0,0.0,0.13823000000000008,0.32785
134530,2192,100,33.61451694369316,0.0,0.0,0.13766333333333336,0.32735000000000003
134620,2193,90,90.58620676398277,1.0,0.0,0.13715333333333335,0.32689999999999997
134708,2194,88,87.77282986044884,1.0,0.0,0.1366546666666667,0.32646
134796,2195,88,74.31185320019722,1.0,0.0,0.13615600000000005,0.32602
134886,2196,90,79.65514142811298,1.0,0.0,0.13564600000000004,0.3255699999999999
134986,2197,100,3.4586852341890335,0.0,0.0,0.13507933333333344,0.32506999999999997
135077,2198,91,68.76378819346428,1.0,0.0,0.13456366666666664,0.324615
135156,2199,79,87.78227138519287,1.0,0.0,0.13411600000000012,0.32422000000000006
135242,2200,86,78.74720112979412,1.0,0.0,0.13362866666666662,0.32379
135327,2201,85,90.5506963133812,1.0,0.0,0.13314700000000002,0.323365
135419,2202,92,95.6063996553421,1.0,0.0,0.13262566666666675,0.322905
135498,2203,79,68.80746605992317,1.0,0.0,0.13217800000000002,0.32250999999999996
135585,2204,87,83.00678610801697,1.0,0.0,0.13168500000000005,0.322075
135673,2205,88,92.59601792693138,1.0,0.0,0.1311863333333334,0.321635
135764,2206,91,88.03895425796509,1.0,0.0,0.1306706666666667,0.32118
135854,2207,90,88.24761420488358,1.0,0.0,0.1301606666666667,0.32072999999999996
135928,2208,74,69.03319746255875,1.0,0.0,0.12974133333333338,0.32036
136016,2209,88,84.80326899886131,1.0,0.0,0.12924266666666673,0.31992
136094,2210,78,76.11042633652687,1.0,0.0,0.12880066666666679,0.3195300000000001
136173,2211,79,64.63128501176834,1.0,0.0,0.12835300000000005,0.31913500000000006
136245,2212,72,73.069030970335,1.0,0.0,0.1279450000000001,0.31877500000000003
136345,2213,100,42.146722704172134,0.0,0.0,0.12737833333333337,0.318275
136434,2214,89,94.29522782564163,1.0,0.0,0.12687400000000004,0.31782999999999995
136519,2215,85,77.1210618019104,1.0,0.0,0.12639233333333344,0.31740500000000005
136593,2216,74,87.57245966792107,1.0,0.0,0.125973,0.31703499999999996
136665,2217,72,79.29607278108597,1.0,0.0,0.12556500000000004,0.31667500000000004
136765,2218,100,98.95938795804977,1.0,0.0,0.12499833333333343,0.3161750000000001
136837,2219,72,80.0174635052681,1.0,0.0,0.12459033333333336,0.31581499999999996
136917,2220,80,95.4599580168724,1.0,0.0,0.12413700000000005,0.315415
137005,2221,88,96.56725054979324,1.0,0.0,0.1236383333333334,0.314975
137102,2222,97,92.14738288521767,1.0,0.0,0.12308866666666674,0.31448999999999994
137170,2223,68,71.20903635025024,1.0,0.0,0.12270333333333339,0.31415000000000004
137263,2224,93,103.87883687019348,1.0,0.0,0.12217633333333333,0.313685
137355,2225,92,87.70112937688828,1.0,0.0,0.12165500000000007,0.3132250000000001
137424,2226,69,76.62328860163689,1.0,0.0,0.12126400000000004,0.31288000000000005
137524,2227,100,16.07028529047966,0.0,0.0,0.12069733333333332,0.31238
137600,2228,76,69.07922857999802,1.0,0.0,0.12026666666666674,0.31200000000000006
137681,2229,81,79.29492247104645,1.0,0.0,0.11980766666666676,0.31159500000000007
137765,2230,84,83.08071804046631,1.0,0.0,0.11933166666666672,0.311175
137856,2231,91,92.08066830039024,1.0,0.0,0.11881600000000003,0.31072
137933,2232,77,78.54436656832695,1.0,0.0,0.11837966666666666,0.310335
138033,2233,100,44.16890266537666,0.0,0.0,0.11781300000000006,0.30983499999999997
138133,2234,100,47.613540798425674,0.0,0.0,0.11724633333333345,0.309335
138233,2235,100,50.48585568368435,0.0,0.0,0.11667966666666674,0.30883499999999997
138323,2236,90,97.25713276863098,1.0,0.0,0.11616966666666662,0.3083849999999999
138399,2237,76,76.02920624613762,1.0,0.0,0.11573900000000004,0.308005
138483,2238,84,99.07487460970879,1.0,0.0,0.115263,0.307585
138566,2239,83,77.97984576225281,1.0,0.0,0.11479266666666665,0.30716999999999994
138642,2240,76,78.27564162015915,1.0,0.0,0.11436200000000007,0.30679
138709,2241,67,81.73884637653828,1.0,0.0,0.1139823333333333,0.3064549999999999
138809,2242,100,58.25592051446438,0.0,0.0,0.11341566666666669,0.305955
138891,2243,82,92.44785165786743,1.0,0.0,0.11295100000000002,0.30554499999999996
138967,2244,76,85.62969601154327,1.0,0.0,0.11252033333333344,0.305165
139062,2245,95,96.58828502893448,1.0,0.0,0.11198200000000003,0.30469
139133,2246,71,83.39865279197693,1.0,0.0,0.11157966666666674,0.304335
139202,2247,69,78.1238562464714,1.0,0.0,0.11118866666666671,0.30399
139277,2248,75,68.64566943049431,1.0,0.0,0.1107636666666667,0.30361499999999997
139377,2249,100,19.05723012983799,0.0,0.0,0.11019699999999999,0.303115
139477,2250,100,34.13535296916962,0.0,0.0,0.10963033333333339,0.30261499999999997
139577,2251,100,42.26519626379013,0.0,0.0,0.10906366666666678,0.302115
139677,2252,100,24.810907185077667,0.0,0.0,0.10849700000000007,0.30161499999999997
139777,2253,100,26.99408382177353,0.0,0.0,0.10793033333333335,0.301115
139843,2254,66,91.9604018330574,1.0,0.0,0.10755633333333336,0.30078499999999997
139928,2255,85,82.58772647380829,1.0,0.0,0.10707466666666676,0.30035999999999996
140015,2256,87,97.26309606432915,1.0,0.0,0.10658166666666669,0.299925
140092,2257,77,96.21362516283989,1.0,0.0,0.10614533333333331,0.2995399999999999
140181,2258,89,92.18333512544632,1.0,0.0,0.10564099999999998,0.299095
140258,2259,77,82.82407251000404,1.0,0.0,0.10520466666666672,0.29871000000000003
140358,2260,100,48.700658947229385,0.0,0.0,0.10463800000000001,0.29821
140458,2261,100,36.34137025475502,0.0,0.0,0.1040713333333333,0.2977099999999999
140544,2262,86,88.13821491599083,1.0,0.0,0.10358400000000001,0.29728
140644,2263,100,20.27844648063183,0.0,0.0,0.1030173333333333,0.29677999999999993
140715,2264,71,92.36934199929237,1.0,0.0,0.10261500000000001,0.29642499999999994
140800,2265,85,100.5691919028759,1.0,0.0,0.10213333333333341,0.29600000000000004
140900,2266,100,42.254391849040985,0.0,0.0,0.1015666666666667,0.2955
140989,2267,89,84.95941534638405,1.0,0.0,0.10106233333333337,0.29505499999999996
141076,2268,87,92.84326034784317,1.0,0.0,0.10056933333333329,0.29462
141169,2269,93,101.02958463132381,1.0,0.0,0.10004233333333334,0.29415499999999994
141249,2270,80,79.57377129793167,1.0,0.0,0.09958900000000004,0.293755
141343,2271,94,88.22858917713165,1.0,0.0,0.0990563333333333,0.293285
141430,2272,87,85.4246838092804,1.0,0.0,0.09856333333333345,0.29285000000000005
141517,2273,87,97.46742929518223,1.0,0.0,0.09807033333333337,0.292415
141592,2274,75,84.9750135242939,1.0,0.0,0.09764533333333336,0.29203999999999997
141664,2275,72,72.07368493080139,1.0,0.0,0.0972373333333334,0.29168000000000005
141764,2276,100,45.35051090270281,0.0,0.0,0.09667066666666668,0.29118
141864,2277,100,52.90316849946976,0.0,0.0,0.09610399999999997,0.29067999999999994
141957,2278,93,103.48778465390205,1.0,0.0,0.09557700000000002,0.290215
142029,2279,72,71.445292532444,1.0,0.0,0.09516900000000006,0.289855
142097,2280,68,85.85390064120293,1.0,0.0,0.09478366666666671,0.28951499999999997
142161,2281,64,73.89443948864937,1.0,0.0,0.09442099999999998,0.289195
142237,2282,76,82.20744016766548,1.0,0.0,0.0939903333333334,0.28881500000000004
142320,2283,83,93.55737215280533,1.0,0.0,0.09352000000000005,0.2884
142387,2284,67,79.88980793952942,1.0,0.0,0.09314033333333338,0.288065
142457,2285,70,87.63517168164253,1.0,0.0,0.09274366666666678,0.28771500000000005
142531,2286,74,84.11345660686493,1.0,0.0,0.09232433333333334,0.28734499999999996
142604,2287,73,89.47261607646942,1.0,0.0,0.09191066666666681,0.28698
142696,2288,92,97.59853415191174,1.0,0.0,0.09138933333333343,0.28652
142777,2289,81,82.41762021183968,1.0,0.0,0.09093033333333345,0.286115
142855,2290,78,89.00495481491089,1.0,0.0,0.09048833333333339,0.285725
142937,2291,82,96.38046133518219,1.0,0.0,0.09002366666666672,0.285315
143020,2292,83,102.19039011001587,1.0,0.0,0.08955333333333337,0.28489999999999993
143094,2293,74,69.98090806603432,1.0,0.0,0.08913400000000005,0.28452999999999995
143188,2294,94,103.60762774944305,1.0,0.0,0.08860133333333331,0.28406
143274,2295,86,104.08667743206024,1.0,0.0,0.08811400000000003,0.28363000000000005
143362,2296,88,103.322619587183,1.0,0.0,0.08761533333333338,0.28319000000000005
143442,2297,80,84.10737454891205,1.0,0.0,0.08716200000000007,0.28279
143539,2298,97,101.94980154931545,1.0,0.0,0.08661233333333329,0.28230500000000003
143608,2299,69,81.68699038028717,1.0,0.0,0.08622133333333337,0.28196
143708,2300,100,55.1205917596817,0.0,0.0,0.08565466666666677,0.28146000000000004
143782,2301,74,91.3496885895729,1.0,0.0,0.08523533333333333,0.28109000000000006
143872,2302,90,99.2516430914402,1.0,0.0,0.08472533333333332,0.28064
143968,2303,96,85.96069544553757,1.0,0.0,0.08418133333333333,0.28015999999999996
144057,2304,89,91.2642134130001,1.0,0.0,0.083677,0.27971499999999994
144127,2305,70,76.97552672028542,1.0,0.0,0.0832803333333334,0.2793650000000001
144206,2306,79,89.43675276637077,1.0,0.0,0.08283266666666678,0.27897000000000005
144282,2307,76,87.86322721838951,1.0,0.0,0.08240200000000009,0.27859
144355,2308,73,90.05970242619514,1.0,0.0,0.08198833333333333,0.27822499999999994
144425,2309,70,88.57799223065376,1.0,0.0,0.08159166666666673,0.277875
144519,2310,94,104.25515657663345,1.0,0.0,0.0810590000000001,0.277405
144619,2311,100,51.35376441478729,0.0,0.0,0.08049233333333339,0.27690499999999996
144707,2312,88,100.38152152299881,1.0,0.0,0.07999366666666674,0.27646499999999996
144800,2313,93,115.15721893310547,1.0,0.0,0.07946666666666669,0.276
144865,2314,65,91.48764607310295,1.0,0.0,0.07909833333333338,0.275675
144939,2315,74,81.81391522288322,1.0,0.0,0.07867900000000005,0.275305
145022,2316,83,87.5565642118454,1.0,0.0,0.0782086666666667,0.2748900000000001
145088,2317,66,82.95985212922096,1.0,0.0,0.07783466666666672,0.27456
145182,2318,94,107.12700545787811,1.0,0.0,0.07730200000000009,0.27409000000000006
145274,2319,92,92.69811090826988,1.0,0.0,0.07678066666666672,0.27363000000000004
145366,2320,92,106.59158259630203,1.0,0.0,0.07625933333333335,0.27317
145453,2321,87,92.70004078745842,1.0,0.0,0.07576633333333338,0.27273499999999995
145547,2322,94,92.64994004368782,1.0,0.0,0.07523366666666664,0.272265
145628,2323,81,98.5096997320652,1.0,0.0,0.07477466666666666,0.27186
145712,2324,84,98.147491812706,1.0,0.0,0.07429866666666674,0.27144
145803,2325,91,87.97994221746922,1.0,0.0,0.07378300000000004,0.27098500000000003
145874,2326,71,89.59894815087318,1.0,0.0,0.07338066666666676,0.27063000000000004
145954,2327,80,78.6571107506752,1.0,0.0,0.07292733333333334,0.27022999999999997
146042,2328,88,97.27977478504181,1.0,0.0,0.0724286666666667,0.26979
146130,2329,88,105.64154529571533,1.0,0.0,0.07193000000000005,0.26935
146204,2330,74,83.45478096604347,1.0,0.0,0.07151066666666672,0.26898
146290,2331,86,94.88162341713905,1.0,0.0,0.07102333333333344,0.26855000000000007
146360,2332,70,91.88849645853043,1.0,0.0,0.07062666666666673,0.2682
146442,2333,82,90.85071864724159,1.0,0.0,0.07016200000000006,0.26779
146514,2334,72,88.94612818956375,1.0,0.0,0.0697540000000001,0.26743000000000006
146596,2335,82,98.31655794382095,1.0,0.0,0.06928933333333342,0.26702000000000004
146684,2336,88,109.73024696111679,1.0,0.0,0.06879066666666678,0.26658000000000004
146766,2337,82,92.99743050336838,1.0,0.0,0.06832600000000011,0.26617
146857,2338,91,114.92910161614418,1.0,0.0,0.06781033333333342,0.26571500000000003
146941,2339,84,82.04696488380432,1.0,0.0,0.06733433333333338,0.26529500000000006
147016,2340,75,89.62134802341461,1.0,0.0,0.06690933333333338,0.26492000000000004
147088,2341,72,92.4179859161377,1.0,0.0,0.0665013333333333,0.2645599999999999
147160,2342,72,78.17510133981705,1.0,0.0,0.06609333333333345,0.2642
147231,2343,71,87.66600379347801,1.0,0.0,0.06569100000000005,0.263845
147322,2344,91,105.8601205945015,1.0,0.0,0.06517533333333347,0.26339
147399,2345,77,85.98866824805737,1.0,0.0,0.0647390000000001,0.26300500000000004
147483,2346,84,99.47351825237274,1.0,0.0,0.06426300000000007,0.26258500000000007
147575,2347,92,105.53867402672768,1.0,0.0,0.0637416666666667,0.26212499999999994
147645,2348,70,90.20222157239914,1.0,0.0,0.0633450000000001,0.2617750000000001
147725,2349,80,100.40739643573761,1.0,0.0,0.06289166666666668,0.261375
147794,2350,69,79.03586742281914,1.0,0.0,0.06250066666666665,0.26103
147865,2351,71,92.50969561934471,1.0,0.0,0.062098333333333366,0.260675
147955,2352,90,105.3662012219429,1.0,0.0,0.06158833333333347,0.26022500000000004
148022,2353,67,87.88040512800217,1.0,0.0,0.06120866666666669,0.25988999999999995
148107,2354,85,100.2157641351223,1.0,0.0,0.060726999999999975,0.25946499999999995
148195,2355,88,109.85180217027664,1.0,0.0,0.06022833333333333,0.25902500000000006
148272,2356,77,88.22852173447609,1.0,0.0,0.05979200000000007,0.25864
148342,2357,70,92.63835549354553,1.0,0.0,0.059395333333333356,0.25829
148435,2358,93,109.47458979487419,1.0,0.0,0.0588683333333333,0.25782499999999997
148519,2359,84,103.43822970986366,1.0,0.0,0.05839233333333338,0.257405
148584,2360,65,89.44620841741562,1.0,0.0,0.058024000000000076,0.25708
148655,2361,71,87.01348251104355,1.0,0.0,0.05762166666666668,0.256725
148747,2362,92,112.18530969321728,1.0,0.0,0.05710033333333342,0.25626499999999997
148818,2363,71,85.88404965400696,1.0,0.0,0.056698000000000026,0.25590999999999997
148897,2364,79,75.61239042878151,1.0,0.0,0.0562503333333334,0.25551499999999994
148974,2365,77,95.26848569512367,1.0,0.0,0.05581400000000003,0.25512999999999997
149066,2366,92,107.86748367547989,1.0,0.0,0.05529266666666677,0.25467000000000006
149150,2367,84,97.10573506355286,1.0,0.0,0.054816666666666736,0.2542500000000001
149224,2368,74,96.66839283704758,1.0,0.0,0.05439733333333341,0.25388
149295,2369,71,90.35676157474518,1.0,0.0,0.053995000000000126,0.253525
149383,2370,88,112.11876693367958,1.0,0.0,0.05349633333333337,0.253085
149454,2371,71,85.48235249519348,1.0,0.0,0.053093999999999975,0.25273
149522,2372,68,89.86844944953918,1.0,0.0,0.05270866666666674,0.25239
149603,2373,81,93.32588756084442,1.0,0.0,0.05224966666666675,0.251985
149673,2374,70,88.44214072823524,1.0,0.0,0.05185300000000004,0.25163499999999994
149757,2375,84,94.42575168609619,1.0,0.0,0.051377000000000006,0.25121499999999997
149832,2376,75,93.77055332064629,1.0,0.0,0.050952,0.25083999999999995
149909,2377,77,95.20144766569138,1.0,0.0,0.050515666666666736,0.250455
149999,2378,90,110.59725174307823,1.0,0.0,0.050005666666666726,0.25000500000000003
150074,2379,75,93.18414923548698,1.0,0.0,0.050000000000000044,0.25
150149,2380,75,91.36003786325455,1.0,0.0,0.050000000000000044,0.25
150229,2381,80,98.59981960058212,1.0,0.0,0.050000000000000044,0.25
150316,2382,87,90.31014442443848,1.0,0.0,0.050000000000000044,0.25
150398,2383,82,94.14645648002625,1.0,0.0,0.050000000000000044,0.25
150475,2384,77,90.47061848640442,1.0,0.0,0.050000000000000044,0.25
150564,2385,89,103.07980263233185,1.0,0.0,0.050000000000000044,0.25
150657,2386,93,107.83165007829666,1.0,0.0,0.050000000000000044,0.25
150724,2387,67,89.41823455691338,1.0,0.0,0.050000000000000044,0.25
150804,2388,80,95.67131674289703,1.0,0.0,0.050000000000000044,0.25
150881,2389,77,93.08569180965424,1.0,0.0,0.050000000000000044,0.25
150969,2390,88,106.85460180044174,1.0,0.0,0.050000000000000044,0.25
151046,2391,77,86.28005731105804,1.0,0.0,0.050000000000000044,0.25
151131,2392,85,101.02853113412857,1.0,0.0,0.050000000000000044,0.25
151224,2393,93,107.50533133745193,1.0,0.0,0.050000000000000044,0.25
151313,2394,89,108.03902181982994,1.0,0.0,0.050000000000000044,0.25
151397,2395,84,93.7743629515171,1.0,0.0,0.050000000000000044,0.25
151477,2396,80,92.21891218423843,1.0,0.0,0.050000000000000044,0.25
151554,2397,77,85.46832898259163,1.0,0.0,0.050000000000000044,0.25
151642,2398,88,91.07081969082355,1.0,0.0,0.050000000000000044,0.25
151712,2399,70,91.91009002923965,1.0,0.0,0.050000000000000044,0.25
151795,2400,83,105.78428959846497,1.0,0.0,0.050000000000000044,0.25
151884,2401,89,107.64339622855186,1.0,0.0,0.050000000000000044,0.25
151958,2402,74,85.25414952635765,1.0,0.0,0.050000000000000044,0.25
152025,2403,67,80.14336448907852,1.0,0.0,0.050000000000000044,0.25
152096,2404,71,94.01089298725128,1.0,0.0,0.050000000000000044,0.25
152182,2405,86,104.83794313669205,1.0,0.0,0.050000000000000044,0.25
152249,2406,67,88.31159681081772,1.0,0.0,0.050000000000000044,0.25
152316,2407,67,90.56501948833466,1.0,0.0,0.050000000000000044,0.25
152407,2408,91,107.66104173660278,1.0,0.0,0.050000000000000044,0.25
152481,2409,74,91.24105587601662,1.0,0.0,0.050000000000000044,0.25
152553,2410,72,86.80872306227684,1.0,0.0,0.050000000000000044,0.25
152630,2411,77,98.27622562646866,1.0,0.0,0.050000000000000044,0.25
152707,2412,77,91.61451551318169,1.0,0.0,0.050000000000000044,0.25
152773,2413,66,90.00334307551384,1.0,0.0,0.050000000000000044,0.25
152853,2414,80,95.15058091282845,1.0,0.0,0.050000000000000044,0.25
152918,2415,65,94.2994304895401,1.0,0.0,0.050000000000000044,0.25
152984,2416,66,83.9650731086731,1.0,0.0,0.050000000000000044,0.25
153051,2417,67,84.05144083499908,1.0,0.0,0.050000000000000044,0.25
153133,2418,82,88.9005076289177,1.0,0.0,0.050000000000000044,0.25
153227,2419,94,110.20474910736084,1.0,0.0,0.050000000000000044,0.25
153318,2420,91,105.62145230174065,1.0,0.0,0.050000000000000044,0.25
153388,2421,70,79.82604318857193,1.0,0.0,0.050000000000000044,0.25
153481,2422,93,110.22491312026978,1.0,0.0,0.050000000000000044,0.25
153576,2423,95,110.29120847582817,1.0,0.0,0.050000000000000044,0.25
153651,2424,75,88.02166296541691,1.0,0.0,0.050000000000000044,0.25
153734,2425,83,99.87498569488525,1.0,0.0,0.050000000000000044,0.25
153828,2426,94,108.07695999741554,1.0,0.0,0.050000000000000044,0.25
153917,2427,89,102.95819142460823,1.0,0.0,0.050000000000000044,0.25
153990,2428,73,97.79470044374466,1.0,0.0,0.050000000000000044,0.25
154074,2429,84,100.66643047332764,1.0,0.0,0.050000000000000044,0.25
154150,2430,76,94.21827363967896,1.0,0.0,0.050000000000000044,0.25
154215,2431,65,87.92380225658417,1.0,0.0,0.050000000000000044,0.25
154285,2432,70,89.74319076538086,1.0,0.0,0.050000000000000044,0.25
154367,2433,82,91.92805370688438,1.0,0.0,0.050000000000000044,0.25
154452,2434,85,95.63216707110405,1.0,0.0,0.050000000000000044,0.25
154542,2435,90,114.79404076933861,1.0,0.0,0.050000000000000044,0.25
154634,2436,92,115.91246289014816,1.0,0.0,0.050000000000000044,0.25
154723,2437,89,97.08346098661423,1.0,0.0,0.050000000000000044,0.25
154795,2438,72,85.07983413338661,1.0,0.0,0.050000000000000044,0.25
154866,2439,71,89.9041383266449,1.0,0.0,0.050000000000000044,0.25
154938,2440,72,87.73949626088142,1.0,0.0,0.050000000000000044,0.25
155017,2441,79,92.37914395332336,1.0,0.0,0.050000000000000044,0.25
155090,2442,73,93.03128868341446,1.0,0.0,0.050000000000000044,0.25
155174,2443,84,102.52324503660202,1.0,0.0,0.050000000000000044,0.25
155255,2444,81,98.67478117346764,1.0,0.0,0.050000000000000044,0.25
155321,2445,66,70.52496188879013,1.0,0.0,0.050000000000000044,0.25
155395,2446,74,86.30447804927826,1.0,0.0,0.050000000000000044,0.25
155484,2447,89,105.62688583135605,1.0,0.0,0.050000000000000044,0.25
155581,2448,97,109.63129657506943,1.0,0.0,0.050000000000000044,0.25
155662,2449,81,92.81484654545784,1.0,0.0,0.050000000000000044,0.25
155732,2450,70,91.33298894762993,1.0,0.0,0.050000000000000044,0.25
155803,2451,71,93.95704379677773,1.0,0.0,0.050000000000000044,0.25
155892,2452,89,107.8091042637825,1.0,0.0,0.050000000000000044,0.25
155980,2453,88,110.88159793615341,1.0,0.0,0.050000000000000044,0.25
156059,2454,79,94.55166581273079,1.0,0.0,0.050000000000000044,0.25
156145,2455,86,96.07295346260071,1.0,0.0,0.050000000000000044,0.25
156211,2456,66,79.16708986461163,1.0,0.0,0.050000000000000044,0.25
156281,2457,70,91.54915687441826,1.0,0.0,0.050000000000000044,0.25
156362,2458,81,102.49912604689598,1.0,0.0,0.050000000000000044,0.25
156450,2459,88,109.9872732758522,1.0,0.0,0.050000000000000044,0.25
156529,2460,79,91.61566272377968,1.0,0.0,0.050000000000000044,0.25
156619,2461,90,102.33387333154678,1.0,0.0,0.050000000000000044,0.25
156697,2462,78,82.70942667126656,1.0,0.0,0.050000000000000044,0.25
156764,2463,67,87.95339798927307,1.0,0.0,0.050000000000000044,0.25
156854,2464,90,105.28279250860214,1.0,0.0,0.050000000000000044,0.25
156946,2465,92,107.79804906249046,1.0,0.0,0.050000000000000044,0.25
157020,2466,74,94.02242767810822,1.0,0.0,0.050000000000000044,0.25
157103,2467,83,98.37770041823387,1.0,0.0,0.050000000000000044,0.25
157168,2468,65,84.2507346868515,1.0,0.0,0.050000000000000044,0.25
157258,2469,90,111.47995126247406,1.0,0.0,0.050000000000000044,0.25
157339,2470,81,95.63812559843063,1.0,0.0,0.050000000000000044,0.25
157423,2471,84,85.2689708173275,1.0,0.0,0.050000000000000044,0.25
157513,2472,90,112.89493894577026,1.0,0.0,0.050000000000000044,0.25
157598,2473,85,105.59837996959686,1.0,0.0,0.050000000000000044,0.25
157685,2474,87,111.10264420509338,1.0,0.0,0.050000000000000044,0.25
157782,2475,97,113.98257619142532,1.0,0.0,0.050000000000000044,0.25
157873,2476,91,102.40426436066628,1.0,0.0,0.050000000000000044,0.25
157963,2477,90,102.79988181591034,1.0,0.0,0.050000000000000044,0.25
158041,2478,78,86.76335245370865,1.0,0.0,0.050000000000000044,0.25
158115,2479,74,92.88788875937462,1.0,0.0,0.050000000000000044,0.25
158191,2480,76,83.22267660498619,1.0,0.0,0.050000000000000044,0.25
158275,2481,84,93.04171261191368,1.0,0.0,0.050000000000000044,0.25
158368,2482,93,108.78084367513657,1.0,0.0,0.050000000000000044,0.25
158449,2483,81,95.23058626055717,1.0,0.0,0.050000000000000044,0.25
158528,2484,79,99.26033964753151,1.0,0.0,0.050000000000000044,0.25
158597,2485,69,93.08087062835693,1.0,0.0,0.050000000000000044,0.25
158662,2486,65,77.65262234210968,1.0,0.0,0.050000000000000044,0.25
158755,2487,93,103.76974460482597,1.0,0.0,0.050000000000000044,0.25
158819,2488,64,89.64483723044395,1.0,0.0,0.050000000000000044,0.25
158904,2489,85,102.92740786075592,1.0,0.0,0.050000000000000044,0.25
158979,2490,75,90.11337774991989,1.0,0.0,0.050000000000000044,0.25
159062,2491,83,95.84818518161774,1.0,0.0,0.050000000000000044,0.25
159154,2492,92,112.24166533350945,1.0,0.0,0.050000000000000044,0.25
159222,2493,68,76.58216425776482,1.0,0.0,0.050000000000000044,0.25
159307,2494,85,106.60124427080154,1.0,0.0,0.050000000000000044,0.25
159385,2495,78,95.27376875281334,1.0,0.0,0.050000000000000044,0.25
159476,2496,91,95.20238657295704,1.0,0.0,0.050000000000000044,0.25
159547,2497,71,88.97328308224678,1.0,0.0,0.050000000000000044,0.25
159616,2498,69,85.06508228182793,1.0,0.0,0.050000000000000044,0.25
159685,2499,69,93.01062908768654,1.0,0.0,0.050000000000000044,0.25
159781,2500,96,111.58504039049149,1.0,0.0,0.050000000000000044,0.25
159852,2501,71,91.2597815990448,1.0,0.0,0.050000000000000044,0.25
159934,2502,82,97.16482609510422,1.0,0.0,0.050000000000000044,0.25
160011,2503,77,95.74662879109383,1.0,0.0,0.050000000000000044,0.25
160078,2504,67,92.41508120298386,1.0,0.0,0.050000000000000044,0.25
160148,2505,70,86.47576096653938,1.0,0.0,0.050000000000000044,0.25
160226,2506,78,89.78801491856575,1.0,0.0,0.050000000000000044,0.25
160291,2507,65,90.46842724084854,1.0,0.0,0.050000000000000044,0.25
160372,2508,81,96.23000201582909,1.0,0.0,0.050000000000000044,0.25
160445,2509,73,88.04988813400269,1.0,0.0,0.050000000000000044,0.25
160529,2510,84,94.1550301015377,1.0,0.0,0.050000000000000044,0.25
160600,2511,71,94.61214780807495,1.0,0.0,0.050000000000000044,0.25
160682,2512,82,89.01618647575378,1.0,0.0,0.050000000000000044,0.25
160773,2513,91,113.27651464939117,1.0,0.0,0.050000000000000044,0.25
160848,2514,75,88.57962965965271,1.0,0.0,0.050000000000000044,0.25
160914,2515,66,82.07017907500267,1.0,0.0,0.050000000000000044,0.25
161006,2516,92,98.640699416399,1.0,0.0,0.050000000000000044,0.25
161106,2517,100,57.909475058317184,0.0,0.0,0.050000000000000044,0.25
161187,2518,81,100.57036605477333,1.0,0.0,0.050000000000000044,0.25
161266,2519,79,94.90386247634888,1.0,0.0,0.050000000000000044,0.25
161347,2520,81,86.33073469996452,1.0,0.0,0.050000000000000044,0.25
161430,2521,83,98.94093868136406,1.0,0.0,0.050000000000000044,0.25
161514,2522,84,100.62782257795334,1.0,0.0,0.050000000000000044,0.25
161600,2523,86,98.1200900375843,1.0,0.0,0.050000000000000044,0.25
161689,2524,89,107.29433915019035,1.0,0.0,0.050000000000000044,0.25
161777,2525,88,98.3533795773983,1.0,0.0,0.050000000000000044,0.25
161863,2526,86,110.02361577749252,1.0,0.0,0.050000000000000044,0.25
161950,2527,87,107.98084911704063,1.0,0.0,0.050000000000000044,0.25
162015,2528,65,81.7607713341713,1.0,0.0,0.050000000000000044,0.25
162090,2529,75,91.41048488020897,1.0,0.0,0.050000000000000044,0.25
162174,2530,84,102.58861577510834,1.0,0.0,0.050000000000000044,0.25
162245,2531,71,88.14744162559509,1.0,0.0,0.050000000000000044,0.25
162326,2532,81,97.69799661636353,1.0,0.0,0.050000000000000044,0.25
162404,2533,78,88.3583836555481,1.0,0.0,0.050000000000000044,0.25
162495,2534,91,102.88691967725754,1.0,0.0,0.050000000000000044,0.25
162578,2535,83,99.72744554281235,1.0,0.0,0.050000000000000044,0.25
162662,2536,84,97.91397340595722,1.0,0.0,0.050000000000000044,0.25
162750,2537,88,96.99497833848,1.0,0.0,0.050000000000000044,0.25
162815,2538,65,81.67430573701859,1.0,0.0,0.050000000000000044,0.25
162905,2539,90,112.87150025367737,1.0,0.0,0.050000000000000044,0.25
162983,2540,78,91.60172256827354,1.0,0.0,0.050000000000000044,0.25
163074,2541,91,102.25536733865738,1.0,0.0,0.050000000000000044,0.25
163138,2542,64,87.04748448729515,1.0,0.0,0.050000000000000044,0.25
163203,2543,65,86.76426899433136,1.0,0.0,0.050000000000000044,0.25
163282,2544,79,98.87544360756874,1.0,0.0,0.050000000000000044,0.25
163369,2545,87,89.3448096215725,1.0,0.0,0.050000000000000044,0.25
163437,2546,68,85.45234742760658,1.0,0.0,0.050000000000000044,0.25
163511,2547,74,91.56947126984596,1.0,0.0,0.050000000000000044,0.25
163591,2548,80,90.25925442576408,1.0,0.0,0.050000000000000044,0.25
163687,2549,96,110.16864678263664,1.0,0.0,0.050000000000000044,0.25
163778,2550,91,107.02087929844856,1.0,0.0,0.050000000000000044,0.25
163871,2551,93,101.03239420056343,1.0,0.0,0.050000000000000044,0.25
163938,2552,67,91.6204993724823,1.0,0.0,0.050000000000000044,0.25
164013,2553,75,99.91112896800041,1.0,0.0,0.050000000000000044,0.25
164099,2554,86,108.2074668109417,1.0,0.0,0.050000000000000044,0.25
164169,2555,70,86.61498859524727,1.0,0.0,0.050000000000000044,0.25
164263,2556,94,113.98831403255463,1.0,0.0,0.050000000000000044,0.25
164329,2557,66,87.60687926411629,1.0,0.0,0.050000000000000044,0.25
164407,2558,78,91.72345823049545,1.0,0.0,0.050000000000000044,0.25
164496,2559,89,106.69141200184822,1.0,0.0,0.050000000000000044,0.25
164582,2560,86,104.11942458152771,1.0,0.0,0.050000000000000044,0.25
164646,2561,64,82.11101585626602,1.0,0.0,0.050000000000000044,0.25
164714,2562,68,85.81662872433662,1.0,0.0,0.050000000000000044,0.25
164800,2563,86,111.12836501002312,1.0,0.0,0.050000000000000044,0.25
164890,2564,90,107.89489033818245,1.0,0.0,0.050000000000000044,0.25
164960,2565,70,95.06682825088501,1.0,0.0,0.050000000000000044,0.25
165051,2566,91,112.98841065168381,1.0,0.0,0.050000000000000044,0.25
165121,2567,70,82.74314713478088,1.0,0.0,0.050000000000000044,0.25
165187,2568,66,89.45606780052185,1.0,0.0,0.050000000000000044,0.25
165252,2569,65,89.88841962814331,1.0,0.0,0.050000000000000044,0.25
165322,2570,70,93.17905965447426,1.0,0.0,0.050000000000000044,0.25
165407,2571,85,100.065325319767,1.0,0.0,0.050000000000000044,0.25
165482,2572,75,91.4092355966568,1.0,0.0,0.050000000000000044,0.25
165547,2573,65,88.8291884958744,1.0,0.0,0.050000000000000044,0.25
165632,2574,85,108.84895652532578,1.0,0.0,0.050000000000000044,0.25
165698,2575,66,93.06163758039474,1.0,0.0,0.050000000000000044,0.25
165788,2576,90,108.87125784158707,1.0,0.0,0.050000000000000044,0.25
165866,2577,78,81.67263585329056,1.0,0.0,0.050000000000000044,0.25
165944,2578,78,78.98442709445953,1.0,0.0,0.050000000000000044,0.25
166024,2579,80,94.1152400970459,1.0,0.0,0.050000000000000044,0.25
166106,2580,82,96.63722825050354,1.0,0.0,0.050000000000000044,0.25
166184,2581,78,94.84433463215828,1.0,0.0,0.050000000000000044,0.25
166259,2582,75,89.64712798595428,1.0,0.0,0.050000000000000044,0.25
166339,2583,80,99.31098851561546,1.0,0.0,0.050000000000000044,0.25
166425,2584,86,106.38078129291534,1.0,0.0,0.050000000000000044,0.25
166516,2585,91,107.24805226922035,1.0,0.0,0.050000000000000044,0.25
166603,2586,87,96.18744394183159,1.0,0.0,0.050000000000000044,0.25
166696,2587,93,111.31494653224945,1.0,0.0,0.050000000000000044,0.25
166763,2588,67,92.93644908070564,1.0,0.0,0.050000000000000044,0.25
166840,2589,77,96.46946504712105,1.0,0.0,0.050000000000000044,0.25
166912,2590,72,95.0874902009964,1.0,0.0,0.050000000000000044,0.25
166986,2591,74,87.05403995513916,1.0,0.0,0.050000000000000044,0.25
167060,2592,74,86.19462162256241,1.0,0.0,0.050000000000000044,0.25
167126,2593,66,85.66363114118576,1.0,0.0,0.050000000000000044,0.25
167207,2594,81,94.71160081028938,1.0,0.0,0.050000000000000044,0.25
167281,2595,74,97.820597499609,1.0,0.0,0.050000000000000044,0.25
167348,2596,67,94.93206906318665,1.0,0.0,0.050000000000000044,0.25
167423,2597,75,93.41808068752289,1.0,0.0,0.050000000000000044,0.25
167504,2598,81,88.7308067381382,1.0,0.0,0.050000000000000044,0.25
167596,2599,92,109.70710173249245,1.0,0.0,0.050000000000000044,0.25
167678,2600,82,98.99154806137085,1.0,0.0,0.050000000000000044,0.25
167754,2601,76,89.59316471219063,1.0,0.0,0.050000000000000044,0.25
167825,2602,71,88.62356677651405,1.0,0.0,0.050000000000000044,0.25
167916,2603,91,99.43725982308388,1.0,0.0,0.050000000000000044,0.25
168005,2604,89,111.31678909063339,1.0,0.0,0.050000000000000044,0.25
168093,2605,88,104.61430650949478,1.0,0.0,0.050000000000000044,0.25
168172,2606,79,91.43350285291672,1.0,0.0,0.050000000000000044,0.25
168259,2607,87,104.7598565518856,1.0,0.0,0.050000000000000044,0.25
168346,2608,87,104.4582848250866,1.0,0.0,0.050000000000000044,0.25
168428,2609,82,96.16791108250618,1.0,0.0,0.050000000000000044,0.25
168499,2610,71,93.85434329509735,1.0,0.0,0.050000000000000044,0.25
168589,2611,90,104.59360387921333,1.0,0.0,0.050000000000000044,0.25
168671,2612,82,99.66796517372131,1.0,0.0,0.050000000000000044,0.25
168735,2613,64,93.38781505823135,1.0,0.0,0.050000000000000044,0.25
168800,2614,65,85.68201506137848,1.0,0.0,0.050000000000000044,0.25
168879,2615,79,89.97851434350014,1.0,0.0,0.050000000000000044,0.25
168956,2616,77,97.44100379943848,1.0,0.0,0.050000000000000044,0.25
169027,2617,71,95.51952481269836,1.0,0.0,0.050000000000000044,0.25
169107,2618,80,95.27170296013355,1.0,0.0,0.050000000000000044,0.25
169196,2619,89,114.67595195770264,1.0,0.0,0.050000000000000044,0.25
169267,2620,71,90.6241660118103,1.0,0.0,0.050000000000000044,0.25
169361,2621,94,115.08548104763031,1.0,0.0,0.050000000000000044,0.25
169429,2622,68,89.19382548332214,1.0,0.0,0.050000000000000044,0.25
169515,2623,86,108.01329228281975,1.0,0.0,0.050000000000000044,0.25
169581,2624,66,95.03211283683777,1.0,0.0,0.050000000000000044,0.25
169651,2625,70,96.67419070005417,1.0,0.0,0.050000000000000044,0.25
169732,2626,81,92.20271047949791,1.0,0.0,0.050000000000000044,0.25
169799,2627,67,84.88533771038055,1.0,0.0,0.050000000000000044,0.25
169889,2628,90,112.97573524713516,1.0,0.0,0.050000000000000044,0.25
169967,2629,78,86.4807459115982,1.0,0.0,0.050000000000000044,0.25
170045,2630,78,94.71860870718956,1.0,0.0,0.050000000000000044,0.25
170132,2631,87,97.07438814640045,1.0,0.0,0.050000000000000044,0.25
170209,2632,77,94.49683076143265,1.0,0.0,0.050000000000000044,0.25
170277,2633,68,95.31481057405472,1.0,0.0,0.050000000000000044,0.25
170366,2634,89,96.90371426939964,1.0,0.0,0.050000000000000044,0.25
170439,2635,73,94.24925482273102,1.0,0.0,0.050000000000000044,0.25
170512,2636,73,95.82808032631874,1.0,0.0,0.050000000000000044,0.25
170592,2637,80,102.3456607311964,1.0,0.0,0.050000000000000044,0.25
170677,2638,85,96.79885551333427,1.0,0.0,0.050000000000000044,0.25
170760,2639,83,96.31602588295937,1.0,0.0,0.050000000000000044,0.25
170853,2640,93,112.6635310947895,1.0,0.0,0.050000000000000044,0.25
170947,2641,94,121.79025691747665,1.0,0.0,0.050000000000000044,0.25
171018,2642,71,93.39797323942184,1.0,0.0,0.050000000000000044,0.25
171106,2643,88,107.98977768421173,1.0,0.0,0.050000000000000044,0.25
171171,2644,65,88.37283429503441,1.0,0.0,0.050000000000000044,0.25
171240,2645,69,90.79574072360992,1.0,0.0,0.050000000000000044,0.25
171312,2646,72,92.00378733873367,1.0,0.0,0.050000000000000044,0.25
171394,2647,82,98.12613606452942,1.0,0.0,0.050000000000000044,0.25
171478,2648,84,99.5322333574295,1.0,0.0,0.050000000000000044,0.25
171562,2649,84,105.50965106487274,1.0,0.0,0.050000000000000044,0.25
171631,2650,69,89.08247616887093,1.0,0.0,0.050000000000000044,0.25
171700,2651,69,77.75164824724197,1.0,0.0,0.050000000000000044,0.25
171785,2652,85,109.80391189455986,1.0,0.0,0.050000000000000044,0.25
171866,2653,81,93.02448907494545,1.0,0.0,0.050000000000000044,0.25
171952,2654,86,101.60232469439507,1.0,0.0,0.050000000000000044,0.25
172035,2655,83,93.89949056506157,1.0,0.0,0.050000000000000044,0.25
172121,2656,86,105.06446400284767,1.0,0.0,0.050000000000000044,0.25
172204,2657,83,99.12959027290344,1.0,0.0,0.050000000000000044,0.25
172277,2658,73,92.29179251194,1.0,0.0,0.050000000000000044,0.25
172354,2659,77,89.09909576177597,1.0,0.0,0.050000000000000044,0.25
172434,2660,80,88.36230283975601,1.0,0.0,0.050000000000000044,0.25
172515,2661,81,86.18953323364258,1.0,0.0,0.050000000000000044,0.25
172596,2662,81,88.35830906033516,1.0,0.0,0.050000000000000044,0.25
172672,2663,76,86.54163134098053,1.0,0.0,0.050000000000000044,0.25
172740,2664,68,82.76118475198746,1.0,0.0,0.050000000000000044,0.25
172810,2665,70,97.64618587493896,1.0,0.0,0.050000000000000044,0.25
172900,2666,90,107.92653800547123,1.0,0.0,0.050000000000000044,0.25
172970,2667,70,95.0080007314682,1.0,0.0,0.050000000000000044,0.25
173044,2668,74,93.80023294687271,1.0,0.0,0.050000000000000044,0.25
173131,2669,87,107.5536820590496,1.0,0.0,0.050000000000000044,0.25
173196,2670,65,84.64244851469994,1.0,0.0,0.050000000000000044,0.25
173271,2671,75,89.21834063529968,1.0,0.0,0.050000000000000044,0.25
173361,2672,90,107.60261943936348,1.0,0.0,0.050000000000000044,0.25
173457,2673,96,119.20195776224136,1.0,0.0,0.050000000000000044,0.25
173548,2674,91,101.08928567171097,1.0,0.0,0.050000000000000044,0.25
173638,2675,90,112.56785303354263,1.0,0.0,0.050000000000000044,0.25
173713,2676,75,88.34323075413704,1.0,0.0,0.050000000000000044,0.25
173793,2677,80,94.73369634151459,1.0,0.0,0.050000000000000044,0.25
173874,2678,81,100.6110588312149,1.0,0.0,0.050000000000000044,0.25
173963,2679,89,106.50890186429024,1.0,0.0,0.050000000000000044,0.25
174052,2680,89,96.06539162993431,1.0,0.0,0.050000000000000044,0.25
174127,2681,75,92.56120991706848,1.0,0.0,0.050000000000000044,0.25
174216,2682,89,96.09610518813133,1.0,0.0,0.050000000000000044,0.25
174309,2683,93,114.48922765254974,1.0,0.0,0.050000000000000044,0.25
174395,2684,86,101.73447605967522,1.0,0.0,0.050000000000000044,0.25
174479,2685,84,89.88265934586525,1.0,0.0,0.050000000000000044,0.25
174570,2686,91,106.39664539694786,1.0,0.0,0.050000000000000044,0.25
174649,2687,79,96.86829686164856,1.0,0.0,0.050000000000000044,0.25
174717,2688,68,82.91737666726112,1.0,0.0,0.050000000000000044,0.25
174810,2689,93,104.884107619524,1.0,0.0,0.050000000000000044,0.25
174897,2690,87,109.6875334084034,1.0,0.0,0.050000000000000044,0.25
174992,2691,95,104.85393512248993,1.0,0.0,0.050000000000000044,0.25
175077,2692,85,102.40701857209206,1.0,0.0,0.050000000000000044,0.25
175150,2693,73,91.14136680960655,1.0,0.0,0.050000000000000044,0.25
175244,2694,94,109.7381594479084,1.0,0.0,0.050000000000000044,0.25
175324,2695,80,92.49555957317352,1.0,0.0,0.050000000000000044,0.25
175398,2696,74,91.38999530673027,1.0,0.0,0.050000000000000044,0.25
175483,2697,85,104.40483945608139,1.0,0.0,0.050000000000000044,0.25
175560,2698,77,97.55775129795074,1.0,0.0,0.050000000000000044,0.25
175650,2699,90,104.67318943142891,1.0,0.0,0.050000000000000044,0.25
175733,2700,83,99.73929399251938,1.0,0.0,0.050000000000000044,0.25
175807,2701,74,95.40752160549164,1.0,0.0,0.050000000000000044,0.25
175900,2702,93,117.14382982254028,1.0,0.0,0.050000000000000044,0.25
175970,2703,70,88.78106585144997,1.0,0.0,0.050000000000000044,0.25
176056,2704,86,110.54373627901077,1.0,0.0,0.050000000000000044,0.25
176146,2705,90,106.39425873756409,1.0,0.0,0.050000000000000044,0.25
176239,2706,93,102.16090369224548,1.0,0.0,0.050000000000000044,0.25
176304,2707,65,89.3387819826603,1.0,0.0,0.050000000000000044,0.25
176397,2708,93,103.10255834460258,1.0,0.0,0.050000000000000044,0.25
176480,2709,83,105.20855206251144,1.0,0.0,0.050000000000000044,0.25
176554,2710,74,84.66938558220863,1.0,0.0,0.050000000000000044,0.25
176636,2711,82,102.81860420107841,1.0,0.0,0.050000000000000044,0.25
176708,2712,72,93.1806333065033,1.0,0.0,0.050000000000000044,0.25
176798,2713,90,95.52583718299866,1.0,0.0,0.050000000000000044,0.25
176885,2714,87,107.5106661170721,1.0,0.0,0.050000000000000044,0.25
176954,2715,69,88.81420081853867,1.0,0.0,0.050000000000000044,0.25
177024,2716,70,90.26152008771896,1.0,0.0,0.050000000000000044,0.25
177116,2717,92,103.92861080169678,1.0,0.0,0.050000000000000044,0.25
177209,2718,93,111.34114813804626,1.0,0.0,0.050000000000000044,0.25
177300,2719,91,114.94133931398392,1.0,0.0,0.050000000000000044,0.25
177368,2720,68,93.05064591765404,1.0,0.0,0.050000000000000044,0.25
177433,2721,65,86.03012263774872,1.0,0.0,0.050000000000000044,0.25
177508,2722,75,90.40203562378883,1.0,0.0,0.050000000000000044,0.25
177598,2723,90,114.61923438310623,1.0,0.0,0.050000000000000044,0.25
177689,2724,91,103.2859533727169,1.0,0.0,0.050000000000000044,0.25
177763,2725,74,94.26053509116173,1.0,0.0,0.050000000000000044,0.25
177851,2726,88,111.9556522667408,1.0,0.0,0.050000000000000044,0.25
177945,2727,94,106.86724588274956,1.0,0.0,0.050000000000000044,0.25
178024,2728,79,85.38611367344856,1.0,0.0,0.050000000000000044,0.25
178119,2729,95,102.46212348341942,1.0,0.0,0.050000000000000044,0.25
178185,2730,66,79.18298405408859,1.0,0.0,0.050000000000000044,0.25
178275,2731,90,101.8098039329052,1.0,0.0,0.050000000000000044,0.25
178341,2732,66,86.82946038246155,1.0,0.0,0.050000000000000044,0.25
178410,2733,69,92.09559738636017,1.0,0.0,0.050000000000000044,0.25
178494,2734,84,98.88596385717392,1.0,0.0,0.050000000000000044,0.25
178585,2735,91,109.38396802544594,1.0,0.0,0.050000000000000044,0.25
178671,2736,86,110.50018209218979,1.0,0.0,0.050000000000000044,0.25
178740,2737,69,93.82540673017502,1.0,0.0,0.050000000000000044,0.25
178831,2738,91,111.969995200634,1.0,0.0,0.050000000000000044,0.25
178900,2739,69,93.1274661719799,1.0,0.0,0.050000000000000044,0.25
178983,2740,83,98.3789451122284,1.0,0.0,0.050000000000000044,0.25
179060,2741,77,90.21731054782867,1.0,0.0,0.050000000000000044,0.25
179147,2742,87,103.27761858701706,1.0,0.0,0.050000000000000044,0.25
179222,2743,75,94.98541876673698,1.0,0.0,0.050000000000000044,0.25
179295,2744,73,94.18544703722,1.0,0.0,0.050000000000000044,0.25
179363,2745,68,83.74914556741714,1.0,0.0,0.050000000000000044,0.25
179457,2746,94,113.98394268751144,1.0,0.0,0.050000000000000044,0.25
179538,2747,81,99.70920988917351,1.0,0.0,0.050000000000000044,0.25
179614,2748,76,98.27881637215614,1.0,0.0,0.050000000000000044,0.25
179703,2749,89,110.71602293848991,1.0,0.0,0.050000000000000044,0.25
179782,2750,79,89.88315212726593,1.0,0.0,0.050000000000000044,0.25
179848,2751,66,84.23398333787918,1.0,0.0,0.050000000000000044,0.25
179927,2752,79,98.71958154439926,1.0,0.0,0.050000000000000044,0.25
180005,2753,78,94.67286920547485,1.0,0.0,0.050000000000000044,0.25
180091,2754,86,108.55257147550583,1.0,0.0,0.050000000000000044,0.25
180171,2755,80,93.02601784467697,1.0,0.0,0.050000000000000044,0.25
180238,2756,67,88.05500590801239,1.0,0.0,0.050000000000000044,0.25
180306,2757,68,92.90737774968147,1.0,0.0,0.050000000000000044,0.25
180386,2758,80,89.55983319878578,1.0,0.0,0.050000000000000044,0.25
180486,2759,100,50.52147915959358,0.0,0.0,0.050000000000000044,0.25
180567,2760,81,98.38439846038818,1.0,0.0,0.050000000000000044,0.25
180633,2761,66,81.6056090593338,1.0,0.0,0.050000000000000044,0.25
180722,2762,89,113.43787306547165,1.0,0.0,0.050000000000000044,0.25
180807,2763,85,98.00969824194908,1.0,0.0,0.050000000000000044,0.25
180888,2764,81,103.24456343054771,1.0,0.0,0.050000000000000044,0.25
180955,2765,67,91.92222279310226,1.0,0.0,0.050000000000000044,0.25
181055,2766,100,39.2470528781414,0.0,0.0,0.050000000000000044,0.25
181139,2767,84,99.2535555511713,1.0,0.0,0.050000000000000044,0.25
181214,2768,75,94.0851901769638,1.0,0.0,0.050000000000000044,0.25
181290,2769,76,92.14123791456223,1.0,0.0,0.050000000000000044,0.25
181370,2770,80,92.35550686717033,1.0,0.0,0.050000000000000044,0.25
181463,2771,93,109.64276304841042,1.0,0.0,0.050000000000000044,0.25
181534,2772,71,92.22673436999321,1.0,0.0,0.050000000000000044,0.25
181618,2773,84,99.14558783173561,1.0,0.0,0.050000000000000044,0.25
181694,2774,76,99.76815494894981,1.0,0.0,0.050000000000000044,0.25
181783,2775,89,108.63519787788391,1.0,0.0,0.050000000000000044,0.25
181867,2776,84,100.12653228640556,1.0,0.0,0.050000000000000044,0.25
181964,2777,97,114.4438016563654,1.0,0.0,0.050000000000000044,0.25
182049,2778,85,101.10033765435219,1.0,0.0,0.050000000000000044,0.25
182132,2779,83,103.90721559524536,1.0,0.0,0.050000000000000044,0.25
182225,2780,93,116.61823824048042,1.0,0.0,0.050000000000000044,0.25
182295,2781,70,96.21252328157425,1.0,0.0,0.050000000000000044,0.25
182383,2782,88,102.81051900982857,1.0,0.0,0.050000000000000044,0.25
182461,2783,78,84.4333601295948,1.0,0.0,0.050000000000000044,0.25
182555,2784,94,104.6718612909317,1.0,0.0,0.050000000000000044,0.25
182649,2785,94,118.92430832982063,1.0,0.0,0.050000000000000044,0.25
182731,2786,82,103.13423690199852,1.0,0.0,0.050000000000000044,0.25
182805,2787,74,97.62945878505707,1.0,0.0,0.050000000000000044,0.25
182895,2788,90,112.60823938250542,1.0,0.0,0.050000000000000044,0.25
182981,2789,86,95.35526350140572,1.0,0.0,0.050000000000000044,0.25
183056,2790,75,95.43219417333603,1.0,0.0,0.050000000000000044,0.25
183139,2791,83,98.92412573099136,1.0,0.0,0.050000000000000044,0.25
183231,2792,92,101.13352939486504,1.0,0.0,0.050000000000000044,0.25
183318,2793,87,106.11704018712044,1.0,0.0,0.050000000000000044,0.25
183403,2794,85,93.01913511753082,1.0,0.0,0.050000000000000044,0.25
183486,2795,83,97.94335421919823,1.0,0.0,0.050000000000000044,0.25
183562,2796,76,89.37938463687897,1.0,0.0,0.050000000000000044,0.25
183650,2797,88,108.76005217432976,1.0,0.0,0.050000000000000044,0.25
183738,2798,88,104.72809994220734,1.0,0.0,0.050000000000000044,0.25
183810,2799,72,91.45996326208115,1.0,0.0,0.050000000000000044,0.25
183895,2800,85,108.30133119225502,1.0,0.0,0.050000000000000044,0.25
183975,2801,80,97.26928570866585,1.0,0.0,0.050000000000000044,0.25
184046,2802,71,91.05834180116653,1.0,0.0,0.050000000000000044,0.25
184136,2803,90,102.056609749794,1.0,0.0,0.050000000000000044,0.25
184220,2804,84,109.64329397678375,1.0,0.0,0.050000000000000044,0.25
184294,2805,74,83.34081202745438,1.0,0.0,0.050000000000000044,0.25
184388,2806,94,118.63450273871422,1.0,0.0,0.050000000000000044,0.25
184477,2807,89,107.61702406406403,1.0,0.0,0.050000000000000044,0.25
184544,2808,67,84.10667261481285,1.0,0.0,0.050000000000000044,0.25
184614,2809,70,91.7302058339119,1.0,0.0,0.050000000000000044,0.25
184683,2810,69,76.9071541428566,1.0,0.0,0.050000000000000044,0.25
184773,2811,90,104.78786747157574,1.0,0.0,0.050000000000000044,0.25
184853,2812,80,99.34855288267136,1.0,0.0,0.050000000000000044,0.25
184932,2813,79,97.01204830408096,1.0,0.0,0.050000000000000044,0.25
184999,2814,67,89.40577656030655,1.0,0.0,0.050000000000000044,0.25
185091,2815,92,104.94901129603386,1.0,0.0,0.050000000000000044,0.25
185182,2816,91,98.04680052399635,1.0,0.0,0.050000000000000044,0.25
185269,2817,87,103.39158171415329,1.0,0.0,0.050000000000000044,0.25
185341,2818,72,81.17748600244522,1.0,0.0,0.050000000000000044,0.25
185414,2819,73,91.85510876774788,1.0,0.0,0.050000000000000044,0.25
185502,2820,88,102.52409163117409,1.0,0.0,0.050000000000000044,0.25
185579,2821,77,94.8714262843132,1.0,0.0,0.050000000000000044,0.25
185659,2822,80,91.12157353758812,1.0,0.0,0.050000000000000044,0.25
185737,2823,78,99.6473741531372,1.0,0.0,0.050000000000000044,0.25
185811,2824,74,95.1359634399414,1.0,0.0,0.050000000000000044,0.25
185906,2825,95,110.10223007202148,1.0,0.0,0.050000000000000044,0.25
185992,2826,86,98.10726416110992,1.0,0.0,0.050000000000000044,0.25
186075,2827,83,93.23567274212837,1.0,0.0,0.050000000000000044,0.25
186151,2828,76,93.1082375049591,1.0,0.0,0.050000000000000044,0.25
186243,2829,92,105.41447702050209,1.0,0.0,0.050000000000000044,0.25
186322,2830,79,94.4868491590023,1.0,0.0,0.050000000000000044,0.25
186414,2831,92,114.75208926200867,1.0,0.0,0.050000000000000044,0.25
186489,2832,75,88.96635946631432,1.0,0.0,0.050000000000000044,0.25
186569,2833,80,86.55412918329239,1.0,0.0,0.050000000000000044,0.25
186655,2834,86,106.10675951838493,1.0,0.0,0.050000000000000044,0.25
186746,2835,91,112.6787203848362,1.0,0.0,0.050000000000000044,0.25
186839,2836,93,118.20252904295921,1.0,0.0,0.050000000000000044,0.25
186921,2837,82,100.89189749956131,1.0,0.0,0.050000000000000044,0.25
187005,2838,84,99.95281493663788,1.0,0.0,0.050000000000000044,0.25
187071,2839,66,77.6027270257473,1.0,0.0,0.050000000000000044,0.25
187142,2840,71,84.27109691500664,1.0,0.0,0.050000000000000044,0.25
187223,2841,81,96.30976375937462,1.0,0.0,0.050000000000000044,0.25
187305,2842,82,92.51163309812546,1.0,0.0,0.050000000000000044,0.25
187378,2843,73,87.87451696395874,1.0,0.0,0.050000000000000044,0.25
187458,2844,80,98.38675287365913,1.0,0.0,0.050000000000000044,0.25
187543,2845,85,88.70018056035042,1.0,0.0,0.050000000000000044,0.25
187633,2846,90,110.69876536726952,1.0,0.0,0.050000000000000044,0.25
187720,2847,87,89.60174089670181,1.0,0.0,0.050000000000000044,0.25
187801,2848,81,97.30813816189766,1.0,0.0,0.050000000000000044,0.25
187880,2849,79,94.00202226638794,1.0,0.0,0.050000000000000044,0.25
187974,2850,94,104.17414647340775,1.0,0.0,0.050000000000000044,0.25
188043,2851,69,88.0357816517353,1.0,0.0,0.050000000000000044,0.25
188108,2852,65,87.09690630435944,1.0,0.0,0.050000000000000044,0.25
188185,2853,77,91.2107520699501,1.0,0.0,0.050000000000000044,0.25
188266,2854,81,99.31790342926979,1.0,0.0,0.050000000000000044,0.25
188332,2855,66,90.21213388442993,1.0,0.0,0.050000000000000044,0.25
188414,2856,82,97.18784599006176,1.0,0.0,0.050000000000000044,0.25
188480,2857,66,86.04020577669144,1.0,0.0,0.050000000000000044,0.25
188570,2858,90,106.70290470123291,1.0,0.0,0.050000000000000044,0.25
188646,2859,76,98.08961147069931,1.0,0.0,0.050000000000000044,0.25
188717,2860,71,87.84776738286018,1.0,0.0,0.050000000000000044,0.25
188796,2861,79,93.08137410879135,1.0,0.0,0.050000000000000044,0.25
188889,2862,93,114.99287942051888,1.0,0.0,0.050000000000000044,0.25
188967,2863,78,86.67855530977249,1.0,0.0,0.050000000000000044,0.25
189058,2864,91,106.75784566998482,1.0,0.0,0.050000000000000044,0.25
189123,2865,65,86.28948247432709,1.0,0.0,0.050000000000000044,0.25
189187,2866,64,87.73645275831223,1.0,0.0,0.050000000000000044,0.25
189254,2867,67,91.56632381677628,1.0,0.0,0.050000000000000044,0.25
189334,2868,80,102.86848574876785,1.0,0.0,0.050000000000000044,0.25
189419,2869,85,110.49001502990723,1.0,0.0,0.050000000000000044,0.25
189495,2870,76,94.98221930861473,1.0,0.0,0.050000000000000044,0.25
189566,2871,71,75.9438448548317,1.0,0.0,0.050000000000000044,0.25
189655,2872,89,103.58405387401581,1.0,0.0,0.050000000000000044,0.25
189725,2873,70,84.4691955447197,1.0,0.0,0.050000000000000044,0.25
189809,2874,84,104.25767919421196,1.0,0.0,0.050000000000000044,0.25
189903,2875,94,112.23964437842369,1.0,0.0,0.050000000000000044,0.25
189969,2876,66,89.72681730985641,1.0,0.0,0.050000000000000044,0.25
190037,2877,68,91.33777016401291,1.0,0.0,0.050000000000000044,0.25
190125,2878,88,106.61874079704285,1.0,0.0,0.050000000000000044,0.25
190190,2879,65,90.54475125670433,1.0,0.0,0.050000000000000044,0.25
190262,2880,72,87.51195830106735,1.0,0.0,0.050000000000000044,0.25
190348,2881,86,106.1611498594284,1.0,0.0,0.050000000000000044,0.25
190436,2882,88,104.77809485793114,1.0,0.0,0.050000000000000044,0.25
190528,2883,92,111.31762546300888,1.0,0.0,0.050000000000000044,0.25
190619,2884,91,106.11156842112541,1.0,0.0,0.050000000000000044,0.25
190692,2885,73,90.11655738949776,1.0,0.0,0.050000000000000044,0.25
190756,2886,64,86.1770034134388,1.0,0.0,0.050000000000000044,0.25
190840,2887,84,109.71526819467545,1.0,0.0,0.050000000000000044,0.25
190929,2888,89,107.21292725205421,1.0,0.0,0.050000000000000044,0.25
191024,2889,95,119.92202299833298,1.0,0.0,0.050000000000000044,0.25
191107,2890,83,101.54505831003189,1.0,0.0,0.050000000000000044,0.25
191199,2891,92,109.38332571089268,1.0,0.0,0.050000000000000044,0.25
191269,2892,70,90.32989159226418,1.0,0.0,0.050000000000000044,0.25
191338,2893,69,88.97031491994858,1.0,0.0,0.050000000000000044,0.25
191423,2894,85,104.98058998584747,1.0,0.0,0.050000000000000044,0.25
191504,2895,81,101.38106593489647,1.0,0.0,0.050000000000000044,0.25
191582,2896,78,97.99531304836273,1.0,0.0,0.050000000000000044,0.25
191663,2897,81,98.35592024028301,1.0,0.0,0.050000000000000044,0.25
191746,2898,83,101.96555560827255,1.0,0.0,0.050000000000000044,0.25
191831,2899,85,102.70265367627144,1.0,0.0,0.050000000000000044,0.25
191906,2900,75,85.22393330931664,1.0,0.0,0.050000000000000044,0.25
191972,2901,66,91.43006694316864,1.0,0.0,0.050000000000000044,0.25
192049,2902,77,95.30240631103516,1.0,0.0,0.050000000000000044,0.25
192149,2903,100,47.38424012064934,0.0,0.0,0.050000000000000044,0.25
192238,2904,89,111.08651947975159,1.0,0.0,0.050000000000000044,0.25
192338,2905,100,60.36962214112282,0.0,0.0,0.050000000000000044,0.25
192428,2906,90,106.08679342269897,1.0,0.0,0.050000000000000044,0.25
192510,2907,82,97.2169089615345,1.0,0.0,0.050000000000000044,0.25
192604,2908,94,116.05058500170708,1.0,0.0,0.050000000000000044,0.25
192686,2909,82,98.83249300718307,1.0,0.0,0.050000000000000044,0.25
192771,2910,85,97.43392105400562,1.0,0.0,0.050000000000000044,0.25
192841,2911,70,87.15792655944824,1.0,0.0,0.050000000000000044,0.25
192918,2912,77,97.73716869950294,1.0,0.0,0.050000000000000044,0.25
192986,2913,68,87.24160307645798,1.0,0.0,0.050000000000000044,0.25
193057,2914,71,94.3485876917839,1.0,0.0,0.050000000000000044,0.25
193136,2915,79,93.22561478614807,1.0,0.0,0.050000000000000044,0.25
193206,2916,70,88.86643174290657,1.0,0.0,0.050000000000000044,0.25
193278,2917,72,86.96807533502579,1.0,0.0,0.050000000000000044,0.25
193371,2918,93,113.55762153863907,1.0,0.0,0.050000000000000044,0.25
193450,2919,79,92.47514468431473,1.0,0.0,0.050000000000000044,0.25
193538,2920,88,94.80236174166203,1.0,0.0,0.050000000000000044,0.25
193632,2921,94,116.11282922327518,1.0,0.0,0.050000000000000044,0.25
193697,2922,65,85.53610435128212,1.0,0.0,0.050000000000000044,0.25
193768,2923,71,87.15114659070969,1.0,0.0,0.050000000000000044,0.25
193849,2924,81,100.47675085067749,1.0,0.0,0.050000000000000044,0.25
193921,2925,72,82.61378392577171,1.0,0.0,0.050000000000000044,0.25
193986,2926,65,86.39360928535461,1.0,0.0,0.050000000000000044,0.25
194076,2927,90,116.52578169107437,1.0,0.0,0.050000000000000044,0.25
194161,2928,85,98.29377049207687,1.0,0.0,0.050000000000000044,0.25
194229,2929,68,89.27585333585739,1.0,0.0,0.050000000000000044,0.25
194304,2930,75,95.66331413388252,1.0,0.0,0.050000000000000044,0.25
194393,2931,89,106.17802029848099,1.0,0.0,0.050000000000000044,0.25
194483,2932,90,106.9675261080265,1.0,0.0,0.050000000000000044,0.25
194572,2933,89,107.79755848646164,1.0,0.0,0.050000000000000044,0.25
194645,2934,73,85.2121852338314,1.0,0.0,0.050000000000000044,0.25
194723,2935,78,89.80330276489258,1.0,0.0,0.050000000000000044,0.25
194805,2936,82,104.83704242110252,1.0,0.0,0.050000000000000044,0.25
194881,2937,76,94.91969460248947,1.0,0.0,0.050000000000000044,0.25
194962,2938,81,102.36880499124527,1.0,0.0,0.050000000000000044,0.25
195030,2939,68,89.1181882917881,1.0,0.0,0.050000000000000044,0.25
195104,2940,74,95.35588929057121,1.0,0.0,0.050000000000000044,0.25
195170,2941,66,87.67776411771774,1.0,0.0,0.050000000000000044,0.25
195242,2942,72,96.67194265127182,1.0,0.0,0.050000000000000044,0.25
195337,2943,95,113.26356667280197,1.0,0.0,0.050000000000000044,0.25
195415,2944,78,87.36496549844742,1.0,0.0,0.050000000000000044,0.25
195484,2945,69,93.33708465099335,1.0,0.0,0.050000000000000044,0.25
195564,2946,80,99.31226140260696,1.0,0.0,0.050000000000000044,0.25
195656,2947,92,113.17922812700272,1.0,0.0,0.050000000000000044,0.25
195736,2948,80,73.53280860185623,1.0,0.0,0.050000000000000044,0.25
195832,2949,96,115.91446632146835,1.0,0.0,0.050000000000000044,0.25
195916,2950,84,97.34373942017555,1.0,0.0,0.050000000000000044,0.25
195987,2951,71,87.68842443823814,1.0,0.0,0.050000000000000044,0.25
196052,2952,65,81.36507698893547,1.0,0.0,0.050000000000000044,0.25
196138,2953,86,96.06524273753166,1.0,0.0,0.050000000000000044,0.25
196225,2954,87,98.90118591487408,1.0,0.0,0.050000000000000044,0.25
196305,2955,80,99.08484461903572,1.0,0.0,0.050000000000000044,0.25
196393,2956,88,92.90951856970787,1.0,0.0,0.050000000000000044,0.25
196459,2957,66,87.2237221300602,1.0,0.0,0.050000000000000044,0.25
196555,2958,96,109.84771782159805,1.0,0.0,0.050000000000000044,0.25
196628,2959,73,91.6006635427475,1.0,0.0,0.050000000000000044,0.25
196714,2960,86,103.61854535341263,1.0,0.0,0.050000000000000044,0.25
196793,2961,79,88.00392732024193,1.0,0.0,0.050000000000000044,0.25
196863,2962,70,84.72155818343163,1.0,0.0,0.050000000000000044,0.25
196937,2963,74,94.10600313544273,1.0,0.0,0.050000000000000044,0.25
197025,2964,88,107.47484722733498,1.0,0.0,0.050000000000000044,0.25
197095,2965,70,85.41888627409935,1.0,0.0,0.050000000000000044,0.25
197179,2966,84,108.48301908373833,1.0,0.0,0.050000000000000044,0.25
197265,2967,86,104.44930875301361,1.0,0.0,0.050000000000000044,0.25
197330,2968,65,89.462242603302,1.0,0.0,0.050000000000000044,0.25
197398,2969,68,92.56037193536758,1.0,0.0,0.050000000000000044,0.25
197492,2970,94,106.12100312113762,1.0,0.0,0.050000000000000044,0.25
197572,2971,80,93.87757629156113,1.0,0.0,0.050000000000000044,0.25
197662,2972,90,106.72561374306679,1.0,0.0,0.050000000000000044,0.25
197732,2973,70,93.62049597501755,1.0,0.0,0.050000000000000044,0.25
197809,2974,77,87.90588563680649,1.0,0.0,0.050000000000000044,0.25
197900,2975,91,102.60657250881195,1.0,0.0,0.050000000000000044,0.25
197978,2976,78,93.14411300420761,1.0,0.0,0.050000000000000044,0.25
198056,2977,78,94.15371677279472,1.0,0.0,0.050000000000000044,0.25
198133,2978,77,90.53230753540993,1.0,0.0,0.050000000000000044,0.25
198200,2979,67,92.50038042664528,1.0,0.0,0.050000000000000044,0.25
198289,2980,89,109.73370105028152,1.0,0.0,0.050000000000000044,0.25
198382,2981,93,105.82823015749454,1.0,0.0,0.050000000000000044,0.25
198475,2982,93,106.32254803180695,1.0,0.0,0.050000000000000044,0.25
198539,2983,64,84.90430557727814,1.0,0.0,0.050000000000000044,0.25
198606,2984,67,85.01290321350098,1.0,0.0,0.050000000000000044,0.25
198699,2985,93,114.79864943027496,1.0,0.0,0.050000000000000044,0.25
198789,2986,90,104.32822170853615,1.0,0.0,0.050000000000000044,0.25
198862,2987,73,82.97674313187599,1.0,0.0,0.050000000000000044,0.25
198929,2988,67,90.44844102859497,1.0,0.0,0.050000000000000044,0.25
199022,2989,93,118.9408227801323,1.0,0.0,0.050000000000000044,0.25
199118,2990,96,102.50666612386703,1.0,0.0,0.050000000000000044,0.25
199191,2991,73,90.20526459813118,1.0,0.0,0.050000000000000044,0.25
199273,2992,82,90.3761959373951,1.0,0.0,0.050000000000000044,0.25
199356,2993,83,93.32213672995567,1.0,0.0,0.050000000000000044,0.25
199433,2994,77,84.0345548093319,1.0,0.0,0.050000000000000044,0.25
199525,2995,92,104.69755321741104,1.0,0.0,0.050000000000000044,0.25
199594,2996,69,92.07781746983528,1.0,0.0,0.050000000000000044,0.25
199663,2997,69,84.23168495297432,1.0,0.0,0.050000000000000044,0.25
199755,2998,92,102.89194610714912,1.0,0.0,0.050000000000000044,0.25
199825,2999,70,95.63502648472786,1.0,0.0,0.050000000000000044,0.25
199892,3000,67,93.47197332978249,1.0,0.0,0.050000000000000044,0.25
199971,3001,79,93.2868070602417,1.0,0.0,0.050000000000000044,0.25
