global_step,episode,length,reward,success,collision,epsilon,temperature
63,1,63,-356.9240332990885,0.0,1.0,0.1998215,0.9992125
125,2,62,-402.44473922252655,0.0,1.0,0.19964583333333336,0.9984375
189,3,64,-352.52753058075905,0.0,1.0,0.19946450000000002,0.9976375
248,4,59,-378.80616346001625,0.0,1.0,0.19929733333333335,0.9969
318,5,70,-387.55452182888985,0.0,1.0,0.199099,0.996025
375,6,57,-358.02187360823154,0.0,1.0,0.19893750000000002,0.9953125
434,7,59,-350.7244253009558,0.0,1.0,0.19877033333333335,0.994575
517,8,83,-424.6240846514702,0.0,1.0,0.19853516666666668,0.9935375
574,9,57,-329.1202227026224,0.0,1.0,0.19837366666666667,0.992825
630,10,56,-326.728676199913,0.0,1.0,0.198215,0.992125
690,11,60,-347.0644414946437,0.0,1.0,0.198045,0.991375
745,12,55,-386.9937066435814,0.0,1.0,0.19788916666666667,0.9906875
875,13,130,-280.00978188589215,0.0,0.0,0.19752083333333334,0.9890625
932,14,57,-302.9645653218031,0.0,1.0,0.19735933333333333,0.98835
1001,15,69,-371.27881786227226,0.0,1.0,0.19716383333333334,0.9874875
1070,16,69,-410.7711198180914,0.0,1.0,0.19696833333333336,0.986625
1136,17,66,-355.31209640204906,0.0,1.0,0.19678133333333334,0.9858
1266,18,130,-289.2195643931627,0.0,0.0,0.196413,0.984175
1325,19,59,-333.9024629741907,0.0,1.0,0.19624583333333334,0.9834375
1395,20,70,-359.315069437027,0.0,1.0,0.1960475,0.9825625
1455,21,60,-367.95877107977867,0.0,1.0,0.1958775,0.9818125
1523,22,68,-374.38209545612335,0.0,1.0,0.19568483333333334,0.9809625
1584,23,61,-367.7117565870285,0.0,1.0,0.19551200000000002,0.9802
1650,24,66,-460.7281312942505,0.0,1.0,0.195325,0.979375
1780,25,130,-480.7386517971754,0.0,0.0,0.19495666666666667,0.97775
1846,26,66,-349.57254433631897,0.0,1.0,0.19476966666666667,0.976925
1910,27,64,-407.74319852888584,0.0,1.0,0.19458833333333334,0.976125
1971,28,61,-361.95208290219307,0.0,1.0,0.19441550000000002,0.9753625
2084,29,113,-43.21848801523447,1.0,0.0,0.19409533333333334,0.97395
2145,30,61,-203.13808143883944,0.0,1.0,0.1939225,0.9731875
2200,31,55,-204.92731439322233,0.0,1.0,0.19376666666666667,0.9725
2307,32,107,-17.10321246087551,1.0,0.0,0.1934635,0.9711625
2369,33,62,-228.57640472054482,0.0,1.0,0.19328783333333335,0.9703875
2479,34,110,-33.02037699893117,1.0,0.0,0.19297616666666667,0.9690125
2528,35,49,-208.8520818129182,0.0,1.0,0.19283733333333333,0.9684
2637,36,109,-115.67403983324766,1.0,0.0,0.19252850000000002,0.9670375
2721,37,84,25.336982280015945,1.0,0.0,0.1922905,0.9659875
2783,38,62,-251.39554607868195,0.0,1.0,0.19211483333333335,0.9652125
2886,39,103,-118.53385104238987,1.0,0.0,0.19182300000000002,0.963925
2960,40,74,-247.66625340282917,0.0,1.0,0.19161333333333336,0.963
3018,41,58,-240.92292768508196,0.0,1.0,0.191449,0.962275
3086,42,68,-284.59791416302323,0.0,1.0,0.19125633333333333,0.961425
3141,43,55,-240.69781441846862,0.0,1.0,0.1911005,0.9607375
3256,44,115,-28.283766988664865,1.0,0.0,0.19077466666666668,0.9593
3361,45,105,-15.085258014500141,1.0,0.0,0.19047716666666667,0.9579875
3470,46,109,-51.22524096816778,1.0,0.0,0.19016833333333336,0.9566250000000001
3526,47,56,-240.1245779544115,0.0,1.0,0.1900096666666667,0.955925
3595,48,69,-358.5232046097517,0.0,1.0,0.18981416666666667,0.9550625
3682,49,87,10.852245211601257,1.0,0.0,0.1895676666666667,0.953975
3785,50,103,-10.845964327454567,1.0,0.0,0.18927583333333334,0.9526875
3858,51,73,-335.49250261485577,0.0,1.0,0.18906900000000001,0.951775
3979,52,121,-44.56258547306061,1.0,0.0,0.18872616666666667,0.9502625
4088,53,109,-14.029355078935623,1.0,0.0,0.18841733333333335,0.9489
4198,54,110,-64.50800201296806,1.0,0.0,0.18810566666666667,0.947525
4255,55,57,-256.82778564095497,0.0,1.0,0.1879441666666667,0.9468125000000001
4311,56,56,-258.98199677467346,0.0,1.0,0.18778550000000002,0.9461125
4414,57,103,-81.29847720637918,1.0,0.0,0.18749366666666667,0.944825
4492,58,78,-196.39379539713264,0.0,1.0,0.18727266666666667,0.94385
4607,59,115,-40.86063998192549,1.0,0.0,0.18694683333333334,0.9424125
4668,60,61,-220.1172038577497,0.0,1.0,0.18677400000000002,0.94165
4733,61,65,-310.3027740083635,0.0,1.0,0.18658983333333334,0.9408375
4844,62,111,2.458594646304846,1.0,0.0,0.18627533333333335,0.93945
4899,63,55,-221.99140989081934,0.0,1.0,0.18611950000000002,0.9387624999999999
5008,64,109,-108.98046820238233,1.0,0.0,0.18581066666666668,0.9374
5117,65,109,-53.3368499353528,1.0,0.0,0.18550183333333334,0.9360375
5219,66,102,-28.701587826013565,1.0,0.0,0.18521283333333335,0.9347624999999999
5279,67,60,-265.91990850120783,0.0,1.0,0.18504283333333335,0.9340125
5388,68,109,-8.259906485676765,1.0,0.0,0.184734,0.93265
5475,69,87,30.527004897594452,1.0,0.0,0.1844875,0.9315625
5579,70,104,-37.4422109760344,1.0,0.0,0.18419283333333333,0.9302625
5684,71,105,-114.07699553668499,1.0,0.0,0.18389533333333336,0.9289499999999999
5757,72,73,-262.3785856217146,0.0,1.0,0.1836885,0.9280375
5869,73,112,-119.23009199649096,1.0,0.0,0.18337116666666667,0.9266375
5939,74,70,-254.5923710912466,0.0,1.0,0.18317283333333334,0.9257625
6051,75,112,-66.7036545239389,1.0,0.0,0.1828555,0.9243625
6152,76,101,-102.95386541634798,1.0,0.0,0.18256933333333333,0.9231
6229,77,77,-276.74181509763,0.0,1.0,0.18235116666666668,0.9221375
6289,78,60,-298.79398434609175,0.0,1.0,0.18218116666666667,0.9213875
6354,79,65,-185.14509150758386,0.0,1.0,0.18199700000000002,0.920575
6459,80,105,0.9479744024574757,1.0,0.0,0.1816995,0.9192625
6560,81,101,20.372065596282482,1.0,0.0,0.18141333333333334,0.918
6619,82,59,-315.4104544222355,0.0,1.0,0.18124616666666668,0.9172625
6726,83,107,-36.51950690150261,1.0,0.0,0.18094300000000002,0.915925
6801,84,75,-270.62440406531096,0.0,1.0,0.18073050000000002,0.9149875
6911,85,110,-13.512297041714191,1.0,0.0,0.18041883333333333,0.9136124999999999
6983,86,72,-274.3794634193182,0.0,1.0,0.18021483333333335,0.9127125
7104,87,121,-123.79061132436618,1.0,0.0,0.179872,0.9112
7207,88,103,-105.37655907869339,1.0,0.0,0.17958016666666668,0.9099125
7315,89,108,-152.5823595044203,1.0,0.0,0.17927416666666668,0.9085624999999999
7432,90,117,-83.20329412072897,1.0,0.0,0.17894266666666667,0.9071
7540,91,108,-102.49379515275359,1.0,0.0,0.17863666666666667,0.90575
7604,92,64,-325.50307251513004,0.0,1.0,0.17845533333333335,0.90495
7679,93,75,-345.3167851534672,0.0,1.0,0.17824283333333335,0.9040125
7788,94,109,-39.696537371724844,1.0,0.0,0.177934,0.90265
7899,95,111,-134.89180057123303,1.0,0.0,0.1776195,0.9012625
7965,96,66,-245.14590208232403,0.0,1.0,0.1774325,0.9004375
8050,97,85,24.618335768580437,1.0,0.0,0.1771916666666667,0.899375
8157,98,107,-1.9926409162580967,1.0,0.0,0.1768885,0.8980375
8215,99,58,-225.11621165275574,0.0,1.0,0.17672416666666668,0.8973125
8325,100,110,-37.87559260800481,1.0,0.0,0.1764125,0.8959375
8400,101,75,-332.3278658092022,0.0,1.0,0.1762,0.895
8461,102,61,-323.5278393365443,0.0,1.0,0.17602716666666668,0.8942375
8527,103,66,-311.5662246644497,0.0,1.0,0.1758401666666667,0.8934124999999999
8632,104,105,-24.48460468277335,1.0,0.0,0.17554266666666668,0.8921
8740,105,108,15.941830448806286,1.0,0.0,0.17523666666666668,0.89075
8853,106,113,-96.51603817567229,1.0,0.0,0.1749165,0.8893375
8954,107,101,-143.25404942780733,1.0,0.0,0.17463033333333333,0.888075
9064,108,110,2.7560469061136246,1.0,0.0,0.17431866666666668,0.8867
9172,109,108,-63.17007575184107,1.0,0.0,0.17401266666666668,0.88535
9258,110,86,35.36366367340088,1.0,0.0,0.173769,0.884275
9342,111,84,39.58697880804539,1.0,0.0,0.17353100000000002,0.883225
9412,112,70,-178.08884442597628,0.0,1.0,0.1733326666666667,0.88235
9525,113,113,-20.47197012975812,1.0,0.0,0.1730125,0.8809375
9604,114,79,-253.89172185957432,0.0,1.0,0.17278866666666667,0.87995
9708,115,104,-77.35665145143867,1.0,0.0,0.172494,0.87865
9818,116,110,12.260371621698141,1.0,0.0,0.17218233333333335,0.877275
9925,117,107,-182.5713336020708,1.0,0.0,0.17187916666666667,0.8759375
10041,118,116,-7.811335004866123,1.0,0.0,0.1715505,0.8744875
10150,119,109,-83.08973202854395,1.0,0.0,0.17124166666666668,0.873125
10260,120,110,-5.892092891037464,1.0,0.0,0.17093,0.87175
10368,121,108,-80.80478695966303,1.0,0.0,0.170624,0.8704000000000001
10482,122,114,-13.54574964940548,1.0,0.0,0.170301,0.868975
10552,123,70,-370.0899681262672,0.0,1.0,0.17010266666666668,0.8681
10659,124,107,-148.53323799744248,1.0,0.0,0.16979950000000002,0.8667625
10771,125,112,-82.01423121243715,1.0,0.0,0.16948216666666668,0.8653625
10856,126,85,32.23762784898281,1.0,0.0,0.16924133333333335,0.8643000000000001
10973,127,117,-22.116603508591652,1.0,0.0,0.16890983333333334,0.8628374999999999
11030,128,57,-320.65455700457096,0.0,1.0,0.16874833333333333,0.862125
11142,129,112,-79.30711386725307,1.0,0.0,0.168431,0.860725
11258,130,116,-230.30843219906092,1.0,0.0,0.16810233333333335,0.859275
11376,131,118,-136.2123000845313,1.0,0.0,0.167768,0.8578
11482,132,106,-14.30842150002718,1.0,0.0,0.16746766666666668,0.856475
11583,133,101,23.005660250782967,1.0,0.0,0.1671815,0.8552124999999999
11666,134,83,36.92363779246807,1.0,0.0,0.16694633333333334,0.854175
11772,135,106,-81.19368340820074,1.0,0.0,0.16664600000000002,0.85285
11876,136,104,13.328249286860228,1.0,0.0,0.16635133333333335,0.85155
11983,137,107,-14.882197424769402,1.0,0.0,0.16604816666666666,0.8502125
12040,138,57,-258.45044665411115,0.0,1.0,0.16588666666666668,0.8495
12142,139,102,3.5575207881629467,1.0,0.0,0.16559766666666667,0.848225
12244,140,102,-102.80602289363742,1.0,0.0,0.16530866666666666,0.84695
12346,141,102,-97.69460047781467,1.0,0.0,0.16501966666666668,0.845675
12457,142,111,-26.70041950047016,1.0,0.0,0.16470516666666668,0.8442875
12573,143,116,-221.7909600660205,1.0,0.0,0.1643765,0.8428375
12683,144,110,-74.22303898259997,1.0,0.0,0.16406483333333333,0.8414625
12747,145,64,-326.02057525515556,0.0,1.0,0.16388350000000002,0.8406625
12838,146,91,25.655606523156166,1.0,0.0,0.16362566666666667,0.839525
12946,147,108,-18.099034511018544,1.0,0.0,0.16331966666666667,0.838175
13030,148,84,39.43698188662529,1.0,0.0,0.16308166666666668,0.837125
13153,149,123,-157.16246662708,1.0,0.0,0.16273316666666668,0.8355874999999999
13273,150,120,-143.83885027840734,1.0,0.0,0.16239316666666667,0.8340875
13344,151,71,-319.1018300950527,0.0,1.0,0.162192,0.8331999999999999
13452,152,108,-76.45632112212479,1.0,0.0,0.161886,0.83185
13557,153,105,-104.2939940940123,1.0,0.0,0.1615885,0.8305374999999999
13666,154,109,-14.58061346411705,1.0,0.0,0.16127966666666668,0.829175
13777,155,111,-96.13231961615384,1.0,0.0,0.16096516666666666,0.8277875
13840,156,63,-265.7727778032422,0.0,1.0,0.1607866666666667,0.827
13927,157,87,30.977005392313004,1.0,0.0,0.16054016666666668,0.8259125
14037,158,110,-10.369719445705414,1.0,0.0,0.1602285,0.8245375
14089,159,52,-294.553470864892,0.0,1.0,0.16008116666666666,0.8238875
14200,160,111,-95.9190930025652,1.0,0.0,0.15976666666666667,0.8225
14314,161,114,-73.70945695787668,1.0,0.0,0.15944366666666668,0.821075
14427,162,113,-24.283806838095188,1.0,0.0,0.1591235,0.8196625
14497,163,70,-325.33173590898514,0.0,1.0,0.15892516666666667,0.8187875
14561,164,64,-214.04292033612728,0.0,1.0,0.15874383333333333,0.8179875
14676,165,115,-23.33026574552059,1.0,0.0,0.158418,0.81655
14738,166,62,-251.27492079138756,0.0,1.0,0.15824233333333335,0.815775
14848,167,110,-73.59226820245385,1.0,0.0,0.15793066666666666,0.8144
14931,168,83,33.07363744080067,1.0,0.0,0.15769550000000002,0.8133625
15033,169,102,-100.26734040677547,1.0,0.0,0.1574065,0.8120875000000001
15142,170,109,0.49074870720505714,1.0,0.0,0.15709766666666666,0.8107249999999999
15257,171,115,-125.52722105756402,1.0,0.0,0.15677183333333333,0.8092875
15343,172,86,30.663662284612656,1.0,0.0,0.1565281666666667,0.8082125
15449,173,106,-136.38177336752415,1.0,0.0,0.15622783333333334,0.8068875
15560,174,111,-0.16031071543693542,1.0,0.0,0.15591333333333335,0.8055
15677,175,117,-40.15864722477272,1.0,0.0,0.15558183333333334,0.8040375
15795,176,118,-78.08783621527255,1.0,0.0,0.1552475,0.8025625000000001
15920,177,125,-76.14014757424593,1.0,0.0,0.15489333333333336,0.801
16023,178,103,-10.901766672730446,1.0,0.0,0.1546015,0.7997125
16111,179,88,17.39034540951252,1.0,0.0,0.15435216666666668,0.7986125
16178,180,67,-183.2858452796936,0.0,1.0,0.15416233333333335,0.797775
16286,181,108,6.85057295486331,1.0,0.0,0.15385633333333334,0.7964249999999999
16399,182,113,-1.475345455110073,1.0,0.0,0.15353616666666667,0.7950125
16507,183,108,-49.19092275202274,1.0,0.0,0.15323016666666667,0.7936624999999999
16613,184,106,-67.29159925878048,1.0,0.0,0.15292983333333335,0.7923375
16722,185,109,-32.78766999440268,1.0,0.0,0.152621,0.790975
16830,186,108,-48.813322234898806,1.0,0.0,0.152315,0.789625
16932,187,102,-55.14547414658591,1.0,0.0,0.152026,0.78835
16995,188,63,-341.7734975963831,0.0,1.0,0.15184750000000002,0.7875624999999999
17070,189,75,-435.9882436916232,0.0,1.0,0.15163500000000002,0.786625
17149,190,79,-353.62439104914665,0.0,1.0,0.15141116666666668,0.7856375
17261,191,112,-89.80584299191833,1.0,0.0,0.15109383333333334,0.7842374999999999
17374,192,113,-23.341295287013054,1.0,0.0,0.15077366666666667,0.782825
17455,193,81,-273.8717999011278,0.0,1.0,0.15054416666666667,0.7818125
17556,194,101,-19.92482228577137,1.0,0.0,0.150258,0.78055
17660,195,104,-25.229906998574734,1.0,0.0,0.14996333333333334,0.77925
17768,196,108,-43.97166172787547,1.0,0.0,0.14965733333333334,0.7779
17870,197,102,-27.275975425262004,1.0,0.0,0.14936833333333333,0.776625
17959,198,89,30.369885355234146,1.0,0.0,0.14911616666666666,0.7755125
18076,199,117,-117.27731333905831,1.0,0.0,0.14878466666666668,0.77405
18183,200,107,12.388510398566723,1.0,0.0,0.14848150000000002,0.7727125
18289,201,106,40.714310657233,1.0,0.0,0.14818116666666667,0.7713875
18397,202,108,-85.91078546643257,1.0,0.0,0.14787516666666667,0.7700375
18505,203,108,4.9265477657318115,1.0,0.0,0.14756916666666667,0.7686875
18614,204,109,-0.48062556236982346,1.0,0.0,0.14726033333333333,0.767325
18724,205,110,-4.977926284074783,1.0,0.0,0.14694866666666667,0.76595
18839,206,115,-55.54581693932414,1.0,0.0,0.14662283333333334,0.7645124999999999
18910,207,71,-300.1752708298154,0.0,1.0,0.14642166666666667,0.763625
19021,208,111,-87.57828878238797,1.0,0.0,0.14610716666666668,0.7622375
19135,209,114,-87.70765295624733,1.0,0.0,0.14578416666666666,0.7608125
19249,210,114,-48.20771800354123,1.0,0.0,0.14546116666666667,0.7593875
19366,211,117,-56.37588983820751,1.0,0.0,0.14512966666666668,0.757925
19432,212,66,-278.38478487730026,0.0,1.0,0.14494266666666666,0.7571
19496,213,64,-311.34221333265305,0.0,1.0,0.14476133333333335,0.7563
19592,214,96,19.909829080104828,1.0,0.0,0.14448933333333333,0.7551
19700,215,108,-137.11867037042975,1.0,0.0,0.14418333333333333,0.75375
19773,216,73,-408.72691978514194,0.0,1.0,0.1439765,0.7528375
19861,217,88,29.39034590870142,1.0,0.0,0.14372716666666668,0.7517375
19968,218,107,-101.24165547406301,1.0,0.0,0.143424,0.7504
20042,219,74,-363.3364281728864,0.0,1.0,0.14321433333333333,0.749475
20155,220,113,7.07892935257405,1.0,0.0,0.14289416666666668,0.7480625000000001
20270,221,115,-152.99661649763584,1.0,0.0,0.14256833333333335,0.746625
20383,222,113,-11.611226949840784,1.0,0.0,0.14224816666666668,0.7452125
20467,223,84,35.58697882294655,1.0,0.0,0.14201016666666666,0.7441625000000001
20531,224,64,-234.79094418883324,0.0,1.0,0.14182883333333335,0.7433624999999999
20597,225,66,-136.5494177006185,0.0,1.0,0.14164183333333336,0.7425375000000001
20680,226,83,45.72363717854023,1.0,0.0,0.14140666666666668,0.7415
20790,227,110,-42.008230147883296,1.0,0.0,0.14109500000000003,0.740125
20873,228,83,48.5236377120018,1.0,0.0,0.14085983333333335,0.7390875
20983,229,110,-196.60962580144405,1.0,0.0,0.14054816666666667,0.7377125
21094,230,111,-105.46759641170502,1.0,0.0,0.14023366666666667,0.736325
21199,231,105,-49.07336826995015,1.0,0.0,0.13993616666666667,0.7350125000000001
21312,232,113,-35.81552378833294,1.0,0.0,0.13961600000000002,0.7336
21427,233,115,-26.41238002292812,1.0,0.0,0.13929016666666666,0.7321625
21528,234,101,-62.93885591626167,1.0,0.0,0.13900400000000002,0.7309
21636,235,108,-51.063294370193034,1.0,0.0,0.13869800000000002,0.72955
21747,236,111,20.420563116669655,1.0,0.0,0.1383835,0.7281625
21841,237,94,-16.72541730105877,1.0,0.0,0.13811716666666668,0.7269875
21926,238,85,-341.806482732296,0.0,1.0,0.13787633333333332,0.7259249999999999
22038,239,112,-14.47153576463461,1.0,0.0,0.137559,0.724525
22149,240,111,-41.86574114160612,1.0,0.0,0.1372445,0.7231375
22271,241,122,-47.27760738413781,1.0,0.0,0.13689883333333336,0.7216125
22383,242,112,-29.009387841448188,1.0,0.0,0.13658150000000002,0.7202125
22488,243,105,21.674516212195158,1.0,0.0,0.13628400000000002,0.7189
22555,244,67,-369.0143142789602,0.0,1.0,0.13609416666666668,0.7180625
22667,245,112,-95.19232280552387,1.0,0.0,0.13577683333333335,0.7166625
22747,246,80,-214.68446695059538,0.0,1.0,0.1355501666666667,0.7156625
22850,247,103,-43.84556847251952,1.0,0.0,0.13525833333333334,0.714375
22908,248,58,-342.83543223142624,0.0,1.0,0.135094,0.71365
23021,249,113,-57.42023101076484,1.0,0.0,0.13477383333333334,0.7122375000000001
23100,250,79,-375.2897859364748,0.0,1.0,0.13455,0.7112499999999999
23213,251,113,-30.69835160858929,1.0,0.0,0.13422983333333333,0.7098375
23326,252,113,-20.69693312048912,1.0,0.0,0.13390966666666668,0.7084250000000001
23423,253,97,7.022562101483345,1.0,0.0,0.13363483333333334,0.7072125
23485,254,62,-303.4885403625667,0.0,1.0,0.13345916666666668,0.7064375
23553,255,68,-201.85008098185062,0.0,1.0,0.1332665,0.7055875
23657,256,104,-3.9981590434908867,1.0,0.0,0.13297183333333334,0.7042875
23770,257,113,22.479562237858772,1.0,0.0,0.13265166666666667,0.702875
23879,258,109,9.102085195481777,1.0,0.0,0.13234283333333335,0.7015125
23996,259,117,-70.59600113891065,1.0,0.0,0.13201133333333334,0.7000500000000001
24094,260,98,-60.44626064226031,1.0,0.0,0.13173366666666667,0.698825
24204,261,110,-68.35996613744646,1.0,0.0,0.131422,0.69745
24303,262,99,18.928275249898434,1.0,0.0,0.13114150000000002,0.6962125
24391,263,88,39.34034551680088,1.0,0.0,0.13089216666666667,0.6951125
24518,264,127,-57.86853835731745,1.0,0.0,0.13053233333333333,0.693525
24619,265,101,-10.400428626686335,1.0,0.0,0.13024616666666666,0.6922625
24727,266,108,4.589597173035145,1.0,0.0,0.1299401666666667,0.6909125
24795,267,68,-267.7703176289797,0.0,1.0,0.12974750000000002,0.6900625
24898,268,103,7.779975544195622,1.0,0.0,0.1294556666666667,0.688775
24981,269,83,41.02363757789135,1.0,0.0,0.12922050000000002,0.6877375
25093,270,112,-73.82059446629137,1.0,0.0,0.12890316666666668,0.6863375
25207,271,114,-30.88586363196373,1.0,0.0,0.12858016666666666,0.6849125
25316,272,109,-60.825758073013276,1.0,0.0,0.12827133333333335,0.68355
25434,273,118,-134.07660681509878,1.0,0.0,0.12793700000000002,0.682075
25542,274,108,-109.56940626399592,1.0,0.0,0.127631,0.680725
25607,275,65,-281.6564113944769,0.0,1.0,0.12744683333333334,0.6799124999999999
25719,276,112,-55.81033547967672,1.0,0.0,0.1271295,0.6785125000000001
25831,277,112,-38.75819078087807,1.0,0.0,0.12681216666666667,0.6771125
25939,278,108,-56.66124467551708,1.0,0.0,0.12650616666666667,0.6757625
26052,279,113,-41.31715082284063,1.0,0.0,0.12618600000000002,0.67435
26115,280,63,-267.53614719212055,0.0,1.0,0.1260075,0.6735625
26199,281,84,46.63697846233845,1.0,0.0,0.1257695,0.6725125000000001
26308,282,109,-2.5323327630758286,1.0,0.0,0.12546066666666666,0.67115
26385,283,77,-144.12542245164514,0.0,1.0,0.1252425,0.6701875
26497,284,112,-44.198294930160046,1.0,0.0,0.12492516666666667,0.6687875
26610,285,113,2.3458740557543933,1.0,0.0,0.12460500000000001,0.667375
26721,286,111,-72.74575601518154,1.0,0.0,0.1242905,0.6659875
26791,287,70,-305.6085425801575,0.0,1.0,0.12409216666666667,0.6651125
26890,288,99,15.757078379392624,1.0,0.0,0.12381166666666667,0.663875
26998,289,108,12.389145125634968,1.0,0.0,0.12350566666666667,0.662525
27083,290,85,36.409499794244766,1.0,0.0,0.12326483333333334,0.6614625
27189,291,106,-29.837254513055086,1.0,0.0,0.1229645,0.6601375
27297,292,108,-117.9189623221755,1.0,0.0,0.1226585,0.6587875
27410,293,113,20.804038118571043,1.0,0.0,0.12233833333333334,0.657375
27519,294,109,-63.89064624905586,1.0,0.0,0.1220295,0.6560125
27623,295,104,34.889364309608936,1.0,0.0,0.12173483333333335,0.6547125
27687,296,64,-286.4961072206497,0.0,1.0,0.1215535,0.6539125
27799,297,112,-92.60226260125637,1.0,0.0,0.12123616666666667,0.6525125
27909,298,110,-113.41408048942685,1.0,0.0,0.1209245,0.6511374999999999
28024,299,115,1.1228720489889383,1.0,0.0,0.12059866666666667,0.6496999999999999
28139,300,115,-3.8999933525919914,1.0,0.0,0.12027283333333334,0.6482625
28250,301,111,-11.59605935588479,1.0,0.0,0.11995833333333333,0.646875
28364,302,114,-69.95837843604386,1.0,0.0,0.11963533333333334,0.64545
28431,303,67,-296.01713033765554,0.0,1.0,0.11944550000000001,0.6446125
28536,304,105,-29.66147467121482,1.0,0.0,0.119148,0.6433
28647,305,111,5.963388778269291,1.0,0.0,0.11883350000000001,0.6419125
28711,306,64,-356.3497394770384,0.0,1.0,0.11865216666666667,0.6411125
28822,307,111,-10.412505887448788,1.0,0.0,0.11833766666666667,0.639725
28931,308,109,-48.95537307858467,1.0,0.0,0.11802883333333333,0.6383624999999999
29038,309,107,-55.06559443380684,1.0,0.0,0.11772566666666667,0.637025
29122,310,84,44.13698190450668,1.0,0.0,0.11748766666666667,0.635975
29188,311,66,-314.46942898631096,0.0,1.0,0.11730066666666668,0.63515
29304,312,116,-21.22440553829074,1.0,0.0,0.116972,0.6336999999999999
29410,313,106,-11.894871972501278,1.0,0.0,0.11667166666666667,0.632375
29476,314,66,-282.98453037440777,0.0,1.0,0.11648466666666667,0.6315500000000001
29543,315,67,-284.2789747864008,0.0,1.0,0.11629483333333333,0.6307125
29645,316,102,-54.75022077932954,1.0,0.0,0.11600583333333334,0.6294375
29759,317,114,7.171725861728191,1.0,0.0,0.11568283333333333,0.6280125
29821,318,62,-309.0997779369354,0.0,1.0,0.11550716666666667,0.6272375
29937,319,116,-58.03481525927782,1.0,0.0,0.1151785,0.6257874999999999
30064,320,127,-105.4663143157959,1.0,0.0,0.11481866666666667,0.6242
30153,321,89,26.580721512436867,1.0,0.0,0.1145665,0.6230875
30267,322,114,-73.47159039415419,1.0,0.0,0.11424350000000001,0.6216625
30382,323,115,-10.367062978446484,1.0,0.0,0.11391766666666668,0.620225
30497,324,115,12.817483179736882,1.0,0.0,0.11359183333333334,0.6187875
30600,325,103,-36.31371210888028,1.0,0.0,0.1133,0.6174999999999999
30703,326,103,-44.71450652508065,1.0,0.0,0.11300816666666666,0.6162124999999999
30762,327,59,-325.4932215511799,0.0,1.0,0.112841,0.615475
30877,328,115,-37.85949967801571,1.0,0.0,0.11251516666666668,0.6140375
30988,329,111,-61.57037168368697,1.0,0.0,0.11220066666666668,0.61265
31042,330,54,-253.77769547700882,0.0,1.0,0.11204766666666667,0.611975
31155,331,113,-96.86766849458218,1.0,0.0,0.11172750000000001,0.6105625
31266,332,111,-47.14743176102638,1.0,0.0,0.111413,0.609175
31330,333,64,-264.9057998508215,0.0,1.0,0.11123166666666667,0.608375
31438,334,108,12.543135568499565,1.0,0.0,0.11092566666666667,0.6070249999999999
31546,335,108,-42.63087575137615,1.0,0.0,0.11061966666666666,0.605675
31662,336,116,-41.193550527095795,1.0,0.0,0.11029100000000001,0.604225
31779,337,117,-74.9372812435031,1.0,0.0,0.10995950000000002,0.6027625000000001
31897,338,118,-80.1547877076082,1.0,0.0,0.10962516666666668,0.6012875
32003,339,106,-68.09617021679878,1.0,0.0,0.10932483333333334,0.5999625
32111,340,108,-45.192062985152006,1.0,0.0,0.10901883333333334,0.5986125
32214,341,103,-77.313789896667,1.0,0.0,0.10872699999999999,0.597325
32321,342,107,-67.69023872166872,1.0,0.0,0.10842383333333334,0.5959875
32431,343,110,-0.8077511414885521,1.0,0.0,0.10811216666666668,0.5946125
32542,344,111,-41.538373856805265,1.0,0.0,0.10779766666666667,0.593225
32649,345,107,-52.11442361678928,1.0,0.0,0.1074945,0.5918875
32753,346,104,-38.65263772383332,1.0,0.0,0.10719983333333333,0.5905874999999999
32822,347,69,-344.49412125349045,0.0,1.0,0.10700433333333333,0.5897249999999999
32907,348,85,42.650320738554,1.0,0.0,0.10676350000000001,0.5886625
32973,349,66,-331.60341100394726,0.0,1.0,0.1065765,0.5878375
33085,350,112,-16.642715137451887,1.0,0.0,0.10625916666666667,0.5864375
33198,351,113,20.554082926362753,1.0,0.0,0.105939,0.585025
33306,352,108,-117.06161165237427,1.0,0.0,0.105633,0.5836749999999999
33376,353,70,-314.7236977517605,0.0,1.0,0.10543466666666666,0.5828
33475,354,99,-52.85199064016342,1.0,0.0,0.10515416666666667,0.5815625
33550,355,75,-327.379269361496,0.0,1.0,0.10494166666666667,0.580625
33663,356,113,-44.914469154551625,1.0,0.0,0.10462149999999999,0.5792124999999999
33774,357,111,-80.73812192678452,1.0,0.0,0.10430700000000001,0.577825
33879,358,105,26.62957291305065,1.0,0.0,0.1040095,0.5765125
33990,359,111,-54.46057280898094,1.0,0.0,0.10369500000000001,0.575125
34098,360,108,-55.082865305710584,1.0,0.0,0.103389,0.5737749999999999
34202,361,104,-58.09091956913471,1.0,0.0,0.10309433333333334,0.5724750000000001
34302,362,100,-46.92665822431445,1.0,0.0,0.102811,0.571225
34403,363,101,-89.38038379326463,1.0,0.0,0.10252483333333333,0.5699624999999999
34514,364,111,-76.86131073907018,1.0,0.0,0.10221033333333333,0.5685749999999999
34626,365,112,-31.12597360694781,1.0,0.0,0.10189300000000001,0.567175
34736,366,110,-61.84185644611716,1.0,0.0,0.10158133333333334,0.5658000000000001
34819,367,83,58.073637530207634,1.0,0.0,0.10134616666666667,0.5647625
34932,368,113,-59.85994792729616,1.0,0.0,0.10102599999999999,0.56335
35045,369,113,31.720531068742275,1.0,0.0,0.10070583333333334,0.5619375
35157,370,112,6.9362812004983425,1.0,0.0,0.1003885,0.5605375
35264,371,107,-84.88091078028083,1.0,0.0,0.10008533333333333,0.5592
35374,372,110,-61.988348975777626,1.0,0.0,0.09977366666666666,0.557825
35458,373,84,36.63697887957096,1.0,0.0,0.09953566666666668,0.556775
35564,374,106,31.961234781891108,1.0,0.0,0.09923533333333334,0.55545
35651,375,87,37.7270045876503,1.0,0.0,0.09898883333333335,0.5543625000000001
35721,376,70,-317.5515753775835,0.0,1.0,0.09879049999999999,0.5534874999999999
35795,377,74,-264.5898844599724,0.0,1.0,0.09858083333333334,0.5525625
35909,378,114,8.627540100365877,1.0,0.0,0.09825783333333334,0.5511375
35992,379,83,24.723637580871582,1.0,0.0,0.09802266666666667,0.5501
36103,380,111,-68.25647422671318,1.0,0.0,0.09770816666666667,0.5487124999999999
36172,381,69,-317.8965202867985,0.0,1.0,0.09751266666666668,0.54785
36281,382,109,-39.4191015958786,1.0,0.0,0.09720383333333334,0.5464875
36398,383,117,9.347782511264086,1.0,0.0,0.09687233333333334,0.545025
36482,384,84,-242.69615202397108,0.0,1.0,0.09663433333333334,0.543975
36596,385,114,-3.008625813294202,1.0,0.0,0.09631133333333333,0.54255
36713,386,117,-183.25400807335973,1.0,0.0,0.09597983333333333,0.5410874999999999
36822,387,109,-60.18316837400198,1.0,0.0,0.095671,0.539725
36927,388,105,-38.01214783638716,1.0,0.0,0.0953735,0.5384125
37034,389,107,-45.18121128343046,1.0,0.0,0.09507033333333334,0.537075
37117,390,83,51.17363765835762,1.0,0.0,0.09483516666666666,0.5360375
37228,391,111,-59.351499484851956,1.0,0.0,0.09452066666666666,0.53465
37335,392,107,-77.42841506749392,1.0,0.0,0.09421750000000001,0.5333125000000001
37400,393,65,-186.82787585258484,0.0,1.0,0.09403333333333334,0.5325
37508,394,108,16.0663537774235,1.0,0.0,0.09372733333333334,0.53115
37619,395,111,-16.363891076296568,1.0,0.0,0.09341283333333333,0.5297625
37725,396,106,-45.78241039812565,1.0,0.0,0.0931125,0.5284375
37808,397,83,34.12363763153553,1.0,0.0,0.09287733333333334,0.5274
37911,398,103,2.1563570126891136,1.0,0.0,0.0925855,0.5261125
38021,399,110,5.306615650653839,1.0,0.0,0.09227383333333333,0.5247375
38104,400,83,50.87363761663437,1.0,0.0,0.09203866666666667,0.5237
38214,401,110,-72.99294545128942,1.0,0.0,0.091727,0.5223249999999999
38326,402,112,-11.438568474724889,1.0,0.0,0.09140966666666667,0.520925
38394,403,68,-266.89835101366043,0.0,1.0,0.09121699999999999,0.520075
38506,404,112,-0.566106298007071,1.0,0.0,0.09089966666666666,0.518675
38607,405,101,-44.66851302981377,1.0,0.0,0.09061350000000001,0.5174125
38715,406,108,-54.71082065999508,1.0,0.0,0.0903075,0.5160625
38829,407,114,-60.36990126728779,1.0,0.0,0.08998450000000001,0.5146375
38938,408,109,-24.017175763845444,1.0,0.0,0.08967566666666667,0.5132749999999999
39021,409,83,62.623637706041336,1.0,0.0,0.0894405,0.5122375
39125,410,104,-41.23289957176894,1.0,0.0,0.08914583333333334,0.5109375
39234,411,109,-25.99442004226148,1.0,0.0,0.088837,0.509575
39345,412,111,-42.771604631096125,1.0,0.0,0.08852249999999999,0.5081875
39452,413,107,-17.881742253899574,1.0,0.0,0.08821933333333334,0.50685
39563,414,111,-59.08383817970753,1.0,0.0,0.08790483333333333,0.5054625
39646,415,83,57.92363756895065,1.0,0.0,0.08766966666666667,0.504425
39751,416,105,-38.43198423832655,1.0,0.0,0.08737216666666667,0.5031125000000001
39863,417,112,-27.581768479198217,1.0,0.0,0.08705483333333333,0.5017125
39960,418,97,-60.60143856704235,1.0,0.0,0.08678,0.5005
40069,419,109,22.55204102396965,1.0,0.0,0.08647116666666668,0.4991375
40183,420,114,27.416549764573574,1.0,0.0,0.08614816666666668,0.4977125
40282,421,99,-36.093037597835064,1.0,0.0,0.08586766666666668,0.496475
40397,422,115,27.673736929893494,1.0,0.0,0.08554183333333333,0.4950375
40507,423,110,28.696314249187708,1.0,0.0,0.08523016666666666,0.4936625
40610,424,103,-18.75906121172011,1.0,0.0,0.08493833333333334,0.492375
40720,425,110,-26.221713200211525,1.0,0.0,0.08462666666666667,0.491
40796,426,76,-329.7509103566408,0.0,1.0,0.08441133333333335,0.4900500000000001
40879,427,83,43.82363760471344,1.0,0.0,0.08417616666666666,0.48901249999999996
40984,428,105,25.528618317097425,1.0,0.0,0.08387866666666666,0.4877
41090,429,106,24.548647897318006,1.0,0.0,0.08357833333333334,0.486375
41203,430,113,-59.281404848676175,1.0,0.0,0.08325816666666667,0.48496249999999996
41281,431,78,-132.33359983935952,0.0,1.0,0.08303716666666666,0.4839875
41366,432,85,41.80032276362181,1.0,0.0,0.08279633333333333,0.48292500000000005
41439,433,73,-279.63589711487293,0.0,1.0,0.08258950000000001,0.48201249999999995
41551,434,112,-37.955360785126686,1.0,0.0,0.08227216666666667,0.4806125
41660,435,109,43.266236579976976,1.0,0.0,0.08196333333333333,0.47924999999999995
41776,436,116,-37.86604354530573,1.0,0.0,0.08163466666666666,0.4778
41878,437,102,-43.86681455373764,1.0,0.0,0.08134566666666668,0.4765250000000001
41931,438,53,-284.87560257315636,0.0,1.0,0.0811955,0.4758625000000001
42043,439,112,-50.018437303602695,1.0,0.0,0.08087816666666667,0.4744625
42159,440,116,-7.802908390760422,1.0,0.0,0.08054950000000001,0.47301250000000006
42257,441,98,37.460110291838646,1.0,0.0,0.08027183333333333,0.4717875
42371,442,114,-39.43366643181071,1.0,0.0,0.07994883333333333,0.4703625
42471,443,100,-32.76229633251205,1.0,0.0,0.0796655,0.46911250000000004
42554,444,83,53.223637610673904,1.0,0.0,0.07943033333333333,0.468075
42664,445,110,-41.87787876278162,1.0,0.0,0.07911866666666667,0.4667
42763,446,99,-25.022073216736317,1.0,0.0,0.07883816666666667,0.4654625
42875,447,112,-95.41468375176191,1.0,0.0,0.07852083333333333,0.46406250000000004
42990,448,115,-93.96973307430744,1.0,0.0,0.078195,0.46262499999999995
43098,449,108,28.775973074138165,1.0,0.0,0.077889,0.461275
43201,450,103,-8.367986388504505,1.0,0.0,0.07759716666666668,0.4599875
43310,451,109,11.038967475295067,1.0,0.0,0.07728833333333333,0.45862500000000006
43416,452,106,-45.303651709109545,1.0,0.0,0.076988,0.45730000000000004
43484,453,68,-268.3374559953809,0.0,1.0,0.07679533333333334,0.45645
43587,454,103,-34.53190100565553,1.0,0.0,0.0765035,0.4551624999999999
43699,455,112,-33.53764085844159,1.0,0.0,0.07618616666666668,0.45376250000000007
43809,456,110,-39.423164788633585,1.0,0.0,0.07587450000000001,0.45238750000000005
43864,457,55,-282.97897143661976,0.0,1.0,0.07571866666666667,0.4517
43972,458,108,6.195914041250944,1.0,0.0,0.07541266666666667,0.45035000000000003
44056,459,84,48.836978495121,1.0,0.0,0.07517466666666668,0.44930000000000003
44140,460,84,51.33697836101055,1.0,0.0,0.07493666666666665,0.44825000000000004
44254,461,114,-15.047349076718092,1.0,0.0,0.07461366666666666,0.446825
44362,462,108,-122.72661517560482,1.0,0.0,0.07430766666666669,0.44547500000000007
44462,463,100,-51.22208900004625,1.0,0.0,0.07402433333333333,0.444225
44573,464,111,0.1276405304670334,1.0,0.0,0.07370983333333334,0.4428375
44677,465,104,-40.92869319021702,1.0,0.0,0.07341516666666667,0.4415374999999999
44784,466,107,14.650832697749138,1.0,0.0,0.07311200000000001,0.44020000000000004
44897,467,113,-18.35080686956644,1.0,0.0,0.07279183333333333,0.4387875
44980,468,83,48.673637732863426,1.0,0.0,0.07255666666666666,0.43775
45091,469,111,-20.90146073512733,1.0,0.0,0.07224216666666666,0.4363625
45199,470,108,36.31222967803478,1.0,0.0,0.07193616666666666,0.4350125
45308,471,109,-65.12218230962753,1.0,0.0,0.07162733333333335,0.43365
45394,472,86,37.26366354525089,1.0,0.0,0.07138366666666665,0.43257499999999993
45501,473,107,12.362576184328645,1.0,0.0,0.07108050000000002,0.43123750000000005
45548,474,47,-189.59463026374578,0.0,1.0,0.07094733333333333,0.43065
45603,475,55,-275.0145466327667,0.0,1.0,0.07079150000000001,0.4299625
45714,476,111,28.96744904993102,1.0,0.0,0.07047700000000001,0.42857499999999993
45821,477,107,34.66900738328695,1.0,0.0,0.07017383333333332,0.42723749999999994
45927,478,106,-58.542997593060136,1.0,0.0,0.0698735,0.4259125
46034,479,107,8.349448084365577,1.0,0.0,0.06957033333333335,0.42457500000000004
46146,480,112,-23.724823489785194,1.0,0.0,0.06925300000000001,0.42317499999999997
46254,481,108,20.225730165373534,1.0,0.0,0.06894700000000001,0.421825
46354,482,100,-18.722296860069036,1.0,0.0,0.06866366666666668,0.42057500000000003
46456,483,102,-14.757281605154276,1.0,0.0,0.06837466666666667,0.4193
46561,484,105,21.921065866947174,1.0,0.0,0.06807716666666666,0.41798749999999996
46672,485,111,27.814089369028807,1.0,0.0,0.06776266666666667,0.41659999999999997
46781,486,109,-78.68025905638933,1.0,0.0,0.06745383333333335,0.41523750000000004
46895,487,114,-57.41042206855491,1.0,0.0,0.06713083333333333,0.4138125
46979,488,84,60.58697846531868,1.0,0.0,0.06689283333333332,0.4127624999999999
47088,489,109,28.618695620447397,1.0,0.0,0.066584,0.4114
47195,490,107,-37.63239046186209,1.0,0.0,0.06628083333333334,0.4100625
47299,491,104,-37.53346872329712,1.0,0.0,0.06598616666666668,0.40876250000000003
47412,492,113,-28.891737394034863,1.0,0.0,0.065666,0.40735
47530,493,118,-16.95424947142601,1.0,0.0,0.06533166666666668,0.405875
47628,494,98,-49.20407796651125,1.0,0.0,0.065054,0.40465000000000007
47733,495,105,36.13053784100339,1.0,0.0,0.0647565,0.4033375
47765,496,32,-185.93142065405846,0.0,1.0,0.06466583333333334,0.40293749999999995
47867,497,102,19.333027727901936,1.0,0.0,0.06437683333333336,0.40166250000000003
47976,498,109,5.31067769927904,1.0,0.0,0.06406800000000001,0.4003
48086,499,110,6.977753281593323,1.0,0.0,0.06375633333333333,0.398925
48170,500,84,44.13697889447212,1.0,0.0,0.06351833333333334,0.397875
48286,501,116,-21.545616994146258,1.0,0.0,0.06318966666666667,0.396425
48388,502,102,-32.07951894402504,1.0,0.0,0.06290066666666666,0.39515
48493,503,105,23.283864568453282,1.0,0.0,0.06260316666666665,0.39383749999999995
48552,504,59,-275.23871125280857,0.0,1.0,0.06243599999999999,0.3931
48663,505,111,-24.17347663268447,1.0,0.0,0.062121499999999996,0.3917124999999999
48748,506,85,56.20032301545143,1.0,0.0,0.06188066666666667,0.39064999999999994
48834,507,86,58.86366409063339,1.0,0.0,0.061637,0.389575
48942,508,108,-30.02810632949695,1.0,0.0,0.061331,0.38822500000000004
49047,509,105,-13.560915620997548,1.0,0.0,0.06103349999999999,0.3869125
49151,510,104,-1.7866944670677185,1.0,0.0,0.060738833333333325,0.3856124999999999
49253,511,102,39.56310213683173,1.0,0.0,0.06044983333333334,0.3843375
49364,512,111,-117.36752214096487,1.0,0.0,0.060135333333333346,0.38295
49482,513,118,-12.53233439475298,1.0,0.0,0.05980099999999999,0.381475
49591,514,109,22.625968974083662,1.0,0.0,0.05949216666666668,0.38011249999999996
49692,515,101,7.324774043634534,1.0,0.0,0.05920599999999998,0.3788499999999999
49801,516,109,-10.259268399327993,1.0,0.0,0.05889716666666667,0.3774875
49882,517,81,-281.22551476955414,0.0,1.0,0.058667666666666674,0.376475
49986,518,104,-18.39689987897873,1.0,0.0,0.05837300000000001,0.37517500000000004
50090,519,104,-12.255392311140895,1.0,0.0,0.05807833333333334,0.37387499999999996
50191,520,101,-30.39547073096037,1.0,0.0,0.05779216666666667,0.3726125
50302,521,111,-18.96536608412862,1.0,0.0,0.05747766666666665,0.3712249999999999
50413,522,111,-38.143333557993174,1.0,0.0,0.05716316666666668,0.36983750000000004
50496,523,83,60.27363762259483,1.0,0.0,0.056928000000000006,0.3688
50608,524,112,-26.165325846988708,1.0,0.0,0.05661066666666667,0.36739999999999995
50723,525,115,-26.96291933953762,1.0,0.0,0.05628483333333334,0.36596249999999997
50827,526,104,-17.21869754139334,1.0,0.0,0.055990166666666674,0.3646625
50935,527,108,-17.08278650045395,1.0,0.0,0.055684166666666673,0.36331250000000004
51037,528,102,-2.5411523208022118,1.0,0.0,0.05539516666666666,0.3620375
51153,529,116,-58.00389410555363,1.0,0.0,0.05506649999999999,0.36058749999999995
51261,530,108,32.366155449301004,1.0,0.0,0.05476049999999999,0.3592375
51344,531,83,58.073637530207634,1.0,0.0,0.05452533333333334,0.35819999999999996
51454,532,110,-29.644997246563435,1.0,0.0,0.05421366666666666,0.35682499999999995
51542,533,88,44.1155841499567,1.0,0.0,0.053964333333333336,0.35572500000000007
51653,534,111,42.33670273795724,1.0,0.0,0.05364983333333334,0.35433749999999997
51763,535,110,-76.28778771497309,1.0,0.0,0.05333816666666666,0.35296249999999996
51872,536,109,-17.284196101129055,1.0,0.0,0.05302933333333332,0.3515999999999999
51970,537,98,-13.505259703844786,1.0,0.0,0.05275166666666667,0.350375
52079,538,109,-36.84154298901558,1.0,0.0,0.05244283333333333,0.34901249999999995
52174,539,95,48.7666472196579,1.0,0.0,0.052173666666666646,0.34782499999999994
52288,540,114,-21.98219740804052,1.0,0.0,0.051850666666666684,0.34640000000000004
52392,541,104,-26.204388737678528,1.0,0.0,0.05155599999999999,0.34509999999999996
52456,542,64,-284.63272596895695,0.0,1.0,0.05137466666666668,0.34430000000000005
52569,543,113,37.60654799640179,1.0,0.0,0.0510545,0.3428875
52673,544,104,-45.71388415247202,1.0,0.0,0.05075983333333334,0.34158749999999993
52785,545,112,-13.010435536503792,1.0,0.0,0.0504425,0.3401875
52897,546,112,-31.24294611811638,1.0,0.0,0.050125166666666665,0.3387875
53006,547,109,-18.836906931363046,1.0,0.0,0.04981633333333335,0.3374250000000001
53108,548,102,-88.12664804281667,1.0,0.0,0.04952733333333334,0.33614999999999995
53219,549,111,37.35621839016676,1.0,0.0,0.049212833333333345,0.33476249999999996
53324,550,105,-9.04575749579817,1.0,0.0,0.04891533333333334,0.33345
53428,551,104,42.41944810003042,1.0,0.0,0.04862066666666667,0.33215000000000006
53530,552,102,41.97030396014452,1.0,0.0,0.04833166666666666,0.33087500000000003
53643,553,113,50.85177160007879,1.0,0.0,0.048011499999999985,0.3294625
53745,554,102,-6.832843214273453,1.0,0.0,0.0477225,0.32818749999999997
53857,555,112,-64.97760667651892,1.0,0.0,0.047405166666666665,0.3267875
53972,556,115,15.37863358668983,1.0,0.0,0.047079333333333334,0.32535000000000003
54041,557,69,-263.35866667702794,0.0,1.0,0.04688383333333335,0.32448750000000004
54144,558,103,45.797396913170815,1.0,0.0,0.046591999999999995,0.32320000000000004
54227,559,83,57.92363750934601,1.0,0.0,0.04635683333333332,0.3221624999999999
54340,560,113,7.343623630702496,1.0,0.0,0.04603666666666667,0.3207500000000001
54449,561,109,-46.54255621135235,1.0,0.0,0.04572783333333333,0.31938750000000005
54547,562,98,-12.352196011692286,1.0,0.0,0.04545016666666665,0.3181625
54647,563,100,25.62297311797738,1.0,0.0,0.04516683333333335,0.31691250000000004
54730,564,83,60.273637533187866,1.0,0.0,0.044931666666666675,0.315875
54838,565,108,-15.691126767545938,1.0,0.0,0.04462566666666665,0.31452499999999994
54949,566,111,-26.103195528849028,1.0,0.0,0.04431116666666668,0.31313750000000007
55033,567,84,65.28698202967644,1.0,0.0,0.04407316666666666,0.31208749999999996
55138,568,105,27.550716754049063,1.0,0.0,0.04377566666666666,0.310775
55239,569,101,52.91638620197773,1.0,0.0,0.043489500000000014,0.3095125000000001
55335,570,96,52.10166831314564,1.0,0.0,0.04321749999999999,0.3083125
55449,571,114,-126.79726447165012,1.0,0.0,0.0428945,0.3068875
55523,572,74,-244.97979858145118,0.0,1.0,0.04268483333333334,0.3059625
55630,573,107,41.288808702956885,1.0,0.0,0.04238166666666665,0.3046249999999999
55736,574,106,17.79641153663397,1.0,0.0,0.04208133333333333,0.3032999999999999
55840,575,104,-13.02176383882761,1.0,0.0,0.041786666666666666,0.30200000000000005
55924,576,84,53.53698247671127,1.0,0.0,0.04154866666666665,0.30094999999999994
56002,577,78,-309.83564741909504,0.0,1.0,0.04132766666666665,0.299975
56104,578,102,-4.4573008813895285,1.0,0.0,0.04103866666666667,0.29869999999999997
56214,579,110,-0.8968997485935688,1.0,0.0,0.04072700000000001,0.29732500000000006
56293,580,79,-123.1424924028106,0.0,1.0,0.04050316666666667,0.2963374999999999
56392,581,99,40.98460450023413,1.0,0.0,0.040222666666666684,0.29510000000000003
56452,582,60,-342.6398729979992,0.0,1.0,0.04005266666666668,0.29435
56558,583,106,53.97197254328057,1.0,0.0,0.039752333333333334,0.293025
56667,584,109,41.239431239664555,1.0,0.0,0.03944349999999999,0.29166249999999994
56778,585,111,33.08168077049777,1.0,0.0,0.039129,0.29027499999999995
56885,586,107,35.45083390176296,1.0,0.0,0.03882583333333334,0.28893750000000007
56980,587,95,29.13771493313834,1.0,0.0,0.038556666666666656,0.28774999999999995
57054,588,74,-304.27925887703896,0.0,1.0,0.03834699999999999,0.286825
57159,589,105,-31.990458680316806,1.0,0.0,0.038049500000000014,0.28551250000000006
57258,590,99,-22.110846657305956,1.0,0.0,0.037769,0.28427499999999994
57330,591,72,-272.0972832851112,0.0,1.0,0.03756499999999999,0.28337499999999993
57443,592,113,44.98562437668443,1.0,0.0,0.03724483333333334,0.2819625
57555,593,112,-36.751002598553896,1.0,0.0,0.0369275,0.28056249999999994
57653,594,98,-33.75932780979201,1.0,0.0,0.036649833333333326,0.2793375
57757,595,104,-12.818335148505867,1.0,0.0,0.03635516666666666,0.27803749999999994
57865,596,108,-197.9765923023224,1.0,0.0,0.03604916666666666,0.2766875
57972,597,107,42.88358403369784,1.0,0.0,0.035746,0.27535
58055,598,83,60.273637652397156,1.0,0.0,0.035510833333333325,0.27431249999999996
58159,599,104,-43.82899997010827,1.0,0.0,0.03521616666666666,0.2730125
58266,600,107,-152.7717680297792,1.0,0.0,0.034913,0.271675
58349,601,83,62.62363764643669,1.0,0.0,0.034677833333333324,0.2706375
58460,602,111,-23.51914744451642,1.0,0.0,0.03436333333333333,0.26925
58572,603,112,-142.67370203929022,1.0,0.0,0.03404599999999999,0.26785000000000003
58633,604,61,-297.9876260459423,0.0,1.0,0.033873166666666676,0.26708750000000003
58743,605,110,-20.12327737780288,1.0,0.0,0.033561499999999994,0.2657125
58849,606,106,-32.8235205039382,1.0,0.0,0.033261166666666675,0.2643875
58933,607,84,53.53697872161865,1.0,0.0,0.03302316666666666,0.2633375
59020,608,87,53.71430945396423,1.0,0.0,0.03277666666666665,0.26225
59133,609,113,9.33098641782999,1.0,0.0,0.0324565,0.26083749999999994
59228,610,95,31.270683616399765,1.0,0.0,0.032187333333333346,0.25965000000000005
59330,611,102,27.273476771544665,1.0,0.0,0.031898333333333334,0.258375
59439,612,109,-11.557095310650766,1.0,0.0,0.03158949999999999,0.2570125
59544,613,105,62.145786121021956,1.0,0.0,0.031292000000000014,0.25570000000000004
59657,614,113,43.192065842449665,1.0,0.0,0.030971833333333337,0.2542875
59759,615,102,55.96877306699753,1.0,0.0,0.030682833333333326,0.2530125
59842,616,83,57.92363765835762,1.0,0.0,0.03044766666666668,0.25197500000000006
59925,617,83,67.32363766431808,1.0,0.0,0.030212500000000003,0.25093750000000004
60033,618,108,63.045678813010454,1.0,0.0,0.03,0.25
60139,619,106,55.18585058674216,1.0,0.0,0.03,0.25
60245,620,106,52.987103790044785,1.0,0.0,0.03,0.25
60296,621,51,-276.3422437906265,0.0,1.0,0.03,0.25
60403,622,107,5.090119012631476,1.0,0.0,0.03,0.25
60502,623,99,-8.301513887941837,1.0,0.0,0.03,0.25
60615,624,113,2.6277469769120216,1.0,0.0,0.03,0.25
60698,625,83,62.623637557029724,1.0,0.0,0.03,0.25
60796,626,98,-13.285878617316484,1.0,0.0,0.03,0.25
60881,627,85,60.90032297372818,1.0,0.0,0.03,0.25
60988,628,107,-139.657129321713,1.0,0.0,0.03,0.25
61095,629,107,-101.46396977081895,1.0,0.0,0.03,0.25
61169,630,74,-276.58287835493684,0.0,1.0,0.03,0.25
61281,631,112,-24.905409414321184,1.0,0.0,0.03,0.25
61389,632,108,0.3363719368353486,1.0,0.0,0.03,0.25
61488,633,99,-12.539100799709558,1.0,0.0,0.03,0.25
61594,634,106,40.07076272275299,1.0,0.0,0.03,0.25
61705,635,111,49.3559310361743,1.0,0.0,0.03,0.25
61816,636,111,-9.020749907940626,1.0,0.0,0.03,0.25
61923,637,107,5.888792465964798,1.0,0.0,0.03,0.25
62028,638,105,46.08693402586505,1.0,0.0,0.03,0.25
62141,639,113,-6.31392914801836,1.0,0.0,0.03,0.25
62253,640,112,-2.424987565726042,1.0,0.0,0.03,0.25
62366,641,113,-4.142700244206935,1.0,0.0,0.03,0.25
62479,642,113,54.332595847547054,1.0,0.0,0.03,0.25
62562,643,83,60.27363759279251,1.0,0.0,0.03,0.25
62664,644,102,47.54641827521846,1.0,0.0,0.03,0.25
62769,645,105,60.50542387366295,1.0,0.0,0.03,0.25
62852,646,83,64.97363764047623,1.0,0.0,0.03,0.25
62935,647,83,59.82363758981228,1.0,0.0,0.03,0.25
63043,648,108,-9.270123124471866,1.0,0.0,0.03,0.25
63101,649,58,-311.6366471350193,0.0,1.0,0.03,0.25
63205,650,104,-20.545863336359616,1.0,0.0,0.03,0.25
63288,651,83,69.6736376285553,1.0,0.0,0.03,0.25
63400,652,112,-60.925132893025875,1.0,0.0,0.03,0.25
63483,653,83,64.97363758087158,1.0,0.0,0.03,0.25
63595,654,112,18.96442549675703,1.0,0.0,0.03,0.25
63706,655,111,30.259740613400936,1.0,0.0,0.03,0.25
63813,656,107,50.23206252930686,1.0,0.0,0.03,0.25
63854,657,41,-201.1770714763552,0.0,1.0,0.03,0.25
63917,658,63,-283.9566224217415,0.0,1.0,0.03,0.25
64019,659,102,55.23137742187828,1.0,0.0,0.03,0.25
64132,660,113,33.469484966248274,1.0,0.0,0.03,0.25
64215,661,83,62.62363761663437,1.0,0.0,0.03,0.25
64328,662,113,52.86622256785631,1.0,0.0,0.03,0.25
64426,663,98,-28.13352422043681,1.0,0.0,0.03,0.25
64509,664,83,64.97363764047623,1.0,0.0,0.03,0.25
64621,665,112,-27.32715605199337,1.0,0.0,0.03,0.25
64725,666,104,-6.294606640934944,1.0,0.0,0.03,0.25
64832,667,107,52.489258151035756,1.0,0.0,0.03,0.25
64934,668,102,-10.206255494616926,1.0,0.0,0.03,0.25
64977,669,43,-173.20927488803864,0.0,1.0,0.03,0.25
65013,670,36,-190.25391954183578,0.0,1.0,0.03,0.25
65123,671,110,52.57811124250293,1.0,0.0,0.03,0.25
65206,672,83,62.623637676239014,1.0,0.0,0.03,0.25
65319,673,113,-12.228473296854645,1.0,0.0,0.03,0.25
65378,674,59,-286.533139616251,0.0,1.0,0.03,0.25
65480,675,102,2.2592568919062614,1.0,0.0,0.03,0.25
65563,676,83,64.97363758087158,1.0,0.0,0.03,0.25
65668,677,105,-38.19123736768961,1.0,0.0,0.03,0.25
65773,678,105,43.247972815763205,1.0,0.0,0.03,0.25
65857,679,84,62.93698209524155,1.0,0.0,0.03,0.25
65958,680,101,-23.637179512530565,1.0,0.0,0.03,0.25
66041,681,83,58.07363758981228,1.0,0.0,0.03,0.25
66149,682,108,-23.749857366085052,1.0,0.0,0.03,0.25
66260,683,111,58.38391811773181,1.0,0.0,0.03,0.25
66374,684,114,-11.967216204851866,1.0,0.0,0.03,0.25
66489,685,115,-28.418041557073593,1.0,0.0,0.03,0.25
66595,686,106,-13.578254278749228,1.0,0.0,0.03,0.25
66699,687,104,41.96573534561321,1.0,0.0,0.03,0.25
66804,688,105,16.8138045668602,1.0,0.0,0.03,0.25
66912,689,108,-11.324204094707966,1.0,0.0,0.03,0.25
66995,690,83,67.32363760471344,1.0,0.0,0.03,0.25
67100,691,105,-30.24252124130726,1.0,0.0,0.03,0.25
67143,692,43,-179.20173463970423,0.0,1.0,0.03,0.25
67220,693,77,-270.10569900274277,0.0,1.0,0.03,0.25
67270,694,50,-245.055288285017,0.0,1.0,0.03,0.25
67380,695,110,0.4202316924929619,1.0,0.0,0.03,0.25
67488,696,108,-0.25665173679590225,1.0,0.0,0.03,0.25
67600,697,112,-122.88238010555506,1.0,0.0,0.03,0.25
67701,698,101,-10.244630169123411,1.0,0.0,0.03,0.25
67812,699,111,-83.85397728160024,1.0,0.0,0.03,0.25
67923,700,111,48.17046117782593,1.0,0.0,0.03,0.25
68029,701,106,57.725743144750595,1.0,0.0,0.03,0.25
68133,702,104,-4.714013008400798,1.0,0.0,0.03,0.25
68247,703,114,-41.596447840332985,1.0,0.0,0.03,0.25
68352,704,105,-10.937198930419981,1.0,0.0,0.03,0.25
68463,705,111,-1.2651876881718636,1.0,0.0,0.03,0.25
68570,706,107,-17.105162248015404,1.0,0.0,0.03,0.25
68672,707,102,61.491196133196354,1.0,0.0,0.03,0.25
68755,708,83,67.32363763451576,1.0,0.0,0.03,0.25
68858,709,103,55.98485364764929,1.0,0.0,0.03,0.25
68967,710,109,21.464451298117638,1.0,0.0,0.03,0.25
69062,711,95,35.373028587549925,1.0,0.0,0.03,0.25
69170,712,108,58.79926683008671,1.0,0.0,0.03,0.25
69283,713,113,-10.563851271290332,1.0,0.0,0.03,0.25
69379,714,96,39.65401558158919,1.0,0.0,0.03,0.25
69492,715,113,-17.970218542963266,1.0,0.0,0.03,0.25
69603,716,111,-35.155768133699894,1.0,0.0,0.03,0.25
69690,717,87,59.17700481414795,1.0,0.0,0.03,0.25
69793,718,103,-18.57625162974,1.0,0.0,0.03,0.25
69904,719,111,42.79989621695131,1.0,0.0,0.03,0.25
70007,720,103,-25.020813178271055,1.0,0.0,0.03,0.25
70108,721,101,55.482798397541046,1.0,0.0,0.03,0.25
70216,722,108,15.55416538566351,1.0,0.0,0.03,0.25
70327,723,111,-7.43071198137477,1.0,0.0,0.03,0.25
70436,724,109,55.17689874768257,1.0,0.0,0.03,0.25
70536,725,100,-179.37742149829865,1.0,0.0,0.03,0.25
70643,726,107,-24.161588079296052,1.0,0.0,0.03,0.25
70753,727,110,2.2666330421343446,1.0,0.0,0.03,0.25
70861,728,108,-16.552004631608725,1.0,0.0,0.03,0.25
70977,729,116,48.128911919440725,1.0,0.0,0.03,0.25
71086,730,109,-150.2851888090372,1.0,0.0,0.03,0.25
71199,731,113,-14.537778944708407,1.0,0.0,0.03,0.25
71302,732,103,-18.5549707300961,1.0,0.0,0.03,0.25
71412,733,110,-8.200531926006079,1.0,0.0,0.03,0.25
71516,734,104,-15.922005663625896,1.0,0.0,0.03,0.25
71613,735,97,53.69576671347022,1.0,0.0,0.03,0.25
71726,736,113,9.801777187734842,1.0,0.0,0.03,0.25
71837,737,111,17.5270062321797,1.0,0.0,0.03,0.25
71910,738,73,-272.83272559195757,0.0,1.0,0.03,0.25
72022,739,112,38.12282999930903,1.0,0.0,0.03,0.25
72123,740,101,54.896430261433125,1.0,0.0,0.03,0.25
72229,741,106,-21.254737028852105,1.0,0.0,0.03,0.25
72335,742,106,52.226651944220066,1.0,0.0,0.03,0.25
72448,743,113,-23.399541221559048,1.0,0.0,0.03,0.25
72548,744,100,36.78414439689368,1.0,0.0,0.03,0.25
72654,745,106,3.7399289533495903,1.0,0.0,0.03,0.25
72755,746,101,-6.189981732517481,1.0,0.0,0.03,0.25
72859,747,104,-32.221351858228445,1.0,0.0,0.03,0.25
72967,748,108,-17.80020697787404,1.0,0.0,0.03,0.25
73075,749,108,42.532249715179205,1.0,0.0,0.03,0.25
73182,750,107,-22.362472034990788,1.0,0.0,0.03,0.25
73295,751,113,-19.696696722880006,1.0,0.0,0.03,0.25
73402,752,107,61.788807693868876,1.0,0.0,0.03,0.25
73469,753,67,-273.39252987504005,0.0,1.0,0.03,0.25
73578,754,109,6.212587923742831,1.0,0.0,0.03,0.25
73651,755,73,-332.5838923752308,0.0,1.0,0.03,0.25
73758,756,107,-128.28966142982244,1.0,0.0,0.03,0.25
73841,757,83,62.62363761663437,1.0,0.0,0.03,0.25
73948,758,107,55.682473096996546,1.0,0.0,0.03,0.25
74055,759,107,55.18761162087321,1.0,0.0,0.03,0.25
74138,760,83,67.32363760471344,1.0,0.0,0.03,0.25
74242,761,104,-47.358554653823376,1.0,0.0,0.03,0.25
74341,762,99,-183.37352723628283,1.0,0.0,0.03,0.25
74458,763,117,-2.423136515542865,1.0,0.0,0.03,0.25
74574,764,116,-10.44834478199482,1.0,0.0,0.03,0.25
74677,765,103,-0.5866344049572945,1.0,0.0,0.03,0.25
74760,766,83,62.62363761663437,1.0,0.0,0.03,0.25
74870,767,110,-12.802829552441835,1.0,0.0,0.03,0.25
74938,768,68,-314.1390875130892,0.0,1.0,0.03,0.25
75039,769,101,23.7935965876095,1.0,0.0,0.03,0.25
75148,770,109,25.287680625915527,1.0,0.0,0.03,0.25
75232,771,84,53.536978632211685,1.0,0.0,0.03,0.25
75335,772,103,58.475528344511986,1.0,0.0,0.03,0.25
75419,773,84,53.68697841465473,1.0,0.0,0.03,0.25
75490,774,71,-251.0962909013033,0.0,1.0,0.03,0.25
75546,775,56,-266.98509092628956,0.0,1.0,0.03,0.25
75655,776,109,54.45019067823887,1.0,0.0,0.03,0.25
75773,777,118,-1.1903547532856464,1.0,0.0,0.03,0.25
75884,778,111,19.28236835449934,1.0,0.0,0.03,0.25
75992,779,108,1.238859054632485,1.0,0.0,0.03,0.25
76061,780,69,-243.3850550353527,0.0,1.0,0.03,0.25
76174,781,113,53.011369943618774,1.0,0.0,0.03,0.25
76234,782,60,-267.5389282852411,0.0,1.0,0.03,0.25
76306,783,72,-267.90172542631626,0.0,1.0,0.03,0.25
76406,784,100,54.73674505203962,1.0,0.0,0.03,0.25
76490,785,84,62.93698200583458,1.0,0.0,0.03,0.25
76560,786,70,-249.86629684269428,0.0,1.0,0.03,0.25
76669,787,109,0.7467175051569939,1.0,0.0,0.03,0.25
76731,788,62,-237.12029573321342,0.0,1.0,0.03,0.25
76814,789,83,67.32363760471344,1.0,0.0,0.03,0.25
76922,790,108,-26.67960470635444,1.0,0.0,0.03,0.25
77026,791,104,50.385818757116795,1.0,0.0,0.03,0.25
77133,792,107,-115.65703609213233,1.0,0.0,0.03,0.25
77230,793,97,-18.427154768258333,1.0,0.0,0.03,0.25
77300,794,70,-299.98153933882713,0.0,1.0,0.03,0.25
77407,795,107,-13.233197554945946,1.0,0.0,0.03,0.25
77513,796,106,-0.8205527886748314,1.0,0.0,0.03,0.25
77627,797,114,-140.1691351160407,1.0,0.0,0.03,0.25
77731,798,104,-0.0610857829451561,1.0,0.0,0.03,0.25
77842,799,111,56.62697819201276,1.0,0.0,0.03,0.25
77948,800,106,-4.599196438211948,1.0,0.0,0.03,0.25
78031,801,83,64.97363758087158,1.0,0.0,0.03,0.25
78114,802,83,60.27363774180412,1.0,0.0,0.03,0.25
78226,803,112,-21.58351457118988,1.0,0.0,0.03,0.25
78272,804,46,-184.66251115500927,0.0,1.0,0.03,0.25
78381,805,109,6.4148405864834785,1.0,0.0,0.03,0.25
78489,806,108,50.534521240741014,1.0,0.0,0.03,0.25
78600,807,111,4.768459554761648,1.0,0.0,0.03,0.25
78664,808,64,-298.23439595103264,0.0,1.0,0.03,0.25
78776,809,112,52.191212579607964,1.0,0.0,0.03,0.25
78870,810,94,47.43730566976592,1.0,0.0,0.03,0.25
78978,811,108,-40.95120341330767,1.0,0.0,0.03,0.25
79061,812,83,64.97363758087158,1.0,0.0,0.03,0.25
79172,813,111,-13.70831436663866,1.0,0.0,0.03,0.25
79281,814,109,1.3264946416020393,1.0,0.0,0.03,0.25
79381,815,100,47.54527934640646,1.0,0.0,0.03,0.25
79492,816,111,59.44736108928919,1.0,0.0,0.03,0.25
79594,817,102,-140.277406623587,1.0,0.0,0.03,0.25
79652,818,58,-263.7442931085825,0.0,1.0,0.03,0.25
79756,819,104,-14.460954706184566,1.0,0.0,0.03,0.25
79839,820,83,64.97363781929016,1.0,0.0,0.03,0.25
79950,821,111,-10.240679919719696,1.0,0.0,0.03,0.25
80059,822,109,-26.461900040507317,1.0,0.0,0.03,0.25
80159,823,100,48.95121446996927,1.0,0.0,0.03,0.25
80266,824,107,-32.99661946296692,1.0,0.0,0.03,0.25
80374,825,108,-1.306998249143362,1.0,0.0,0.03,0.25
80486,826,112,0.027976054698228836,1.0,0.0,0.03,0.25
80587,827,101,-22.204977123998106,1.0,0.0,0.03,0.25
80700,828,113,-9.951911186333746,1.0,0.0,0.03,0.25
80814,829,114,-25.705822613555938,1.0,0.0,0.03,0.25
80925,830,111,-104.12966217519715,1.0,0.0,0.03,0.25
80990,831,65,-201.28632029891014,0.0,1.0,0.03,0.25
81087,832,97,-20.996735706925392,1.0,0.0,0.03,0.25
81152,833,65,-340.8591033667326,0.0,1.0,0.03,0.25
81254,834,102,52.05746344104409,1.0,0.0,0.03,0.25
81358,835,104,-0.40369728952646255,1.0,0.0,0.03,0.25
81470,836,112,2.6012247437611222,1.0,0.0,0.03,0.25
81577,837,107,-66.57126819342375,1.0,0.0,0.03,0.25
81684,838,107,-1.6052086055278778,1.0,0.0,0.03,0.25
81796,839,112,-11.7044193521142,1.0,0.0,0.03,0.25
81905,840,109,51.58915667235851,1.0,0.0,0.03,0.25
82014,841,109,-3.285453289747238,1.0,0.0,0.03,0.25
82129,842,115,9.204210676252842,1.0,0.0,0.03,0.25
82212,843,83,60.273637533187866,1.0,0.0,0.03,0.25
82322,844,110,-35.91844439506531,1.0,0.0,0.03,0.25
82434,845,112,58.34203480556607,1.0,0.0,0.03,0.25
82539,846,105,-5.750204566866159,1.0,0.0,0.03,0.25
82644,847,105,5.927019260823727,1.0,0.0,0.03,0.25
82749,848,105,36.34284330904484,1.0,0.0,0.03,0.25
82857,849,108,-21.628151707351208,1.0,0.0,0.03,0.25
82955,850,98,52.76910446211696,1.0,0.0,0.03,0.25
83055,851,100,-9.686551032587886,1.0,0.0,0.03,0.25
83165,852,110,5.8864879831671715,1.0,0.0,0.03,0.25
83278,853,113,9.300551704131067,1.0,0.0,0.03,0.25
83361,854,83,67.32363760471344,1.0,0.0,0.03,0.25
83445,855,84,57.48697879910469,1.0,0.0,0.03,0.25
83553,856,108,-4.1205466799438,1.0,0.0,0.03,0.25
83665,857,112,-15.059032343328,1.0,0.0,0.03,0.25
83767,858,102,-33.23903273046017,1.0,0.0,0.03,0.25
83873,859,106,46.84889502078295,1.0,0.0,0.03,0.25
83980,860,107,-22.027521677315235,1.0,0.0,0.03,0.25
84093,861,113,-28.525573708117008,1.0,0.0,0.03,0.25
84189,862,96,3.4987962022423744,1.0,0.0,0.03,0.25
84303,863,114,-95.12508805515245,1.0,0.0,0.03,0.25
84411,864,108,10.154731027781963,1.0,0.0,0.03,0.25
84523,865,112,47.83339075744152,1.0,0.0,0.03,0.25
84628,866,105,-24.12355941720307,1.0,0.0,0.03,0.25
84741,867,113,-6.591842941939831,1.0,0.0,0.03,0.25
84851,868,110,54.24342645332217,1.0,0.0,0.03,0.25
84954,869,103,-15.830409791320562,1.0,0.0,0.03,0.25
85056,870,102,-119.88684597983956,1.0,0.0,0.03,0.25
85159,871,103,-5.6508315578103065,1.0,0.0,0.03,0.25
85266,872,107,-16.943508874624968,1.0,0.0,0.03,0.25
85350,873,84,53.08698205649853,1.0,0.0,0.03,0.25
85411,874,61,-264.5493144392967,0.0,1.0,0.03,0.25
85523,875,112,-15.691556505858898,1.0,0.0,0.03,0.25
85635,876,112,12.12976074963808,1.0,0.0,0.03,0.25
85745,877,110,28.62243887782097,1.0,0.0,0.03,0.25
85828,878,83,60.423637583851814,1.0,0.0,0.03,0.25
85937,879,109,50.44807155057788,1.0,0.0,0.03,0.25
86048,880,111,-28.20810628682375,1.0,0.0,0.03,0.25
86161,881,113,-16.395718564162962,1.0,0.0,0.03,0.25
86269,882,108,-5.245093857869506,1.0,0.0,0.03,0.25
86379,883,110,4.6658014906570315,1.0,0.0,0.03,0.25
86462,884,83,55.573637545108795,1.0,0.0,0.03,0.25
86569,885,107,-3.722643308341503,1.0,0.0,0.03,0.25
86676,886,107,47.11588345095515,1.0,0.0,0.03,0.25
86790,887,114,2.7423491994850338,1.0,0.0,0.03,0.25
86894,888,104,-186.65612676367164,1.0,0.0,0.03,0.25
86954,889,60,-276.59987373650074,0.0,1.0,0.03,0.25
87055,890,101,-4.462466461583972,1.0,0.0,0.03,0.25
87130,891,75,-254.13416825979948,0.0,1.0,0.03,0.25
87240,892,110,2.39935490116477,1.0,0.0,0.03,0.25
87342,893,102,44.00745618343353,1.0,0.0,0.03,0.25
87446,894,104,-26.15122377872467,1.0,0.0,0.03,0.25
87553,895,107,8.468278616666794,1.0,0.0,0.03,0.25
87647,896,94,50.16845627874136,1.0,0.0,0.03,0.25
87747,897,100,49.339337542653084,1.0,0.0,0.03,0.25
87857,898,110,48.104485642164946,1.0,0.0,0.03,0.25
87969,899,112,-71.13361353427172,1.0,0.0,0.03,0.25
88083,900,114,-18.27888059616089,1.0,0.0,0.03,0.25
88186,901,103,-24.121256716549397,1.0,0.0,0.03,0.25
88293,902,107,52.927033349871635,1.0,0.0,0.03,0.25
88398,903,105,-129.61045365827158,1.0,0.0,0.03,0.25
88507,904,109,51.32516461983323,1.0,0.0,0.03,0.25
88619,905,112,3.9822797141969204,1.0,0.0,0.03,0.25
88732,906,113,-43.48303904430941,1.0,0.0,0.03,0.25
88843,907,111,-7.2572778426110744,1.0,0.0,0.03,0.25
88946,908,103,-35.7348046079278,1.0,0.0,0.03,0.25
89061,909,115,-94.6706439293921,1.0,0.0,0.03,0.25
89116,910,55,-360.6108685731888,0.0,1.0,0.03,0.25
89176,911,60,-317.98406928777695,0.0,1.0,0.03,0.25
89285,912,109,-17.660677574574947,1.0,0.0,0.03,0.25
89394,913,109,-17.027183689177036,1.0,0.0,0.03,0.25
89498,914,104,42.043826948385686,1.0,0.0,0.03,0.25
89601,915,103,8.555358664132655,1.0,0.0,0.03,0.25
89705,916,104,2.900964170694351,1.0,0.0,0.03,0.25
89788,917,83,64.97363764047623,1.0,0.0,0.03,0.25
89897,918,109,43.795685573946685,1.0,0.0,0.03,0.25
89997,919,100,48.90813611727208,1.0,0.0,0.03,0.25
90107,920,110,32.0102297347039,1.0,0.0,0.03,0.25
90213,921,106,53.356277633458376,1.0,0.0,0.03,0.25
90322,922,109,53.12270347774029,1.0,0.0,0.03,0.25
90435,923,113,-56.293853246141225,1.0,0.0,0.03,0.25
90541,924,106,54.49838887481019,1.0,0.0,0.03,0.25
90647,925,106,47.255546767264605,1.0,0.0,0.03,0.25
90758,926,111,-16.36422585695982,1.0,0.0,0.03,0.25
90827,927,69,-284.46282574534416,0.0,1.0,0.03,0.25
90939,928,112,54.70556949451566,1.0,0.0,0.03,0.25
91003,929,64,-277.5284552872181,0.0,1.0,0.03,0.25
91069,930,66,-296.2163819670677,0.0,1.0,0.03,0.25
91176,931,107,-5.297920911572874,1.0,0.0,0.03,0.25
91272,932,96,42.874044991564006,1.0,0.0,0.03,0.25
91375,933,103,-89.04618341522291,1.0,0.0,0.03,0.25
91482,934,107,-85.62473441287875,1.0,0.0,0.03,0.25
91593,935,111,-9.68850707449019,1.0,0.0,0.03,0.25
91665,936,72,-349.2236291617155,0.0,1.0,0.03,0.25
91778,937,113,48.13920383155346,1.0,0.0,0.03,0.25
91889,938,111,24.942794390022755,1.0,0.0,0.03,0.25
91995,939,106,-16.898596428334713,1.0,0.0,0.03,0.25
92098,940,103,56.843289382755756,1.0,0.0,0.03,0.25
92167,941,69,-267.162016056478,0.0,1.0,0.03,0.25
92275,942,108,-11.78061555325985,1.0,0.0,0.03,0.25
92386,943,111,1.7148341313004494,1.0,0.0,0.03,0.25
92469,944,83,69.6736376285553,1.0,0.0,0.03,0.25
92570,945,101,-20.9555631428957,1.0,0.0,0.03,0.25
92683,946,113,37.76721557229757,1.0,0.0,0.03,0.25
92796,947,113,-2.09614871814847,1.0,0.0,0.03,0.25
92905,948,109,17.533327146898955,1.0,0.0,0.03,0.25
92991,949,86,65.91366389393806,1.0,0.0,0.03,0.25
93096,950,105,46.6759949917905,1.0,0.0,0.03,0.25
93199,951,103,41.071315824985504,1.0,0.0,0.03,0.25
93303,952,104,-44.605618737638,1.0,0.0,0.03,0.25
93407,953,104,-0.057570766657590866,1.0,0.0,0.03,0.25
93507,954,100,-153.83146730437875,1.0,0.0,0.03,0.25
93611,955,104,51.80608466640115,1.0,0.0,0.03,0.25
93716,956,105,48.840063102543354,1.0,0.0,0.03,0.25
93821,957,105,41.685975685715675,1.0,0.0,0.03,0.25
93930,958,109,22.32087054103613,1.0,0.0,0.03,0.25
94036,959,106,-48.56460973620415,1.0,0.0,0.03,0.25
94148,960,112,-18.908394020050764,1.0,0.0,0.03,0.25
94260,961,112,53.45678285509348,1.0,0.0,0.03,0.25
94366,962,106,17.711755491793156,1.0,0.0,0.03,0.25
94473,963,107,-34.8852385468781,1.0,0.0,0.03,0.25
94583,964,110,57.54369266331196,1.0,0.0,0.03,0.25
94688,965,105,-130.26714223250747,1.0,0.0,0.03,0.25
94799,966,111,-55.38240978537942,1.0,0.0,0.03,0.25
94900,967,101,35.08413517475128,1.0,0.0,0.03,0.25
95002,968,102,-34.95940811932087,1.0,0.0,0.03,0.25
95104,969,102,-1.294144056737423,1.0,0.0,0.03,0.25
95187,970,83,64.9736376106739,1.0,0.0,0.03,0.25
95292,971,105,-147.89960908144712,1.0,0.0,0.03,0.25
95403,972,111,41.09191782772541,1.0,0.0,0.03,0.25
95508,973,105,7.821548629086465,1.0,0.0,0.03,0.25
95610,974,102,41.150278978049755,1.0,0.0,0.03,0.25
95723,975,113,35.51603685691953,1.0,0.0,0.03,0.25
95832,976,109,54.66168050467968,1.0,0.0,0.03,0.25
95931,977,99,50.930325265973806,1.0,0.0,0.03,0.25
96038,978,107,21.255587060004473,1.0,0.0,0.03,0.25
96122,979,84,53.536978393793106,1.0,0.0,0.03,0.25
96219,980,97,-147.05117669329047,1.0,0.0,0.03,0.25
96332,981,113,0.11502902582287788,1.0,0.0,0.03,0.25
96443,982,111,3.2456751465797424,1.0,0.0,0.03,0.25
96548,983,105,55.90704403817654,1.0,0.0,0.03,0.25
96612,984,64,-297.43894586339593,0.0,1.0,0.03,0.25
96710,985,98,-0.5965686105191708,1.0,0.0,0.03,0.25
96818,986,108,30.92983775495668,1.0,0.0,0.03,0.25
96927,987,109,43.1089231222868,1.0,0.0,0.03,0.25
97010,988,83,53.223637759685516,1.0,0.0,0.03,0.25
97095,989,85,65.60032296180725,1.0,0.0,0.03,0.25
97169,990,74,-255.08051627129316,0.0,1.0,0.03,0.25
97252,991,83,62.623637557029724,1.0,0.0,0.03,0.25
97365,992,113,48.26101266592741,1.0,0.0,0.03,0.25
97448,993,83,62.62363758683205,1.0,0.0,0.03,0.25
97531,994,83,62.623637676239014,1.0,0.0,0.03,0.25
97629,995,98,-165.50219194637612,1.0,0.0,0.03,0.25
97733,996,104,51.94435355067253,1.0,0.0,0.03,0.25
97842,997,109,-11.10669682174921,1.0,0.0,0.03,0.25
97952,998,110,6.656502239406109,1.0,0.0,0.03,0.25
98017,999,65,-340.4616131335497,0.0,1.0,0.03,0.25
98119,1000,102,4.829590240493417,1.0,0.0,0.03,0.25
98229,1001,110,15.564724883064628,1.0,0.0,0.03,0.25
98337,1002,108,55.74992669373751,1.0,0.0,0.03,0.25
98437,1003,100,56.64071644842625,1.0,0.0,0.03,0.25
98533,1004,96,-6.09694136865437,1.0,0.0,0.03,0.25
98647,1005,114,15.88076027110219,1.0,0.0,0.03,0.25
98733,1006,86,59.01366402208805,1.0,0.0,0.03,0.25
98846,1007,113,6.333885133266449,1.0,0.0,0.03,0.25
98956,1008,110,-23.856453768908978,1.0,0.0,0.03,0.25
99056,1009,100,-10.522955443710089,1.0,0.0,0.03,0.25
99161,1010,105,-68.36150120571256,1.0,0.0,0.03,0.25
99244,1011,83,67.32363760471344,1.0,0.0,0.03,0.25
99356,1012,112,-94.64227382838726,1.0,0.0,0.03,0.25
99457,1013,101,-59.81672877818346,1.0,0.0,0.03,0.25
99571,1014,114,47.933250200003386,1.0,0.0,0.03,0.25
99675,1015,104,51.95643378049135,1.0,0.0,0.03,0.25
99787,1016,112,2.2463418552652,1.0,0.0,0.03,0.25
99896,1017,109,48.40952608734369,1.0,0.0,0.03,0.25
100008,1018,112,-5.122734747827053,1.0,0.0,0.03,0.25
100117,1019,109,16.103263415396214,1.0,0.0,0.03,0.25
100179,1020,62,-273.1029941737652,0.0,1.0,0.03,0.25
100284,1021,105,41.3881945675239,1.0,0.0,0.03,0.25
100389,1022,105,42.95596774620935,1.0,0.0,0.03,0.25
100496,1023,107,42.7129806317389,1.0,0.0,0.03,0.25
100601,1024,105,56.70568507909775,1.0,0.0,0.03,0.25
100710,1025,109,35.69126843614504,1.0,0.0,0.03,0.25
100813,1026,103,48.16124202311039,1.0,0.0,0.03,0.25
100912,1027,99,40.374009899329394,1.0,0.0,0.03,0.25
100995,1028,83,65.12363763153553,1.0,0.0,0.03,0.25
101104,1029,109,56.717257301323116,1.0,0.0,0.03,0.25
101187,1030,83,67.32363760471344,1.0,0.0,0.03,0.25
101300,1031,113,10.623921450227499,1.0,0.0,0.03,0.25
101372,1032,72,-250.20328634604812,0.0,1.0,0.03,0.25
101479,1033,107,43.084496706258506,1.0,0.0,0.03,0.25
101593,1034,114,-5.381469406187534,1.0,0.0,0.03,0.25
101701,1035,108,-73.35577222378924,1.0,0.0,0.03,0.25
101816,1036,115,7.461287546437234,1.0,0.0,0.03,0.25
101892,1037,76,-303.8284973204136,0.0,1.0,0.03,0.25
101975,1038,83,64.97363758087158,1.0,0.0,0.03,0.25
102078,1039,103,-21.926155123859644,1.0,0.0,0.03,0.25
102186,1040,108,56.2764578089118,1.0,0.0,0.03,0.25
102289,1041,103,-13.269967064261436,1.0,0.0,0.03,0.25
102372,1042,83,67.32363760471344,1.0,0.0,0.03,0.25
102478,1043,106,-5.7516303434967995,1.0,0.0,0.03,0.25
102587,1044,109,-27.22293133288622,1.0,0.0,0.03,0.25
102689,1045,102,-2.6148211248219013,1.0,0.0,0.03,0.25
102803,1046,114,-152.50280610099435,1.0,0.0,0.03,0.25
102906,1047,103,46.6176935993135,1.0,0.0,0.03,0.25
102963,1048,57,-253.2188413888216,0.0,1.0,0.03,0.25
103072,1049,109,-7.100309333764017,1.0,0.0,0.03,0.25
103181,1050,109,5.08611012250185,1.0,0.0,0.03,0.25
103285,1051,104,8.622335454449058,1.0,0.0,0.03,0.25
103385,1052,100,-17.1264976747334,1.0,0.0,0.03,0.25
103495,1053,110,5.441149041056633,1.0,0.0,0.03,0.25
103602,1054,107,10.718321299180388,1.0,0.0,0.03,0.25
103702,1055,100,32.15882734209299,1.0,0.0,0.03,0.25
103811,1056,109,28.0435333061032,1.0,0.0,0.03,0.25
103914,1057,103,-7.523710831999779,1.0,0.0,0.03,0.25
104026,1058,112,11.049730853177607,1.0,0.0,0.03,0.25
104124,1059,98,-145.40287330374122,1.0,0.0,0.03,0.25
104234,1060,110,45.965378906112164,1.0,0.0,0.03,0.25
104347,1061,113,55.74853165820241,1.0,0.0,0.03,0.25
104451,1062,104,-13.498058579862118,1.0,0.0,0.03,0.25
104563,1063,112,1.4604150387458503,1.0,0.0,0.03,0.25
104676,1064,113,13.17998770950362,1.0,0.0,0.03,0.25
104789,1065,113,-138.27654685499147,1.0,0.0,0.03,0.25
104894,1066,105,10.836309254169464,1.0,0.0,0.03,0.25
104967,1067,73,-268.6354753226042,0.0,1.0,0.03,0.25
105011,1068,44,-192.54411271214485,0.0,1.0,0.03,0.25
105120,1069,109,-20.66498912498355,1.0,0.0,0.03,0.25
105227,1070,107,43.59207858145237,1.0,0.0,0.03,0.25
105333,1071,106,-20.968034014105797,1.0,0.0,0.03,0.25
105445,1072,112,-120.46752435341477,1.0,0.0,0.03,0.25
105528,1073,83,62.623637557029724,1.0,0.0,0.03,0.25
105626,1074,98,53.56834993138909,1.0,0.0,0.03,0.25
105709,1075,83,64.97363758087158,1.0,0.0,0.03,0.25
105792,1076,83,48.52363786101341,1.0,0.0,0.03,0.25
105898,1077,106,42.957230381667614,1.0,0.0,0.03,0.25
105995,1078,97,-5.560081634670496,1.0,0.0,0.03,0.25
106074,1079,79,-295.37284841388464,0.0,1.0,0.03,0.25
106182,1080,108,51.197751861065626,1.0,0.0,0.03,0.25
106295,1081,113,12.88386571034789,1.0,0.0,0.03,0.25
106404,1082,109,56.94902351126075,1.0,0.0,0.03,0.25
106489,1083,85,63.25032293796539,1.0,0.0,0.03,0.25
106599,1084,110,-25.954053938388824,1.0,0.0,0.03,0.25
106708,1085,109,45.58597810566425,1.0,0.0,0.03,0.25
106815,1086,107,-151.08806709572673,1.0,0.0,0.03,0.25
106926,1087,111,-25.025572502054274,1.0,0.0,0.03,0.25
107009,1088,83,62.62363758683205,1.0,0.0,0.03,0.25
107118,1089,109,-2.6024992875754833,1.0,0.0,0.03,0.25
107224,1090,106,42.95142990304157,1.0,0.0,0.03,0.25
107335,1091,111,53.87526499852538,1.0,0.0,0.03,0.25
107444,1092,109,-10.457312997430563,1.0,0.0,0.03,0.25
107539,1093,95,48.61214241338894,1.0,0.0,0.03,0.25
107648,1094,109,-0.052209366112947464,1.0,0.0,0.03,0.25
107752,1095,104,58.061484940350056,1.0,0.0,0.03,0.25
107860,1096,108,56.06067329645157,1.0,0.0,0.03,0.25
107969,1097,109,53.68414603918791,1.0,0.0,0.03,0.25
108079,1098,110,51.11318380385637,1.0,0.0,0.03,0.25
108187,1099,108,11.732860710471869,1.0,0.0,0.03,0.25
108295,1100,108,21.588638082146645,1.0,0.0,0.03,0.25
108356,1101,61,-269.0018495619297,0.0,1.0,0.03,0.25
108455,1102,99,-31.60413619549945,1.0,0.0,0.03,0.25
108531,1103,76,-249.3838723450899,0.0,1.0,0.03,0.25
108633,1104,102,-9.209234051406384,1.0,0.0,0.03,0.25
108743,1105,110,57.601099136751145,1.0,0.0,0.03,0.25
108854,1106,111,-10.144354905933142,1.0,0.0,0.03,0.25
108954,1107,100,-23.44778322055936,1.0,0.0,0.03,0.25
109052,1108,98,-22.535598006565124,1.0,0.0,0.03,0.25
109156,1109,104,-0.38537102099508047,1.0,0.0,0.03,0.25
109265,1110,109,-8.653227552771568,1.0,0.0,0.03,0.25
109371,1111,106,-13.156419292092323,1.0,0.0,0.03,0.25
109438,1112,67,-318.37909976020455,0.0,1.0,0.03,0.25
109551,1113,113,5.82170695066452,1.0,0.0,0.03,0.25
109654,1114,103,46.35522347688675,1.0,0.0,0.03,0.25
109760,1115,106,-86.29215409234166,1.0,0.0,0.03,0.25
109843,1116,83,67.32363760471344,1.0,0.0,0.03,0.25
109951,1117,108,-57.121497053653,1.0,0.0,0.03,0.25
110063,1118,112,-3.345394052565098,1.0,0.0,0.03,0.25
110174,1119,111,53.105496153235435,1.0,0.0,0.03,0.25
110281,1120,107,11.352270184084773,1.0,0.0,0.03,0.25
110384,1121,103,49.14546452462673,1.0,0.0,0.03,0.25
110499,1122,115,-9.67643042653799,1.0,0.0,0.03,0.25
110614,1123,115,-11.351899780333042,1.0,0.0,0.03,0.25
110718,1124,104,-6.4943650886416435,1.0,0.0,0.03,0.25
110826,1125,108,13.071958213113248,1.0,0.0,0.03,0.25
110909,1126,83,60.27363756299019,1.0,0.0,0.03,0.25
110964,1127,55,-254.68602573871613,0.0,1.0,0.03,0.25
111072,1128,108,51.19761725515127,1.0,0.0,0.03,0.25
111183,1129,111,9.406723060645163,1.0,0.0,0.03,0.25
111294,1130,111,-80.22470450773835,1.0,0.0,0.03,0.25
111402,1131,108,-27.48480688035488,1.0,0.0,0.03,0.25
111497,1132,95,49.89896237850189,1.0,0.0,0.03,0.25
111604,1133,107,45.99423909187317,1.0,0.0,0.03,0.25
111714,1134,110,0.6608199216425419,1.0,0.0,0.03,0.25
111828,1135,114,-55.689948841929436,1.0,0.0,0.03,0.25
111932,1136,104,-108.12901034625247,1.0,0.0,0.03,0.25
112043,1137,111,53.980542317032814,1.0,0.0,0.03,0.25
112158,1138,115,-22.71754701435566,1.0,0.0,0.03,0.25
112257,1139,99,28.435994066298008,1.0,0.0,0.03,0.25
112366,1140,109,-39.125761991366744,1.0,0.0,0.03,0.25
112475,1141,109,-121.62054148688912,1.0,0.0,0.03,0.25
112558,1142,83,67.32363763451576,1.0,0.0,0.03,0.25
112664,1143,106,-16.512106277048588,1.0,0.0,0.03,0.25
112772,1144,108,54.0562998354435,1.0,0.0,0.03,0.25
112882,1145,110,5.004519384354353,1.0,0.0,0.03,0.25
112955,1146,73,-327.6396135613322,0.0,1.0,0.03,0.25
113063,1147,108,35.559463039040565,1.0,0.0,0.03,0.25
113174,1148,111,-18.53446750389412,1.0,0.0,0.03,0.25
113286,1149,112,-161.25096092745662,1.0,0.0,0.03,0.25
113400,1150,114,4.3059570007026196,1.0,0.0,0.03,0.25
113505,1151,105,3.6425746786408126,1.0,0.0,0.03,0.25
113612,1152,107,31.069721788167953,1.0,0.0,0.03,0.25
113725,1153,113,-10.567141152918339,1.0,0.0,0.03,0.25
113840,1154,115,-131.13470059260726,1.0,0.0,0.03,0.25
113945,1155,105,52.93255414441228,1.0,0.0,0.03,0.25
114006,1156,61,-265.4992344677448,0.0,1.0,0.03,0.25
114109,1157,103,-35.118421103805304,1.0,0.0,0.03,0.25
114215,1158,106,-8.928701912984252,1.0,0.0,0.03,0.25
114327,1159,112,-22.907654464244843,1.0,0.0,0.03,0.25
114427,1160,100,-10.726320427376777,1.0,0.0,0.03,0.25
114529,1161,102,-24.9147929251194,1.0,0.0,0.03,0.25
114612,1162,83,69.6736376285553,1.0,0.0,0.03,0.25
114711,1163,99,-24.63866302743554,1.0,0.0,0.03,0.25
114810,1164,99,55.80818039504811,1.0,0.0,0.03,0.25
114916,1165,106,7.620997556485236,1.0,0.0,0.03,0.25
115020,1166,104,42.9143033772707,1.0,0.0,0.03,0.25
115127,1167,107,-29.391307240352035,1.0,0.0,0.03,0.25
115235,1168,108,48.64506948366761,1.0,0.0,0.03,0.25
115339,1169,104,-4.692515846341848,1.0,0.0,0.03,0.25
115386,1170,47,-159.35647546127439,0.0,1.0,0.03,0.25
115496,1171,110,63.59777782857418,1.0,0.0,0.03,0.25
115598,1172,102,46.36483012884855,1.0,0.0,0.03,0.25
115704,1173,106,-10.680664546787739,1.0,0.0,0.03,0.25
115813,1174,109,-33.44276298210025,1.0,0.0,0.03,0.25
115925,1175,112,-16.952679369598627,1.0,0.0,0.03,0.25
116033,1176,108,6.767794449813664,1.0,0.0,0.03,0.25
116092,1177,59,-226.61808276176453,0.0,1.0,0.03,0.25
116150,1178,58,-217.87255954742432,0.0,1.0,0.03,0.25
116255,1179,105,5.105196423828602,1.0,0.0,0.03,0.25
116339,1180,84,62.936978459358215,1.0,0.0,0.03,0.25
116452,1181,113,26.970270544290543,1.0,0.0,0.03,0.25
116561,1182,109,54.77776975557208,1.0,0.0,0.03,0.25
116669,1183,108,7.032584473490715,1.0,0.0,0.03,0.25
116732,1184,63,-264.3960827291012,0.0,1.0,0.03,0.25
116836,1185,104,42.68906138045713,1.0,0.0,0.03,0.25
116919,1186,83,69.6736376285553,1.0,0.0,0.03,0.25
117002,1187,83,67.32363760471344,1.0,0.0,0.03,0.25
117115,1188,113,-3.602388497442007,1.0,0.0,0.03,0.25
117183,1189,68,-229.3815612345934,0.0,1.0,0.03,0.25
117287,1190,104,33.965081833302975,1.0,0.0,0.03,0.25
117397,1191,110,-19.428663160651922,1.0,0.0,0.03,0.25
117512,1192,115,44.493280071765184,1.0,0.0,0.03,0.25
117625,1193,113,-68.86392436595634,1.0,0.0,0.03,0.25
117727,1194,102,45.2512182444334,1.0,0.0,0.03,0.25
117842,1195,115,-4.834361720830202,1.0,0.0,0.03,0.25
117910,1196,68,-242.46491872519255,0.0,1.0,0.03,0.25
118017,1197,107,-6.7378542348742485,1.0,0.0,0.03,0.25
118082,1198,65,-238.2610755711794,0.0,1.0,0.03,0.25
118165,1199,83,64.97363755106926,1.0,0.0,0.03,0.25
118249,1200,84,60.58697855472565,1.0,0.0,0.03,0.25
118356,1201,107,50.22384476242587,1.0,0.0,0.03,0.25
118459,1202,103,55.750774427782744,1.0,0.0,0.03,0.25
118504,1203,45,-179.90712225437164,0.0,1.0,0.03,0.25
118605,1204,101,-3.7935352250933647,1.0,0.0,0.03,0.25
118705,1205,100,-17.686098888516426,1.0,0.0,0.03,0.25
118788,1206,83,55.573637425899506,1.0,0.0,0.03,0.25
118903,1207,115,-8.239054188132286,1.0,0.0,0.03,0.25
119012,1208,109,21.555794708430767,1.0,0.0,0.03,0.25
119116,1209,104,58.91672918945551,1.0,0.0,0.03,0.25
119213,1210,97,-26.062273789662868,1.0,0.0,0.03,0.25
119312,1211,99,-7.2533355839550495,1.0,0.0,0.03,0.25
119422,1212,110,4.560408513061702,1.0,0.0,0.03,0.25
119527,1213,105,-24.966362323611975,1.0,0.0,0.03,0.25
119611,1214,84,65.28697857260704,1.0,0.0,0.03,0.25
119714,1215,103,49.02987864241004,1.0,0.0,0.03,0.25
119816,1216,102,37.2029863181524,1.0,0.0,0.03,0.25
119928,1217,112,-17.953615963459015,1.0,0.0,0.03,0.25
120009,1218,81,-298.0859726443887,0.0,1.0,0.03,0.25
120120,1219,111,13.439788223709911,1.0,0.0,0.03,0.25
120226,1220,106,-27.492475662380457,1.0,0.0,0.03,0.25
120329,1221,103,-14.221108437515795,1.0,0.0,0.03,0.25
120436,1222,107,-12.942428704351187,1.0,0.0,0.03,0.25
120503,1223,67,-271.31297516822815,0.0,1.0,0.03,0.25
120586,1224,83,62.623637676239014,1.0,0.0,0.03,0.25
120692,1225,106,-148.86777010932565,1.0,0.0,0.03,0.25
120789,1226,97,45.608419355005026,1.0,0.0,0.03,0.25
120892,1227,103,-16.834821794182062,1.0,0.0,0.03,0.25
120964,1228,72,-250.6540474561043,0.0,1.0,0.03,0.25
121070,1229,106,29.591592967510223,1.0,0.0,0.03,0.25
121129,1230,59,-224.07294890284538,0.0,1.0,0.03,0.25
121242,1231,113,54.17230539023876,1.0,0.0,0.03,0.25
121351,1232,109,54.215718157589436,1.0,0.0,0.03,0.25
121434,1233,83,62.62363764643669,1.0,0.0,0.03,0.25
121543,1234,109,-64.50036975112744,1.0,0.0,0.03,0.25
121653,1235,110,-6.177845485974103,1.0,0.0,0.03,0.25
121737,1236,84,58.23697853088379,1.0,0.0,0.03,0.25
121850,1237,113,-203.1149752624333,1.0,0.0,0.03,0.25
121960,1238,110,19.484870838932693,1.0,0.0,0.03,0.25
122043,1239,83,60.27363762259483,1.0,0.0,0.03,0.25
122107,1240,64,-274.88482393324375,0.0,1.0,0.03,0.25
122190,1241,83,67.32363760471344,1.0,0.0,0.03,0.25
122301,1242,111,-8.885746445506811,1.0,0.0,0.03,0.25
122384,1243,83,64.97363758087158,1.0,0.0,0.03,0.25
122490,1244,106,42.11266782134771,1.0,0.0,0.03,0.25
122597,1245,107,-130.13170794770122,1.0,0.0,0.03,0.25
122703,1246,106,44.97255206108093,1.0,0.0,0.03,0.25
122809,1247,106,21.68400788353756,1.0,0.0,0.03,0.25
122915,1248,106,51.355927277356386,1.0,0.0,0.03,0.25
123023,1249,108,12.163252286612988,1.0,0.0,0.03,0.25
123097,1250,74,-265.9004293270409,0.0,1.0,0.03,0.25
123180,1251,83,67.32363760471344,1.0,0.0,0.03,0.25
123286,1252,106,-170.67272638203576,1.0,0.0,0.03,0.25
123347,1253,61,-255.9049653429538,0.0,1.0,0.03,0.25
123452,1254,105,22.953741490840912,1.0,0.0,0.03,0.25
123511,1255,59,-239.99167396873236,0.0,1.0,0.03,0.25
123622,1256,111,-33.33139293640852,1.0,0.0,0.03,0.25
123685,1257,63,-236.80226834118366,0.0,1.0,0.03,0.25
123790,1258,105,-182.13654001802206,1.0,0.0,0.03,0.25
123874,1259,84,58.236981958150864,1.0,0.0,0.03,0.25
123957,1260,83,64.97363758087158,1.0,0.0,0.03,0.25
124067,1261,110,39.178499564528465,1.0,0.0,0.03,0.25
124168,1262,101,19.274968333542347,1.0,0.0,0.03,0.25
124284,1263,116,-8.237496964633465,1.0,0.0,0.03,0.25
124391,1264,107,57.67574930936098,1.0,0.0,0.03,0.25
124497,1265,106,42.787154734134674,1.0,0.0,0.03,0.25
124611,1266,114,-2.1439597234129906,1.0,0.0,0.03,0.25
124717,1267,106,-8.469601921737194,1.0,0.0,0.03,0.25
124821,1268,104,-7.5940996303688735,1.0,0.0,0.03,0.25
124884,1269,63,-367.25899147987366,0.0,1.0,0.03,0.25
124988,1270,104,43.50668337196112,1.0,0.0,0.03,0.25
125044,1271,56,-228.82051199674606,0.0,1.0,0.03,0.25
125144,1272,100,8.312255933415145,1.0,0.0,0.03,0.25
125238,1273,94,50.19429899007082,1.0,0.0,0.03,0.25
125349,1274,111,60.13577573001385,1.0,0.0,0.03,0.25
125459,1275,110,-19.508454378694296,1.0,0.0,0.03,0.25
125563,1276,104,3.672820869833231,1.0,0.0,0.03,0.25
125633,1277,70,-289.69425977766514,0.0,1.0,0.03,0.25
125716,1278,83,53.22363781929016,1.0,0.0,0.03,0.25
125825,1279,109,-67.24946440383792,1.0,0.0,0.03,0.25
125930,1280,105,-41.5907617774792,1.0,0.0,0.03,0.25
126038,1281,108,56.156508572399616,1.0,0.0,0.03,0.25
126145,1282,107,-3.7294774730689824,1.0,0.0,0.03,0.25
126257,1283,112,10.210901889950037,1.0,0.0,0.03,0.25
126369,1284,112,-80.6657348764129,1.0,0.0,0.03,0.25
126452,1285,83,62.62363761663437,1.0,0.0,0.03,0.25
126562,1286,110,14.162848886102438,1.0,0.0,0.03,0.25
126667,1287,105,4.955805502831936,1.0,0.0,0.03,0.25
126780,1288,113,-21.077394127845764,1.0,0.0,0.03,0.25
126881,1289,101,-31.080592181533575,1.0,0.0,0.03,0.25
126964,1290,83,64.97363764047623,1.0,0.0,0.03,0.25
127067,1291,103,47.598452295642346,1.0,0.0,0.03,0.25
127174,1292,107,-19.515928701031953,1.0,0.0,0.03,0.25
127217,1293,43,-177.9000482261181,0.0,1.0,0.03,0.25
127315,1294,98,-13.844076693058014,1.0,0.0,0.03,0.25
127415,1295,100,-8.78899759799242,1.0,0.0,0.03,0.25
127525,1296,110,18.45607730001211,1.0,0.0,0.03,0.25
127632,1297,107,54.29487446649,1.0,0.0,0.03,0.25
127682,1298,50,-155.39725356549025,0.0,1.0,0.03,0.25
127790,1299,108,-13.643801946658641,1.0,0.0,0.03,0.25
127898,1300,108,-19.02147362753749,1.0,0.0,0.03,0.25
128012,1301,114,-19.18684457242489,1.0,0.0,0.03,0.25
128113,1302,101,46.19063473492861,1.0,0.0,0.03,0.25
128219,1303,106,-0.8367704711854458,1.0,0.0,0.03,0.25
128326,1304,107,11.818733681924641,1.0,0.0,0.03,0.25
128369,1305,43,-160.18601170182228,0.0,1.0,0.03,0.25
128441,1306,72,-269.46627758815885,0.0,1.0,0.03,0.25
128554,1307,113,8.357703493908048,1.0,0.0,0.03,0.25
128656,1308,102,41.953400142490864,1.0,0.0,0.03,0.25
128698,1309,42,-166.8897485327907,0.0,1.0,0.03,0.25
128807,1310,109,16.358510768041015,1.0,0.0,0.03,0.25
128890,1311,83,67.32363760471344,1.0,0.0,0.03,0.25
128988,1312,98,7.695672258734703,1.0,0.0,0.03,0.25
129072,1313,84,62.93698200583458,1.0,0.0,0.03,0.25
129178,1314,106,-129.7878252491355,1.0,0.0,0.03,0.25
129290,1315,112,-4.9331641481257975,1.0,0.0,0.03,0.25
129396,1316,106,48.30283387750387,1.0,0.0,0.03,0.25
129501,1317,105,-17.44807429984212,1.0,0.0,0.03,0.25
129609,1318,108,6.2914914935827255,1.0,0.0,0.03,0.25
129724,1319,115,4.958482515066862,1.0,0.0,0.03,0.25
129836,1320,112,-5.101705612614751,1.0,0.0,0.03,0.25
129951,1321,115,21.939313769340515,1.0,0.0,0.03,0.25
130062,1322,111,0.8529091738164425,1.0,0.0,0.03,0.25
130174,1323,112,-100.47106584906578,1.0,0.0,0.03,0.25
130274,1324,100,-36.51769844442606,1.0,0.0,0.03,0.25
130360,1325,86,60.38890379667282,1.0,0.0,0.03,0.25
130472,1326,112,42.14386761141941,1.0,0.0,0.03,0.25
130581,1327,109,0.16910047829151154,1.0,0.0,0.03,0.25
130686,1328,105,-11.07443505525589,1.0,0.0,0.03,0.25
130793,1329,107,58.55941743403673,1.0,0.0,0.03,0.25
130836,1330,43,-164.53879058361053,0.0,1.0,0.03,0.25
130919,1331,83,62.6236375272274,1.0,0.0,0.03,0.25
131028,1332,109,44.30649531260133,1.0,0.0,0.03,0.25
131138,1333,110,-110.08006478101015,1.0,0.0,0.03,0.25
131238,1334,100,58.75334420800209,1.0,0.0,0.03,0.25
131345,1335,107,-15.263190850615501,1.0,0.0,0.03,0.25
131455,1336,110,46.51536038517952,1.0,0.0,0.03,0.25
131556,1337,101,-37.04606984183192,1.0,0.0,0.03,0.25
131666,1338,110,-9.775021445006132,1.0,0.0,0.03,0.25
131773,1339,107,56.681309423875064,1.0,0.0,0.03,0.25
131887,1340,114,14.061754106543958,1.0,0.0,0.03,0.25
131998,1341,111,8.342199622653425,1.0,0.0,0.03,0.25
132109,1342,111,54.92520718276501,1.0,0.0,0.03,0.25
132217,1343,108,52.43649537488818,1.0,0.0,0.03,0.25
132301,1344,84,62.93697860836983,1.0,0.0,0.03,0.25
132407,1345,106,-3.660445097833872,1.0,0.0,0.03,0.25
132510,1346,103,-57.015775721520185,1.0,0.0,0.03,0.25
132552,1347,42,-174.0297368466854,0.0,1.0,0.03,0.25
132651,1348,99,45.79297208786011,1.0,0.0,0.03,0.25
132722,1349,71,-264.65132774040103,0.0,1.0,0.03,0.25
132835,1350,113,45.6977179995738,1.0,0.0,0.03,0.25
132944,1351,109,56.77268644794822,1.0,0.0,0.03,0.25
133049,1352,105,-23.050646169111133,1.0,0.0,0.03,0.25
133132,1353,83,64.97363764047623,1.0,0.0,0.03,0.25
133237,1354,105,-28.40443440899253,1.0,0.0,0.03,0.25
133353,1355,116,7.083912307396531,1.0,0.0,0.03,0.25
133467,1356,114,-15.445007473230362,1.0,0.0,0.03,0.25
133577,1357,110,18.598072301130742,1.0,0.0,0.03,0.25
133687,1358,110,-17.424538653343916,1.0,0.0,0.03,0.25
133798,1359,111,-23.108429608866572,1.0,0.0,0.03,0.25
133899,1360,101,-22.534340549260378,1.0,0.0,0.03,0.25
133935,1361,36,-157.894824847579,0.0,1.0,0.03,0.25
134042,1362,107,46.48202978540212,1.0,0.0,0.03,0.25
134157,1363,115,-41.529639933258295,1.0,0.0,0.03,0.25
134259,1364,102,9.272091321647167,1.0,0.0,0.03,0.25
134368,1365,109,-98.79319627583027,1.0,0.0,0.03,0.25
134480,1366,112,-3.5032305088825524,1.0,0.0,0.03,0.25
134585,1367,105,58.139351315796375,1.0,0.0,0.03,0.25
134688,1368,103,-12.477411160245538,1.0,0.0,0.03,0.25
134760,1369,72,-272.8227567821741,0.0,1.0,0.03,0.25
134871,1370,111,-3.6153080351650715,1.0,0.0,0.03,0.25
134954,1371,83,60.273637533187866,1.0,0.0,0.03,0.25
135037,1372,83,64.9736376106739,1.0,0.0,0.03,0.25
135149,1373,112,-7.066376266040606,1.0,0.0,0.03,0.25
135259,1374,110,6.968600105494261,1.0,0.0,0.03,0.25
135369,1375,110,53.170044243335724,1.0,0.0,0.03,0.25
135480,1376,111,41.90814108029008,1.0,0.0,0.03,0.25
135577,1377,97,-0.9605432525277138,1.0,0.0,0.03,0.25
135686,1378,109,-3.4243710786104202,1.0,0.0,0.03,0.25
135792,1379,106,34.67555017769337,1.0,0.0,0.03,0.25
135852,1380,60,-304.1776003539562,0.0,1.0,0.03,0.25
135957,1381,105,-15.724161146208644,1.0,0.0,0.03,0.25
136040,1382,83,57.92363756895065,1.0,0.0,0.03,0.25
136147,1383,107,59.21883460506797,1.0,0.0,0.03,0.25
136244,1384,97,28.848962008953094,1.0,0.0,0.03,0.25
136351,1385,107,13.3674231688492,1.0,0.0,0.03,0.25
136460,1386,109,-33.40379935130477,1.0,0.0,0.03,0.25
136567,1387,107,44.03636701032519,1.0,0.0,0.03,0.25
136666,1388,99,-25.248631436843425,1.0,0.0,0.03,0.25
136779,1389,113,-6.339421205688268,1.0,0.0,0.03,0.25
136864,1390,85,65.60032296180725,1.0,0.0,0.03,0.25
136976,1391,112,-141.92549656704068,1.0,0.0,0.03,0.25
137079,1392,103,-49.97344481991604,1.0,0.0,0.03,0.25
137187,1393,108,37.52563109528273,1.0,0.0,0.03,0.25
137294,1394,107,47.680773546453565,1.0,0.0,0.03,0.25
137404,1395,110,63.42730858922005,1.0,0.0,0.03,0.25
137520,1396,116,-1.3874961510300636,1.0,0.0,0.03,0.25
137632,1397,112,-15.689672138541937,1.0,0.0,0.03,0.25
137742,1398,110,15.353453733026981,1.0,0.0,0.03,0.25
137849,1399,107,3.4956548921763897,1.0,0.0,0.03,0.25
137899,1400,50,-172.02519364655018,0.0,1.0,0.03,0.25
138012,1401,113,-127.54256189987063,1.0,0.0,0.03,0.25
138114,1402,102,25.139650888741016,1.0,0.0,0.03,0.25
138223,1403,109,41.537161607295275,1.0,0.0,0.03,0.25
138306,1404,83,55.12363727390766,1.0,0.0,0.03,0.25
138413,1405,107,58.86889587715268,1.0,0.0,0.03,0.25
138453,1406,40,-160.04096922278404,0.0,1.0,0.03,0.25
138555,1407,102,-16.166535798460245,1.0,0.0,0.03,0.25
138668,1408,113,-6.3736882586963475,1.0,0.0,0.03,0.25
138769,1409,101,46.10538835078478,1.0,0.0,0.03,0.25
138869,1410,100,52.460923209786415,1.0,0.0,0.03,0.25
138969,1411,100,-130.1437031980604,1.0,0.0,0.03,0.25
139069,1412,100,37.734325017780066,1.0,0.0,0.03,0.25
139175,1413,106,-106.1823857165873,1.0,0.0,0.03,0.25
139258,1414,83,59.82363758981228,1.0,0.0,0.03,0.25
139298,1415,40,-153.56057433784008,0.0,1.0,0.03,0.25
139401,1416,103,49.645344000309706,1.0,0.0,0.03,0.25
139484,1417,83,60.27363759279251,1.0,0.0,0.03,0.25
139570,1418,86,58.863663882017136,1.0,0.0,0.03,0.25
139634,1419,64,-242.51970209553838,0.0,1.0,0.03,0.25
139717,1420,83,64.97363758087158,1.0,0.0,0.03,0.25
139800,1421,83,62.623637557029724,1.0,0.0,0.03,0.25
139904,1422,104,58.74110005795956,1.0,0.0,0.03,0.25
140013,1423,109,5.253115161322057,1.0,0.0,0.03,0.25
140118,1424,105,-2.82311449944973,1.0,0.0,0.03,0.25
140224,1425,106,-20.477369088679552,1.0,0.0,0.03,0.25
140328,1426,104,-28.192673599347472,1.0,0.0,0.03,0.25
140437,1427,109,-37.65910842642188,1.0,0.0,0.03,0.25
140533,1428,96,-17.30964602343738,1.0,0.0,0.03,0.25
140635,1429,102,-35.69951643794775,1.0,0.0,0.03,0.25
140732,1430,97,5.933188553433865,1.0,0.0,0.03,0.25
140815,1431,83,62.6236375272274,1.0,0.0,0.03,0.25
140931,1432,116,8.205179292708635,1.0,0.0,0.03,0.25
141043,1433,112,25.472428649663925,1.0,0.0,0.03,0.25
141149,1434,106,45.609460171312094,1.0,0.0,0.03,0.25
141251,1435,102,-3.3566228449344635,1.0,0.0,0.03,0.25
141363,1436,112,-13.74288047105074,1.0,0.0,0.03,0.25
141471,1437,108,48.26066603139043,1.0,0.0,0.03,0.25
141567,1438,96,57.2925184443593,1.0,0.0,0.03,0.25
141650,1439,83,55.57363787293434,1.0,0.0,0.03,0.25
141748,1440,98,33.992952211759984,1.0,0.0,0.03,0.25
141859,1441,111,33.62265598773956,1.0,0.0,0.03,0.25
141942,1442,83,64.97363758087158,1.0,0.0,0.03,0.25
142049,1443,107,6.249270740430802,1.0,0.0,0.03,0.25
142151,1444,102,-46.25454257801175,1.0,0.0,0.03,0.25
142263,1445,112,2.0368121415376663,1.0,0.0,0.03,0.25
142366,1446,103,6.2120952676050365,1.0,0.0,0.03,0.25
142475,1447,109,-86.37228954955935,1.0,0.0,0.03,0.25
142541,1448,66,-263.1801627725363,0.0,1.0,0.03,0.25
142654,1449,113,50.55603792145848,1.0,0.0,0.03,0.25
142768,1450,114,-21.27486275509,1.0,0.0,0.03,0.25
142881,1451,113,35.595256216824055,1.0,0.0,0.03,0.25
142995,1452,114,7.610912021249533,1.0,0.0,0.03,0.25
143109,1453,114,38.45377759402618,1.0,0.0,0.03,0.25
143133,1454,24,-158.91532254219055,0.0,1.0,0.03,0.25
143181,1455,48,-218.82855804264545,0.0,1.0,0.03,0.25
143286,1456,105,-10.670362889766693,1.0,0.0,0.03,0.25
143400,1457,114,-8.708054214715958,1.0,0.0,0.03,0.25
143483,1458,83,69.6736376285553,1.0,0.0,0.03,0.25
143591,1459,108,-139.1495091021061,1.0,0.0,0.03,0.25
143703,1460,112,44.50283060595393,1.0,0.0,0.03,0.25
143816,1461,113,-15.517022874206305,1.0,0.0,0.03,0.25
143916,1462,100,-17.68138661235571,1.0,0.0,0.03,0.25
144012,1463,96,58.2430032226257,1.0,0.0,0.03,0.25
144123,1464,111,3.2312799775972962,1.0,0.0,0.03,0.25
144187,1465,64,-255.63266836106777,0.0,1.0,0.03,0.25
144293,1466,106,-148.95870499685407,1.0,0.0,0.03,0.25
144358,1467,65,-306.93000277131796,0.0,1.0,0.03,0.25
144468,1468,110,10.119556713849306,1.0,0.0,0.03,0.25
144574,1469,106,-13.624641291797161,1.0,0.0,0.03,0.25
144647,1470,73,-306.79092260450125,0.0,1.0,0.03,0.25
144751,1471,104,-12.963066784664989,1.0,0.0,0.03,0.25
144863,1472,112,5.578451942652464,1.0,0.0,0.03,0.25
144978,1473,115,-28.91978070931509,1.0,0.0,0.03,0.25
145087,1474,109,-16.317439154721797,1.0,0.0,0.03,0.25
145170,1475,83,64.97363755106926,1.0,0.0,0.03,0.25
145285,1476,115,-11.567418053746223,1.0,0.0,0.03,0.25
145384,1477,99,39.786554381251335,1.0,0.0,0.03,0.25
145488,1478,104,50.169020399451256,1.0,0.0,0.03,0.25
145594,1479,106,-27.275759954936802,1.0,0.0,0.03,0.25
145700,1480,106,-10.979679774492979,1.0,0.0,0.03,0.25
145796,1481,96,41.51740698097274,1.0,0.0,0.03,0.25
145880,1482,84,62.93697848916054,1.0,0.0,0.03,0.25
145979,1483,99,8.592904603108764,1.0,0.0,0.03,0.25
146062,1484,83,62.623637676239014,1.0,0.0,0.03,0.25
146163,1485,101,46.28191479295492,1.0,0.0,0.03,0.25
146274,1486,111,-23.269748203456402,1.0,0.0,0.03,0.25
146391,1487,117,12.5798849016428,1.0,0.0,0.03,0.25
146501,1488,110,40.37687734514475,1.0,0.0,0.03,0.25
146613,1489,112,41.02553387358785,1.0,0.0,0.03,0.25
146696,1490,83,59.82363750040531,1.0,0.0,0.03,0.25
146805,1491,109,3.761188894510269,1.0,0.0,0.03,0.25
146919,1492,114,44.78831710992381,1.0,0.0,0.03,0.25
147027,1493,108,16.620292227715254,1.0,0.0,0.03,0.25
147132,1494,105,33.74760037660599,1.0,0.0,0.03,0.25
147234,1495,102,54.839370749890804,1.0,0.0,0.03,0.25
147343,1496,109,36.231089286506176,1.0,0.0,0.03,0.25
147422,1497,79,-294.5171287357807,0.0,1.0,0.03,0.25
147531,1498,109,34.98684756830335,1.0,0.0,0.03,0.25
147646,1499,115,27.63738150522113,1.0,0.0,0.03,0.25
147757,1500,111,51.90239762887359,1.0,0.0,0.03,0.25
147793,1501,36,-166.41878935694695,0.0,1.0,0.03,0.25
147896,1502,103,-14.5425346493721,1.0,0.0,0.03,0.25
147979,1503,83,64.97363764047623,1.0,0.0,0.03,0.25
148081,1504,102,25.20441061584279,1.0,0.0,0.03,0.25
148190,1505,109,57.16398438066244,1.0,0.0,0.03,0.25
148298,1506,108,-30.37754391785711,1.0,0.0,0.03,0.25
148400,1507,102,-14.939002154394984,1.0,0.0,0.03,0.25
148501,1508,101,0.3148148451000452,1.0,0.0,0.03,0.25
148614,1509,113,-87.55686888843775,1.0,0.0,0.03,0.25
148697,1510,83,67.32363760471344,1.0,0.0,0.03,0.25
148780,1511,83,67.32363760471344,1.0,0.0,0.03,0.25
148881,1512,101,47.509293537121266,1.0,0.0,0.03,0.25
148989,1513,108,36.11186683923006,1.0,0.0,0.03,0.25
149086,1514,97,55.61848420277238,1.0,0.0,0.03,0.25
149197,1515,111,-161.0654314425774,1.0,0.0,0.03,0.25
149309,1516,112,-11.245355479419231,1.0,0.0,0.03,0.25
149392,1517,83,64.97363755106926,1.0,0.0,0.03,0.25
149495,1518,103,-16.778291642665863,1.0,0.0,0.03,0.25
149608,1519,113,56.038610867690295,1.0,0.0,0.03,0.25
149706,1520,98,46.088114101439714,1.0,0.0,0.03,0.25
149791,1521,85,67.95032298564911,1.0,0.0,0.03,0.25
149874,1522,83,62.623637557029724,1.0,0.0,0.03,0.25
149975,1523,101,-17.544385455548763,1.0,0.0,0.03,0.25
150074,1524,99,0.0800502598285675,1.0,0.0,0.03,0.25
150179,1525,105,45.95782621577382,1.0,0.0,0.03,0.25
150285,1526,106,14.68656733399257,1.0,0.0,0.03,0.25
150389,1527,104,57.64296405389905,1.0,0.0,0.03,0.25
150492,1528,103,-34.31000170530751,1.0,0.0,0.03,0.25
150603,1529,111,61.880372405052185,1.0,0.0,0.03,0.25
150701,1530,98,-19.819050330668688,1.0,0.0,0.03,0.25
150785,1531,84,62.93698197603226,1.0,0.0,0.03,0.25
150890,1532,105,-4.609328020364046,1.0,0.0,0.03,0.25
151001,1533,111,-19.540071507915854,1.0,0.0,0.03,0.25
151106,1534,105,-16.660262471064925,1.0,0.0,0.03,0.25
151200,1535,94,44.26330054923892,1.0,0.0,0.03,0.25
151309,1536,109,9.370006210170686,1.0,0.0,0.03,0.25
151413,1537,104,-129.31119524594396,1.0,0.0,0.03,0.25
151530,1538,117,-51.109762359876186,1.0,0.0,0.03,0.25
151635,1539,105,-39.26027323678136,1.0,0.0,0.03,0.25
151746,1540,111,46.55771294608712,1.0,0.0,0.03,0.25
151851,1541,105,38.84910312946886,1.0,0.0,0.03,0.25
151962,1542,111,56.3379997224547,1.0,0.0,0.03,0.25
152036,1543,74,-275.8111260831356,0.0,1.0,0.03,0.25
152141,1544,105,10.715823259204626,1.0,0.0,0.03,0.25
152245,1545,104,-19.475424826610833,1.0,0.0,0.03,0.25
152328,1546,83,64.97363758087158,1.0,0.0,0.03,0.25
152425,1547,97,-188.96011175587773,1.0,0.0,0.03,0.25
152535,1548,110,50.5779778175056,1.0,0.0,0.03,0.25
152643,1549,108,51.369570321869105,1.0,0.0,0.03,0.25
152755,1550,112,52.56033216044307,1.0,0.0,0.03,0.25
152862,1551,107,-10.802105848211795,1.0,0.0,0.03,0.25
152964,1552,102,6.088236163370311,1.0,0.0,0.03,0.25
153069,1553,105,-18.126108903437853,1.0,0.0,0.03,0.25
153132,1554,63,-286.21968372166157,0.0,1.0,0.03,0.25
153238,1555,106,-151.2353809736669,1.0,0.0,0.03,0.25
153347,1556,109,58.12746112421155,1.0,0.0,0.03,0.25
153441,1557,94,51.95050145173445,1.0,0.0,0.03,0.25
153549,1558,108,-29.31507444381714,1.0,0.0,0.03,0.25
153632,1559,83,67.32363760471344,1.0,0.0,0.03,0.25
153745,1560,113,40.46495934575796,1.0,0.0,0.03,0.25
153828,1561,83,64.97363758087158,1.0,0.0,0.03,0.25
153930,1562,102,-4.626189656555653,1.0,0.0,0.03,0.25
154042,1563,112,12.91210064291954,1.0,0.0,0.03,0.25
154151,1564,109,55.69945865869522,1.0,0.0,0.03,0.25
154248,1565,97,21.289339028298855,1.0,0.0,0.03,0.25
154360,1566,112,1.5469056442379951,1.0,0.0,0.03,0.25
154473,1567,113,58.77591836079955,1.0,0.0,0.03,0.25
154577,1568,104,8.833226292859763,1.0,0.0,0.03,0.25
154688,1569,111,-6.761146381497383,1.0,0.0,0.03,0.25
154792,1570,104,60.41583112254739,1.0,0.0,0.03,0.25
154901,1571,109,41.41106837242842,1.0,0.0,0.03,0.25
155008,1572,107,37.29120409488678,1.0,0.0,0.03,0.25
155075,1573,67,-270.9706834256649,0.0,1.0,0.03,0.25
155179,1574,104,-25.771349067334086,1.0,0.0,0.03,0.25
155290,1575,111,14.953225739300251,1.0,0.0,0.03,0.25
155390,1576,100,-0.9469340294599533,1.0,0.0,0.03,0.25
155473,1577,83,62.773637518286705,1.0,0.0,0.03,0.25
155583,1578,110,-37.824360355734825,1.0,0.0,0.03,0.25
155625,1579,42,-167.23266571760178,0.0,1.0,0.03,0.25
155738,1580,113,56.087392278015614,1.0,0.0,0.03,0.25
155846,1581,108,-17.96226935647428,1.0,0.0,0.03,0.25
155950,1582,104,-11.545906495302916,1.0,0.0,0.03,0.25
156060,1583,110,16.169305288698524,1.0,0.0,0.03,0.25
156163,1584,103,-5.871726889628917,1.0,0.0,0.03,0.25
156270,1585,107,-40.820131063461304,1.0,0.0,0.03,0.25
156380,1586,110,-3.816762361675501,1.0,0.0,0.03,0.25
156463,1587,83,60.423637576401234,1.0,0.0,0.03,0.25
156563,1588,100,58.862381629645824,1.0,0.0,0.03,0.25
156663,1589,100,57.34359551221132,1.0,0.0,0.03,0.25
156774,1590,111,44.82859821990132,1.0,0.0,0.03,0.25
156887,1591,113,55.04244275391102,1.0,0.0,0.03,0.25
156987,1592,100,-106.12435432709754,1.0,0.0,0.03,0.25
157093,1593,106,-25.238935576751828,1.0,0.0,0.03,0.25
157206,1594,113,57.931934244930744,1.0,0.0,0.03,0.25
157292,1595,86,68.26366391777992,1.0,0.0,0.03,0.25
157375,1596,83,62.623637557029724,1.0,0.0,0.03,0.25
157479,1597,104,34.09441828727722,1.0,0.0,0.03,0.25
157585,1598,106,45.627482645213604,1.0,0.0,0.03,0.25
157689,1599,104,-15.611952716484666,1.0,0.0,0.03,0.25
157791,1600,102,-11.030541107058525,1.0,0.0,0.03,0.25
157900,1601,109,-47.060774739831686,1.0,0.0,0.03,0.25
158014,1602,114,6.383541732560843,1.0,0.0,0.03,0.25
158117,1603,103,7.020040241070092,1.0,0.0,0.03,0.25
158229,1604,112,59.94368702918291,1.0,0.0,0.03,0.25
158283,1605,54,-266.7147660776973,0.0,1.0,0.03,0.25
158366,1606,83,64.9736376106739,1.0,0.0,0.03,0.25
158472,1607,106,-9.683900733478367,1.0,0.0,0.03,0.25
158529,1608,57,-238.48556262254715,0.0,1.0,0.03,0.25
158631,1609,102,41.83043661992997,1.0,0.0,0.03,0.25
158700,1610,69,-218.8716184347868,0.0,1.0,0.03,0.25
158810,1611,110,47.62333940714598,1.0,0.0,0.03,0.25
158920,1612,110,-21.450939431786537,1.0,0.0,0.03,0.25
159003,1613,83,67.32363766431808,1.0,0.0,0.03,0.25
159098,1614,95,59.649322271347046,1.0,0.0,0.03,0.25
159209,1615,111,51.65640788897872,1.0,0.0,0.03,0.25
159320,1616,111,-2.6532730534672737,1.0,0.0,0.03,0.25
159403,1617,83,60.27363759279251,1.0,0.0,0.03,0.25
159499,1618,96,51.29757918417454,1.0,0.0,0.03,0.25
159595,1619,96,-8.980162651278079,1.0,0.0,0.03,0.25
159696,1620,101,-18.392695074900985,1.0,0.0,0.03,0.25
159806,1621,110,48.22144176764414,1.0,0.0,0.03,0.25
159918,1622,112,11.525414149742573,1.0,0.0,0.03,0.25
160026,1623,108,-1.6842787694185972,1.0,0.0,0.03,0.25
160129,1624,103,-29.705631777644157,1.0,0.0,0.03,0.25
160200,1625,71,-257.0738367624581,0.0,1.0,0.03,0.25
160314,1626,114,2.6327020707540214,1.0,0.0,0.03,0.25
160422,1627,108,2.535468591377139,1.0,0.0,0.03,0.25
160531,1628,109,1.9594181440770626,1.0,0.0,0.03,0.25
160636,1629,105,59.79292567074299,1.0,0.0,0.03,0.25
160749,1630,113,-0.34716248931363225,1.0,0.0,0.03,0.25
160845,1631,96,50.59706751257181,1.0,0.0,0.03,0.25
160928,1632,83,62.62363758683205,1.0,0.0,0.03,0.25
161042,1633,114,5.756580431945622,1.0,0.0,0.03,0.25
161146,1634,104,53.34797704219818,1.0,0.0,0.03,0.25
161229,1635,83,64.97363764047623,1.0,0.0,0.03,0.25
161334,1636,105,27.209374755620956,1.0,0.0,0.03,0.25
161446,1637,112,-95.6854801774025,1.0,0.0,0.03,0.25
161529,1638,83,67.32363760471344,1.0,0.0,0.03,0.25
161630,1639,101,24.46980282664299,1.0,0.0,0.03,0.25
161736,1640,106,57.26247005909681,1.0,0.0,0.03,0.25
161849,1641,113,56.58492228016257,1.0,0.0,0.03,0.25
161957,1642,108,-2.1412238320335746,1.0,0.0,0.03,0.25
162035,1643,78,-255.0245140194893,0.0,1.0,0.03,0.25
162136,1644,101,9.588456900790334,1.0,0.0,0.03,0.25
162233,1645,97,1.2356726322323084,1.0,0.0,0.03,0.25
162317,1646,84,55.88697847723961,1.0,0.0,0.03,0.25
162428,1647,111,56.71309708431363,1.0,0.0,0.03,0.25
162532,1648,104,50.79096359759569,1.0,0.0,0.03,0.25
162615,1649,83,64.97363758087158,1.0,0.0,0.03,0.25
162726,1650,111,35.100148148834705,1.0,0.0,0.03,0.25
162824,1651,98,-13.843042628839612,1.0,0.0,0.03,0.25
162929,1652,105,61.34095951123163,1.0,0.0,0.03,0.25
163033,1653,104,53.143472366034985,1.0,0.0,0.03,0.25
163137,1654,104,12.195286221802235,1.0,0.0,0.03,0.25
163242,1655,105,46.951947778463364,1.0,0.0,0.03,0.25
163346,1656,104,-32.28288183361292,1.0,0.0,0.03,0.25
163410,1657,64,-272.87841745465994,0.0,1.0,0.03,0.25
163493,1658,83,60.27363756299019,1.0,0.0,0.03,0.25
163595,1659,102,9.492226853501052,1.0,0.0,0.03,0.25
163702,1660,107,57.01782891480252,1.0,0.0,0.03,0.25
163803,1661,101,-25.25542757846415,1.0,0.0,0.03,0.25
163909,1662,106,54.38203662633896,1.0,0.0,0.03,0.25
164019,1663,110,18.578470930457115,1.0,0.0,0.03,0.25
164102,1664,83,62.6236375272274,1.0,0.0,0.03,0.25
164216,1665,114,-125.72647599875927,1.0,0.0,0.03,0.25
164316,1666,100,-30.095545459538698,1.0,0.0,0.03,0.25
164384,1667,68,-273.9400790631771,0.0,1.0,0.03,0.25
164485,1668,101,-22.77849359996617,1.0,0.0,0.03,0.25
164598,1669,113,10.11260973289609,1.0,0.0,0.03,0.25
164708,1670,110,5.744597561657429,1.0,0.0,0.03,0.25
164780,1671,72,-258.2885349392891,0.0,1.0,0.03,0.25
164887,1672,107,15.544081568252295,1.0,0.0,0.03,0.25
164990,1673,103,42.75953841581941,1.0,0.0,0.03,0.25
165098,1674,108,-16.70007951417938,1.0,0.0,0.03,0.25
165160,1675,62,-247.32469145953655,0.0,1.0,0.03,0.25
165243,1676,83,60.273637533187866,1.0,0.0,0.03,0.25
165352,1677,109,-0.26840683445334435,1.0,0.0,0.03,0.25
165401,1678,49,-229.1902902275324,0.0,1.0,0.03,0.25
165511,1679,110,-5.020460102707148,1.0,0.0,0.03,0.25
165617,1680,106,3.4272712394595146,1.0,0.0,0.03,0.25
165723,1681,106,40.216170380823314,1.0,0.0,0.03,0.25
165829,1682,106,31.0011373530142,1.0,0.0,0.03,0.25
165926,1683,97,37.29552751034498,1.0,0.0,0.03,0.25
166009,1684,83,67.32363766431808,1.0,0.0,0.03,0.25
166055,1685,46,-208.00004647672176,0.0,1.0,0.03,0.25
166095,1686,40,-211.17744714021683,0.0,1.0,0.03,0.25
166207,1687,112,22.728685919195414,1.0,0.0,0.03,0.25
166278,1688,71,-225.42685586959124,0.0,1.0,0.03,0.25
166393,1689,115,39.95771913183853,1.0,0.0,0.03,0.25
166476,1690,83,58.073637560009956,1.0,0.0,0.03,0.25
166574,1691,98,49.74249140918255,1.0,0.0,0.03,0.25
166680,1692,106,-155.77823109179735,1.0,0.0,0.03,0.25
166763,1693,83,55.57363775372505,1.0,0.0,0.03,0.25
166869,1694,106,-28.53332257643342,1.0,0.0,0.03,0.25
166977,1695,108,16.25947818160057,1.0,0.0,0.03,0.25
167025,1696,48,-206.3576334118843,0.0,1.0,0.03,0.25
167131,1697,106,46.800430592149496,1.0,0.0,0.03,0.25
167196,1698,65,-276.27221950143576,0.0,1.0,0.03,0.25
167301,1699,105,-18.06726437062025,1.0,0.0,0.03,0.25
167411,1700,110,56.69644186645746,1.0,0.0,0.03,0.25
167511,1701,100,50.47744347900152,1.0,0.0,0.03,0.25
167574,1702,63,-273.7398180812597,0.0,1.0,0.03,0.25
167672,1703,98,2.8816451895982027,1.0,0.0,0.03,0.25
167782,1704,110,40.45033166045323,1.0,0.0,0.03,0.25
167881,1705,99,-166.54324720427394,1.0,0.0,0.03,0.25
167955,1706,74,-277.4567812681198,0.0,1.0,0.03,0.25
168011,1707,56,-250.01306752255186,0.0,1.0,0.03,0.25
168120,1708,109,42.1256636865437,1.0,0.0,0.03,0.25
168232,1709,112,61.06681835278869,1.0,0.0,0.03,0.25
168348,1710,116,19.161537373438478,1.0,0.0,0.03,0.25
168457,1711,109,45.97577642602846,1.0,0.0,0.03,0.25
168570,1712,113,-6.286612160503864,1.0,0.0,0.03,0.25
168653,1713,83,69.6736376285553,1.0,0.0,0.03,0.25
168763,1714,110,57.878969360142946,1.0,0.0,0.03,0.25
168873,1715,110,45.350925613194704,1.0,0.0,0.03,0.25
168956,1716,83,64.97363758087158,1.0,0.0,0.03,0.25
169064,1717,108,-8.79064816609025,1.0,0.0,0.03,0.25
169170,1718,106,10.553110213484615,1.0,0.0,0.03,0.25
169272,1719,102,-9.135820340830833,1.0,0.0,0.03,0.25
169384,1720,112,-106.880592871923,1.0,0.0,0.03,0.25
169488,1721,104,-18.811829129233956,1.0,0.0,0.03,0.25
169595,1722,107,44.70040399208665,1.0,0.0,0.03,0.25
169700,1723,105,4.511861562728882,1.0,0.0,0.03,0.25
169808,1724,108,36.38152679800987,1.0,0.0,0.03,0.25
169913,1725,105,25.58331998391077,1.0,0.0,0.03,0.25
170015,1726,102,52.21151391742751,1.0,0.0,0.03,0.25
170121,1727,106,-30.994560532271862,1.0,0.0,0.03,0.25
170229,1728,108,57.522572960704565,1.0,0.0,0.03,0.25
170340,1729,111,-1.3743274994194508,1.0,0.0,0.03,0.25
170436,1730,96,60.52224131999537,1.0,0.0,0.03,0.25
170519,1731,83,69.6736376285553,1.0,0.0,0.03,0.25
170631,1732,112,28.583928920328617,1.0,0.0,0.03,0.25
170739,1733,108,1.4404103974811733,1.0,0.0,0.03,0.25
170846,1734,107,-4.000569863244891,1.0,0.0,0.03,0.25
170947,1735,101,6.521772587206215,1.0,0.0,0.03,0.25
171056,1736,109,-10.767389444634318,1.0,0.0,0.03,0.25
171160,1737,104,64.32620068639517,1.0,0.0,0.03,0.25
171221,1738,61,-280.7585848867893,0.0,1.0,0.03,0.25
171328,1739,107,-9.126442842185497,1.0,0.0,0.03,0.25
171432,1740,104,2.3082119445316494,1.0,0.0,0.03,0.25
171515,1741,83,52.47363743185997,1.0,0.0,0.03,0.25
171598,1742,83,67.32363766431808,1.0,0.0,0.03,0.25
171714,1743,116,-183.61796618625522,1.0,0.0,0.03,0.25
171814,1744,100,-26.097191483713686,1.0,0.0,0.03,0.25
171897,1745,83,64.97363758087158,1.0,0.0,0.03,0.25
172005,1746,108,10.867716703563929,1.0,0.0,0.03,0.25
172104,1747,99,49.98170172562823,1.0,0.0,0.03,0.25
172206,1748,102,48.82032345980406,1.0,0.0,0.03,0.25
172311,1749,105,-5.4218996074050665,1.0,0.0,0.03,0.25
172416,1750,105,44.641639076173306,1.0,0.0,0.03,0.25
172526,1751,110,-3.3184335995465517,1.0,0.0,0.03,0.25
172610,1752,84,65.2869785130024,1.0,0.0,0.03,0.25
172714,1753,104,-19.71428693085909,1.0,0.0,0.03,0.25
172825,1754,111,-28.32546542957425,1.0,0.0,0.03,0.25
172933,1755,108,45.10217908397317,1.0,0.0,0.03,0.25
173041,1756,108,65.30907294899225,1.0,0.0,0.03,0.25
173149,1757,108,-1.1563365869224072,1.0,0.0,0.03,0.25
173258,1758,109,6.858628982678056,1.0,0.0,0.03,0.25
173370,1759,112,19.25279906252399,1.0,0.0,0.03,0.25
173453,1760,83,64.97363758087158,1.0,0.0,0.03,0.25
173553,1761,100,-151.98016733676195,1.0,0.0,0.03,0.25
173623,1762,70,-286.41372399032116,0.0,1.0,0.03,0.25
173740,1763,117,46.15897934511304,1.0,0.0,0.03,0.25
173841,1764,101,-169.25768262520432,1.0,0.0,0.03,0.25
173950,1765,109,53.20926809310913,1.0,0.0,0.03,0.25
174057,1766,107,59.408074256032705,1.0,0.0,0.03,0.25
174162,1767,105,10.227098513394594,1.0,0.0,0.03,0.25
174267,1768,105,33.65392403304577,1.0,0.0,0.03,0.25
174367,1769,100,12.432932335883379,1.0,0.0,0.03,0.25
174480,1770,113,4.429230825975537,1.0,0.0,0.03,0.25
174587,1771,107,49.70456422492862,1.0,0.0,0.03,0.25
174703,1772,116,8.948162414133549,1.0,0.0,0.03,0.25
174817,1773,114,-28.8371765431948,1.0,0.0,0.03,0.25
174925,1774,108,-6.849782295525074,1.0,0.0,0.03,0.25
175036,1775,111,-78.97465711832047,1.0,0.0,0.03,0.25
175146,1776,110,33.15896774828434,1.0,0.0,0.03,0.25
175244,1777,98,42.330671187490225,1.0,0.0,0.03,0.25
175351,1778,107,58.35415896354243,1.0,0.0,0.03,0.25
175464,1779,113,-10.49693545140326,1.0,0.0,0.03,0.25
175530,1780,66,-254.29816089570522,0.0,1.0,0.03,0.25
175641,1781,111,62.17246229201555,1.0,0.0,0.03,0.25
175753,1782,112,-128.9440219369717,1.0,0.0,0.03,0.25
175861,1783,108,-4.88941097818315,1.0,0.0,0.03,0.25
175962,1784,101,55.68687435565516,1.0,0.0,0.03,0.25
176033,1785,71,-210.03094198275357,0.0,1.0,0.03,0.25
176135,1786,102,-6.205092668533325,1.0,0.0,0.03,0.25
176234,1787,99,-7.155059523880482,1.0,0.0,0.03,0.25
176340,1788,106,47.82159281382337,1.0,0.0,0.03,0.25
176438,1789,98,51.10814718157053,1.0,0.0,0.03,0.25
176549,1790,111,3.6835542172193527,1.0,0.0,0.03,0.25
176661,1791,112,-8.812533181160688,1.0,0.0,0.03,0.25
176766,1792,105,43.358422088902444,1.0,0.0,0.03,0.25
176870,1793,104,-30.592565558850765,1.0,0.0,0.03,0.25
176979,1794,109,44.81629589945078,1.0,0.0,0.03,0.25
177086,1795,107,-20.57408119412139,1.0,0.0,0.03,0.25
177188,1796,102,35.26158444583416,1.0,0.0,0.03,0.25
177296,1797,108,-4.971383988857269,1.0,0.0,0.03,0.25
177408,1798,112,54.81764604151249,1.0,0.0,0.03,0.25
177517,1799,109,54.652129985392094,1.0,0.0,0.03,0.25
177625,1800,108,-1.2011112314648926,1.0,0.0,0.03,0.25
177733,1801,108,7.486495221965015,1.0,0.0,0.03,0.25
177841,1802,108,-10.091964025516063,1.0,0.0,0.03,0.25
177924,1803,83,64.97363758087158,1.0,0.0,0.03,0.25
178035,1804,111,6.622047621291131,1.0,0.0,0.03,0.25
178097,1805,62,-251.24802915379405,0.0,1.0,0.03,0.25
178194,1806,97,56.61545369774103,1.0,0.0,0.03,0.25
178304,1807,110,56.25316141080111,1.0,0.0,0.03,0.25
178417,1808,113,13.198818061966449,1.0,0.0,0.03,0.25
178529,1809,112,23.99643081612885,1.0,0.0,0.03,0.25
178637,1810,108,57.78962640464306,1.0,0.0,0.03,0.25
178720,1811,83,57.92363750934601,1.0,0.0,0.03,0.25
178822,1812,102,30.71734595298767,1.0,0.0,0.03,0.25
178927,1813,105,-131.30504642101005,1.0,0.0,0.03,0.25
179031,1814,104,46.44265179662034,1.0,0.0,0.03,0.25
179141,1815,110,17.39848991809413,1.0,0.0,0.03,0.25
179253,1816,112,15.982205547392368,1.0,0.0,0.03,0.25
179355,1817,102,-76.72646336676553,1.0,0.0,0.03,0.25
179427,1818,72,-251.7734099701047,0.0,1.0,0.03,0.25
179532,1819,105,46.66985582513735,1.0,0.0,0.03,0.25
179643,1820,111,3.26385211199522,1.0,0.0,0.03,0.25
179750,1821,107,1.062101274728775,1.0,0.0,0.03,0.25
179833,1822,83,69.6736376285553,1.0,0.0,0.03,0.25
179929,1823,96,57.50785072846338,1.0,0.0,0.03,0.25
180031,1824,102,0.0451427698135376,1.0,0.0,0.03,0.25
180138,1825,107,60.521745439618826,1.0,0.0,0.03,0.25
180251,1826,113,51.56610312219709,1.0,0.0,0.03,0.25
180363,1827,112,8.198066718876362,1.0,0.0,0.03,0.25
180474,1828,111,10.33709931652993,1.0,0.0,0.03,0.25
180545,1829,71,-277.7868269979954,0.0,1.0,0.03,0.25
180658,1830,113,58.70166148990393,1.0,0.0,0.03,0.25
180770,1831,112,6.948370281606913,1.0,0.0,0.03,0.25
180853,1832,83,62.623637557029724,1.0,0.0,0.03,0.25
180961,1833,108,58.53381853879546,1.0,0.0,0.03,0.25
181071,1834,110,24.487856290768832,1.0,0.0,0.03,0.25
181143,1835,72,-294.91694655269384,0.0,1.0,0.03,0.25
181242,1836,99,48.36873795092106,1.0,0.0,0.03,0.25
181325,1837,83,57.9236376285553,1.0,0.0,0.03,0.25
181435,1838,110,13.34134629368782,1.0,0.0,0.03,0.25
181540,1839,105,-9.57380735874176,1.0,0.0,0.03,0.25
181648,1840,108,50.32117670727894,1.0,0.0,0.03,0.25
181753,1841,105,-31.785106386989355,1.0,0.0,0.03,0.25
181861,1842,108,57.28445904981345,1.0,0.0,0.03,0.25
181966,1843,105,-0.9658523872494698,1.0,0.0,0.03,0.25
182037,1844,71,-257.30412979424,0.0,1.0,0.03,0.25
182143,1845,106,7.018249002285302,1.0,0.0,0.03,0.25
182208,1846,65,-258.06371815502644,0.0,1.0,0.03,0.25
182318,1847,110,-13.680981407873333,1.0,0.0,0.03,0.25
182427,1848,109,2.8668217454105616,1.0,0.0,0.03,0.25
182538,1849,111,-0.0934707261621952,1.0,0.0,0.03,0.25
182651,1850,113,-1.4368471950292587,1.0,0.0,0.03,0.25
182759,1851,108,1.6387806050479412,1.0,0.0,0.03,0.25
182842,1852,83,69.6736376285553,1.0,0.0,0.03,0.25
182951,1853,109,-183.38219253718853,1.0,0.0,0.03,0.25
183057,1854,106,-104.70444307848811,1.0,0.0,0.03,0.25
183165,1855,108,11.096204271540046,1.0,0.0,0.03,0.25
183271,1856,106,-29.49978879094124,1.0,0.0,0.03,0.25
183372,1857,101,36.45811123587191,1.0,0.0,0.03,0.25
183480,1858,108,-2.002990074455738,1.0,0.0,0.03,0.25
183563,1859,83,69.6736376285553,1.0,0.0,0.03,0.25
183634,1860,71,-317.37568178772926,0.0,1.0,0.03,0.25
183745,1861,111,5.4299810621887445,1.0,0.0,0.03,0.25
183857,1862,112,-25.57945854961872,1.0,0.0,0.03,0.25
183964,1863,107,38.64850182086229,1.0,0.0,0.03,0.25
184031,1864,67,-255.1735142916441,0.0,1.0,0.03,0.25
184095,1865,64,-300.0954420566559,0.0,1.0,0.03,0.25
184199,1866,104,34.19513826072216,1.0,0.0,0.03,0.25
184272,1867,73,-255.30605916678905,0.0,1.0,0.03,0.25
184339,1868,67,-266.51820816099644,0.0,1.0,0.03,0.25
184452,1869,113,55.43590488610789,1.0,0.0,0.03,0.25
184552,1870,100,48.41726217744872,1.0,0.0,0.03,0.25
184653,1871,101,-10.47931219264865,1.0,0.0,0.03,0.25
184756,1872,103,-12.006249137222767,1.0,0.0,0.03,0.25
184860,1873,104,-104.17753053084016,1.0,0.0,0.03,0.25
184971,1874,111,19.410124883055687,1.0,0.0,0.03,0.25
185085,1875,114,-127.47749860212207,1.0,0.0,0.03,0.25
185189,1876,104,-37.127479653805494,1.0,0.0,0.03,0.25
185291,1877,102,59.82293530553579,1.0,0.0,0.03,0.25
185394,1878,103,45.63930966332555,1.0,0.0,0.03,0.25
185493,1879,99,-11.420301432226552,1.0,0.0,0.03,0.25
185593,1880,100,-5.5386331314075505,1.0,0.0,0.03,0.25
185676,1881,83,57.473637476563454,1.0,0.0,0.03,0.25
185785,1882,109,49.82459697499871,1.0,0.0,0.03,0.25
185889,1883,104,-9.374251071829349,1.0,0.0,0.03,0.25
185993,1884,104,51.082494571805,1.0,0.0,0.03,0.25
186103,1885,110,65.16368198767304,1.0,0.0,0.03,0.25
186201,1886,98,-137.83631632849574,1.0,0.0,0.03,0.25
186312,1887,111,65.39908779738471,1.0,0.0,0.03,0.25
186417,1888,105,49.33747844770551,1.0,0.0,0.03,0.25
186526,1889,109,56.05743433116004,1.0,0.0,0.03,0.25
186609,1890,83,67.32363760471344,1.0,0.0,0.03,0.25
186717,1891,108,62.529487151652575,1.0,0.0,0.03,0.25
186787,1892,70,-275.6319825798273,0.0,1.0,0.03,0.25
186893,1893,106,37.48812489910051,1.0,0.0,0.03,0.25
186999,1894,106,3.2341379821300507,1.0,0.0,0.03,0.25
187082,1895,83,67.32363766431808,1.0,0.0,0.03,0.25
187190,1896,108,8.333492752164602,1.0,0.0,0.03,0.25
187273,1897,83,67.32363766431808,1.0,0.0,0.03,0.25
187330,1898,57,-280.7600373327732,0.0,1.0,0.03,0.25
187432,1899,102,33.28256020694971,1.0,0.0,0.03,0.25
187508,1900,76,-258.11816175282,0.0,1.0,0.03,0.25
187616,1901,108,12.744595536962152,1.0,0.0,0.03,0.25
187700,1902,84,57.78697846829891,1.0,0.0,0.03,0.25
187812,1903,112,-9.499153651762754,1.0,0.0,0.03,0.25
187918,1904,106,49.249712276272476,1.0,0.0,0.03,0.25
188031,1905,113,62.70984369143844,1.0,0.0,0.03,0.25
188139,1906,108,-113.00963887572289,1.0,0.0,0.03,0.25
188246,1907,107,46.26179534569383,1.0,0.0,0.03,0.25
188350,1908,104,-150.68418531864882,1.0,0.0,0.03,0.25
188455,1909,105,46.93147297156975,1.0,0.0,0.03,0.25
188556,1910,101,3.2756253108382225,1.0,0.0,0.03,0.25
188665,1911,109,5.518632598221302,1.0,0.0,0.03,0.25
188765,1912,100,46.7335451990366,1.0,0.0,0.03,0.25
188848,1913,83,69.6736376285553,1.0,0.0,0.03,0.25
188960,1914,112,59.391551941633224,1.0,0.0,0.03,0.25
189075,1915,115,-22.80968198599294,1.0,0.0,0.03,0.25
189184,1916,109,-17.942758947610855,1.0,0.0,0.03,0.25
189284,1917,100,-13.650741752237082,1.0,0.0,0.03,0.25
189388,1918,104,-26.068846128880978,1.0,0.0,0.03,0.25
189501,1919,113,-23.42810320109129,1.0,0.0,0.03,0.25
189603,1920,102,43.69264344871044,1.0,0.0,0.03,0.25
189708,1921,105,-28.304412506520748,1.0,0.0,0.03,0.25
189813,1922,105,-5.93215582286939,1.0,0.0,0.03,0.25
189914,1923,101,-1.8548702686093748,1.0,0.0,0.03,0.25
190025,1924,111,52.805575758218765,1.0,0.0,0.03,0.25
190097,1925,72,-264.1779400110245,0.0,1.0,0.03,0.25
190206,1926,109,22.58447267487645,1.0,0.0,0.03,0.25
190290,1927,84,67.63697853684425,1.0,0.0,0.03,0.25
190395,1928,105,22.140983648132533,1.0,0.0,0.03,0.25
190508,1929,113,17.761964993551373,1.0,0.0,0.03,0.25
190612,1930,104,44.742574773263186,1.0,0.0,0.03,0.25
190720,1931,108,35.352267008274794,1.0,0.0,0.03,0.25
190804,1932,84,60.586978524923325,1.0,0.0,0.03,0.25
190908,1933,104,55.75562044605613,1.0,0.0,0.03,0.25
191010,1934,102,-7.465769208967686,1.0,0.0,0.03,0.25
191118,1935,108,15.39201826415956,1.0,0.0,0.03,0.25
191221,1936,103,4.142111487686634,1.0,0.0,0.03,0.25
191326,1937,105,55.47503128601238,1.0,0.0,0.03,0.25
191434,1938,108,35.6939493753016,1.0,0.0,0.03,0.25
191541,1939,107,47.2448449395597,1.0,0.0,0.03,0.25
191647,1940,106,57.59586749970913,1.0,0.0,0.03,0.25
191756,1941,109,-5.187811128795147,1.0,0.0,0.03,0.25
191839,1942,83,67.32363760471344,1.0,0.0,0.03,0.25
191942,1943,103,-171.60111202299595,1.0,0.0,0.03,0.25
192053,1944,111,-103.16238094121218,1.0,0.0,0.03,0.25
192161,1945,108,33.760561764240265,1.0,0.0,0.03,0.25
192264,1946,103,9.157238729298115,1.0,0.0,0.03,0.25
192369,1947,105,1.648318539839238,1.0,0.0,0.03,0.25
192482,1948,113,49.38534226641059,1.0,0.0,0.03,0.25
192590,1949,108,24.03359598852694,1.0,0.0,0.03,0.25
192692,1950,102,-20.54657319560647,1.0,0.0,0.03,0.25
192789,1951,97,-49.05213590757921,1.0,0.0,0.03,0.25
192891,1952,102,-23.831618156749755,1.0,0.0,0.03,0.25
192989,1953,98,13.51310515590012,1.0,0.0,0.03,0.25
193096,1954,107,53.69062251597643,1.0,0.0,0.03,0.25
193208,1955,112,-8.696539028082043,1.0,0.0,0.03,0.25
193278,1956,70,-266.60442309081554,0.0,1.0,0.03,0.25
193378,1957,100,-7.373480278998613,1.0,0.0,0.03,0.25
193484,1958,106,-6.085612319846405,1.0,0.0,0.03,0.25
193595,1959,111,-13.212209256365895,1.0,0.0,0.03,0.25
193707,1960,112,-10.063558709342033,1.0,0.0,0.03,0.25
193790,1961,83,57.92363750934601,1.0,0.0,0.03,0.25
193899,1962,109,49.610345371067524,1.0,0.0,0.03,0.25
193982,1963,83,67.32363775372505,1.0,0.0,0.03,0.25
194037,1964,55,-264.09460282325745,0.0,1.0,0.03,0.25
194141,1965,104,55.32355216471478,1.0,0.0,0.03,0.25
194236,1966,95,50.944604608695954,1.0,0.0,0.03,0.25
194346,1967,110,-19.891383476555347,1.0,0.0,0.03,0.25
194456,1968,110,-10.761064812541008,1.0,0.0,0.03,0.25
194518,1969,62,-268.220356836915,0.0,1.0,0.03,0.25
194628,1970,110,18.030825093388557,1.0,0.0,0.03,0.25
194742,1971,114,-32.684538905043155,1.0,0.0,0.03,0.25
194853,1972,111,-150.07396523281932,1.0,0.0,0.03,0.25
194951,1973,98,-12.761446468532085,1.0,0.0,0.03,0.25
195056,1974,105,6.5623795497231185,1.0,0.0,0.03,0.25
195168,1975,112,51.051050044596195,1.0,0.0,0.03,0.25
195270,1976,102,-1.8807651221286505,1.0,0.0,0.03,0.25
195377,1977,107,-14.211056105792522,1.0,0.0,0.03,0.25
195480,1978,103,39.60598162189126,1.0,0.0,0.03,0.25
195586,1979,106,50.47516104206443,1.0,0.0,0.03,0.25
195695,1980,109,49.37070297077298,1.0,0.0,0.03,0.25
195796,1981,101,-34.673039738088846,1.0,0.0,0.03,0.25
195904,1982,108,16.178573014214635,1.0,0.0,0.03,0.25
196010,1983,106,-19.486900724470615,1.0,0.0,0.03,0.25
196119,1984,109,-19.841711640823632,1.0,0.0,0.03,0.25
196225,1985,106,48.134386263787746,1.0,0.0,0.03,0.25
196270,1986,45,-207.74084961414337,0.0,1.0,0.03,0.25
196385,1987,115,-7.491971615701914,1.0,0.0,0.03,0.25
196496,1988,111,-11.699797645676881,1.0,0.0,0.03,0.25
196603,1989,107,51.781769316177815,1.0,0.0,0.03,0.25
196707,1990,104,2.098854899406433,1.0,0.0,0.03,0.25
196806,1991,99,50.388586439192295,1.0,0.0,0.03,0.25
196917,1992,111,-18.546302031725645,1.0,0.0,0.03,0.25
197028,1993,111,-7.426595117896795,1.0,0.0,0.03,0.25
197143,1994,115,-71.25892669381574,1.0,0.0,0.03,0.25
197251,1995,108,-122.51705905608833,1.0,0.0,0.03,0.25
197361,1996,110,1.1862022746354342,1.0,0.0,0.03,0.25
197471,1997,110,32.12607153132558,1.0,0.0,0.03,0.25
197580,1998,109,60.364529985934496,1.0,0.0,0.03,0.25
197686,1999,106,29.506120286881924,1.0,0.0,0.03,0.25
197793,2000,107,46.65550922229886,1.0,0.0,0.03,0.25
197900,2001,107,51.52194748772308,1.0,0.0,0.03,0.25
198009,2002,109,38.951069231610745,1.0,0.0,0.03,0.25
198112,2003,103,30.484823130071163,1.0,0.0,0.03,0.25
198222,2004,110,40.49008959531784,1.0,0.0,0.03,0.25
198330,2005,108,-168.14476028084755,1.0,0.0,0.03,0.25
198439,2006,109,-7.7038797293789685,1.0,0.0,0.03,0.25
198522,2007,83,62.62363764643669,1.0,0.0,0.03,0.25
198638,2008,116,11.422635596245527,1.0,0.0,0.03,0.25
198754,2009,116,-6.6286095678806305,1.0,0.0,0.03,0.25
198855,2010,101,28.1976344618015,1.0,0.0,0.03,0.25
198938,2011,83,64.97363758087158,1.0,0.0,0.03,0.25
199049,2012,111,46.74897878570482,1.0,0.0,0.03,0.25
199156,2013,107,-6.476558708585799,1.0,0.0,0.03,0.25
199264,2014,108,-60.86135145649314,1.0,0.0,0.03,0.25
199377,2015,113,34.18259206414223,1.0,0.0,0.03,0.25
199478,2016,101,49.537266343366355,1.0,0.0,0.03,0.25
199561,2017,83,55.57363751530647,1.0,0.0,0.03,0.25
199647,2018,86,63.1136638969183,1.0,0.0,0.03,0.25
199756,2019,109,-88.04342487826943,1.0,0.0,0.03,0.25
199862,2020,106,-3.758227661252022,1.0,0.0,0.03,0.25
199931,2021,69,-270.62180878967047,0.0,1.0,0.03,0.25
